order_item_id,order_id,product_id,quantity,unit_price
1,1,13,1,799.0
2,2,13,1,799.0
3,2,3,2,3499.0
4,3,7,2,599.0
5,3,22,3,699.0
6,4,24,1,899.0
7,5,7,1,599.0
8,5,4,1,1299.0
9,6,11,1,199.0
10,7,28,1,499.0
11,8,24,1,899.0
12,8,24,1,899.0
13,9,12,2,1299.0
14,9,11,1,199.0
15,9,27,1,599.0
16,10,19,1,4499.0
17,10,26,1,999.0
18,11,19,2,4499.0
19,12,11,2,199.0
20,13,15,1,1199.0
21,13,9,1,899.0
22,13,23,1,399.0
23,14,30,3,799.0
24,14,19,1,4499.0
25,15,29,1,1999.0
26,15,11,3,199.0
27,16,9,2,899.0
28,17,10,1,299.0
29,17,29,2,1999.0
30,18,15,1,1199.0
31,19,1,3,2499.0
32,20,28,2,499.0
33,20,1,1,2499.0
34,21,25,3,499.0
35,21,29,1,1999.0
36,22,5,3,999.0
37,23,21,1,1099.0
38,24,20,2,3999.0
39,25,6,1,1499.0
40,26,23,1,399.0
41,26,9,2,899.0
42,27,15,1,1199.0
43,28,26,1,999.0
44,29,13,1,799.0
45,29,3,1,3499.0
46,30,22,3,699.0
47,31,17,1,4999.0
48,32,7,1,599.0
49,32,1,1,2499.0
50,33,26,1,999.0
51,34,19,1,4499.0
52,35,9,3,899.0
53,36,17,1,4999.0
54,36,3,1,3499.0
55,36,15,1,1199.0
56,37,6,1,1499.0
57,37,8,1,2999.0
58,38,15,1,1199.0
59,39,26,1,999.0
60,40,7,1,599.0
61,41,3,1,3499.0
62,41,30,1,799.0
63,42,30,1,799.0
64,43,8,1,2999.0
65,44,15,1,1199.0
66,45,13,3,799.0
67,45,6,1,1499.0
68,45,6,2,1499.0
69,46,22,2,699.0
70,47,25,1,499.0
71,48,18,2,899.0
72,48,5,1,999.0
73,49,23,2,399.0
74,50,11,1,199.0
75,51,4,1,1299.0
76,52,9,1,899.0
77,52,28,2,499.0
78,53,21,1,1099.0
79,54,13,2,799.0
80,54,11,1,199.0
81,54,6,2,1499.0
82,55,24,1,899.0
83,55,9,1,899.0
84,56,6,2,1499.0
85,57,3,1,3499.0
86,58,11,3,199.0
87,59,13,3,799.0
88,60,25,1,499.0
89,61,3,2,3499.0
90,62,7,1,599.0
91,63,30,1,799.0
92,63,4,1,1299.0
93,64,29,2,1999.0
94,64,8,2,2999.0
95,65,9,1,899.0
96,66,30,3,799.0
97,67,8,1,2999.0
98,68,25,1,499.0
99,68,27,1,599.0
100,69,24,2,899.0
101,69,20,1,3999.0
102,70,7,1,599.0
103,70,2,2,1799.0
104,70,6,2,1499.0
105,71,27,1,599.0
106,71,25,2,499.0
107,72,4,1,1299.0
108,73,20,1,3999.0
109,74,9,2,899.0
110,74,7,1,599.0
111,75,18,3,899.0
112,75,26,1,999.0
113,76,3,2,3499.0
114,77,17,3,4999.0
115,78,23,1,399.0
116,78,6,1,1499.0
117,79,23,1,399.0
118,80,19,1,4499.0
119,80,11,1,199.0
120,81,9,2,899.0
121,82,7,1,599.0
122,82,4,1,1299.0
123,83,8,1,2999.0
124,83,18,1,899.0
125,84,15,2,1199.0
126,84,27,2,599.0
127,84,6,1,1499.0
128,85,24,1,899.0
129,85,23,1,399.0
130,86,25,1,499.0
131,87,7,2,599.0
132,88,11,1,199.0
133,89,11,2,199.0
134,89,19,1,4499.0
135,90,23,2,399.0
136,90,10,1,299.0
137,91,21,1,1099.0
138,91,1,1,2499.0
139,91,17,1,4999.0
140,92,22,3,699.0
141,93,3,2,3499.0
142,94,9,2,899.0
143,94,23,1,399.0
144,95,10,1,299.0
145,96,10,1,299.0
146,97,21,1,1099.0
147,97,26,1,999.0
148,98,25,1,499.0
149,98,15,1,1199.0
150,98,19,2,4499.0
151,99,30,1,799.0
152,99,4,1,1299.0
153,100,16,2,3999.0
154,100,7,3,599.0
155,101,19,1,4499.0
156,101,15,1,1199.0
157,102,27,1,599.0
158,102,25,2,499.0
159,103,7,3,599.0
160,104,11,1,199.0
161,104,24,1,899.0
162,105,15,1,1199.0
163,106,1,1,2499.0
164,107,15,1,1199.0
165,108,24,2,899.0
166,108,23,1,399.0
167,109,3,1,3499.0
168,110,4,2,1299.0
169,111,4,1,1299.0
170,111,28,1,499.0
171,112,23,1,399.0
172,113,26,1,999.0
173,114,1,2,2499.0
174,114,12,1,1299.0
175,114,24,3,899.0
176,115,3,1,3499.0
177,115,9,2,899.0
178,116,7,1,599.0
179,116,8,2,2999.0
180,117,15,2,1199.0
181,117,9,2,899.0
182,118,22,1,699.0
183,119,30,1,799.0
184,119,9,1,899.0
185,120,20,1,3999.0
186,121,11,1,199.0
187,121,11,1,199.0
188,122,30,1,799.0
189,122,3,2,3499.0
190,123,13,1,799.0
191,124,19,1,4499.0
192,125,2,1,1799.0
193,125,24,1,899.0
194,126,6,2,1499.0
195,126,13,1,799.0
196,127,18,2,899.0
197,128,13,3,799.0
198,129,11,1,199.0
199,130,7,1,599.0
200,131,9,1,899.0
201,132,15,1,1199.0
202,132,24,1,899.0
203,133,15,1,1199.0
204,134,6,1,1499.0
205,135,16,3,3999.0
206,135,30,1,799.0
207,136,19,1,4499.0
208,136,20,1,3999.0
209,136,29,1,1999.0
210,137,25,1,499.0
211,137,13,1,799.0
212,137,6,1,1499.0
213,138,16,1,3999.0
214,138,19,1,4499.0
215,139,21,3,1099.0
216,140,23,1,399.0
217,140,9,1,899.0
218,140,24,1,899.0
219,141,11,1,199.0
220,142,16,1,3999.0
221,142,23,1,399.0
222,143,4,2,1299.0
223,143,3,2,3499.0
224,143,11,1,199.0
225,144,11,2,199.0
226,145,26,3,999.0
227,146,1,2,2499.0
228,146,2,1,1799.0
229,146,17,1,4999.0
230,147,6,3,1499.0
231,147,4,1,1299.0
232,148,20,1,3999.0
233,149,17,1,4999.0
234,149,20,1,3999.0
235,149,18,3,899.0
236,150,8,1,2999.0
237,151,19,1,4499.0
238,152,30,1,799.0
239,152,24,2,899.0
240,153,20,1,3999.0
241,154,15,1,1199.0
242,154,3,1,3499.0
243,155,26,1,999.0
244,156,1,1,2499.0
245,157,17,1,4999.0
246,157,14,2,1599.0
247,157,7,2,599.0
248,158,15,1,1199.0
249,159,24,1,899.0
250,159,15,1,1199.0
251,160,5,2,999.0
252,160,2,2,1799.0
253,161,20,1,3999.0
254,162,26,1,999.0
255,162,3,3,3499.0
256,162,8,2,2999.0
257,163,11,1,199.0
258,164,30,1,799.0
259,165,26,1,999.0
260,165,13,1,799.0
261,166,5,1,999.0
262,167,9,1,899.0
263,168,19,1,4499.0
264,169,4,1,1299.0
265,170,28,1,499.0
266,171,22,1,699.0
267,172,30,2,799.0
268,173,18,2,899.0
269,174,21,3,1099.0
270,175,4,1,1299.0
271,176,5,1,999.0
272,177,24,1,899.0
273,178,18,2,899.0
274,179,15,1,1199.0
275,179,7,2,599.0
276,180,23,2,399.0
277,181,15,1,1199.0
278,182,11,1,199.0
279,182,24,1,899.0
280,183,21,1,1099.0
281,183,5,1,999.0
282,184,19,3,4499.0
283,185,17,1,4999.0
284,186,18,2,899.0
285,186,4,2,1299.0
286,186,7,2,599.0
287,187,24,2,899.0
288,188,11,1,199.0
289,189,12,1,1299.0
290,189,3,1,3499.0
291,189,30,1,799.0
292,190,29,2,1999.0
293,191,19,2,4499.0
294,192,15,1,1199.0
295,193,1,1,2499.0
296,194,11,1,199.0
297,195,3,1,3499.0
298,196,24,1,899.0
299,197,1,1,2499.0
300,198,9,1,899.0
301,199,24,1,899.0
302,200,7,1,599.0
303,201,25,1,499.0
304,201,11,2,199.0
305,202,11,1,199.0
306,202,21,1,1099.0
307,203,10,1,299.0
308,203,9,1,899.0
309,204,28,1,499.0
310,204,7,1,599.0
311,205,25,1,499.0
312,205,4,1,1299.0
313,206,25,3,499.0
314,207,27,2,599.0
315,208,23,1,399.0
316,209,16,1,3999.0
317,210,25,2,499.0
318,211,9,1,899.0
319,212,10,2,299.0
320,213,30,1,799.0
321,214,23,1,399.0
322,215,30,1,799.0
323,216,17,2,4999.0
324,216,24,2,899.0
325,217,4,2,1299.0
326,218,15,1,1199.0
327,219,6,1,1499.0
328,220,9,1,899.0
329,221,4,2,1299.0
330,222,19,1,4499.0
331,223,15,2,1199.0
332,223,11,1,199.0
333,224,24,1,899.0
334,225,3,1,3499.0
335,225,9,1,899.0
336,226,13,2,799.0
337,227,11,1,199.0
338,227,29,2,1999.0
339,227,6,1,1499.0
340,228,23,1,399.0
341,229,3,3,3499.0
342,229,7,2,599.0
343,230,6,1,1499.0
344,231,30,1,799.0
345,232,21,1,1099.0
346,232,19,1,4499.0
347,232,16,1,3999.0
348,233,24,1,899.0
349,234,1,2,2499.0
350,235,1,3,2499.0
351,236,12,1,1299.0
352,237,11,1,199.0
353,238,11,1,199.0
354,238,11,1,199.0
355,239,8,1,2999.0
356,239,8,1,2999.0
357,240,13,1,799.0
358,241,5,3,999.0
359,242,22,1,699.0
360,242,15,1,1199.0
361,243,24,1,899.0
362,244,11,1,199.0
363,245,1,3,2499.0
364,246,7,3,599.0
365,246,23,1,399.0
366,246,6,1,1499.0
367,247,2,3,1799.0
368,247,7,1,599.0
369,248,30,1,799.0
370,248,1,2,2499.0
371,249,30,1,799.0
372,250,23,1,399.0
373,251,30,2,799.0
374,252,16,1,3999.0
375,253,23,2,399.0
376,253,6,1,1499.0
377,254,15,1,1199.0
378,254,21,1,1099.0
379,255,8,2,2999.0
380,255,17,1,4999.0
381,256,10,1,299.0
382,257,1,2,2499.0
383,258,19,1,4499.0
384,258,16,1,3999.0
385,259,19,1,4499.0
386,260,4,2,1299.0
387,260,15,1,1199.0
388,261,19,1,4499.0
389,262,28,1,499.0
390,263,3,1,3499.0
391,263,11,1,199.0
392,264,23,2,399.0
393,265,3,1,3499.0
394,266,17,3,4999.0
395,266,17,2,4999.0
396,267,21,1,1099.0
397,267,24,1,899.0
398,268,18,3,899.0
399,269,11,1,199.0
400,269,9,1,899.0
401,270,23,1,399.0
402,271,30,1,799.0
403,271,30,1,799.0
404,272,1,2,2499.0
405,272,8,1,2999.0
406,273,14,1,1599.0
407,274,24,1,899.0
408,275,9,1,899.0
409,276,27,1,599.0
410,277,3,1,3499.0
411,278,11,2,199.0
412,278,7,1,599.0
413,279,11,1,199.0
414,279,5,1,999.0
415,280,11,1,199.0
416,280,15,1,1199.0
417,281,3,1,3499.0
418,282,23,1,399.0
419,283,19,1,4499.0
420,284,3,2,3499.0
421,285,11,1,199.0
422,286,23,1,399.0
423,286,24,2,899.0
424,287,7,1,599.0
425,287,22,1,699.0
426,287,7,1,599.0
427,288,24,1,899.0
428,289,6,1,1499.0
429,289,17,1,4999.0
430,290,11,3,199.0
431,290,7,1,599.0
432,291,14,3,1599.0
433,292,27,1,599.0
434,292,8,2,2999.0
435,293,3,1,3499.0
436,293,16,1,3999.0
437,293,14,3,1599.0
438,294,23,1,399.0
439,295,30,3,799.0
440,296,11,3,199.0
441,297,5,2,999.0
442,298,30,1,799.0
443,299,5,3,999.0
444,300,6,1,1499.0
445,301,21,2,1099.0
446,302,4,3,1299.0
447,302,9,1,899.0
448,302,4,1,1299.0
449,303,26,1,999.0
450,303,13,3,799.0
451,304,6,1,1499.0
452,305,7,1,599.0
453,306,15,1,1199.0
454,307,15,1,1199.0
455,307,1,2,2499.0
456,308,6,1,1499.0
457,308,29,1,1999.0
458,309,26,1,999.0
459,309,19,2,4499.0
460,310,17,1,4999.0
461,310,21,1,1099.0
462,310,13,2,799.0
463,311,30,1,799.0
464,312,6,1,1499.0
465,312,23,1,399.0
466,312,8,3,2999.0
467,313,13,2,799.0
468,313,23,3,399.0
469,314,13,1,799.0
470,315,13,1,799.0
471,316,22,1,699.0
472,317,21,2,1099.0
473,318,17,1,4999.0
474,319,25,1,499.0
475,319,23,1,399.0
476,320,8,1,2999.0
477,320,30,1,799.0
478,320,1,1,2499.0
479,321,7,1,599.0
480,321,11,1,199.0
481,322,19,1,4499.0
482,323,19,1,4499.0
483,324,8,3,2999.0
484,324,5,1,999.0
485,325,17,3,4999.0
486,326,23,1,399.0
487,327,17,1,4999.0
488,328,16,1,3999.0
489,329,22,1,699.0
490,330,29,3,1999.0
491,330,19,1,4499.0
492,331,19,1,4499.0
493,331,15,2,1199.0
494,331,7,1,599.0
495,332,24,2,899.0
496,333,9,1,899.0
497,334,8,2,2999.0
498,335,1,1,2499.0
499,336,1,1,2499.0
500,336,9,1,899.0
501,337,5,1,999.0
502,338,11,2,199.0
503,338,9,2,899.0
504,339,21,2,1099.0
505,340,8,1,2999.0
506,340,19,2,4499.0
507,340,11,1,199.0
508,341,9,1,899.0
509,341,15,1,1199.0
510,342,6,1,1499.0
511,343,15,1,1199.0
512,344,9,1,899.0
513,344,3,3,3499.0
514,345,14,2,1599.0
515,345,1,3,2499.0
516,346,14,1,1599.0
517,347,18,1,899.0
518,348,8,1,2999.0
519,349,8,1,2999.0
520,350,10,1,299.0
521,351,7,1,599.0
522,352,4,1,1299.0
523,353,12,1,1299.0
524,354,21,1,1099.0
525,354,24,2,899.0
526,355,23,1,399.0
527,355,24,3,899.0
528,355,13,1,799.0
529,356,7,2,599.0
530,357,28,1,499.0
531,358,3,1,3499.0
532,359,18,1,899.0
533,359,24,2,899.0
534,360,16,1,3999.0
535,360,19,1,4499.0
536,361,24,1,899.0
537,362,17,1,4999.0
538,362,3,3,3499.0
539,363,14,1,1599.0
540,364,3,1,3499.0
541,364,23,1,399.0
542,364,19,1,4499.0
543,365,24,2,899.0
544,365,13,1,799.0
545,366,26,1,999.0
546,367,29,2,1999.0
547,367,30,1,799.0
548,367,15,2,1199.0
549,368,30,1,799.0
550,368,30,1,799.0
551,368,1,1,2499.0
552,369,11,1,199.0
553,369,6,1,1499.0
554,370,8,2,2999.0
555,371,4,2,1299.0
556,371,30,1,799.0
557,372,24,1,899.0
558,373,17,1,4999.0
559,374,18,2,899.0
560,374,15,1,1199.0
561,375,17,2,4999.0
562,375,15,1,1199.0
563,375,22,3,699.0
564,376,3,2,3499.0
565,377,30,1,799.0
566,377,24,1,899.0
567,378,14,1,1599.0
568,378,22,1,699.0
569,379,21,1,1099.0
570,380,14,1,1599.0
571,381,1,1,2499.0
572,381,3,2,3499.0
573,382,7,2,599.0
574,383,13,2,799.0
575,384,24,2,899.0
576,385,29,1,1999.0
577,386,20,2,3999.0
578,387,3,1,3499.0
579,387,3,1,3499.0
580,388,28,1,499.0
581,388,11,1,199.0
582,388,12,1,1299.0
583,389,16,3,3999.0
584,390,25,1,499.0
585,391,24,1,899.0
586,392,7,1,599.0
587,392,15,1,1199.0
588,393,1,1,2499.0
589,394,10,2,299.0
590,394,2,1,1799.0
591,395,7,1,599.0
592,395,30,1,799.0
593,396,19,2,4499.0
594,396,4,1,1299.0
595,397,13,3,799.0
596,398,23,1,399.0
597,398,8,1,2999.0
598,399,8,1,2999.0
599,399,28,1,499.0
600,399,15,1,1199.0
601,400,27,2,599.0
602,400,3,1,3499.0
603,401,5,1,999.0
604,401,20,1,3999.0
605,402,22,2,699.0
606,403,24,1,899.0
607,403,11,1,199.0
608,404,30,1,799.0
609,405,19,1,4499.0
610,405,9,2,899.0
611,405,8,1,2999.0
612,406,21,2,1099.0
613,407,19,2,4499.0
614,408,18,1,899.0
615,408,17,1,4999.0
616,409,2,1,1799.0
617,409,2,1,1799.0
618,409,20,1,3999.0
619,410,7,1,599.0
620,410,15,1,1199.0
621,411,19,1,4499.0
622,412,13,1,799.0
623,412,24,1,899.0
624,413,6,1,1499.0
625,414,4,1,1299.0
626,415,6,1,1499.0
627,415,3,1,3499.0
628,415,6,1,1499.0
629,416,4,2,1299.0
630,417,26,1,999.0
631,418,24,1,899.0
632,418,4,1,1299.0
633,419,21,1,1099.0
634,420,25,1,499.0
635,421,30,3,799.0
636,422,14,1,1599.0
637,423,5,2,999.0
638,424,28,1,499.0
639,425,19,2,4499.0
640,426,16,1,3999.0
641,427,13,1,799.0
642,428,7,1,599.0
643,428,7,1,599.0
644,429,15,2,1199.0
645,430,11,1,199.0
646,431,4,1,1299.0
647,432,14,1,1599.0
648,432,26,1,999.0
649,433,6,3,1499.0
650,433,3,2,3499.0
651,434,14,1,1599.0
652,435,18,2,899.0
653,436,1,3,2499.0
654,437,15,2,1199.0
655,438,17,1,4999.0
656,439,7,3,599.0
657,440,23,1,399.0
658,440,23,2,399.0
659,441,19,2,4499.0
660,442,8,2,2999.0
661,443,6,1,1499.0
662,444,15,3,1199.0
663,444,3,1,3499.0
664,444,2,1,1799.0
665,445,23,1,399.0
666,446,23,2,399.0
667,446,21,2,1099.0
668,447,15,1,1199.0
669,447,11,1,199.0
670,448,20,1,3999.0
671,448,19,2,4499.0
672,449,14,1,1599.0
673,449,8,3,2999.0
674,450,15,2,1199.0
675,450,19,1,4499.0
676,451,10,1,299.0
677,452,26,1,999.0
678,453,10,1,299.0
679,454,25,1,499.0
680,454,4,2,1299.0
681,455,30,2,799.0
682,456,28,2,499.0
683,457,27,2,599.0
684,457,4,3,1299.0
685,458,6,2,1499.0
686,459,17,1,4999.0
687,460,23,3,399.0
688,460,5,3,999.0
689,460,15,1,1199.0
690,461,30,1,799.0
691,461,22,3,699.0
692,462,2,1,1799.0
693,463,7,1,599.0
694,463,19,1,4499.0
695,464,3,2,3499.0
696,465,15,1,1199.0
697,466,11,2,199.0
698,466,11,1,199.0
699,467,3,2,3499.0
700,467,30,2,799.0
701,468,27,1,599.0
702,469,14,2,1599.0
703,470,23,1,399.0
704,470,27,1,599.0
705,470,22,2,699.0
706,471,17,1,4999.0
707,472,23,1,399.0
708,473,19,1,4499.0
709,474,6,3,1499.0
710,475,15,3,1199.0
711,475,10,1,299.0
712,476,30,2,799.0
713,476,22,1,699.0
714,477,14,1,1599.0
715,478,19,3,4499.0
716,479,6,1,1499.0
717,480,9,1,899.0
718,481,21,1,1099.0
719,481,25,1,499.0
720,482,9,3,899.0
721,483,6,2,1499.0
722,484,17,2,4999.0
723,485,24,3,899.0
724,486,24,2,899.0
725,487,9,2,899.0
726,488,21,1,1099.0
727,488,30,1,799.0
728,489,15,1,1199.0
729,490,18,1,899.0
730,490,2,1,1799.0
731,491,6,1,1499.0
732,492,25,2,499.0
733,493,24,2,899.0
734,494,6,2,1499.0
735,494,28,2,499.0
736,494,21,1,1099.0
737,495,30,1,799.0
738,495,11,2,199.0
739,496,15,1,1199.0
740,497,15,1,1199.0
741,498,25,1,499.0
742,498,30,1,799.0
743,499,6,3,1499.0
744,499,4,1,1299.0
745,500,11,1,199.0
746,501,6,1,1499.0
747,502,12,1,1299.0
748,503,23,2,399.0
749,504,29,3,1999.0
750,504,5,1,999.0
751,505,29,1,1999.0
752,506,30,1,799.0
753,506,5,1,999.0
754,507,23,2,399.0
755,507,20,1,3999.0
756,508,17,3,4999.0
757,508,11,1,199.0
758,509,17,2,4999.0
759,510,4,2,1299.0
760,511,19,1,4499.0
761,511,14,2,1599.0
762,512,30,1,799.0
763,513,18,1,899.0
764,514,26,1,999.0
765,515,3,1,3499.0
766,516,21,2,1099.0
767,517,2,1,1799.0
768,518,1,1,2499.0
769,519,3,1,3499.0
770,520,24,1,899.0
771,521,6,1,1499.0
772,521,3,2,3499.0
773,521,8,1,2999.0
774,522,3,2,3499.0
775,522,9,1,899.0
776,523,24,1,899.0
777,524,9,1,899.0
778,524,15,1,1199.0
779,525,25,1,499.0
780,525,30,2,799.0
781,526,25,3,499.0
782,526,22,1,699.0
783,527,23,2,399.0
784,528,27,1,599.0
785,528,8,1,2999.0
786,529,7,1,599.0
787,530,11,3,199.0
788,530,8,1,2999.0
789,530,8,1,2999.0
790,531,24,1,899.0
791,531,9,1,899.0
792,532,19,1,4499.0
793,533,4,2,1299.0
794,534,29,3,1999.0
795,534,26,1,999.0
796,535,23,2,399.0
797,535,29,1,1999.0
798,536,7,1,599.0
799,537,9,1,899.0
800,537,30,2,799.0
801,537,10,2,299.0
802,538,18,2,899.0
803,538,29,1,1999.0
804,538,7,1,599.0
805,539,21,1,1099.0
806,539,13,1,799.0
807,539,28,3,499.0
808,540,25,1,499.0
809,541,19,2,4499.0
810,541,3,2,3499.0
811,542,9,1,899.0
812,542,3,1,3499.0
813,542,3,1,3499.0
814,543,21,2,1099.0
815,544,19,1,4499.0
816,545,4,1,1299.0
817,546,4,1,1299.0
818,546,29,1,1999.0
819,547,18,1,899.0
820,548,11,1,199.0
821,549,1,1,2499.0
822,550,14,1,1599.0
823,551,18,1,899.0
824,551,6,1,1499.0
825,552,25,1,499.0
826,552,6,3,1499.0
827,552,8,2,2999.0
828,553,7,2,599.0
829,554,24,1,899.0
830,555,7,1,599.0
831,556,26,3,999.0
832,557,12,1,1299.0
833,558,28,1,499.0
834,559,24,2,899.0
835,559,1,1,2499.0
836,560,30,1,799.0
837,561,28,2,499.0
838,562,4,1,1299.0
839,563,12,3,1299.0
840,564,9,2,899.0
841,565,17,3,4999.0
842,565,13,1,799.0
843,565,6,1,1499.0
844,566,27,1,599.0
845,567,15,2,1199.0
846,568,26,1,999.0
847,569,26,1,999.0
848,570,6,3,1499.0
849,570,15,1,1199.0
850,571,4,1,1299.0
851,571,4,1,1299.0
852,571,13,3,799.0
853,572,19,3,4499.0
854,572,22,2,699.0
855,572,17,1,4999.0
856,573,29,1,1999.0
857,574,26,1,999.0
858,574,5,2,999.0
859,574,23,1,399.0
860,575,24,1,899.0
861,576,25,1,499.0
862,576,26,1,999.0
863,577,24,1,899.0
864,577,12,1,1299.0
865,578,21,1,1099.0
866,579,8,1,2999.0
867,580,4,3,1299.0
868,581,2,1,1799.0
869,582,20,1,3999.0
870,583,15,1,1199.0
871,584,11,1,199.0
872,585,13,1,799.0
873,586,26,1,999.0
874,586,23,1,399.0
875,586,4,1,1299.0
876,587,21,2,1099.0
877,588,19,3,4499.0
878,589,11,1,199.0
879,589,1,1,2499.0
880,590,19,1,4499.0
881,590,24,1,899.0
882,591,1,1,2499.0
883,592,14,2,1599.0
884,592,6,1,1499.0
885,592,3,1,3499.0
886,593,25,2,499.0
887,593,17,1,4999.0
888,593,15,1,1199.0
889,594,15,2,1199.0
890,594,11,1,199.0
891,595,4,1,1299.0
892,595,13,1,799.0
893,596,12,1,1299.0
894,597,25,2,499.0
895,597,26,2,999.0
896,597,11,3,199.0
897,598,30,1,799.0
898,599,15,1,1199.0
899,600,29,1,1999.0
900,600,17,3,4999.0
901,601,6,2,1499.0
902,601,24,1,899.0
903,602,15,3,1199.0
904,603,17,2,4999.0
905,603,26,1,999.0
906,604,24,3,899.0
907,604,30,2,799.0
908,604,25,1,499.0
909,605,4,1,1299.0
910,606,23,1,399.0
911,606,5,1,999.0
912,607,30,2,799.0
913,608,8,2,2999.0
914,609,23,1,399.0
915,610,28,2,499.0
916,611,29,1,1999.0
917,611,22,1,699.0
918,612,23,1,399.0
919,613,5,1,999.0
920,613,30,2,799.0
921,613,30,1,799.0
922,614,22,1,699.0
923,614,25,3,499.0
924,615,19,2,4499.0
925,616,10,2,299.0
926,617,3,1,3499.0
927,617,22,2,699.0
928,618,15,1,1199.0
929,619,26,1,999.0
930,620,30,1,799.0
931,620,11,1,199.0
932,621,4,1,1299.0
933,621,13,3,799.0
934,622,29,1,1999.0
935,622,7,1,599.0
936,623,22,1,699.0
937,623,9,1,899.0
938,624,22,2,699.0
939,625,15,1,1199.0
940,625,16,1,3999.0
941,626,15,1,1199.0
942,627,25,1,499.0
943,627,22,1,699.0
944,627,25,1,499.0
945,628,29,1,1999.0
946,628,18,1,899.0
947,629,5,1,999.0
948,630,24,1,899.0
949,631,26,1,999.0
950,631,15,1,1199.0
951,632,9,1,899.0
952,633,25,1,499.0
953,633,19,2,4499.0
954,634,3,1,3499.0
955,634,11,3,199.0
956,635,13,1,799.0
957,635,6,1,1499.0
958,636,19,1,4499.0
959,637,3,1,3499.0
960,638,4,3,1299.0
961,638,1,2,2499.0
962,639,13,2,799.0
963,639,11,1,199.0
964,640,11,2,199.0
965,641,3,1,3499.0
966,642,9,1,899.0
967,643,1,1,2499.0
968,644,9,1,899.0
969,645,23,1,399.0
970,646,4,1,1299.0
971,647,11,1,199.0
972,648,20,1,3999.0
973,648,24,1,899.0
974,648,3,1,3499.0
975,649,6,1,1499.0
976,650,24,3,899.0
977,651,29,1,1999.0
978,652,25,1,499.0
979,652,8,1,2999.0
980,652,3,1,3499.0
981,653,8,1,2999.0
982,654,10,1,299.0
983,654,13,1,799.0
984,655,18,1,899.0
985,656,15,3,1199.0
986,657,21,2,1099.0
987,657,24,1,899.0
988,658,20,1,3999.0
989,658,24,2,899.0
990,659,21,1,1099.0
991,659,29,1,1999.0
992,660,28,1,499.0
993,661,22,1,699.0
994,662,27,2,599.0
995,663,4,1,1299.0
996,663,6,1,1499.0
997,664,6,1,1499.0
998,664,4,3,1299.0
999,665,6,1,1499.0
1000,665,21,1,1099.0
1001,666,29,1,1999.0
1002,667,12,3,1299.0
1003,667,20,1,3999.0
1004,667,23,2,399.0
1005,668,13,1,799.0
1006,669,1,2,2499.0
1007,670,7,1,599.0
1008,671,15,2,1199.0
1009,672,7,1,599.0
1010,673,9,2,899.0
1011,674,23,1,399.0
1012,674,3,1,3499.0
1013,675,13,1,799.0
1014,675,3,1,3499.0
1015,675,8,1,2999.0
1016,676,18,1,899.0
1017,677,3,1,3499.0
1018,677,1,1,2499.0
1019,678,22,1,699.0
1020,679,7,1,599.0
1021,679,13,1,799.0
1022,680,12,3,1299.0
1023,681,23,1,399.0
1024,681,10,1,299.0
1025,682,17,1,4999.0
1026,682,30,1,799.0
1027,683,14,1,1599.0
1028,684,17,1,4999.0
1029,684,9,1,899.0
1030,685,1,1,2499.0
1031,686,23,3,399.0
1032,687,6,3,1499.0
1033,688,4,1,1299.0
1034,689,2,1,1799.0
1035,689,6,2,1499.0
1036,690,6,1,1499.0
1037,691,4,1,1299.0
1038,691,9,1,899.0
1039,692,6,1,1499.0
1040,693,22,1,699.0
1041,694,16,1,3999.0
1042,695,2,1,1799.0
1043,696,9,1,899.0
1044,696,26,2,999.0
1045,697,24,2,899.0
1046,697,6,1,1499.0
1047,698,15,1,1199.0
1048,699,30,1,799.0
1049,700,19,1,4499.0
1050,700,13,1,799.0
1051,701,5,2,999.0
1052,702,8,1,2999.0
1053,702,2,1,1799.0
1054,703,10,1,299.0
1055,704,8,1,2999.0
1056,705,17,1,4999.0
1057,706,10,1,299.0
1058,707,23,2,399.0
1059,708,4,2,1299.0
1060,708,17,1,4999.0
1061,709,30,3,799.0
1062,710,19,3,4499.0
1063,711,23,1,399.0
1064,712,24,1,899.0
1065,713,21,1,1099.0
1066,713,17,1,4999.0
1067,714,1,2,2499.0
1068,714,9,1,899.0
1069,714,11,2,199.0
1070,715,24,3,899.0
1071,716,18,1,899.0
1072,716,30,1,799.0
1073,717,4,1,1299.0
1074,718,20,1,3999.0
1075,719,6,3,1499.0
1076,720,16,1,3999.0
1077,721,27,1,599.0
1078,722,23,1,399.0
1079,723,9,2,899.0
1080,723,5,1,999.0
1081,724,14,1,1599.0
1082,724,13,2,799.0
1083,725,17,1,4999.0
1084,726,19,3,4499.0
1085,727,19,2,4499.0
1086,728,22,1,699.0
1087,728,6,1,1499.0
1088,729,5,2,999.0
1089,729,20,1,3999.0
1090,730,30,1,799.0
1091,731,23,1,399.0
1092,732,14,1,1599.0
1093,733,23,2,399.0
1094,734,28,1,499.0
1095,735,17,1,4999.0
1096,736,25,1,499.0
1097,736,8,1,2999.0
1098,737,20,1,3999.0
1099,737,7,1,599.0
1100,738,25,2,499.0
1101,738,22,2,699.0
1102,739,1,2,2499.0
1103,740,6,1,1499.0
1104,740,24,1,899.0
1105,740,30,1,799.0
1106,741,2,1,1799.0
1107,741,9,1,899.0
1108,742,4,1,1299.0
1109,742,6,1,1499.0
1110,742,11,1,199.0
1111,743,2,2,1799.0
1112,743,23,1,399.0
1113,744,28,1,499.0
1114,744,3,1,3499.0
1115,745,23,1,399.0
1116,745,23,1,399.0
1117,745,20,1,3999.0
1118,746,15,2,1199.0
1119,746,23,1,399.0
1120,747,3,1,3499.0
1121,748,19,1,4499.0
1122,749,4,1,1299.0
1123,749,2,2,1799.0
1124,750,25,1,499.0
1125,751,20,1,3999.0
1126,751,22,1,699.0
1127,751,9,1,899.0
1128,752,4,1,1299.0
1129,752,18,2,899.0
1130,753,22,1,699.0
1131,754,7,1,599.0
1132,755,24,1,899.0
1133,756,13,1,799.0
1134,757,24,1,899.0
1135,757,25,2,499.0
1136,758,22,1,699.0
1137,759,18,1,899.0
1138,760,6,1,1499.0
1139,761,28,3,499.0
1140,762,19,1,4499.0
1141,763,28,1,499.0
1142,764,22,1,699.0
1143,764,21,1,1099.0
1144,764,28,2,499.0
1145,765,19,1,4499.0
1146,765,19,1,4499.0
1147,766,18,3,899.0
1148,767,19,3,4499.0
1149,767,18,3,899.0
1150,768,25,1,499.0
1151,769,18,2,899.0
1152,769,28,2,499.0
1153,770,24,1,899.0
1154,770,23,1,399.0
1155,771,21,1,1099.0
1156,772,11,2,199.0
1157,773,13,2,799.0
1158,773,3,1,3499.0
1159,773,7,3,599.0
1160,774,26,1,999.0
1161,774,11,1,199.0
1162,775,20,1,3999.0
1163,776,18,3,899.0
1164,777,18,3,899.0
1165,778,18,1,899.0
1166,778,10,1,299.0
1167,779,19,3,4499.0
1168,780,21,2,1099.0
1169,781,26,1,999.0
1170,781,24,1,899.0
1171,782,11,1,199.0
1172,783,26,3,999.0
1173,783,20,1,3999.0
1174,784,10,3,299.0
1175,784,14,1,1599.0
1176,785,18,2,899.0
1177,786,15,1,1199.0
1178,786,9,1,899.0
1179,787,30,1,799.0
1180,787,7,1,599.0
1181,788,30,1,799.0
1182,789,8,2,2999.0
1183,790,28,1,499.0
1184,790,24,1,899.0
1185,791,3,1,3499.0
1186,791,23,2,399.0
1187,791,24,3,899.0
1188,792,8,1,2999.0
1189,793,29,1,1999.0
1190,794,23,1,399.0
1191,795,12,2,1299.0
1192,796,18,1,899.0
1193,796,4,3,1299.0
1194,797,18,1,899.0
1195,798,9,3,899.0
1196,799,25,1,499.0
1197,800,9,2,899.0
1198,800,22,2,699.0
1199,800,3,2,3499.0
1200,801,30,1,799.0
1201,802,11,1,199.0
1202,803,22,1,699.0
1203,804,3,1,3499.0
1204,805,9,1,899.0
1205,805,13,1,799.0
1206,805,6,2,1499.0
1207,806,25,1,499.0
1208,807,12,2,1299.0
1209,807,3,3,3499.0
1210,807,3,3,3499.0
1211,808,19,1,4499.0
1212,808,15,1,1199.0
1213,808,19,1,4499.0
1214,809,14,2,1599.0
1215,810,1,1,2499.0
1216,811,7,1,599.0
1217,811,15,1,1199.0
1218,811,18,1,899.0
1219,812,4,1,1299.0
1220,813,21,1,1099.0
1221,814,25,1,499.0
1222,815,6,1,1499.0
1223,815,25,1,499.0
1224,816,6,1,1499.0
1225,817,4,1,1299.0
1226,818,19,1,4499.0
1227,818,19,1,4499.0
1228,818,21,1,1099.0
1229,819,6,1,1499.0
1230,820,9,2,899.0
1231,821,10,1,299.0
1232,822,11,3,199.0
1233,823,12,1,1299.0
1234,824,30,1,799.0
1235,824,11,1,199.0
1236,825,5,3,999.0
1237,826,3,1,3499.0
1238,826,17,1,4999.0
1239,827,8,2,2999.0
1240,828,30,1,799.0
1241,829,26,1,999.0
1242,830,17,1,4999.0
1243,831,9,2,899.0
1244,832,16,1,3999.0
1245,832,15,1,1199.0
1246,832,19,1,4499.0
1247,833,19,1,4499.0
1248,833,20,1,3999.0
1249,833,12,1,1299.0
1250,834,15,2,1199.0
1251,834,7,1,599.0
1252,834,9,2,899.0
1253,835,7,1,599.0
1254,836,28,2,499.0
1255,837,15,3,1199.0
1256,838,19,3,4499.0
1257,839,23,1,399.0
1258,839,29,2,1999.0
1259,840,18,3,899.0
1260,840,26,1,999.0
1261,841,15,3,1199.0
1262,841,11,1,199.0
1263,842,25,2,499.0
1264,842,15,1,1199.0
1265,843,19,2,4499.0
1266,843,25,1,499.0
1267,843,8,1,2999.0
1268,844,1,1,2499.0
1269,845,11,3,199.0
1270,845,14,1,1599.0
1271,846,4,1,1299.0
1272,846,5,1,999.0
1273,847,6,1,1499.0
1274,847,23,3,399.0
1275,848,20,1,3999.0
1276,849,22,1,699.0
1277,849,26,1,999.0
1278,850,4,1,1299.0
1279,851,7,1,599.0
1280,851,30,2,799.0
1281,852,23,1,399.0
1282,853,23,2,399.0
1283,854,6,2,1499.0
1284,854,21,1,1099.0
1285,855,7,1,599.0
1286,855,12,1,1299.0
1287,856,9,1,899.0
1288,857,15,1,1199.0
1289,858,10,1,299.0
1290,859,3,2,3499.0
1291,860,3,1,3499.0
1292,860,10,1,299.0
1293,860,1,1,2499.0
1294,861,10,2,299.0
1295,861,11,1,199.0
1296,862,4,2,1299.0
1297,862,18,3,899.0
1298,863,28,1,499.0
1299,863,10,2,299.0
1300,864,2,1,1799.0
1301,864,7,2,599.0
1302,865,13,2,799.0
1303,865,3,1,3499.0
1304,866,18,1,899.0
1305,867,24,1,899.0
1306,868,26,3,999.0
1307,868,23,1,399.0
1308,869,6,1,1499.0
1309,870,24,1,899.0
1310,870,16,1,3999.0
1311,871,6,1,1499.0
1312,872,26,3,999.0
1313,873,30,1,799.0
1314,873,19,1,4499.0
1315,873,9,3,899.0
1316,874,27,1,599.0
1317,875,10,2,299.0
1318,876,30,2,799.0
1319,877,11,1,199.0
1320,877,19,1,4499.0
1321,878,18,2,899.0
1322,879,22,1,699.0
1323,880,6,2,1499.0
1324,881,19,1,4499.0
1325,881,6,1,1499.0
1326,882,7,3,599.0
1327,883,22,2,699.0
1328,884,25,2,499.0
1329,885,3,1,3499.0
1330,886,30,1,799.0
1331,886,9,2,899.0
1332,886,15,1,1199.0
1333,887,5,1,999.0
1334,888,25,1,499.0
1335,889,4,3,1299.0
1336,889,5,1,999.0
1337,890,22,3,699.0
1338,890,30,1,799.0
1339,891,9,1,899.0
1340,892,5,1,999.0
1341,893,27,1,599.0
1342,894,8,1,2999.0
1343,894,8,3,2999.0
1344,895,5,1,999.0
1345,895,11,2,199.0
1346,895,15,1,1199.0
1347,896,9,1,899.0
1348,897,15,3,1199.0
1349,898,29,3,1999.0
1350,899,15,1,1199.0
1351,900,16,2,3999.0
1352,900,7,1,599.0
1353,901,17,3,4999.0
1354,902,25,2,499.0
1355,903,25,3,499.0
1356,904,3,1,3499.0
1357,904,21,1,1099.0
1358,905,18,1,899.0
1359,906,4,1,1299.0
1360,907,4,1,1299.0
1361,908,13,1,799.0
1362,908,3,1,3499.0
1363,909,11,1,199.0
1364,910,7,1,599.0
1365,910,7,3,599.0
1366,911,29,2,1999.0
1367,912,25,3,499.0
1368,913,15,1,1199.0
1369,913,11,1,199.0
1370,914,4,1,1299.0
1371,915,5,1,999.0
1372,916,6,1,1499.0
1373,916,7,1,599.0
1374,916,2,3,1799.0
1375,917,9,3,899.0
1376,918,23,2,399.0
1377,919,11,2,199.0
1378,920,24,1,899.0
1379,921,20,1,3999.0
1380,922,24,1,899.0
1381,922,5,3,999.0
1382,923,28,1,499.0
1383,923,9,1,899.0
1384,924,23,1,399.0
1385,924,19,1,4499.0
1386,925,1,2,2499.0
1387,926,9,3,899.0
1388,927,3,1,3499.0
1389,928,23,1,399.0
1390,928,29,3,1999.0
1391,928,10,1,299.0
1392,929,13,1,799.0
1393,929,9,1,899.0
1394,930,30,1,799.0
1395,930,3,2,3499.0
1396,931,4,1,1299.0
1397,932,14,1,1599.0
1398,933,14,1,1599.0
1399,933,28,3,499.0
1400,933,6,1,1499.0
1401,934,23,1,399.0
1402,935,4,1,1299.0
1403,935,30,2,799.0
1404,935,24,2,899.0
1405,936,1,2,2499.0
1406,937,4,1,1299.0
1407,938,16,1,3999.0
1408,938,25,1,499.0
1409,939,6,1,1499.0
1410,939,14,1,1599.0
1411,940,21,1,1099.0
1412,941,4,1,1299.0
1413,942,22,1,699.0
1414,942,29,1,1999.0
1415,943,22,3,699.0
1416,944,30,1,799.0
1417,945,23,1,399.0
1418,945,6,1,1499.0
1419,946,1,2,2499.0
1420,946,26,1,999.0
1421,947,10,1,299.0
1422,948,6,1,1499.0
1423,949,11,2,199.0
1424,950,19,3,4499.0
1425,951,3,1,3499.0
1426,951,4,2,1299.0
1427,952,15,2,1199.0
1428,952,25,1,499.0
1429,953,25,3,499.0
1430,954,19,2,4499.0
1431,954,29,2,1999.0
1432,954,8,1,2999.0
1433,955,27,1,599.0
1434,956,9,1,899.0
1435,956,12,1,1299.0
1436,957,3,3,3499.0
1437,958,6,3,1499.0
1438,958,12,1,1299.0
1439,958,15,1,1199.0
1440,959,25,1,499.0
1441,959,3,1,3499.0
1442,959,19,1,4499.0
1443,960,23,3,399.0
1444,961,19,1,4499.0
1445,962,24,2,899.0
1446,962,8,3,2999.0
1447,963,4,3,1299.0
1448,963,4,1,1299.0
1449,964,27,1,599.0
1450,964,24,1,899.0
1451,965,11,2,199.0
1452,966,8,3,2999.0
1453,967,4,1,1299.0
1454,967,30,1,799.0
1455,968,16,1,3999.0
1456,968,7,1,599.0
1457,969,3,1,3499.0
1458,970,3,2,3499.0
1459,971,12,3,1299.0
1460,971,7,1,599.0
1461,972,3,2,3499.0
1462,972,6,1,1499.0
1463,972,12,1,1299.0
1464,973,4,1,1299.0
1465,974,24,1,899.0
1466,974,30,1,799.0
1467,975,29,1,1999.0
1468,975,4,2,1299.0
1469,976,7,1,599.0
1470,977,21,2,1099.0
1471,978,7,1,599.0
1472,979,17,2,4999.0
1473,980,19,1,4499.0
1474,981,24,1,899.0
1475,982,6,1,1499.0
1476,983,19,2,4499.0
1477,984,30,1,799.0
1478,985,1,1,2499.0
1479,986,9,1,899.0
1480,987,2,1,1799.0
1481,988,27,2,599.0
1482,988,3,1,3499.0
1483,989,25,2,499.0
1484,989,3,2,3499.0
1485,989,24,1,899.0
1486,990,9,1,899.0
1487,991,28,1,499.0
1488,991,9,1,899.0
1489,992,4,1,1299.0
1490,993,9,2,899.0
1491,993,7,1,599.0
1492,993,17,2,4999.0
1493,994,3,3,3499.0
1494,995,24,1,899.0
1495,996,16,2,3999.0
1496,997,5,1,999.0
1497,998,30,2,799.0
1498,999,8,1,2999.0
1499,1000,14,1,1599.0
1500,1001,8,1,2999.0
1501,1002,17,1,4999.0
1502,1003,9,1,899.0
1503,1004,28,1,499.0
1504,1005,18,1,899.0
1505,1006,4,1,1299.0
1506,1007,16,1,3999.0
1507,1008,11,1,199.0
1508,1009,6,1,1499.0
1509,1010,1,1,2499.0
1510,1011,25,1,499.0
1511,1011,20,1,3999.0
1512,1012,20,1,3999.0
1513,1012,6,2,1499.0
1514,1012,18,1,899.0
1515,1013,17,3,4999.0
1516,1013,16,1,3999.0
1517,1014,23,1,399.0
1518,1015,7,1,599.0
1519,1015,9,1,899.0
1520,1016,25,1,499.0
1521,1016,15,1,1199.0
1522,1017,30,1,799.0
1523,1018,28,1,499.0
1524,1019,17,3,4999.0
1525,1019,26,1,999.0
1526,1020,18,3,899.0
1527,1021,21,2,1099.0
1528,1022,24,1,899.0
1529,1022,15,1,1199.0
1530,1022,5,3,999.0
1531,1023,8,2,2999.0
1532,1024,3,1,3499.0
1533,1025,7,1,599.0
1534,1026,17,3,4999.0
1535,1026,4,2,1299.0
1536,1026,28,1,499.0
1537,1027,11,3,199.0
1538,1028,17,1,4999.0
1539,1029,6,1,1499.0
1540,1029,9,1,899.0
1541,1030,11,2,199.0
1542,1031,9,3,899.0
1543,1032,11,1,199.0
1544,1033,4,3,1299.0
1545,1034,19,2,4499.0
1546,1035,4,1,1299.0
1547,1035,23,1,399.0
1548,1036,30,1,799.0
1549,1037,9,1,899.0
1550,1038,3,1,3499.0
1551,1038,23,1,399.0
1552,1039,9,1,899.0
1553,1039,1,1,2499.0
1554,1040,18,1,899.0
1555,1041,25,1,499.0
1556,1042,30,2,799.0
1557,1043,20,2,3999.0
1558,1043,12,1,1299.0
1559,1044,15,1,1199.0
1560,1045,3,1,3499.0
1561,1046,24,1,899.0
1562,1047,4,1,1299.0
1563,1048,19,1,4499.0
1564,1048,10,1,299.0
1565,1049,5,1,999.0
1566,1050,16,1,3999.0
1567,1050,5,1,999.0
1568,1050,14,2,1599.0
1569,1051,11,3,199.0
1570,1052,19,1,4499.0
1571,1053,4,1,1299.0
1572,1054,11,1,199.0
1573,1054,5,1,999.0
1574,1055,7,2,599.0
1575,1056,6,2,1499.0
1576,1056,11,1,199.0
1577,1057,3,2,3499.0
1578,1057,25,3,499.0
1579,1058,30,1,799.0
1580,1059,8,1,2999.0
1581,1060,3,1,3499.0
1582,1060,3,1,3499.0
1583,1061,17,2,4999.0
1584,1061,20,3,3999.0
1585,1062,6,2,1499.0
1586,1063,25,2,499.0
1587,1063,19,2,4499.0
1588,1064,3,1,3499.0
1589,1065,24,1,899.0
1590,1066,26,1,999.0
1591,1067,15,1,1199.0
1592,1068,26,1,999.0
1593,1069,9,1,899.0
1594,1070,17,2,4999.0
1595,1071,7,1,599.0
1596,1071,27,2,599.0
1597,1072,29,1,1999.0
1598,1072,3,1,3499.0
1599,1072,8,1,2999.0
1600,1073,9,2,899.0
1601,1074,23,2,399.0
1602,1075,1,1,2499.0
1603,1075,11,1,199.0
1604,1076,4,1,1299.0
1605,1077,28,1,499.0
1606,1078,23,2,399.0
1607,1079,22,2,699.0
1608,1080,2,1,1799.0
1609,1081,11,1,199.0
1610,1082,6,2,1499.0
1611,1082,27,2,599.0
1612,1082,9,1,899.0
1613,1083,8,1,2999.0
1614,1084,21,1,1099.0
1615,1084,6,1,1499.0
1616,1084,7,2,599.0
1617,1085,4,3,1299.0
1618,1085,19,1,4499.0
1619,1086,8,1,2999.0
1620,1087,19,1,4499.0
1621,1088,6,1,1499.0
1622,1089,17,1,4999.0
1623,1090,1,2,2499.0
1624,1091,23,1,399.0
1625,1091,11,2,199.0
1626,1092,22,2,699.0
1627,1093,28,1,499.0
1628,1093,30,2,799.0
1629,1094,8,1,2999.0
1630,1095,1,1,2499.0
1631,1095,25,2,499.0
1632,1096,2,1,1799.0
1633,1097,18,1,899.0
1634,1098,13,1,799.0
1635,1098,7,1,599.0
1636,1098,6,2,1499.0
1637,1099,6,1,1499.0
1638,1099,9,1,899.0
1639,1100,1,2,2499.0
1640,1100,17,1,4999.0
1641,1100,4,1,1299.0
1642,1101,17,2,4999.0
1643,1102,8,1,2999.0
1644,1103,27,1,599.0
1645,1103,8,1,2999.0
1646,1103,8,1,2999.0
1647,1104,9,2,899.0
1648,1105,7,2,599.0
1649,1106,3,3,3499.0
1650,1107,23,1,399.0
1651,1107,26,2,999.0
1652,1108,9,1,899.0
1653,1109,23,1,399.0
1654,1110,13,3,799.0
1655,1110,3,1,3499.0
1656,1111,7,2,599.0
1657,1112,23,1,399.0
1658,1113,8,1,2999.0
1659,1114,17,1,4999.0
1660,1114,27,2,599.0
1661,1114,7,1,599.0
1662,1115,2,1,1799.0
1663,1116,16,1,3999.0
1664,1117,7,1,599.0
1665,1117,25,1,499.0
1666,1118,23,1,399.0
1667,1119,25,1,499.0
1668,1120,23,3,399.0
1669,1121,18,1,899.0
1670,1121,11,1,199.0
1671,1122,3,1,3499.0
1672,1122,17,2,4999.0
1673,1122,25,1,499.0
1674,1123,4,2,1299.0
1675,1124,8,2,2999.0
1676,1125,8,1,2999.0
1677,1126,7,1,599.0
1678,1126,7,1,599.0
1679,1126,17,1,4999.0
1680,1127,26,1,999.0
1681,1128,10,1,299.0
1682,1128,12,1,1299.0
1683,1129,22,3,699.0
1684,1129,26,1,999.0
1685,1129,4,1,1299.0
1686,1130,24,2,899.0
1687,1131,19,1,4499.0
1688,1132,28,1,499.0
1689,1133,17,2,4999.0
1690,1134,4,1,1299.0
1691,1135,5,2,999.0
1692,1136,26,3,999.0
1693,1137,3,1,3499.0
1694,1138,7,1,599.0
1695,1139,19,1,4499.0
1696,1140,15,2,1199.0
1697,1141,3,1,3499.0
1698,1142,30,1,799.0
1699,1143,9,1,899.0
1700,1144,15,2,1199.0
1701,1144,11,1,199.0
1702,1145,24,1,899.0
1703,1145,7,1,599.0
1704,1146,27,1,599.0
1705,1147,9,1,899.0
1706,1147,6,1,1499.0
1707,1148,18,1,899.0
1708,1149,9,1,899.0
1709,1149,3,1,3499.0
1710,1150,25,1,499.0
1711,1150,8,1,2999.0
1712,1150,11,1,199.0
1713,1151,23,1,399.0
1714,1151,24,1,899.0
1715,1152,21,1,1099.0
1716,1152,24,1,899.0
1717,1153,3,1,3499.0
1718,1154,1,2,2499.0
1719,1155,24,1,899.0
1720,1155,9,1,899.0
1721,1156,6,1,1499.0
1722,1157,3,3,3499.0
1723,1158,16,1,3999.0
1724,1158,29,2,1999.0
1725,1158,13,1,799.0
1726,1159,19,1,4499.0
1727,1160,6,3,1499.0
1728,1161,25,1,499.0
1729,1162,15,1,1199.0
1730,1163,17,1,4999.0
1731,1164,30,1,799.0
1732,1165,23,2,399.0
1733,1166,4,1,1299.0
1734,1167,26,1,999.0
1735,1168,16,1,3999.0
1736,1168,11,1,199.0
1737,1169,20,1,3999.0
1738,1169,11,1,199.0
1739,1169,16,1,3999.0
1740,1170,7,1,599.0
1741,1171,28,1,499.0
1742,1171,14,1,1599.0
1743,1171,14,3,1599.0
1744,1172,9,1,899.0
1745,1173,17,1,4999.0
1746,1174,27,1,599.0
1747,1175,29,1,1999.0
1748,1175,6,1,1499.0
1749,1176,17,1,4999.0
1750,1177,17,2,4999.0
1751,1178,27,1,599.0
1752,1178,3,2,3499.0
1753,1179,9,2,899.0
1754,1179,15,1,1199.0
1755,1180,4,1,1299.0
1756,1181,9,1,899.0
1757,1182,6,1,1499.0
1758,1183,13,1,799.0
1759,1184,19,1,4499.0
1760,1184,25,2,499.0
1761,1185,26,3,999.0
1762,1185,11,3,199.0
1763,1186,6,1,1499.0
1764,1187,28,1,499.0
1765,1188,21,1,1099.0
1766,1188,17,1,4999.0
1767,1188,14,1,1599.0
1768,1189,19,1,4499.0
1769,1189,10,1,299.0
1770,1190,25,1,499.0
1771,1191,22,1,699.0
1772,1192,19,1,4499.0
1773,1193,27,1,599.0
1774,1193,15,3,1199.0
1775,1194,6,2,1499.0
1776,1195,2,1,1799.0
1777,1196,25,3,499.0
1778,1196,17,1,4999.0
1779,1197,14,1,1599.0
1780,1198,18,3,899.0
1781,1199,14,2,1599.0
1782,1199,9,1,899.0
1783,1200,4,1,1299.0
1784,1200,6,1,1499.0
1785,1201,26,1,999.0
1786,1202,15,1,1199.0
1787,1203,19,2,4499.0
1788,1204,21,1,1099.0
1789,1205,30,1,799.0
1790,1206,6,1,1499.0
1791,1207,6,1,1499.0
1792,1207,11,1,199.0
1793,1208,19,2,4499.0
1794,1208,9,1,899.0
1795,1209,17,2,4999.0
1796,1210,21,2,1099.0
1797,1211,18,1,899.0
1798,1211,2,3,1799.0
1799,1212,23,3,399.0
1800,1213,28,2,499.0
1801,1214,17,1,4999.0
1802,1214,24,1,899.0
1803,1214,24,1,899.0
1804,1215,19,1,4499.0
1805,1216,25,1,499.0
1806,1217,23,1,399.0
1807,1218,11,1,199.0
1808,1219,7,3,599.0
1809,1220,11,1,199.0
1810,1220,20,2,3999.0
1811,1220,16,1,3999.0
1812,1221,19,2,4499.0
1813,1222,19,2,4499.0
1814,1222,19,1,4499.0
1815,1223,9,1,899.0
1816,1224,24,1,899.0
1817,1225,20,2,3999.0
1818,1226,3,2,3499.0
1819,1226,1,1,2499.0
1820,1227,15,3,1199.0
1821,1228,7,1,599.0
1822,1229,14,1,1599.0
1823,1230,30,1,799.0
1824,1230,20,1,3999.0
1825,1231,15,1,1199.0
1826,1232,2,2,1799.0
1827,1233,10,1,299.0
1828,1234,8,1,2999.0
1829,1235,2,1,1799.0
1830,1236,6,1,1499.0
1831,1237,27,1,599.0
1832,1238,27,3,599.0
1833,1238,17,1,4999.0
1834,1238,2,1,1799.0
1835,1239,22,1,699.0
1836,1240,6,2,1499.0
1837,1241,27,3,599.0
1838,1242,19,1,4499.0
1839,1242,21,1,1099.0
1840,1242,7,3,599.0
1841,1243,15,1,1199.0
1842,1244,1,1,2499.0
1843,1245,14,2,1599.0
1844,1246,22,1,699.0
1845,1247,14,1,1599.0
1846,1247,17,1,4999.0
1847,1248,25,1,499.0
1848,1249,6,1,1499.0
1849,1250,3,1,3499.0
1850,1251,16,1,3999.0
1851,1251,13,1,799.0
1852,1252,17,1,4999.0
1853,1252,23,1,399.0
1854,1253,4,1,1299.0
1855,1253,3,1,3499.0
1856,1253,17,1,4999.0
1857,1254,17,1,4999.0
1858,1254,27,1,599.0
1859,1254,19,1,4499.0
1860,1255,15,1,1199.0
1861,1255,11,2,199.0
1862,1256,6,1,1499.0
1863,1256,9,1,899.0
1864,1256,27,1,599.0
1865,1257,1,1,2499.0
1866,1258,22,3,699.0
1867,1259,14,1,1599.0
1868,1260,19,1,4499.0
1869,1260,25,1,499.0
1870,1261,22,1,699.0
1871,1262,18,1,899.0
1872,1263,30,1,799.0
1873,1263,18,1,899.0
1874,1264,30,1,799.0
1875,1265,24,3,899.0
1876,1266,18,3,899.0
1877,1266,12,2,1299.0
1878,1267,23,1,399.0
1879,1267,15,1,1199.0
1880,1268,7,2,599.0
1881,1269,11,1,199.0
1882,1270,9,1,899.0
1883,1271,23,1,399.0
1884,1271,9,1,899.0
1885,1272,4,1,1299.0
1886,1273,29,1,1999.0
1887,1274,8,2,2999.0
1888,1275,11,1,199.0
1889,1276,7,2,599.0
1890,1277,27,3,599.0
1891,1278,16,1,3999.0
1892,1279,15,1,1199.0
1893,1279,20,1,3999.0
1894,1280,19,2,4499.0
1895,1281,17,1,4999.0
1896,1282,1,1,2499.0
1897,1283,30,2,799.0
1898,1284,17,1,4999.0
1899,1285,19,1,4499.0
1900,1285,13,1,799.0
1901,1286,6,2,1499.0
1902,1287,6,1,1499.0
1903,1288,26,1,999.0
1904,1289,13,1,799.0
1905,1290,9,1,899.0
1906,1291,23,1,399.0
1907,1291,19,1,4499.0
1908,1292,9,1,899.0
1909,1292,19,1,4499.0
1910,1293,15,1,1199.0
1911,1293,23,1,399.0
1912,1294,23,1,399.0
1913,1295,16,1,3999.0
1914,1295,23,1,399.0
1915,1296,3,1,3499.0
1916,1297,5,2,999.0
1917,1298,9,1,899.0
1918,1298,18,1,899.0
1919,1299,29,2,1999.0
1920,1300,25,1,499.0
1921,1300,17,2,4999.0
1922,1301,4,1,1299.0
1923,1301,24,1,899.0
1924,1302,1,1,2499.0
1925,1302,17,2,4999.0
1926,1303,8,1,2999.0
1927,1304,18,3,899.0
1928,1304,24,1,899.0
1929,1304,21,1,1099.0
1930,1305,3,1,3499.0
1931,1306,14,2,1599.0
1932,1307,5,1,999.0
1933,1308,7,1,599.0
1934,1309,8,1,2999.0
1935,1310,22,1,699.0
1936,1310,27,1,599.0
1937,1311,14,1,1599.0
1938,1312,23,1,399.0
1939,1313,15,1,1199.0
1940,1314,12,1,1299.0
1941,1315,8,1,2999.0
1942,1316,17,1,4999.0
1943,1317,17,1,4999.0
1944,1317,6,1,1499.0
1945,1318,26,2,999.0
1946,1319,9,1,899.0
1947,1319,24,1,899.0
1948,1320,1,1,2499.0
1949,1321,9,1,899.0
1950,1321,23,1,399.0
1951,1322,6,1,1499.0
1952,1323,29,1,1999.0
1953,1324,26,3,999.0
1954,1325,30,1,799.0
1955,1326,26,3,999.0
1956,1327,23,2,399.0
1957,1328,6,1,1499.0
1958,1329,18,1,899.0
1959,1330,23,1,399.0
1960,1330,11,1,199.0
1961,1330,15,1,1199.0
1962,1331,24,1,899.0
1963,1332,25,1,499.0
1964,1332,9,3,899.0
1965,1332,19,1,4499.0
1966,1333,9,1,899.0
1967,1333,17,1,4999.0
1968,1334,3,2,3499.0
1969,1334,20,1,3999.0
1970,1335,29,3,1999.0
1971,1336,28,2,499.0
1972,1337,25,1,499.0
1973,1338,23,1,399.0
1974,1339,22,1,699.0
1975,1339,10,1,299.0
1976,1340,14,1,1599.0
1977,1340,13,2,799.0
1978,1340,1,1,2499.0
1979,1341,17,3,4999.0
1980,1342,25,1,499.0
1981,1343,4,1,1299.0
1982,1343,22,1,699.0
1983,1344,22,1,699.0
1984,1345,15,3,1199.0
1985,1346,20,1,3999.0
1986,1347,11,1,199.0
1987,1347,6,1,1499.0
1988,1347,11,1,199.0
1989,1348,24,1,899.0
1990,1348,7,1,599.0
1991,1349,23,3,399.0
1992,1350,26,2,999.0
1993,1351,23,1,399.0
1994,1351,12,1,1299.0
1995,1352,25,1,499.0
1996,1352,4,1,1299.0
1997,1352,17,3,4999.0
1998,1353,29,3,1999.0
1999,1354,6,2,1499.0
2000,1354,24,1,899.0
2001,1355,16,1,3999.0
2002,1356,20,1,3999.0
2003,1357,22,1,699.0
2004,1357,12,1,1299.0
2005,1357,11,1,199.0
2006,1358,22,1,699.0
2007,1359,6,2,1499.0
2008,1359,3,2,3499.0
2009,1360,30,3,799.0
2010,1361,11,1,199.0
2011,1362,29,1,1999.0
2012,1363,20,1,3999.0
2013,1364,19,1,4499.0
2014,1365,7,1,599.0
2015,1366,5,2,999.0
2016,1366,22,2,699.0
2017,1367,7,1,599.0
2018,1367,6,2,1499.0
2019,1368,15,1,1199.0
2020,1369,26,1,999.0
2021,1370,4,2,1299.0
2022,1371,19,1,4499.0
2023,1371,7,1,599.0
2024,1371,18,1,899.0
2025,1372,25,1,499.0
2026,1372,17,1,4999.0
2027,1372,20,1,3999.0
2028,1373,3,3,3499.0
2029,1374,18,2,899.0
2030,1374,2,1,1799.0
2031,1375,2,1,1799.0
2032,1375,23,1,399.0
2033,1376,19,1,4499.0
2034,1377,13,2,799.0
2035,1378,30,1,799.0
2036,1379,19,2,4499.0
2037,1379,17,2,4999.0
2038,1380,24,1,899.0
2039,1380,3,1,3499.0
2040,1381,3,2,3499.0
2041,1381,9,1,899.0
2042,1382,21,1,1099.0
2043,1383,6,1,1499.0
2044,1384,19,1,4499.0
2045,1385,3,1,3499.0
2046,1385,27,1,599.0
2047,1386,10,1,299.0
2048,1387,24,1,899.0
2049,1387,9,1,899.0
2050,1388,30,1,799.0
2051,1389,7,1,599.0
2052,1390,1,1,2499.0
2053,1391,17,1,4999.0
2054,1392,26,3,999.0
2055,1392,21,3,1099.0
2056,1393,27,3,599.0
2057,1394,4,2,1299.0
2058,1394,7,1,599.0
2059,1394,30,2,799.0
2060,1395,24,1,899.0
2061,1396,17,3,4999.0
2062,1396,17,1,4999.0
2063,1397,29,1,1999.0
2064,1398,10,2,299.0
2065,1399,22,1,699.0
2066,1400,15,2,1199.0
2067,1400,30,1,799.0
2068,1401,9,1,899.0
2069,1401,29,1,1999.0
2070,1402,1,1,2499.0
2071,1403,30,1,799.0
2072,1404,7,1,599.0
2073,1404,6,1,1499.0
2074,1405,3,3,3499.0
2075,1406,11,1,199.0
2076,1406,6,1,1499.0
2077,1407,3,1,3499.0
2078,1408,9,2,899.0
2079,1408,1,1,2499.0
2080,1409,6,3,1499.0
2081,1410,1,3,2499.0
2082,1411,19,1,4499.0
2083,1412,27,1,599.0
2084,1412,26,2,999.0
2085,1413,24,1,899.0
2086,1414,10,1,299.0
2087,1415,5,1,999.0
2088,1416,25,2,499.0
2089,1416,20,1,3999.0
2090,1417,15,2,1199.0
2091,1417,24,3,899.0
2092,1417,25,1,499.0
2093,1418,16,1,3999.0
2094,1419,6,1,1499.0
2095,1420,12,1,1299.0
2096,1420,1,1,2499.0
2097,1420,19,1,4499.0
2098,1421,21,1,1099.0
2099,1421,27,2,599.0
2100,1422,2,1,1799.0
2101,1423,16,2,3999.0
2102,1424,25,1,499.0
2103,1425,14,1,1599.0
2104,1426,15,1,1199.0
2105,1426,2,1,1799.0
2106,1427,27,1,599.0
2107,1428,25,1,499.0
2108,1428,2,1,1799.0
2109,1428,20,2,3999.0
2110,1429,19,1,4499.0
2111,1429,23,1,399.0
2112,1430,8,3,2999.0
2113,1431,19,1,4499.0
2114,1431,13,1,799.0
2115,1432,27,1,599.0
2116,1433,7,1,599.0
2117,1433,11,1,199.0
2118,1433,17,1,4999.0
2119,1434,25,1,499.0
2120,1435,4,1,1299.0
2121,1436,3,1,3499.0
2122,1436,23,1,399.0
2123,1437,30,2,799.0
2124,1438,5,2,999.0
2125,1439,27,1,599.0
2126,1440,6,1,1499.0
2127,1441,3,1,3499.0
2128,1441,17,1,4999.0
2129,1442,11,1,199.0
2130,1442,6,3,1499.0
2131,1443,7,1,599.0
2132,1444,25,2,499.0
2133,1445,15,1,1199.0
2134,1445,21,1,1099.0
2135,1446,7,3,599.0
2136,1447,13,2,799.0
2137,1447,8,2,2999.0
2138,1448,10,1,299.0
2139,1448,4,1,1299.0
2140,1449,11,2,199.0
2141,1450,14,1,1599.0
2142,1450,14,1,1599.0
2143,1451,7,2,599.0
2144,1452,10,1,299.0
2145,1452,24,1,899.0
2146,1453,17,1,4999.0
2147,1454,3,1,3499.0
2148,1454,5,1,999.0
2149,1455,21,1,1099.0
2150,1456,23,1,399.0
2151,1456,24,1,899.0
2152,1457,23,1,399.0
2153,1457,23,1,399.0
2154,1458,3,1,3499.0
2155,1459,9,3,899.0
2156,1459,5,1,999.0
2157,1460,18,2,899.0
2158,1460,21,1,1099.0
2159,1460,17,3,4999.0
2160,1461,19,1,4499.0
2161,1462,21,3,1099.0
2162,1462,20,1,3999.0
2163,1462,23,1,399.0
2164,1463,1,1,2499.0
2165,1464,13,1,799.0
2166,1465,9,1,899.0
2167,1466,20,3,3999.0
2168,1466,29,3,1999.0
2169,1467,24,2,899.0
2170,1468,18,3,899.0
2171,1468,7,1,599.0
2172,1469,6,1,1499.0
2173,1470,9,1,899.0
2174,1470,19,1,4499.0
2175,1470,1,2,2499.0
2176,1471,9,1,899.0
2177,1472,8,1,2999.0
2178,1472,15,3,1199.0
2179,1473,10,1,299.0
2180,1474,13,1,799.0
2181,1475,4,2,1299.0
2182,1476,11,1,199.0
2183,1477,1,1,2499.0
2184,1477,26,1,999.0
2185,1478,14,2,1599.0
2186,1478,4,1,1299.0
2187,1479,3,1,3499.0
2188,1479,1,2,2499.0
2189,1480,9,1,899.0
2190,1481,18,1,899.0
2191,1481,20,2,3999.0
2192,1481,6,1,1499.0
2193,1482,17,3,4999.0
2194,1483,6,1,1499.0
2195,1484,18,1,899.0
2196,1484,8,1,2999.0
2197,1485,19,3,4499.0
2198,1486,3,1,3499.0
2199,1487,3,2,3499.0
2200,1487,1,2,2499.0
2201,1488,10,1,299.0
2202,1488,3,1,3499.0
2203,1488,13,2,799.0
2204,1489,9,3,899.0
2205,1489,18,1,899.0
2206,1490,28,2,499.0
2207,1491,13,1,799.0
2208,1491,11,1,199.0
2209,1492,19,1,4499.0
2210,1492,18,1,899.0
2211,1492,11,1,199.0
2212,1493,9,3,899.0
2213,1494,22,1,699.0
2214,1495,3,3,3499.0
2215,1495,9,1,899.0
2216,1495,7,3,599.0
2217,1496,9,1,899.0
2218,1497,4,1,1299.0
2219,1498,25,1,499.0
2220,1498,3,1,3499.0
2221,1499,7,2,599.0
2222,1500,9,2,899.0
2223,1501,19,3,4499.0
2224,1502,24,1,899.0
2225,1503,3,2,3499.0
2226,1504,18,2,899.0
2227,1505,23,2,399.0
2228,1506,3,1,3499.0
2229,1506,9,2,899.0
2230,1507,9,3,899.0
2231,1508,19,3,4499.0
2232,1508,4,2,1299.0
2233,1509,8,2,2999.0
2234,1509,24,1,899.0
2235,1510,19,2,4499.0
2236,1511,5,1,999.0
2237,1511,18,2,899.0
2238,1511,8,1,2999.0
2239,1512,4,3,1299.0
2240,1513,4,2,1299.0
2241,1514,9,1,899.0
2242,1515,9,2,899.0
2243,1515,22,2,699.0
2244,1516,15,3,1199.0
2245,1517,9,1,899.0
2246,1517,15,1,1199.0
2247,1517,19,1,4499.0
2248,1518,5,2,999.0
2249,1519,21,1,1099.0
2250,1520,2,2,1799.0
2251,1521,11,1,199.0
2252,1522,1,2,2499.0
2253,1523,2,1,1799.0
2254,1524,26,1,999.0
2255,1525,1,1,2499.0
2256,1526,11,2,199.0
2257,1527,27,1,599.0
2258,1528,30,1,799.0
2259,1529,11,1,199.0
2260,1530,23,1,399.0
2261,1530,7,1,599.0
2262,1531,7,2,599.0
2263,1531,7,1,599.0
2264,1532,11,1,199.0
2265,1532,18,1,899.0
2266,1532,17,1,4999.0
2267,1533,26,2,999.0
2268,1533,25,3,499.0
2269,1534,17,1,4999.0
2270,1535,12,2,1299.0
2271,1536,23,2,399.0
2272,1537,26,2,999.0
2273,1537,28,2,499.0
2274,1537,1,3,2499.0
2275,1538,7,2,599.0
2276,1539,21,1,1099.0
2277,1540,20,1,3999.0
2278,1541,1,2,2499.0
2279,1542,8,1,2999.0
2280,1543,26,1,999.0
2281,1544,17,2,4999.0
2282,1545,22,2,699.0
2283,1545,3,1,3499.0
2284,1546,27,2,599.0
2285,1547,11,1,199.0
2286,1547,30,2,799.0
2287,1548,20,1,3999.0
2288,1548,3,1,3499.0
2289,1549,23,2,399.0
2290,1550,25,1,499.0
2291,1551,5,2,999.0
2292,1551,24,1,899.0
2293,1552,4,1,1299.0
2294,1553,20,1,3999.0
2295,1553,22,1,699.0
2296,1553,22,2,699.0
2297,1554,11,1,199.0
2298,1554,21,3,1099.0
2299,1555,21,2,1099.0
2300,1556,4,1,1299.0
2301,1557,25,1,499.0
2302,1558,8,1,2999.0
2303,1559,13,1,799.0
2304,1560,18,1,899.0
2305,1561,28,1,499.0
2306,1561,20,3,3999.0
2307,1562,14,2,1599.0
2308,1563,18,2,899.0
2309,1564,11,3,199.0
2310,1564,3,1,3499.0
2311,1564,7,2,599.0
2312,1565,9,1,899.0
2313,1566,21,1,1099.0
2314,1567,18,1,899.0
2315,1567,3,1,3499.0
2316,1568,16,2,3999.0
2317,1568,4,1,1299.0
2318,1569,2,1,1799.0
2319,1569,21,3,1099.0
2320,1570,11,2,199.0
2321,1571,9,1,899.0
2322,1572,22,2,699.0
2323,1573,4,3,1299.0
2324,1574,24,1,899.0
2325,1575,4,1,1299.0
2326,1575,17,1,4999.0
2327,1576,10,1,299.0
2328,1576,27,2,599.0
2329,1576,5,1,999.0
2330,1577,11,1,199.0
2331,1577,24,1,899.0
2332,1577,17,1,4999.0
2333,1578,1,1,2499.0
2334,1578,4,1,1299.0
2335,1579,4,3,1299.0
2336,1579,24,1,899.0
2337,1580,11,1,199.0
2338,1581,25,1,499.0
2339,1581,15,3,1199.0
2340,1582,11,1,199.0
2341,1582,25,1,499.0
2342,1583,11,1,199.0
2343,1584,25,1,499.0
2344,1585,15,1,1199.0
2345,1585,19,1,4499.0
2346,1585,15,1,1199.0
2347,1586,21,2,1099.0
2348,1587,8,1,2999.0
2349,1588,18,3,899.0
2350,1588,14,1,1599.0
2351,1589,28,1,499.0
2352,1589,17,1,4999.0
2353,1590,19,1,4499.0
2354,1591,15,1,1199.0
2355,1592,30,1,799.0
2356,1593,18,1,899.0
2357,1594,24,1,899.0
2358,1594,21,2,1099.0
2359,1595,15,1,1199.0
2360,1596,18,1,899.0
2361,1597,7,1,599.0
2362,1598,5,1,999.0
2363,1599,11,1,199.0
2364,1600,29,1,1999.0
2365,1601,8,3,2999.0
2366,1602,12,1,1299.0
2367,1603,30,1,799.0
2368,1603,4,1,1299.0
2369,1604,12,1,1299.0
2370,1604,3,1,3499.0
2371,1605,7,1,599.0
2372,1606,10,1,299.0
2373,1606,6,3,1499.0
2374,1606,17,1,4999.0
2375,1607,30,2,799.0
2376,1607,7,1,599.0
2377,1608,28,1,499.0
2378,1608,18,1,899.0
2379,1609,3,2,3499.0
2380,1610,19,1,4499.0
2381,1611,15,2,1199.0
2382,1611,9,1,899.0
2383,1612,4,1,1299.0
2384,1613,11,1,199.0
2385,1614,27,1,599.0
2386,1614,30,1,799.0
2387,1615,22,1,699.0
2388,1616,12,1,1299.0
2389,1617,8,3,2999.0
2390,1618,18,1,899.0
2391,1619,11,1,199.0
2392,1620,19,1,4499.0
2393,1621,5,1,999.0
2394,1622,6,1,1499.0
2395,1623,24,2,899.0
2396,1624,14,1,1599.0
2397,1625,18,1,899.0
2398,1625,8,2,2999.0
2399,1625,23,1,399.0
2400,1626,6,2,1499.0
2401,1627,24,1,899.0
2402,1628,14,2,1599.0
2403,1629,24,1,899.0
2404,1630,5,1,999.0
2405,1630,1,1,2499.0
2406,1631,17,1,4999.0
2407,1632,24,1,899.0
2408,1633,29,1,1999.0
2409,1634,3,3,3499.0
2410,1635,11,1,199.0
2411,1635,23,1,399.0
2412,1635,23,1,399.0
2413,1636,24,1,899.0
2414,1637,15,1,1199.0
2415,1638,30,1,799.0
2416,1639,11,1,199.0
2417,1640,18,1,899.0
2418,1641,26,1,999.0
2419,1641,6,3,1499.0
2420,1641,30,1,799.0
2421,1642,7,1,599.0
2422,1643,9,1,899.0
2423,1644,23,1,399.0
2424,1644,20,1,3999.0
2425,1645,5,2,999.0
2426,1645,22,2,699.0
2427,1645,4,2,1299.0
2428,1646,7,1,599.0
2429,1647,24,2,899.0
2430,1648,6,3,1499.0
2431,1648,2,2,1799.0
2432,1648,7,3,599.0
2433,1649,20,2,3999.0
2434,1650,30,1,799.0
2435,1650,26,2,999.0
2436,1651,20,2,3999.0
2437,1652,23,1,399.0
2438,1652,12,1,1299.0
2439,1653,30,1,799.0
2440,1653,24,1,899.0
2441,1653,17,2,4999.0
2442,1654,28,1,499.0
2443,1654,11,1,199.0
2444,1654,9,1,899.0
2445,1655,28,1,499.0
2446,1655,12,1,1299.0
2447,1656,9,1,899.0
2448,1657,12,1,1299.0
2449,1658,9,1,899.0
2450,1659,1,1,2499.0
2451,1659,3,3,3499.0
2452,1660,1,1,2499.0
2453,1660,30,1,799.0
2454,1660,25,1,499.0
2455,1661,9,1,899.0
2456,1661,30,1,799.0
2457,1662,11,3,199.0
2458,1663,16,2,3999.0
2459,1663,3,1,3499.0
2460,1664,3,1,3499.0
2461,1664,1,2,2499.0
2462,1665,10,1,299.0
2463,1665,21,1,1099.0
2464,1666,9,1,899.0
2465,1666,5,1,999.0
2466,1666,18,1,899.0
2467,1667,3,2,3499.0
2468,1668,12,1,1299.0
2469,1668,29,1,1999.0
2470,1669,19,1,4499.0
2471,1669,10,1,299.0
2472,1670,15,1,1199.0
2473,1671,4,1,1299.0
2474,1672,27,1,599.0
2475,1673,29,1,1999.0
2476,1673,30,1,799.0
2477,1674,30,3,799.0
2478,1674,11,2,199.0
2479,1675,11,1,199.0
2480,1675,25,1,499.0
2481,1676,23,1,399.0
2482,1676,26,3,999.0
2483,1677,29,2,1999.0
2484,1678,16,2,3999.0
2485,1679,24,1,899.0
2486,1679,28,3,499.0
2487,1680,18,1,899.0
2488,1681,7,3,599.0
2489,1682,2,3,1799.0
2490,1683,30,2,799.0
2491,1684,15,3,1199.0
2492,1685,18,1,899.0
2493,1686,8,1,2999.0
2494,1686,30,1,799.0
2495,1687,21,1,1099.0
2496,1688,28,2,499.0
2497,1689,5,1,999.0
2498,1690,8,3,2999.0
2499,1690,19,1,4499.0
2500,1691,29,1,1999.0
2501,1691,23,1,399.0
2502,1691,23,1,399.0
2503,1692,4,1,1299.0
2504,1693,10,1,299.0
2505,1693,29,2,1999.0
2506,1694,23,3,399.0
2507,1694,10,1,299.0
2508,1694,6,3,1499.0
2509,1695,11,2,199.0
2510,1696,6,1,1499.0
2511,1696,23,2,399.0
2512,1697,29,2,1999.0
2513,1697,14,1,1599.0
2514,1698,1,1,2499.0
2515,1699,23,1,399.0
2516,1700,3,1,3499.0
2517,1701,17,1,4999.0
2518,1702,24,1,899.0
2519,1702,16,1,3999.0
2520,1703,4,1,1299.0
2521,1703,5,1,999.0
2522,1703,3,1,3499.0
2523,1704,1,3,2499.0
2524,1705,28,1,499.0
2525,1705,10,1,299.0
2526,1706,6,1,1499.0
2527,1706,7,1,599.0
2528,1707,25,2,499.0
2529,1708,8,1,2999.0
2530,1708,27,2,599.0
2531,1709,3,1,3499.0
2532,1710,15,1,1199.0
2533,1711,18,1,899.0
2534,1712,19,1,4499.0
2535,1713,7,2,599.0
2536,1714,11,1,199.0
2537,1715,25,1,499.0
2538,1715,12,1,1299.0
2539,1716,11,1,199.0
2540,1717,25,1,499.0
2541,1718,30,1,799.0
2542,1719,6,1,1499.0
2543,1720,2,3,1799.0
2544,1721,4,1,1299.0
2545,1721,17,1,4999.0
2546,1722,10,1,299.0
2547,1723,10,3,299.0
2548,1724,20,2,3999.0
2549,1725,20,3,3999.0
2550,1726,2,1,1799.0
2551,1727,3,1,3499.0
2552,1727,11,2,199.0
2553,1728,1,2,2499.0
2554,1729,19,1,4499.0
2555,1730,11,1,199.0
2556,1731,19,1,4499.0
2557,1731,17,1,4999.0
2558,1732,7,1,599.0
2559,1733,11,1,199.0
2560,1734,7,1,599.0
2561,1734,28,2,499.0
2562,1735,15,1,1199.0
2563,1736,23,1,399.0
2564,1736,15,1,1199.0
2565,1737,21,1,1099.0
2566,1738,18,1,899.0
2567,1738,14,1,1599.0
2568,1739,14,1,1599.0
2569,1740,1,1,2499.0
2570,1740,4,1,1299.0
2571,1740,16,2,3999.0
2572,1741,7,1,599.0
2573,1741,2,1,1799.0
2574,1742,26,2,999.0
2575,1742,28,1,499.0
2576,1743,23,3,399.0
2577,1744,6,2,1499.0
2578,1745,24,2,899.0
2579,1745,15,1,1199.0
2580,1745,1,1,2499.0
2581,1746,6,2,1499.0
2582,1747,6,2,1499.0
2583,1747,2,1,1799.0
2584,1748,3,1,3499.0
2585,1749,22,1,699.0
2586,1749,23,2,399.0
2587,1750,5,1,999.0
2588,1750,2,1,1799.0
2589,1751,5,1,999.0
2590,1752,6,2,1499.0
2591,1752,26,1,999.0
2592,1753,18,1,899.0
2593,1753,25,1,499.0
2594,1753,7,1,599.0
2595,1754,18,3,899.0
2596,1755,11,1,199.0
2597,1756,4,1,1299.0
2598,1756,16,2,3999.0
2599,1757,22,2,699.0
2600,1757,6,2,1499.0
2601,1758,25,1,499.0
2602,1759,16,1,3999.0
2603,1760,2,1,1799.0
2604,1760,4,2,1299.0
2605,1761,13,1,799.0
2606,1762,14,1,1599.0
2607,1762,9,1,899.0
2608,1763,6,2,1499.0
2609,1764,15,2,1199.0
2610,1764,27,1,599.0
2611,1765,1,1,2499.0
2612,1765,11,1,199.0
2613,1765,19,2,4499.0
2614,1766,18,1,899.0
2615,1766,15,3,1199.0
2616,1767,15,2,1199.0
2617,1767,14,1,1599.0
2618,1768,20,2,3999.0
2619,1769,22,1,699.0
2620,1770,11,2,199.0
2621,1771,10,2,299.0
2622,1771,11,1,199.0
2623,1772,6,1,1499.0
2624,1773,24,1,899.0
2625,1773,19,3,4499.0
2626,1774,8,1,2999.0
2627,1775,4,1,1299.0
2628,1775,1,1,2499.0
2629,1776,14,2,1599.0
2630,1777,6,1,1499.0
2631,1777,7,1,599.0
2632,1778,22,1,699.0
2633,1778,20,1,3999.0
2634,1779,23,1,399.0
2635,1779,25,1,499.0
2636,1780,26,2,999.0
2637,1781,29,1,1999.0
2638,1782,7,1,599.0
2639,1783,30,3,799.0
2640,1784,8,1,2999.0
2641,1785,1,1,2499.0
2642,1785,7,1,599.0
2643,1785,25,1,499.0
2644,1786,21,1,1099.0
2645,1786,8,1,2999.0
2646,1787,7,3,599.0
2647,1788,18,2,899.0
2648,1789,24,1,899.0
2649,1789,13,1,799.0
2650,1790,30,1,799.0
2651,1791,4,1,1299.0
2652,1792,2,1,1799.0
2653,1793,15,3,1199.0
2654,1793,3,3,3499.0
2655,1794,16,1,3999.0
2656,1794,6,1,1499.0
2657,1795,11,1,199.0
2658,1796,21,1,1099.0
2659,1797,25,1,499.0
2660,1797,27,3,599.0
2661,1798,19,1,4499.0
2662,1799,24,2,899.0
2663,1799,17,1,4999.0
2664,1800,10,1,299.0
2665,1801,22,3,699.0
2666,1802,13,1,799.0
2667,1803,21,2,1099.0
2668,1803,15,1,1199.0
2669,1803,25,1,499.0
2670,1804,11,1,199.0
2671,1805,4,1,1299.0
2672,1805,1,1,2499.0
2673,1806,10,1,299.0
2674,1806,24,2,899.0
2675,1807,29,1,1999.0
2676,1808,9,1,899.0
2677,1809,4,1,1299.0
2678,1810,4,1,1299.0
2679,1810,7,2,599.0
2680,1811,30,2,799.0
2681,1811,7,2,599.0
2682,1812,11,1,199.0
2683,1813,3,1,3499.0
2684,1814,15,3,1199.0
2685,1814,3,1,3499.0
2686,1815,30,1,799.0
2687,1815,23,2,399.0
2688,1815,19,2,4499.0
2689,1816,8,1,2999.0
2690,1816,18,2,899.0
2691,1817,8,1,2999.0
2692,1817,11,3,199.0
2693,1818,1,1,2499.0
2694,1819,6,1,1499.0
2695,1819,6,2,1499.0
2696,1819,8,1,2999.0
2697,1820,29,1,1999.0
2698,1821,19,1,4499.0
2699,1822,23,1,399.0
2700,1823,7,1,599.0
2701,1824,29,1,1999.0
2702,1825,30,2,799.0
2703,1825,30,2,799.0
2704,1826,19,1,4499.0
2705,1826,25,1,499.0
2706,1827,12,1,1299.0
2707,1827,11,1,199.0
2708,1828,1,1,2499.0
2709,1828,20,1,3999.0
2710,1829,17,3,4999.0
2711,1830,8,1,2999.0
2712,1831,8,2,2999.0
2713,1831,25,1,499.0
2714,1832,15,1,1199.0
2715,1832,11,3,199.0
2716,1833,3,1,3499.0
2717,1834,25,1,499.0
2718,1834,16,1,3999.0
2719,1834,8,1,2999.0
2720,1835,23,2,399.0
2721,1836,11,1,199.0
2722,1837,1,1,2499.0
2723,1838,22,1,699.0
2724,1839,20,1,3999.0
2725,1839,17,1,4999.0
2726,1840,28,3,499.0
2727,1840,17,3,4999.0
2728,1841,29,1,1999.0
2729,1842,7,3,599.0
2730,1843,6,1,1499.0
2731,1843,4,1,1299.0
2732,1844,27,1,599.0
2733,1844,18,1,899.0
2734,1845,15,1,1199.0
2735,1846,10,1,299.0
2736,1847,8,1,2999.0
2737,1847,9,1,899.0
2738,1848,3,1,3499.0
2739,1848,7,1,599.0
2740,1848,3,1,3499.0
2741,1849,24,1,899.0
2742,1850,5,1,999.0
2743,1851,3,1,3499.0
2744,1851,30,1,799.0
2745,1852,22,1,699.0
2746,1853,26,1,999.0
2747,1853,25,1,499.0
2748,1854,7,2,599.0
2749,1855,18,2,899.0
2750,1855,20,3,3999.0
2751,1856,29,1,1999.0
2752,1857,24,1,899.0
2753,1858,6,1,1499.0
2754,1858,5,3,999.0
2755,1859,9,3,899.0
2756,1860,5,1,999.0
2757,1861,4,1,1299.0
2758,1861,23,3,399.0
2759,1861,16,1,3999.0
2760,1862,24,2,899.0
2761,1863,25,2,499.0
2762,1863,21,1,1099.0
2763,1863,12,2,1299.0
2764,1864,19,1,4499.0
2765,1864,25,1,499.0
2766,1864,3,1,3499.0
2767,1865,30,2,799.0
2768,1866,27,1,599.0
2769,1867,19,1,4499.0
2770,1867,8,2,2999.0
2771,1868,30,1,799.0
2772,1868,11,1,199.0
2773,1869,25,2,499.0
2774,1870,30,1,799.0
2775,1871,11,1,199.0
2776,1872,8,1,2999.0
2777,1873,11,1,199.0
2778,1873,17,1,4999.0
2779,1873,8,1,2999.0
2780,1874,7,3,599.0
2781,1875,10,2,299.0
2782,1876,4,1,1299.0
2783,1876,8,1,2999.0
2784,1877,28,3,499.0
2785,1877,6,1,1499.0
2786,1877,9,1,899.0
2787,1878,10,1,299.0
2788,1878,11,1,199.0
2789,1878,7,1,599.0
2790,1879,30,1,799.0
2791,1880,29,1,1999.0
2792,1881,9,1,899.0
2793,1881,23,1,399.0
2794,1882,19,2,4499.0
2795,1883,4,1,1299.0
2796,1883,2,1,1799.0
2797,1883,18,1,899.0
2798,1884,8,1,2999.0
2799,1885,6,1,1499.0
2800,1886,29,1,1999.0
2801,1886,13,1,799.0
2802,1887,4,3,1299.0
2803,1887,2,1,1799.0
2804,1888,4,1,1299.0
2805,1888,3,2,3499.0
2806,1888,15,1,1199.0
2807,1889,23,1,399.0
2808,1890,24,1,899.0
2809,1890,9,2,899.0
2810,1891,8,2,2999.0
2811,1892,30,2,799.0
2812,1893,11,1,199.0
2813,1893,24,2,899.0
2814,1894,19,1,4499.0
2815,1895,1,3,2499.0
2816,1895,5,1,999.0
2817,1895,18,2,899.0
2818,1896,25,3,499.0
2819,1896,9,1,899.0
2820,1897,15,1,1199.0
2821,1898,8,1,2999.0
2822,1898,19,1,4499.0
2823,1899,30,1,799.0
2824,1900,24,2,899.0
2825,1900,11,2,199.0
2826,1901,28,1,499.0
2827,1901,3,1,3499.0
2828,1902,4,1,1299.0
2829,1902,4,1,1299.0
2830,1903,19,1,4499.0
2831,1903,26,1,999.0
2832,1904,17,1,4999.0
2833,1905,21,1,1099.0
2834,1906,14,1,1599.0
2835,1907,4,1,1299.0
2836,1908,3,2,3499.0
2837,1909,19,1,4499.0
2838,1910,22,3,699.0
2839,1910,6,1,1499.0
2840,1911,7,1,599.0
2841,1911,6,2,1499.0
2842,1912,27,1,599.0
2843,1912,6,1,1499.0
2844,1912,9,2,899.0
2845,1913,4,2,1299.0
2846,1914,24,2,899.0
2847,1914,9,3,899.0
2848,1914,4,2,1299.0
2849,1915,5,1,999.0
2850,1916,26,1,999.0
2851,1917,4,2,1299.0
2852,1917,25,1,499.0
2853,1918,7,3,599.0
2854,1919,4,1,1299.0
2855,1920,17,3,4999.0
2856,1921,23,1,399.0
2857,1921,11,2,199.0
2858,1922,26,1,999.0
2859,1923,26,1,999.0
2860,1923,17,1,4999.0
2861,1923,23,2,399.0
2862,1924,19,1,4499.0
2863,1925,23,1,399.0
2864,1925,9,3,899.0
2865,1925,24,2,899.0
2866,1926,25,1,499.0
2867,1927,26,1,999.0
2868,1927,18,2,899.0
2869,1928,1,1,2499.0
2870,1929,6,1,1499.0
2871,1929,1,1,2499.0
2872,1930,3,3,3499.0
2873,1931,5,1,999.0
2874,1932,14,1,1599.0
2875,1932,3,1,3499.0
2876,1933,11,1,199.0
2877,1934,13,2,799.0
2878,1934,28,2,499.0
2879,1935,22,1,699.0
2880,1935,12,1,1299.0
2881,1936,26,2,999.0
2882,1937,8,1,2999.0
2883,1937,24,1,899.0
2884,1938,1,1,2499.0
2885,1939,4,2,1299.0
2886,1940,30,2,799.0
2887,1941,19,2,4499.0
2888,1941,20,1,3999.0
2889,1942,1,1,2499.0
2890,1943,12,1,1299.0
2891,1944,28,1,499.0
2892,1945,28,1,499.0
2893,1945,5,1,999.0
2894,1945,3,1,3499.0
2895,1946,12,2,1299.0
2896,1946,4,1,1299.0
2897,1946,27,1,599.0
2898,1947,19,1,4499.0
2899,1947,26,1,999.0
2900,1948,27,3,599.0
2901,1949,12,2,1299.0
2902,1950,23,1,399.0
2903,1951,15,1,1199.0
2904,1952,4,1,1299.0
2905,1953,1,3,2499.0
2906,1954,11,2,199.0
2907,1955,17,1,4999.0
2908,1956,5,1,999.0
2909,1957,3,1,3499.0
2910,1958,22,1,699.0
2911,1959,29,1,1999.0
2912,1959,11,1,199.0
2913,1959,1,1,2499.0
2914,1960,12,1,1299.0
2915,1961,1,1,2499.0
2916,1962,5,2,999.0
2917,1962,28,2,499.0
2918,1963,10,1,299.0
2919,1964,1,1,2499.0
2920,1964,11,1,199.0
2921,1965,3,1,3499.0
2922,1966,27,1,599.0
2923,1967,23,1,399.0
2924,1968,22,1,699.0
2925,1968,9,1,899.0
2926,1969,7,1,599.0
2927,1970,24,1,899.0
2928,1970,7,1,599.0
2929,1970,12,1,1299.0
2930,1971,3,3,3499.0
2931,1971,5,1,999.0
2932,1972,7,2,599.0
2933,1973,21,1,1099.0
2934,1974,4,1,1299.0
2935,1975,7,2,599.0
2936,1975,30,1,799.0
2937,1976,27,2,599.0
2938,1977,20,1,3999.0
2939,1977,20,1,3999.0
2940,1978,3,1,3499.0
2941,1978,19,1,4499.0
2942,1978,30,1,799.0
2943,1979,30,2,799.0
2944,1979,19,3,4499.0
2945,1979,15,2,1199.0
2946,1980,7,1,599.0
2947,1981,26,1,999.0
2948,1981,7,3,599.0
2949,1981,11,3,199.0
2950,1982,17,1,4999.0
2951,1983,6,1,1499.0
2952,1983,9,1,899.0
2953,1984,15,1,1199.0
2954,1984,8,1,2999.0
2955,1984,17,1,4999.0
2956,1985,30,3,799.0
2957,1986,18,1,899.0
2958,1987,4,1,1299.0
2959,1988,15,1,1199.0
2960,1989,22,1,699.0
2961,1990,24,1,899.0
2962,1990,8,1,2999.0
2963,1991,25,1,499.0
2964,1991,22,3,699.0
2965,1992,5,1,999.0
2966,1993,5,3,999.0
2967,1994,8,1,2999.0
2968,1994,16,1,3999.0
2969,1995,4,1,1299.0
2970,1995,30,2,799.0
2971,1996,19,1,4499.0
2972,1997,27,3,599.0
2973,1998,19,1,4499.0
2974,1998,6,1,1499.0
2975,1998,14,1,1599.0
2976,1999,17,1,4999.0
2977,2000,10,3,299.0
2978,2000,15,1,1199.0
2979,2000,12,1,1299.0
2980,2001,24,1,899.0
2981,2002,27,3,599.0
2982,2002,15,2,1199.0
2983,2003,2,1,1799.0
2984,2004,25,1,499.0
2985,2005,25,1,499.0
2986,2006,11,1,199.0
2987,2007,19,3,4499.0
2988,2007,18,1,899.0
2989,2008,17,1,4999.0
2990,2009,30,2,799.0
2991,2010,6,2,1499.0
2992,2011,11,1,199.0
2993,2011,3,1,3499.0
2994,2012,16,2,3999.0
2995,2012,6,1,1499.0
2996,2013,15,1,1199.0
2997,2014,2,1,1799.0
2998,2015,16,1,3999.0
2999,2016,11,2,199.0
3000,2017,12,1,1299.0
3001,2018,24,3,899.0
3002,2019,9,2,899.0
3003,2019,24,1,899.0
3004,2020,24,1,899.0
3005,2020,25,1,499.0
3006,2021,19,2,4499.0
3007,2022,19,1,4499.0
3008,2023,20,1,3999.0
3009,2023,6,1,1499.0
3010,2024,15,1,1199.0
3011,2024,4,1,1299.0
3012,2024,1,1,2499.0
3013,2025,30,1,799.0
3014,2026,11,1,199.0
3015,2027,18,3,899.0
3016,2028,26,1,999.0
3017,2029,27,3,599.0
3018,2029,4,2,1299.0
3019,2029,25,1,499.0
3020,2030,6,1,1499.0
3021,2031,10,1,299.0
3022,2031,22,2,699.0
3023,2032,24,1,899.0
3024,2033,4,1,1299.0
3025,2034,10,2,299.0
3026,2034,2,1,1799.0
3027,2035,19,1,4499.0
3028,2036,4,3,1299.0
3029,2036,22,1,699.0
3030,2037,30,1,799.0
3031,2037,24,1,899.0
3032,2038,7,1,599.0
3033,2038,23,1,399.0
3034,2039,3,1,3499.0
3035,2040,25,1,499.0
3036,2041,9,1,899.0
3037,2042,4,1,1299.0
3038,2043,2,3,1799.0
3039,2044,3,2,3499.0
3040,2045,3,1,3499.0
3041,2046,20,1,3999.0
3042,2047,24,2,899.0
3043,2048,13,2,799.0
3044,2048,19,1,4499.0
3045,2049,19,1,4499.0
3046,2050,26,2,999.0
3047,2050,17,1,4999.0
3048,2051,26,1,999.0
3049,2052,4,1,1299.0
3050,2053,11,1,199.0
3051,2054,30,2,799.0
3052,2055,17,1,4999.0
3053,2056,24,1,899.0
3054,2057,1,3,2499.0
3055,2058,15,1,1199.0
3056,2058,6,1,1499.0
3057,2058,1,1,2499.0
3058,2059,11,1,199.0
3059,2059,27,1,599.0
3060,2060,24,1,899.0
3061,2061,8,1,2999.0
3062,2062,7,1,599.0
3063,2062,19,1,4499.0
3064,2062,15,1,1199.0
3065,2063,25,1,499.0
3066,2063,9,2,899.0
3067,2064,1,2,2499.0
3068,2065,27,1,599.0
3069,2065,8,1,2999.0
3070,2066,9,3,899.0
3071,2066,11,1,199.0
3072,2067,3,2,3499.0
3073,2068,13,1,799.0
3074,2069,14,1,1599.0
3075,2069,12,1,1299.0
3076,2070,17,1,4999.0
3077,2071,16,1,3999.0
3078,2071,15,1,1199.0
3079,2072,15,1,1199.0
3080,2072,11,1,199.0
3081,2073,13,1,799.0
3082,2074,3,1,3499.0
3083,2075,19,1,4499.0
3084,2075,6,1,1499.0
3085,2076,29,2,1999.0
3086,2077,14,1,1599.0
3087,2078,8,1,2999.0
3088,2079,6,1,1499.0
3089,2080,3,2,3499.0
3090,2081,5,1,999.0
3091,2082,3,2,3499.0
3092,2083,8,1,2999.0
3093,2083,10,1,299.0
3094,2084,15,1,1199.0
3095,2085,15,1,1199.0
3096,2085,29,1,1999.0
3097,2086,10,1,299.0
3098,2086,6,2,1499.0
3099,2087,28,1,499.0
3100,2088,15,1,1199.0
3101,2089,7,1,599.0
3102,2090,29,3,1999.0
3103,2091,3,1,3499.0
3104,2092,3,1,3499.0
3105,2092,19,2,4499.0
3106,2092,4,2,1299.0
3107,2093,26,2,999.0
3108,2094,4,1,1299.0
3109,2094,24,1,899.0
3110,2095,27,2,599.0
3111,2096,17,1,4999.0
3112,2096,24,1,899.0
3113,2097,17,2,4999.0
3114,2098,30,2,799.0
3115,2099,24,1,899.0
3116,2099,14,2,1599.0
3117,2099,3,3,3499.0
3118,2100,2,1,1799.0
3119,2101,6,1,1499.0
3120,2102,16,2,3999.0
3121,2103,11,1,199.0
3122,2104,6,1,1499.0
3123,2105,17,1,4999.0
3124,2106,11,3,199.0
3125,2106,30,1,799.0
3126,2107,3,2,3499.0
3127,2108,13,1,799.0
3128,2109,6,2,1499.0
3129,2110,23,1,399.0
3130,2111,20,1,3999.0
3131,2111,3,1,3499.0
3132,2112,3,3,3499.0
3133,2112,21,1,1099.0
3134,2112,21,1,1099.0
3135,2113,28,1,499.0
3136,2113,8,3,2999.0
3137,2114,4,1,1299.0
3138,2115,3,1,3499.0
3139,2115,24,3,899.0
3140,2116,22,1,699.0
3141,2117,7,1,599.0
3142,2117,1,1,2499.0
3143,2118,21,2,1099.0
3144,2118,17,3,4999.0
3145,2119,1,1,2499.0
3146,2120,11,3,199.0
3147,2121,6,2,1499.0
3148,2121,8,1,2999.0
3149,2122,30,1,799.0
3150,2122,9,1,899.0
3151,2123,19,2,4499.0
3152,2124,7,1,599.0
3153,2124,5,1,999.0
3154,2125,17,1,4999.0
3155,2125,11,1,199.0
3156,2125,25,1,499.0
3157,2126,2,1,1799.0
3158,2127,20,2,3999.0
3159,2128,8,1,2999.0
3160,2129,1,1,2499.0
3161,2130,7,1,599.0
3162,2131,11,1,199.0
3163,2132,16,1,3999.0
3164,2133,21,1,1099.0
3165,2133,9,2,899.0
3166,2133,23,1,399.0
3167,2134,23,1,399.0
3168,2135,5,3,999.0
3169,2136,4,3,1299.0
3170,2137,28,1,499.0
3171,2137,30,1,799.0
3172,2137,13,2,799.0
3173,2138,18,1,899.0
3174,2139,7,1,599.0
3175,2139,24,2,899.0
3176,2139,11,1,199.0
3177,2140,21,1,1099.0
3178,2140,4,2,1299.0
3179,2141,1,1,2499.0
3180,2141,6,1,1499.0
3181,2142,27,1,599.0
3182,2143,1,1,2499.0
3183,2144,12,1,1299.0
3184,2145,26,1,999.0
3185,2145,30,1,799.0
3186,2146,22,2,699.0
3187,2147,24,1,899.0
3188,2148,5,3,999.0
3189,2148,6,1,1499.0
3190,2149,3,1,3499.0
3191,2150,3,1,3499.0
3192,2151,25,1,499.0
3193,2151,5,1,999.0
3194,2152,22,3,699.0
3195,2152,23,1,399.0
3196,2153,6,1,1499.0
3197,2153,19,1,4499.0
3198,2154,5,2,999.0
3199,2154,12,1,1299.0
3200,2155,11,1,199.0
3201,2156,11,2,199.0
3202,2157,30,1,799.0
3203,2158,13,1,799.0
3204,2158,18,1,899.0
3205,2158,23,1,399.0
3206,2159,26,1,999.0
3207,2160,19,2,4499.0
3208,2161,4,2,1299.0
3209,2162,3,1,3499.0
3210,2162,17,2,4999.0
3211,2163,15,1,1199.0
3212,2164,30,1,799.0
3213,2165,11,1,199.0
3214,2166,9,1,899.0
3215,2167,13,1,799.0
3216,2167,21,1,1099.0
3217,2168,1,1,2499.0
3218,2169,6,1,1499.0
3219,2170,5,1,999.0
3220,2171,10,1,299.0
3221,2171,8,1,2999.0
3222,2172,2,2,1799.0
3223,2172,18,1,899.0
3224,2173,19,2,4499.0
3225,2174,17,1,4999.0
3226,2174,17,2,4999.0
3227,2175,8,1,2999.0
3228,2175,26,1,999.0
3229,2175,7,1,599.0
3230,2176,3,2,3499.0
3231,2176,20,1,3999.0
3232,2177,27,1,599.0
3233,2177,9,1,899.0
3234,2178,22,3,699.0
3235,2178,9,1,899.0
3236,2178,12,1,1299.0
3237,2179,22,2,699.0
3238,2180,8,1,2999.0
3239,2181,27,1,599.0
3240,2182,15,2,1199.0
3241,2182,11,1,199.0
3242,2182,11,1,199.0
3243,2183,28,1,499.0
3244,2184,23,1,399.0
3245,2185,24,1,899.0
3246,2186,6,2,1499.0
3247,2187,23,2,399.0
3248,2188,7,2,599.0
3249,2189,16,1,3999.0
3250,2190,6,3,1499.0
3251,2191,27,1,599.0
3252,2192,19,2,4499.0
3253,2192,26,1,999.0
3254,2193,26,1,999.0
3255,2193,6,3,1499.0
3256,2194,11,1,199.0
3257,2194,5,3,999.0
3258,2195,20,1,3999.0
3259,2196,3,2,3499.0
3260,2197,5,1,999.0
3261,2198,9,1,899.0
3262,2198,2,3,1799.0
3263,2198,20,2,3999.0
3264,2199,25,1,499.0
3265,2200,17,2,4999.0
3266,2201,24,1,899.0
3267,2202,4,1,1299.0
3268,2203,11,3,199.0
3269,2204,24,1,899.0
3270,2204,30,1,799.0
3271,2205,7,1,599.0
3272,2206,21,1,1099.0
3273,2207,10,1,299.0
3274,2208,4,1,1299.0
3275,2209,3,1,3499.0
3276,2210,18,2,899.0
3277,2211,25,1,499.0
3278,2212,3,1,3499.0
3279,2213,17,1,4999.0
3280,2213,21,3,1099.0
3281,2214,23,1,399.0
3282,2214,11,1,199.0
3283,2214,7,1,599.0
3284,2215,4,1,1299.0
3285,2215,1,1,2499.0
3286,2215,7,1,599.0
3287,2216,5,2,999.0
3288,2216,19,1,4499.0
3289,2217,6,2,1499.0
3290,2218,2,1,1799.0
3291,2219,25,1,499.0
3292,2219,4,1,1299.0
3293,2220,7,1,599.0
3294,2221,4,1,1299.0
3295,2222,11,1,199.0
3296,2223,17,2,4999.0
3297,2224,8,1,2999.0
3298,2225,6,1,1499.0
3299,2226,8,1,2999.0
3300,2226,20,1,3999.0
3301,2226,17,1,4999.0
3302,2227,18,1,899.0
3303,2227,24,1,899.0
3304,2227,24,1,899.0
3305,2228,19,1,4499.0
3306,2229,9,3,899.0
3307,2230,29,1,1999.0
3308,2231,17,1,4999.0
3309,2232,15,1,1199.0
3310,2233,19,1,4499.0
3311,2234,19,1,4499.0
3312,2234,19,1,4499.0
3313,2235,21,1,1099.0
3314,2235,19,1,4499.0
3315,2235,1,1,2499.0
3316,2236,7,1,599.0
3317,2237,1,1,2499.0
3318,2238,13,3,799.0
3319,2239,11,1,199.0
3320,2240,12,1,1299.0
3321,2240,18,3,899.0
3322,2241,11,1,199.0
3323,2241,2,2,1799.0
3324,2242,14,1,1599.0
3325,2242,30,1,799.0
3326,2243,26,1,999.0
3327,2244,9,1,899.0
3328,2245,10,1,299.0
3329,2246,12,1,1299.0
3330,2246,9,1,899.0
3331,2247,9,1,899.0
3332,2248,8,1,2999.0
3333,2249,22,2,699.0
3334,2250,17,1,4999.0
3335,2251,29,1,1999.0
3336,2251,8,1,2999.0
3337,2252,23,2,399.0
3338,2253,18,1,899.0
3339,2254,7,1,599.0
3340,2254,19,2,4499.0
3341,2255,4,1,1299.0
3342,2256,21,1,1099.0
3343,2257,27,1,599.0
3344,2258,11,1,199.0
3345,2258,25,1,499.0
3346,2259,12,1,1299.0
3347,2260,17,2,4999.0
3348,2260,23,1,399.0
3349,2261,14,2,1599.0
3350,2261,16,1,3999.0
3351,2262,25,3,499.0
3352,2262,12,2,1299.0
3353,2263,7,1,599.0
3354,2263,7,1,599.0
3355,2263,3,1,3499.0
3356,2264,8,1,2999.0
3357,2264,5,1,999.0
3358,2265,8,1,2999.0
3359,2266,20,2,3999.0
3360,2267,19,2,4499.0
3361,2267,1,1,2499.0
3362,2268,27,1,599.0
3363,2268,23,3,399.0
3364,2269,30,1,799.0
3365,2269,14,1,1599.0
3366,2270,24,2,899.0
3367,2271,19,1,4499.0
3368,2271,6,2,1499.0
3369,2272,6,1,1499.0
3370,2272,19,1,4499.0
3371,2273,30,1,799.0
3372,2274,7,1,599.0
3373,2275,12,1,1299.0
3374,2275,1,2,2499.0
3375,2276,23,1,399.0
3376,2276,3,1,3499.0
3377,2277,6,1,1499.0
3378,2277,23,2,399.0
3379,2277,1,1,2499.0
3380,2278,8,1,2999.0
3381,2279,30,2,799.0
3382,2279,22,3,699.0
3383,2280,11,1,199.0
3384,2281,20,1,3999.0
3385,2281,30,2,799.0
3386,2282,25,1,499.0
3387,2283,28,1,499.0
3388,2283,17,1,4999.0
3389,2284,19,1,4499.0
3390,2284,3,1,3499.0
3391,2285,11,2,199.0
3392,2285,7,1,599.0
3393,2286,6,1,1499.0
3394,2287,3,1,3499.0
3395,2288,10,1,299.0
3396,2289,27,3,599.0
3397,2290,8,1,2999.0
3398,2290,7,1,599.0
3399,2291,10,1,299.0
3400,2292,6,1,1499.0
3401,2293,7,1,599.0
3402,2294,4,1,1299.0
3403,2295,18,1,899.0
3404,2295,6,1,1499.0
3405,2296,6,1,1499.0
3406,2296,26,2,999.0
3407,2297,18,1,899.0
3408,2298,25,1,499.0
3409,2299,19,2,4499.0
3410,2300,19,3,4499.0
3411,2301,29,1,1999.0
3412,2302,28,1,499.0
3413,2303,5,1,999.0
3414,2304,24,1,899.0
3415,2305,5,1,999.0
3416,2305,28,3,499.0
3417,2305,7,1,599.0
3418,2306,11,1,199.0
3419,2306,22,1,699.0
3420,2307,23,1,399.0
3421,2308,19,1,4499.0
3422,2308,9,1,899.0
3423,2309,25,1,499.0
3424,2310,3,1,3499.0
3425,2310,5,3,999.0
3426,2311,15,3,1199.0
3427,2311,11,1,199.0
3428,2312,11,2,199.0
3429,2313,7,1,599.0
3430,2314,25,1,499.0
3431,2315,27,1,599.0
3432,2315,15,2,1199.0
3433,2315,23,3,399.0
3434,2316,23,2,399.0
3435,2316,12,1,1299.0
3436,2317,22,1,699.0
3437,2317,3,1,3499.0
3438,2318,19,1,4499.0
3439,2319,29,3,1999.0
3440,2319,25,2,499.0
3441,2320,23,1,399.0
3442,2321,16,1,3999.0
3443,2322,1,1,2499.0
3444,2322,11,2,199.0
3445,2323,10,1,299.0
3446,2324,6,1,1499.0
3447,2325,8,2,2999.0
3448,2325,17,1,4999.0
3449,2326,25,1,499.0
3450,2326,17,1,4999.0
3451,2326,11,1,199.0
3452,2327,7,1,599.0
3453,2328,19,1,4499.0
3454,2328,30,1,799.0
3455,2329,19,2,4499.0
3456,2330,6,1,1499.0
3457,2330,17,3,4999.0
3458,2331,15,1,1199.0
3459,2332,20,2,3999.0
3460,2333,14,1,1599.0
3461,2333,16,1,3999.0
3462,2334,11,2,199.0
3463,2334,3,1,3499.0
3464,2335,6,1,1499.0
3465,2335,15,2,1199.0
3466,2336,4,1,1299.0
3467,2337,21,1,1099.0
3468,2337,18,1,899.0
3469,2337,21,1,1099.0
3470,2338,22,2,699.0
3471,2339,25,1,499.0
3472,2339,19,1,4499.0
3473,2340,9,1,899.0
3474,2341,18,1,899.0
3475,2342,8,1,2999.0
3476,2343,14,2,1599.0
3477,2344,12,1,1299.0
3478,2345,18,1,899.0
3479,2346,19,1,4499.0
3480,2347,24,2,899.0
3481,2348,8,1,2999.0
3482,2349,18,2,899.0
3483,2350,16,1,3999.0
3484,2350,24,1,899.0
3485,2351,30,1,799.0
3486,2352,30,1,799.0
3487,2353,1,1,2499.0
3488,2353,25,1,499.0
3489,2353,7,1,599.0
3490,2354,24,1,899.0
3491,2354,24,1,899.0
3492,2355,25,3,499.0
3493,2356,5,3,999.0
3494,2357,2,1,1799.0
3495,2358,26,2,999.0
3496,2359,29,1,1999.0
3497,2359,7,1,599.0
3498,2359,30,1,799.0
3499,2360,3,2,3499.0
3500,2361,14,1,1599.0
3501,2362,23,1,399.0
3502,2363,28,1,499.0
3503,2364,2,1,1799.0
3504,2365,11,3,199.0
3505,2365,29,1,1999.0
3506,2365,4,1,1299.0
3507,2366,4,3,1299.0
3508,2366,6,2,1499.0
3509,2367,28,1,499.0
3510,2368,15,1,1199.0
3511,2369,18,1,899.0
3512,2370,7,1,599.0
3513,2370,8,2,2999.0
3514,2371,27,1,599.0
3515,2371,11,1,199.0
3516,2372,14,3,1599.0
3517,2372,19,1,4499.0
3518,2373,17,1,4999.0
3519,2374,17,1,4999.0
3520,2374,9,1,899.0
3521,2375,11,3,199.0
3522,2376,3,1,3499.0
3523,2377,18,1,899.0
3524,2378,10,1,299.0
3525,2379,22,2,699.0
3526,2379,25,2,499.0
3527,2380,30,1,799.0
3528,2380,25,1,499.0
3529,2381,6,1,1499.0
3530,2382,25,1,499.0
3531,2383,15,1,1199.0
3532,2383,24,1,899.0
3533,2383,6,1,1499.0
3534,2384,6,1,1499.0
3535,2385,11,2,199.0
3536,2385,9,1,899.0
3537,2386,17,1,4999.0
3538,2387,26,1,999.0
3539,2388,5,2,999.0
3540,2389,24,1,899.0
3541,2390,24,1,899.0
3542,2391,18,1,899.0
3543,2392,7,1,599.0
3544,2393,3,1,3499.0
3545,2394,8,1,2999.0
3546,2395,15,1,1199.0
3547,2396,18,1,899.0
3548,2396,26,2,999.0
3549,2397,10,1,299.0
3550,2397,23,2,399.0
3551,2398,18,2,899.0
3552,2399,3,1,3499.0
3553,2399,6,1,1499.0
3554,2400,9,1,899.0
3555,2401,3,1,3499.0
3556,2402,5,3,999.0
3557,2402,4,1,1299.0
3558,2403,10,1,299.0
3559,2404,19,3,4499.0
3560,2405,9,1,899.0
3561,2405,23,1,399.0
3562,2405,30,2,799.0
3563,2406,14,1,1599.0
3564,2407,12,1,1299.0
3565,2408,19,2,4499.0
3566,2408,1,2,2499.0
3567,2409,9,1,899.0
3568,2409,23,1,399.0
3569,2410,30,1,799.0
3570,2411,26,1,999.0
3571,2412,21,1,1099.0
3572,2413,4,1,1299.0
3573,2414,14,1,1599.0
3574,2415,15,1,1199.0
3575,2415,27,1,599.0
3576,2416,17,1,4999.0
3577,2417,19,1,4499.0
3578,2417,30,2,799.0
3579,2418,13,1,799.0
3580,2418,25,2,499.0
3581,2418,15,1,1199.0
3582,2419,7,3,599.0
3583,2420,27,1,599.0
3584,2420,1,1,2499.0
3585,2421,1,3,2499.0
3586,2422,7,1,599.0
3587,2423,4,3,1299.0
3588,2424,9,2,899.0
3589,2424,9,2,899.0
3590,2425,17,1,4999.0
3591,2425,1,1,2499.0
3592,2426,15,1,1199.0
3593,2426,20,1,3999.0
3594,2426,18,1,899.0
3595,2427,24,1,899.0
3596,2428,19,1,4499.0
3597,2428,28,1,499.0
3598,2429,29,1,1999.0
3599,2429,26,2,999.0
3600,2430,23,1,399.0
3601,2430,4,1,1299.0
3602,2431,12,1,1299.0
3603,2431,4,1,1299.0
3604,2432,25,1,499.0
3605,2432,18,2,899.0
3606,2433,14,1,1599.0
3607,2434,7,1,599.0
3608,2434,1,1,2499.0
3609,2435,27,3,599.0
3610,2436,11,1,199.0
3611,2436,11,1,199.0
3612,2437,19,1,4499.0
3613,2438,19,1,4499.0
3614,2439,1,2,2499.0
3615,2440,3,1,3499.0
3616,2440,30,1,799.0
3617,2441,22,1,699.0
3618,2441,28,1,499.0
3619,2442,23,1,399.0
3620,2443,11,1,199.0
3621,2443,30,2,799.0
3622,2443,6,1,1499.0
3623,2444,6,1,1499.0
3624,2444,19,1,4499.0
3625,2445,11,1,199.0
3626,2446,3,3,3499.0
3627,2446,1,1,2499.0
3628,2447,22,1,699.0
3629,2447,11,1,199.0
3630,2448,3,1,3499.0
3631,2449,24,1,899.0
3632,2450,19,1,4499.0
3633,2450,6,2,1499.0
3634,2451,3,1,3499.0
3635,2452,7,2,599.0
3636,2452,8,1,2999.0
3637,2453,17,3,4999.0
3638,2454,7,1,599.0
3639,2455,25,3,499.0
3640,2456,11,1,199.0
3641,2457,4,2,1299.0
3642,2457,22,1,699.0
3643,2458,26,1,999.0
3644,2458,19,1,4499.0
3645,2459,19,1,4499.0
3646,2460,20,1,3999.0
3647,2460,21,1,1099.0
3648,2460,11,1,199.0
3649,2461,28,1,499.0
3650,2462,26,3,999.0
3651,2463,26,1,999.0
3652,2463,24,3,899.0
3653,2464,11,1,199.0
3654,2465,15,1,1199.0
3655,2466,4,1,1299.0
3656,2466,25,1,499.0
3657,2466,2,1,1799.0
3658,2467,23,3,399.0
3659,2467,19,2,4499.0
3660,2467,6,1,1499.0
3661,2468,8,3,2999.0
3662,2469,11,1,199.0
3663,2469,22,1,699.0
3664,2469,6,2,1499.0
3665,2470,10,1,299.0
3666,2470,23,1,399.0
3667,2471,23,3,399.0
3668,2471,18,1,899.0
3669,2472,3,1,3499.0
3670,2473,25,1,499.0
3671,2474,7,1,599.0
3672,2475,20,3,3999.0
3673,2475,14,2,1599.0
3674,2476,30,3,799.0
3675,2477,7,1,599.0
3676,2478,18,1,899.0
3677,2478,12,2,1299.0
3678,2479,28,1,499.0
3679,2480,19,1,4499.0
3680,2480,4,1,1299.0
3681,2481,7,2,599.0
3682,2482,11,1,199.0
3683,2483,8,2,2999.0
3684,2484,22,1,699.0
3685,2485,1,1,2499.0
3686,2485,27,1,599.0
3687,2486,13,3,799.0
3688,2487,11,1,199.0
3689,2487,26,1,999.0
3690,2487,27,1,599.0
3691,2488,11,1,199.0
3692,2488,10,1,299.0
3693,2488,19,3,4499.0
3694,2489,4,1,1299.0
3695,2489,3,1,3499.0
3696,2490,8,2,2999.0
3697,2491,6,1,1499.0
3698,2492,17,1,4999.0
3699,2493,23,1,399.0
3700,2493,4,2,1299.0
3701,2494,4,1,1299.0
3702,2495,15,1,1199.0
3703,2496,26,3,999.0
3704,2496,9,2,899.0
3705,2497,4,1,1299.0
3706,2498,30,1,799.0
3707,2499,22,2,699.0
3708,2500,5,1,999.0
3709,2501,11,1,199.0
3710,2502,4,1,1299.0
3711,2502,11,3,199.0
3712,2503,29,3,1999.0
3713,2503,29,2,1999.0
3714,2504,26,2,999.0
3715,2504,17,1,4999.0
3716,2504,24,1,899.0
3717,2505,3,1,3499.0
3718,2506,15,1,1199.0
3719,2507,24,1,899.0
3720,2507,11,2,199.0
3721,2508,3,2,3499.0
3722,2509,10,1,299.0
3723,2509,6,3,1499.0
3724,2510,24,2,899.0
3725,2511,6,1,1499.0
3726,2512,20,1,3999.0
3727,2513,15,2,1199.0
3728,2513,22,1,699.0
3729,2514,11,1,199.0
3730,2515,3,1,3499.0
3731,2516,23,1,399.0
3732,2517,22,1,699.0
3733,2518,29,1,1999.0
3734,2519,11,3,199.0
3735,2519,3,1,3499.0
3736,2520,19,3,4499.0
3737,2520,1,1,2499.0
3738,2521,4,1,1299.0
3739,2522,19,1,4499.0
3740,2523,11,3,199.0
3741,2523,29,1,1999.0
3742,2524,7,1,599.0
3743,2524,30,1,799.0
3744,2525,4,1,1299.0
3745,2526,21,1,1099.0
3746,2527,25,1,499.0
3747,2527,18,1,899.0
3748,2528,12,1,1299.0
3749,2529,25,1,499.0
3750,2530,19,1,4499.0
3751,2530,23,1,399.0
3752,2531,11,2,199.0
3753,2532,17,1,4999.0
3754,2532,10,1,299.0
3755,2533,19,1,4499.0
3756,2534,11,1,199.0
3757,2535,24,1,899.0
3758,2536,13,1,799.0
3759,2537,20,1,3999.0
3760,2538,30,3,799.0
3761,2539,23,2,399.0
3762,2540,15,1,1199.0
3763,2541,19,2,4499.0
3764,2541,5,2,999.0
3765,2541,21,1,1099.0
3766,2542,25,1,499.0
3767,2543,23,1,399.0
3768,2543,24,1,899.0
3769,2543,5,1,999.0
3770,2544,24,1,899.0
3771,2545,7,1,599.0
3772,2545,25,1,499.0
3773,2546,24,2,899.0
3774,2547,30,1,799.0
3775,2548,30,1,799.0
3776,2549,27,1,599.0
3777,2549,3,1,3499.0
3778,2550,11,1,199.0
3779,2551,11,3,199.0
3780,2552,5,2,999.0
3781,2553,23,1,399.0
3782,2553,4,1,1299.0
3783,2553,1,1,2499.0
3784,2554,24,2,899.0
3785,2555,20,1,3999.0
3786,2556,16,2,3999.0
3787,2556,8,1,2999.0
3788,2556,25,2,499.0
3789,2557,6,1,1499.0
3790,2558,5,1,999.0
3791,2559,12,1,1299.0
3792,2560,15,1,1199.0
3793,2561,22,3,699.0
3794,2562,18,1,899.0
3795,2563,18,1,899.0
3796,2563,1,1,2499.0
3797,2564,7,1,599.0
3798,2565,1,2,2499.0
3799,2566,6,1,1499.0
3800,2567,12,1,1299.0
3801,2567,11,1,199.0
3802,2568,22,1,699.0
3803,2569,1,2,2499.0
3804,2569,5,1,999.0
3805,2570,13,1,799.0
3806,2570,6,3,1499.0
3807,2571,25,2,499.0
3808,2571,15,1,1199.0
3809,2572,23,1,399.0
3810,2573,25,1,499.0
3811,2574,4,1,1299.0
3812,2575,6,1,1499.0
3813,2575,11,3,199.0
3814,2576,30,1,799.0
3815,2577,3,1,3499.0
3816,2577,13,2,799.0
3817,2578,11,1,199.0
3818,2578,2,1,1799.0
3819,2578,18,1,899.0
3820,2579,8,1,2999.0
3821,2580,24,1,899.0
3822,2581,30,1,799.0
3823,2582,26,1,999.0
3824,2583,18,2,899.0
3825,2584,23,1,399.0
3826,2585,25,1,499.0
3827,2586,12,1,1299.0
3828,2587,9,1,899.0
3829,2588,30,1,799.0
3830,2589,1,2,2499.0
3831,2590,1,2,2499.0
3832,2591,1,1,2499.0
3833,2591,30,2,799.0
3834,2592,27,2,599.0
3835,2592,26,1,999.0
3836,2593,7,2,599.0
3837,2594,1,1,2499.0
3838,2595,27,2,599.0
3839,2595,30,1,799.0
3840,2596,24,1,899.0
3841,2597,17,1,4999.0
3842,2598,6,1,1499.0
3843,2598,11,1,199.0
3844,2599,10,2,299.0
3845,2600,25,2,499.0
3846,2601,3,2,3499.0
3847,2601,11,3,199.0
3848,2602,4,1,1299.0
3849,2602,6,1,1499.0
3850,2602,11,1,199.0
3851,2603,26,1,999.0
3852,2604,24,1,899.0
3853,2604,13,2,799.0
3854,2605,4,1,1299.0
3855,2605,14,1,1599.0
3856,2606,11,2,199.0
3857,2607,4,2,1299.0
3858,2607,1,1,2499.0
3859,2608,26,1,999.0
3860,2609,21,2,1099.0
3861,2610,22,1,699.0
3862,2611,25,1,499.0
3863,2612,7,1,599.0
3864,2612,21,1,1099.0
3865,2613,22,1,699.0
3866,2614,24,1,899.0
3867,2614,30,1,799.0
3868,2614,15,1,1199.0
3869,2615,26,2,999.0
3870,2615,30,1,799.0
3871,2615,26,3,999.0
3872,2616,8,1,2999.0
3873,2617,24,1,899.0
3874,2617,6,2,1499.0
3875,2618,22,1,699.0
3876,2618,6,2,1499.0
3877,2619,23,1,399.0
3878,2619,25,1,499.0
3879,2620,11,1,199.0
3880,2620,26,1,999.0
3881,2621,20,1,3999.0
3882,2621,26,1,999.0
3883,2622,7,1,599.0
3884,2623,8,1,2999.0
3885,2624,11,1,199.0
3886,2624,2,1,1799.0
3887,2625,6,1,1499.0
3888,2626,19,1,4499.0
3889,2626,17,1,4999.0
3890,2627,5,2,999.0
3891,2628,1,1,2499.0
3892,2629,19,1,4499.0
3893,2630,11,2,199.0
3894,2630,12,1,1299.0
3895,2631,10,1,299.0
3896,2631,14,1,1599.0
3897,2632,5,1,999.0
3898,2633,1,3,2499.0
3899,2634,12,1,1299.0
3900,2635,27,1,599.0
3901,2636,14,2,1599.0
3902,2637,28,1,499.0
3903,2638,8,1,2999.0
3904,2639,9,1,899.0
3905,2640,19,1,4499.0
3906,2640,21,1,1099.0
3907,2641,8,1,2999.0
3908,2642,12,1,1299.0
3909,2643,17,3,4999.0
3910,2644,23,1,399.0
3911,2645,8,1,2999.0
3912,2646,3,1,3499.0
3913,2646,18,1,899.0
3914,2647,23,1,399.0
3915,2648,24,1,899.0
3916,2649,15,1,1199.0
3917,2649,3,1,3499.0
3918,2650,7,1,599.0
3919,2651,3,2,3499.0
3920,2652,30,1,799.0
3921,2652,27,2,599.0
3922,2653,17,2,4999.0
3923,2654,26,1,999.0
3924,2654,15,1,1199.0
3925,2655,6,2,1499.0
3926,2655,9,1,899.0
3927,2655,25,1,499.0
3928,2656,26,1,999.0
3929,2657,8,1,2999.0
3930,2658,19,1,4499.0
3931,2659,4,3,1299.0
3932,2659,6,1,1499.0
3933,2660,3,1,3499.0
3934,2661,9,1,899.0
3935,2662,11,2,199.0
3936,2662,6,1,1499.0
3937,2663,25,2,499.0
3938,2663,1,2,2499.0
3939,2664,25,1,499.0
3940,2664,4,1,1299.0
3941,2665,11,2,199.0
3942,2665,25,1,499.0
3943,2666,25,2,499.0
3944,2667,20,2,3999.0
3945,2667,29,1,1999.0
3946,2667,25,2,499.0
3947,2668,5,1,999.0
3948,2669,23,2,399.0
3949,2669,3,2,3499.0
3950,2669,16,2,3999.0
3951,2670,8,1,2999.0
3952,2671,20,3,3999.0
3953,2671,23,3,399.0
3954,2672,4,1,1299.0
3955,2672,30,1,799.0
3956,2673,9,1,899.0
3957,2674,16,3,3999.0
3958,2674,17,1,4999.0
3959,2674,19,1,4499.0
3960,2675,20,2,3999.0
3961,2675,16,1,3999.0
3962,2676,29,1,1999.0
3963,2676,4,2,1299.0
3964,2677,3,1,3499.0
3965,2677,26,1,999.0
3966,2677,4,2,1299.0
3967,2678,13,1,799.0
3968,2679,8,1,2999.0
3969,2680,19,2,4499.0
3970,2681,16,1,3999.0
3971,2682,8,1,2999.0
3972,2682,23,1,399.0
3973,2683,19,3,4499.0
3974,2684,19,1,4499.0
3975,2684,1,3,2499.0
3976,2685,11,1,199.0
3977,2685,11,1,199.0
3978,2686,7,1,599.0
3979,2686,23,1,399.0
3980,2687,8,1,2999.0
3981,2687,18,1,899.0
3982,2687,7,3,599.0
3983,2688,6,2,1499.0
3984,2689,8,1,2999.0
3985,2689,11,1,199.0
3986,2690,10,1,299.0
3987,2691,25,3,499.0
3988,2692,13,1,799.0
3989,2692,7,1,599.0
3990,2693,10,1,299.0
3991,2694,16,1,3999.0
3992,2695,7,1,599.0
3993,2696,10,2,299.0
3994,2697,8,2,2999.0
3995,2698,12,1,1299.0
3996,2699,16,1,3999.0
3997,2699,11,1,199.0
3998,2700,23,3,399.0
3999,2701,30,1,799.0
4000,2702,30,3,799.0
4001,2703,10,1,299.0
4002,2704,18,2,899.0
4003,2704,23,1,399.0
4004,2705,30,1,799.0
4005,2706,11,2,199.0
4006,2706,7,1,599.0
4007,2707,7,1,599.0
4008,2707,23,3,399.0
4009,2708,1,2,2499.0
4010,2709,21,3,1099.0
4011,2709,19,2,4499.0
4012,2709,24,2,899.0
4013,2710,29,1,1999.0
4014,2711,17,1,4999.0
4015,2712,18,1,899.0
4016,2713,23,1,399.0
4017,2714,19,2,4499.0
4018,2715,25,1,499.0
4019,2716,24,1,899.0
4020,2716,27,1,599.0
4021,2717,23,3,399.0
4022,2717,2,3,1799.0
4023,2717,16,2,3999.0
4024,2718,29,1,1999.0
4025,2719,17,3,4999.0
4026,2720,19,2,4499.0
4027,2720,1,1,2499.0
4028,2720,15,1,1199.0
4029,2721,6,1,1499.0
4030,2722,15,1,1199.0
4031,2723,10,1,299.0
4032,2723,17,1,4999.0
4033,2723,5,1,999.0
4034,2724,18,1,899.0
4035,2724,14,1,1599.0
4036,2725,8,1,2999.0
4037,2725,1,1,2499.0
4038,2725,13,3,799.0
4039,2726,30,3,799.0
4040,2727,9,2,899.0
4041,2728,28,1,499.0
4042,2729,7,1,599.0
4043,2730,10,1,299.0
4044,2731,24,1,899.0
4045,2732,23,1,399.0
4046,2733,24,1,899.0
4047,2734,11,1,199.0
4048,2735,18,2,899.0
4049,2736,9,1,899.0
4050,2737,24,1,899.0
4051,2737,24,1,899.0
4052,2738,23,2,399.0
4053,2738,27,1,599.0
4054,2739,23,1,399.0
4055,2739,1,1,2499.0
4056,2739,21,1,1099.0
4057,2740,18,2,899.0
4058,2741,6,3,1499.0
4059,2742,1,3,2499.0
4060,2743,15,1,1199.0
4061,2743,17,3,4999.0
4062,2744,21,1,1099.0
4063,2745,8,1,2999.0
4064,2745,20,3,3999.0
4065,2746,16,1,3999.0
4066,2747,7,1,599.0
4067,2747,19,1,4499.0
4068,2748,5,1,999.0
4069,2748,14,1,1599.0
4070,2748,8,2,2999.0
4071,2749,3,1,3499.0
4072,2749,23,3,399.0
4073,2749,3,2,3499.0
4074,2750,9,1,899.0
4075,2750,26,1,999.0
4076,2751,6,1,1499.0
4077,2751,11,1,199.0
4078,2752,3,1,3499.0
4079,2752,24,3,899.0
4080,2753,24,1,899.0
4081,2754,2,2,1799.0
4082,2755,8,1,2999.0
4083,2755,4,2,1299.0
4084,2756,3,2,3499.0
4085,2756,4,1,1299.0
4086,2756,9,1,899.0
4087,2757,14,1,1599.0
4088,2758,6,1,1499.0
4089,2758,2,2,1799.0
4090,2759,9,2,899.0
4091,2760,8,1,2999.0
4092,2761,7,1,599.0
4093,2761,19,1,4499.0
4094,2761,11,1,199.0
4095,2762,8,1,2999.0
4096,2762,5,1,999.0
4097,2763,19,1,4499.0
4098,2764,24,1,899.0
4099,2765,1,1,2499.0
4100,2766,27,1,599.0
4101,2766,10,3,299.0
4102,2767,30,1,799.0
4103,2768,29,1,1999.0
4104,2768,9,1,899.0
4105,2769,6,1,1499.0
4106,2770,17,1,4999.0
4107,2771,6,1,1499.0
4108,2771,29,3,1999.0
4109,2772,17,2,4999.0
4110,2773,11,3,199.0
4111,2774,12,1,1299.0
4112,2775,22,1,699.0
4113,2775,17,1,4999.0
4114,2776,23,3,399.0
4115,2777,24,1,899.0
4116,2777,25,2,499.0
4117,2778,10,1,299.0
4118,2779,21,1,1099.0
4119,2779,6,3,1499.0
4120,2780,17,1,4999.0
4121,2781,24,3,899.0
4122,2782,6,1,1499.0
4123,2783,16,1,3999.0
4124,2784,1,1,2499.0
4125,2784,1,1,2499.0
4126,2785,8,1,2999.0
4127,2786,18,1,899.0
4128,2787,9,1,899.0
4129,2788,11,3,199.0
4130,2789,19,1,4499.0
4131,2789,4,1,1299.0
4132,2790,5,2,999.0
4133,2791,27,1,599.0
4134,2791,7,3,599.0
4135,2792,2,1,1799.0
4136,2792,22,1,699.0
4137,2793,3,1,3499.0
4138,2794,4,1,1299.0
4139,2794,2,1,1799.0
4140,2795,15,1,1199.0
4141,2796,10,1,299.0
4142,2796,4,1,1299.0
4143,2797,21,1,1099.0
4144,2798,24,1,899.0
4145,2798,7,1,599.0
4146,2799,18,1,899.0
4147,2800,18,2,899.0
4148,2801,22,2,699.0
4149,2801,3,1,3499.0
4150,2802,19,1,4499.0
4151,2803,20,1,3999.0
4152,2803,26,1,999.0
4153,2804,7,1,599.0
4154,2804,5,1,999.0
4155,2804,26,2,999.0
4156,2805,17,1,4999.0
4157,2805,1,1,2499.0
4158,2806,28,1,499.0
4159,2806,24,3,899.0
4160,2807,25,3,499.0
4161,2808,15,1,1199.0
4162,2809,27,1,599.0
4163,2810,3,1,3499.0
4164,2810,8,1,2999.0
4165,2811,19,1,4499.0
4166,2812,26,1,999.0
4167,2813,8,2,2999.0
4168,2814,1,1,2499.0
4169,2815,4,2,1299.0
4170,2816,11,1,199.0
4171,2817,13,1,799.0
4172,2818,15,1,1199.0
4173,2818,23,2,399.0
4174,2819,8,1,2999.0
4175,2820,24,2,899.0
4176,2821,3,1,3499.0
4177,2822,7,1,599.0
4178,2823,28,1,499.0
4179,2823,25,1,499.0
4180,2824,23,2,399.0
4181,2825,1,1,2499.0
4182,2826,8,3,2999.0
4183,2826,11,1,199.0
4184,2827,19,1,4499.0
4185,2828,1,2,2499.0
4186,2828,25,1,499.0
4187,2829,25,1,499.0
4188,2830,11,1,199.0
4189,2831,23,2,399.0
4190,2832,15,1,1199.0
4191,2833,9,2,899.0
4192,2834,12,1,1299.0
4193,2834,8,1,2999.0
4194,2835,3,3,3499.0
4195,2836,8,2,2999.0
4196,2837,17,1,4999.0
4197,2838,10,1,299.0
4198,2839,27,2,599.0
4199,2840,6,1,1499.0
4200,2840,4,1,1299.0
4201,2841,15,3,1199.0
4202,2842,23,1,399.0
4203,2843,22,1,699.0
4204,2843,8,1,2999.0
4205,2844,3,3,3499.0
4206,2845,25,1,499.0
4207,2846,30,1,799.0
4208,2847,15,1,1199.0
4209,2848,9,1,899.0
4210,2849,11,1,199.0
4211,2850,14,1,1599.0
4212,2851,26,1,999.0
4213,2851,17,1,4999.0
4214,2851,23,1,399.0
4215,2852,13,1,799.0
4216,2852,24,3,899.0
4217,2853,24,1,899.0
4218,2854,30,2,799.0
4219,2855,13,1,799.0
4220,2856,15,1,1199.0
4221,2857,23,1,399.0
4222,2857,25,1,499.0
4223,2857,15,1,1199.0
4224,2858,11,1,199.0
4225,2858,20,1,3999.0
4226,2859,25,2,499.0
4227,2860,17,2,4999.0
4228,2861,23,1,399.0
4229,2861,24,1,899.0
4230,2862,25,1,499.0
4231,2862,2,1,1799.0
4232,2863,4,1,1299.0
4233,2864,15,3,1199.0
4234,2864,9,3,899.0
4235,2864,7,1,599.0
4236,2865,11,1,199.0
4237,2866,21,1,1099.0
4238,2867,6,2,1499.0
4239,2868,9,1,899.0
4240,2869,1,1,2499.0
4241,2869,15,1,1199.0
4242,2870,25,1,499.0
4243,2871,30,1,799.0
4244,2872,21,2,1099.0
4245,2872,30,2,799.0
4246,2873,13,1,799.0
4247,2874,23,1,399.0
4248,2874,26,1,999.0
4249,2875,9,2,899.0
4250,2875,12,1,1299.0
4251,2876,1,2,2499.0
4252,2876,23,2,399.0
4253,2877,12,3,1299.0
4254,2878,15,1,1199.0
4255,2878,18,1,899.0
4256,2879,20,1,3999.0
4257,2879,15,3,1199.0
4258,2879,6,1,1499.0
4259,2880,28,1,499.0
4260,2881,3,2,3499.0
4261,2882,23,1,399.0
4262,2883,27,1,599.0
4263,2883,25,2,499.0
4264,2883,22,1,699.0
4265,2884,3,1,3499.0
4266,2885,13,1,799.0
4267,2886,3,1,3499.0
4268,2887,7,2,599.0
4269,2887,20,1,3999.0
4270,2887,21,1,1099.0
4271,2888,8,2,2999.0
4272,2888,24,2,899.0
4273,2889,7,1,599.0
4274,2889,24,1,899.0
4275,2890,17,1,4999.0
4276,2890,24,1,899.0
4277,2891,4,2,1299.0
4278,2892,1,3,2499.0
4279,2892,27,1,599.0
4280,2892,28,1,499.0
4281,2893,30,1,799.0
4282,2893,2,2,1799.0
4283,2894,26,1,999.0
4284,2895,13,1,799.0
4285,2896,4,1,1299.0
4286,2896,6,2,1499.0
4287,2897,27,1,599.0
4288,2897,26,1,999.0
4289,2898,23,1,399.0
4290,2899,23,1,399.0
4291,2899,19,1,4499.0
4292,2900,12,2,1299.0
4293,2901,1,3,2499.0
4294,2901,28,1,499.0
4295,2902,30,2,799.0
4296,2902,8,1,2999.0
4297,2903,6,3,1499.0
4298,2904,7,1,599.0
4299,2905,23,1,399.0
4300,2906,5,1,999.0
4301,2906,24,1,899.0
4302,2907,3,2,3499.0
4303,2908,15,1,1199.0
4304,2909,24,1,899.0
4305,2909,22,1,699.0
4306,2910,3,1,3499.0
4307,2911,11,1,199.0
4308,2912,3,1,3499.0
4309,2912,9,1,899.0
4310,2913,19,1,4499.0
4311,2914,24,1,899.0
4312,2915,1,1,2499.0
4313,2915,3,3,3499.0
4314,2916,9,1,899.0
4315,2916,27,1,599.0
4316,2917,5,1,999.0
4317,2918,9,1,899.0
4318,2919,27,1,599.0
4319,2920,4,1,1299.0
4320,2921,4,1,1299.0
4321,2921,19,1,4499.0
4322,2921,19,1,4499.0
4323,2922,9,1,899.0
4324,2923,6,1,1499.0
4325,2924,18,1,899.0
4326,2925,7,1,599.0
4327,2926,13,2,799.0
4328,2927,6,1,1499.0
4329,2928,23,1,399.0
4330,2929,17,1,4999.0
4331,2929,14,1,1599.0
4332,2930,6,1,1499.0
4333,2931,25,1,499.0
4334,2932,7,1,599.0
4335,2933,8,2,2999.0
4336,2934,21,1,1099.0
4337,2934,23,3,399.0
4338,2935,20,1,3999.0
4339,2935,21,1,1099.0
4340,2936,18,2,899.0
4341,2936,5,1,999.0
4342,2937,18,1,899.0
4343,2938,25,1,499.0
4344,2938,6,1,1499.0
4345,2939,19,1,4499.0
4346,2940,18,1,899.0
4347,2941,17,1,4999.0
4348,2942,17,1,4999.0
4349,2942,10,1,299.0
4350,2943,24,1,899.0
4351,2944,15,1,1199.0
4352,2945,23,2,399.0
4353,2945,8,1,2999.0
4354,2946,17,1,4999.0
4355,2946,17,1,4999.0
4356,2947,18,1,899.0
4357,2947,11,1,199.0
4358,2948,25,1,499.0
4359,2949,6,2,1499.0
4360,2949,14,2,1599.0
4361,2950,1,1,2499.0
4362,2950,15,1,1199.0
4363,2951,21,1,1099.0
4364,2951,14,1,1599.0
4365,2952,26,1,999.0
4366,2953,30,1,799.0
4367,2954,11,2,199.0
4368,2955,23,1,399.0
4369,2956,28,1,499.0
4370,2957,24,1,899.0
4371,2958,3,1,3499.0
4372,2958,12,1,1299.0
4373,2959,30,1,799.0
4374,2960,1,2,2499.0
4375,2961,5,1,999.0
4376,2961,25,3,499.0
4377,2961,17,1,4999.0
4378,2962,8,1,2999.0
4379,2963,23,1,399.0
4380,2964,6,1,1499.0
4381,2965,25,3,499.0
4382,2966,9,1,899.0
4383,2967,6,1,1499.0
4384,2968,25,1,499.0
4385,2969,5,3,999.0
4386,2969,19,1,4499.0
4387,2970,9,1,899.0
4388,2970,21,2,1099.0
4389,2971,10,1,299.0
4390,2971,6,1,1499.0
4391,2972,15,1,1199.0
4392,2972,30,1,799.0
4393,2972,8,1,2999.0
4394,2973,3,1,3499.0
4395,2973,7,1,599.0
4396,2974,3,1,3499.0
4397,2975,6,1,1499.0
4398,2975,27,1,599.0
4399,2975,8,2,2999.0
4400,2976,18,1,899.0
4401,2977,8,1,2999.0
4402,2978,4,3,1299.0
4403,2979,29,3,1999.0
4404,2980,26,2,999.0
4405,2981,5,1,999.0
4406,2982,7,2,599.0
4407,2983,25,1,499.0
4408,2984,11,1,199.0
4409,2984,25,1,499.0
4410,2984,15,2,1199.0
4411,2985,30,1,799.0
4412,2985,3,1,3499.0
4413,2985,23,1,399.0
4414,2986,6,2,1499.0
4415,2987,4,1,1299.0
4416,2988,8,1,2999.0
4417,2989,18,1,899.0
4418,2989,22,1,699.0
4419,2989,24,1,899.0
4420,2990,7,1,599.0
4421,2991,30,3,799.0
4422,2992,18,3,899.0
4423,2992,4,2,1299.0
4424,2993,18,1,899.0
4425,2993,4,1,1299.0
4426,2993,1,1,2499.0
4427,2994,3,1,3499.0
4428,2995,3,1,3499.0
4429,2995,17,2,4999.0
4430,2996,6,1,1499.0
4431,2997,7,1,599.0
4432,2998,1,3,2499.0
4433,2998,18,1,899.0
4434,2999,22,2,699.0
4435,2999,28,1,499.0
4436,3000,24,1,899.0
4437,3001,17,1,4999.0
4438,3002,25,1,499.0
4439,3002,19,1,4499.0
4440,3003,17,1,4999.0
4441,3003,2,1,1799.0
4442,3004,11,2,199.0
4443,3004,9,1,899.0
4444,3005,3,1,3499.0
4445,3005,4,1,1299.0
4446,3006,19,1,4499.0
4447,3007,23,1,399.0
4448,3008,1,1,2499.0
4449,3008,23,3,399.0
4450,3009,1,1,2499.0
4451,3010,10,3,299.0
4452,3010,4,1,1299.0
4453,3011,28,1,499.0
4454,3011,17,1,4999.0
4455,3011,6,1,1499.0
4456,3012,4,2,1299.0
4457,3013,7,1,599.0
4458,3014,2,1,1799.0
4459,3015,27,1,599.0
4460,3016,8,1,2999.0
4461,3017,11,1,199.0
4462,3018,18,2,899.0
4463,3018,6,2,1499.0
4464,3019,24,2,899.0
4465,3019,4,1,1299.0
4466,3019,2,1,1799.0
4467,3020,2,1,1799.0
4468,3021,7,1,599.0
4469,3022,3,1,3499.0
4470,3023,25,1,499.0
4471,3024,15,1,1199.0
4472,3025,18,1,899.0
4473,3025,7,1,599.0
4474,3026,4,1,1299.0
4475,3026,19,1,4499.0
4476,3026,16,1,3999.0
4477,3027,25,1,499.0
4478,3027,4,1,1299.0
4479,3028,27,3,599.0
4480,3028,30,1,799.0
4481,3029,6,1,1499.0
4482,3030,24,1,899.0
4483,3031,17,1,4999.0
4484,3032,4,1,1299.0
4485,3033,28,1,499.0
4486,3034,9,1,899.0
4487,3035,18,1,899.0
4488,3036,19,1,4499.0
4489,3036,15,1,1199.0
4490,3037,2,3,1799.0
4491,3038,17,1,4999.0
4492,3038,5,1,999.0
4493,3038,6,1,1499.0
4494,3039,11,1,199.0
4495,3040,22,1,699.0
4496,3040,6,1,1499.0
4497,3040,17,2,4999.0
4498,3041,2,1,1799.0
4499,3042,10,2,299.0
4500,3043,24,1,899.0
4501,3044,6,1,1499.0
4502,3045,15,2,1199.0
4503,3045,9,2,899.0
4504,3045,30,1,799.0
4505,3046,6,2,1499.0
4506,3047,1,1,2499.0
4507,3047,1,1,2499.0
4508,3048,16,1,3999.0
4509,3049,23,2,399.0
4510,3049,22,1,699.0
4511,3050,19,1,4499.0
4512,3050,21,1,1099.0
4513,3051,12,2,1299.0
4514,3052,6,2,1499.0
4515,3053,20,1,3999.0
4516,3053,10,1,299.0
4517,3054,15,1,1199.0
4518,3055,19,1,4499.0
4519,3056,29,3,1999.0
4520,3056,6,1,1499.0
4521,3057,21,1,1099.0
4522,3057,28,1,499.0
4523,3057,13,1,799.0
4524,3058,25,3,499.0
4525,3059,30,2,799.0
4526,3060,2,2,1799.0
4527,3060,8,3,2999.0
4528,3060,24,2,899.0
4529,3061,6,2,1499.0
4530,3061,11,3,199.0
4531,3061,29,1,1999.0
4532,3062,3,1,3499.0
4533,3062,18,1,899.0
4534,3063,30,3,799.0
4535,3064,26,1,999.0
4536,3065,17,1,4999.0
4537,3066,11,1,199.0
4538,3067,22,1,699.0
4539,3067,7,1,599.0
4540,3068,2,1,1799.0
4541,3068,8,1,2999.0
4542,3069,9,1,899.0
4543,3069,6,1,1499.0
4544,3070,9,1,899.0
4545,3071,1,3,2499.0
4546,3071,9,1,899.0
4547,3072,3,3,3499.0
4548,3073,21,1,1099.0
4549,3073,21,1,1099.0
4550,3074,30,1,799.0
4551,3075,25,1,499.0
4552,3076,20,1,3999.0
4553,3077,1,3,2499.0
4554,3078,19,1,4499.0
4555,3079,17,1,4999.0
4556,3079,30,1,799.0
4557,3080,5,1,999.0
4558,3081,15,1,1199.0
4559,3081,9,2,899.0
4560,3082,26,1,999.0
4561,3083,15,1,1199.0
4562,3084,11,1,199.0
4563,3085,19,2,4499.0
4564,3086,15,3,1199.0
4565,3087,14,1,1599.0
4566,3087,16,1,3999.0
4567,3088,13,2,799.0
4568,3089,15,1,1199.0
4569,3090,26,1,999.0
4570,3091,19,3,4499.0
4571,3091,24,1,899.0
4572,3092,25,2,499.0
4573,3093,15,2,1199.0
4574,3093,10,1,299.0
4575,3094,14,2,1599.0
4576,3095,4,1,1299.0
4577,3096,19,1,4499.0
4578,3097,2,1,1799.0
4579,3098,8,1,2999.0
4580,3099,8,1,2999.0
4581,3099,20,1,3999.0
4582,3100,6,2,1499.0
4583,3100,23,1,399.0
4584,3100,1,1,2499.0
4585,3101,3,1,3499.0
4586,3102,27,1,599.0
4587,3103,22,3,699.0
4588,3104,11,1,199.0
4589,3105,27,1,599.0
4590,3105,28,1,499.0
4591,3106,10,2,299.0
4592,3106,4,1,1299.0
4593,3107,7,2,599.0
4594,3108,8,2,2999.0
4595,3109,29,3,1999.0
4596,3110,5,1,999.0
4597,3111,26,3,999.0
4598,3112,1,2,2499.0
4599,3113,1,1,2499.0
4600,3113,24,1,899.0
4601,3114,6,1,1499.0
4602,3115,3,1,3499.0
4603,3116,25,3,499.0
4604,3116,22,2,699.0
4605,3117,3,1,3499.0
4606,3117,24,1,899.0
4607,3117,13,1,799.0
4608,3118,30,1,799.0
4609,3119,26,1,999.0
4610,3120,7,3,599.0
4611,3120,19,1,4499.0
4612,3121,16,1,3999.0
4613,3122,20,1,3999.0
4614,3122,25,2,499.0
4615,3122,23,2,399.0
4616,3123,26,3,999.0
4617,3123,30,2,799.0
4618,3124,6,2,1499.0
4619,3125,6,1,1499.0
4620,3126,30,2,799.0
4621,3127,30,2,799.0
4622,3128,11,1,199.0
4623,3128,26,1,999.0
4624,3129,24,1,899.0
4625,3130,20,1,3999.0
4626,3131,24,1,899.0
4627,3131,6,1,1499.0
4628,3132,21,1,1099.0
4629,3133,3,1,3499.0
4630,3133,6,1,1499.0
4631,3134,30,1,799.0
4632,3134,18,2,899.0
4633,3135,19,1,4499.0
4634,3136,11,1,199.0
4635,3136,27,1,599.0
4636,3137,3,2,3499.0
4637,3138,27,2,599.0
4638,3139,3,2,3499.0
4639,3140,24,1,899.0
4640,3141,9,1,899.0
4641,3141,19,2,4499.0
4642,3142,6,3,1499.0
4643,3142,26,1,999.0
4644,3143,1,1,2499.0
4645,3144,5,1,999.0
4646,3144,15,2,1199.0
4647,3145,11,1,199.0
4648,3145,30,1,799.0
4649,3145,11,1,199.0
4650,3146,26,1,999.0
4651,3147,4,1,1299.0
4652,3148,4,2,1299.0
4653,3148,10,1,299.0
4654,3149,21,1,1099.0
4655,3149,21,2,1099.0
4656,3149,9,3,899.0
4657,3150,23,1,399.0
4658,3151,19,1,4499.0
4659,3152,8,1,2999.0
4660,3152,30,1,799.0
4661,3153,26,1,999.0
4662,3153,17,2,4999.0
4663,3154,12,1,1299.0
4664,3155,11,1,199.0
4665,3156,24,1,899.0
4666,3156,1,1,2499.0
4667,3157,19,2,4499.0
4668,3157,7,2,599.0
4669,3158,12,1,1299.0
4670,3158,16,1,3999.0
4671,3158,24,1,899.0
4672,3159,16,1,3999.0
4673,3160,8,3,2999.0
4674,3161,21,1,1099.0
4675,3162,30,1,799.0
4676,3163,21,1,1099.0
4677,3163,3,1,3499.0
4678,3164,20,1,3999.0
4679,3165,6,1,1499.0
4680,3166,4,1,1299.0
4681,3166,21,1,1099.0
4682,3167,25,2,499.0
4683,3168,4,1,1299.0
4684,3168,1,3,2499.0
4685,3168,10,2,299.0
4686,3169,20,3,3999.0
4687,3170,16,1,3999.0
4688,3170,17,1,4999.0
4689,3171,23,3,399.0
4690,3172,9,1,899.0
4691,3173,9,1,899.0
4692,3173,21,3,1099.0
4693,3174,4,1,1299.0
4694,3175,25,2,499.0
4695,3176,22,2,699.0
4696,3176,23,1,399.0
4697,3176,23,1,399.0
4698,3177,19,1,4499.0
4699,3177,17,1,4999.0
4700,3177,7,2,599.0
4701,3178,3,2,3499.0
4702,3179,9,1,899.0
4703,3180,27,2,599.0
4704,3180,7,2,599.0
4705,3181,7,2,599.0
4706,3182,10,3,299.0
4707,3183,10,2,299.0
4708,3184,4,1,1299.0
4709,3184,4,1,1299.0
4710,3185,14,1,1599.0
4711,3186,1,1,2499.0
4712,3187,6,1,1499.0
4713,3187,19,1,4499.0
4714,3188,5,3,999.0
4715,3188,4,1,1299.0
4716,3189,4,1,1299.0
4717,3189,4,3,1299.0
4718,3190,25,1,499.0
4719,3191,23,2,399.0
4720,3191,24,1,899.0
4721,3192,27,2,599.0
4722,3193,15,2,1199.0
4723,3194,15,1,1199.0
4724,3194,25,2,499.0
4725,3195,3,1,3499.0
4726,3195,24,1,899.0
4727,3196,15,1,1199.0
4728,3196,2,1,1799.0
4729,3197,6,1,1499.0
4730,3197,23,1,399.0
4731,3198,24,2,899.0
4732,3199,10,1,299.0
4733,3200,12,1,1299.0
4734,3201,3,2,3499.0
4735,3202,3,1,3499.0
4736,3203,19,1,4499.0
4737,3204,23,1,399.0
4738,3204,23,1,399.0
4739,3205,11,1,199.0
4740,3206,19,2,4499.0
4741,3206,23,1,399.0
4742,3207,19,1,4499.0
4743,3207,2,1,1799.0
4744,3208,3,1,3499.0
4745,3209,26,1,999.0
4746,3210,4,1,1299.0
4747,3210,23,2,399.0
4748,3211,19,1,4499.0
4749,3212,19,1,4499.0
4750,3213,12,1,1299.0
4751,3214,21,1,1099.0
4752,3214,23,2,399.0
4753,3215,23,2,399.0
4754,3216,29,1,1999.0
4755,3217,25,1,499.0
4756,3218,7,1,599.0
4757,3218,30,1,799.0
4758,3219,26,1,999.0
4759,3219,22,1,699.0
4760,3220,11,1,199.0
4761,3220,19,1,4499.0
4762,3221,11,1,199.0
4763,3222,25,1,499.0
4764,3223,27,3,599.0
4765,3224,7,1,599.0
4766,3224,15,1,1199.0
4767,3225,25,2,499.0
4768,3226,23,2,399.0
4769,3226,4,1,1299.0
4770,3226,3,1,3499.0
4771,3227,3,2,3499.0
4772,3227,18,1,899.0
4773,3227,4,1,1299.0
4774,3228,16,1,3999.0
4775,3229,25,1,499.0
4776,3230,22,1,699.0
4777,3230,15,1,1199.0
4778,3231,5,2,999.0
4779,3232,25,2,499.0
4780,3233,17,1,4999.0
4781,3233,29,3,1999.0
4782,3234,21,3,1099.0
4783,3234,11,1,199.0
4784,3235,18,3,899.0
4785,3236,23,2,399.0
4786,3236,18,1,899.0
4787,3237,17,2,4999.0
4788,3238,18,1,899.0
4789,3239,23,1,399.0
4790,3240,20,1,3999.0
4791,3241,4,2,1299.0
4792,3242,8,1,2999.0
4793,3243,3,1,3499.0
4794,3243,10,1,299.0
4795,3244,21,3,1099.0
4796,3245,18,2,899.0
4797,3246,22,1,699.0
4798,3247,10,1,299.0
4799,3247,25,2,499.0
4800,3247,17,2,4999.0
4801,3248,11,1,199.0
4802,3249,11,1,199.0
4803,3249,11,1,199.0
4804,3250,22,1,699.0
4805,3250,3,1,3499.0
4806,3251,23,1,399.0
4807,3252,30,1,799.0
4808,3253,26,1,999.0
4809,3254,1,3,2499.0
4810,3254,26,2,999.0
4811,3254,19,2,4499.0
4812,3255,11,1,199.0
4813,3256,29,1,1999.0
4814,3257,7,1,599.0
4815,3258,6,2,1499.0
4816,3259,24,2,899.0
4817,3260,7,2,599.0
4818,3260,9,1,899.0
4819,3261,8,1,2999.0
4820,3261,17,2,4999.0
4821,3262,8,2,2999.0
4822,3263,12,1,1299.0
4823,3263,3,1,3499.0
4824,3264,11,1,199.0
4825,3264,17,1,4999.0
4826,3264,6,1,1499.0
4827,3265,9,1,899.0
4828,3266,19,1,4499.0
4829,3266,11,1,199.0
4830,3267,6,1,1499.0
4831,3268,30,1,799.0
4832,3269,11,1,199.0
4833,3270,6,1,1499.0
4834,3271,3,1,3499.0
4835,3272,1,1,2499.0
4836,3272,24,1,899.0
4837,3273,12,1,1299.0
4838,3274,24,1,899.0
4839,3275,14,1,1599.0
4840,3276,19,2,4499.0
4841,3277,8,1,2999.0
4842,3278,29,1,1999.0
4843,3278,13,1,799.0
4844,3278,1,2,2499.0
4845,3279,27,1,599.0
4846,3280,30,1,799.0
4847,3281,24,1,899.0
4848,3282,18,2,899.0
4849,3283,4,1,1299.0
4850,3284,18,1,899.0
4851,3285,30,2,799.0
4852,3285,11,1,199.0
4853,3285,12,1,1299.0
4854,3286,21,1,1099.0
4855,3287,26,1,999.0
4856,3287,25,1,499.0
4857,3288,7,1,599.0
4858,3288,29,3,1999.0
4859,3288,9,1,899.0
4860,3289,19,1,4499.0
4861,3290,11,1,199.0
4862,3290,26,1,999.0
4863,3291,10,2,299.0
4864,3291,17,1,4999.0
4865,3291,30,1,799.0
4866,3292,11,2,199.0
4867,3293,2,2,1799.0
4868,3294,17,1,4999.0
4869,3295,9,1,899.0
4870,3296,3,2,3499.0
4871,3297,30,1,799.0
4872,3297,11,2,199.0
4873,3298,23,1,399.0
4874,3299,25,2,499.0
4875,3299,6,1,1499.0
4876,3300,23,2,399.0
4877,3301,9,3,899.0
4878,3302,19,1,4499.0
4879,3302,27,3,599.0
4880,3303,14,2,1599.0
4881,3304,6,1,1499.0
4882,3305,18,1,899.0
4883,3306,7,1,599.0
4884,3306,30,1,799.0
4885,3307,22,2,699.0
4886,3308,10,1,299.0
4887,3309,11,3,199.0
4888,3309,9,1,899.0
4889,3310,15,1,1199.0
4890,3310,30,2,799.0
4891,3311,29,2,1999.0
4892,3311,4,1,1299.0
4893,3312,26,2,999.0
4894,3312,24,1,899.0
4895,3313,8,1,2999.0
4896,3314,3,1,3499.0
4897,3315,23,2,399.0
4898,3316,3,1,3499.0
4899,3316,17,1,4999.0
4900,3317,5,2,999.0
4901,3317,10,1,299.0
4902,3318,10,1,299.0
4903,3318,6,1,1499.0
4904,3319,27,1,599.0
4905,3319,14,2,1599.0
4906,3320,7,1,599.0
4907,3321,3,1,3499.0
4908,3321,15,1,1199.0
4909,3322,3,2,3499.0
4910,3323,8,1,2999.0
4911,3323,9,1,899.0
4912,3324,11,1,199.0
4913,3324,11,1,199.0
4914,3325,22,1,699.0
4915,3325,4,1,1299.0
4916,3326,19,1,4499.0
4917,3327,1,1,2499.0
4918,3327,15,3,1199.0
4919,3328,20,1,3999.0
4920,3328,27,1,599.0
4921,3329,16,1,3999.0
4922,3329,9,2,899.0
4923,3330,13,2,799.0
4924,3331,9,1,899.0
4925,3332,1,2,2499.0
4926,3333,24,1,899.0
4927,3333,10,1,299.0
4928,3334,11,1,199.0
4929,3334,15,1,1199.0
4930,3335,15,1,1199.0
4931,3336,27,3,599.0
4932,3337,6,1,1499.0
4933,3338,21,1,1099.0
4934,3338,10,1,299.0
4935,3339,26,2,999.0
4936,3340,9,2,899.0
4937,3340,30,1,799.0
4938,3340,23,1,399.0
4939,3341,16,3,3999.0
4940,3342,3,1,3499.0
4941,3343,7,2,599.0
4942,3344,3,1,3499.0
4943,3344,14,2,1599.0
4944,3344,25,2,499.0
4945,3345,9,1,899.0
4946,3346,11,1,199.0
4947,3347,25,3,499.0
4948,3348,9,1,899.0
4949,3349,27,1,599.0
4950,3349,11,1,199.0
4951,3350,11,2,199.0
4952,3351,30,1,799.0
4953,3352,3,1,3499.0
4954,3353,3,1,3499.0
4955,3354,3,1,3499.0
4956,3354,21,1,1099.0
4957,3355,3,2,3499.0
4958,3356,4,1,1299.0
4959,3357,4,2,1299.0
4960,3358,24,1,899.0
4961,3359,25,1,499.0
4962,3359,4,1,1299.0
4963,3360,22,2,699.0
4964,3360,20,1,3999.0
4965,3361,23,1,399.0
4966,3362,1,3,2499.0
4967,3363,15,1,1199.0
4968,3364,4,1,1299.0
4969,3364,6,2,1499.0
4970,3364,21,1,1099.0
4971,3365,11,1,199.0
4972,3366,25,2,499.0
4973,3366,29,1,1999.0
4974,3367,1,2,2499.0
4975,3367,30,1,799.0
4976,3368,2,3,1799.0
4977,3369,7,1,599.0
4978,3369,28,1,499.0
4979,3370,27,1,599.0
4980,3370,3,1,3499.0
4981,3371,28,2,499.0
4982,3372,11,3,199.0
4983,3373,13,2,799.0
4984,3373,19,1,4499.0
4985,3374,25,1,499.0
4986,3374,23,2,399.0
4987,3375,3,2,3499.0
4988,3376,2,1,1799.0
4989,3377,10,1,299.0
4990,3378,24,1,899.0
4991,3378,19,1,4499.0
4992,3379,24,1,899.0
4993,3380,5,2,999.0
4994,3380,20,1,3999.0
4995,3381,22,3,699.0
4996,3381,4,1,1299.0
4997,3381,6,1,1499.0
4998,3382,8,3,2999.0
4999,3383,1,3,2499.0
5000,3384,8,1,2999.0
5001,3385,3,1,3499.0
5002,3386,21,2,1099.0
5003,3386,5,1,999.0
5004,3387,30,1,799.0
5005,3387,21,1,1099.0
5006,3388,5,1,999.0
5007,3388,25,1,499.0
5008,3388,19,1,4499.0
5009,3389,24,1,899.0
5010,3390,4,1,1299.0
5011,3391,1,2,2499.0
5012,3391,6,2,1499.0
5013,3391,3,1,3499.0
5014,3392,9,1,899.0
5015,3392,6,1,1499.0
5016,3393,23,1,399.0
5017,3394,17,1,4999.0
5018,3395,2,1,1799.0
5019,3395,15,1,1199.0
5020,3396,25,1,499.0
5021,3397,26,1,999.0
5022,3398,9,1,899.0
5023,3398,10,1,299.0
5024,3398,2,2,1799.0
5025,3399,30,1,799.0
5026,3399,4,1,1299.0
5027,3400,24,1,899.0
5028,3400,18,1,899.0
5029,3401,19,1,4499.0
5030,3402,30,2,799.0
5031,3403,24,2,899.0
5032,3403,7,1,599.0
5033,3404,4,3,1299.0
5034,3405,18,1,899.0
5035,3406,1,1,2499.0
5036,3406,1,1,2499.0
5037,3407,21,3,1099.0
5038,3407,3,1,3499.0
5039,3408,8,1,2999.0
5040,3408,24,1,899.0
5041,3409,17,1,4999.0
5042,3410,9,1,899.0
5043,3410,13,1,799.0
5044,3411,1,1,2499.0
5045,3412,6,2,1499.0
5046,3412,23,1,399.0
5047,3413,24,1,899.0
5048,3413,1,1,2499.0
5049,3414,29,1,1999.0
5050,3415,14,1,1599.0
5051,3416,9,1,899.0
5052,3417,30,1,799.0
5053,3418,15,1,1199.0
5054,3418,14,1,1599.0
5055,3419,19,2,4499.0
5056,3420,26,1,999.0
5057,3421,25,1,499.0
5058,3422,23,2,399.0
5059,3423,9,1,899.0
5060,3423,3,1,3499.0
5061,3424,6,1,1499.0
5062,3425,19,1,4499.0
5063,3425,14,1,1599.0
5064,3426,7,3,599.0
5065,3426,15,2,1199.0
5066,3427,10,1,299.0
5067,3428,15,1,1199.0
5068,3428,11,1,199.0
5069,3429,19,1,4499.0
5070,3430,2,1,1799.0
5071,3431,15,1,1199.0
5072,3432,3,3,3499.0
5073,3433,24,1,899.0
5074,3434,20,1,3999.0
5075,3435,10,1,299.0
5076,3435,16,1,3999.0
5077,3435,13,1,799.0
5078,3436,6,2,1499.0
5079,3437,3,1,3499.0
5080,3437,27,1,599.0
5081,3438,11,1,199.0
5082,3439,17,1,4999.0
5083,3439,3,1,3499.0
5084,3440,25,2,499.0
5085,3440,20,1,3999.0
5086,3441,17,1,4999.0
5087,3441,15,3,1199.0
5088,3442,22,2,699.0
5089,3443,4,1,1299.0
5090,3443,11,3,199.0
5091,3444,6,2,1499.0
5092,3445,26,2,999.0
5093,3446,19,1,4499.0
5094,3447,9,3,899.0
5095,3447,13,1,799.0
5096,3448,7,1,599.0
5097,3449,4,1,1299.0
5098,3449,16,2,3999.0
5099,3449,10,1,299.0
5100,3450,21,1,1099.0
5101,3450,25,1,499.0
5102,3450,18,1,899.0
5103,3451,3,2,3499.0
5104,3452,20,1,3999.0
5105,3453,6,1,1499.0
5106,3454,6,1,1499.0
5107,3455,26,1,999.0
5108,3456,1,1,2499.0
5109,3456,12,3,1299.0
5110,3457,18,1,899.0
5111,3458,19,1,4499.0
5112,3458,5,1,999.0
5113,3459,19,1,4499.0
5114,3460,26,1,999.0
5115,3461,11,1,199.0
5116,3462,11,1,199.0
5117,3462,23,1,399.0
5118,3463,23,1,399.0
5119,3463,4,2,1299.0
5120,3464,3,1,3499.0
5121,3465,6,3,1499.0
5122,3466,14,1,1599.0
5123,3466,28,1,499.0
5124,3466,27,2,599.0
5125,3467,1,1,2499.0
5126,3468,17,1,4999.0
5127,3468,8,1,2999.0
5128,3469,30,1,799.0
5129,3470,19,1,4499.0
5130,3470,13,2,799.0
5131,3471,28,1,499.0
5132,3472,1,1,2499.0
5133,3473,3,3,3499.0
5134,3473,3,1,3499.0
5135,3474,17,1,4999.0
5136,3474,24,2,899.0
5137,3475,25,1,499.0
5138,3476,27,2,599.0
5139,3477,21,1,1099.0
5140,3477,11,1,199.0
5141,3477,19,1,4499.0
5142,3478,7,2,599.0
5143,3479,20,2,3999.0
5144,3480,19,2,4499.0
5145,3480,22,1,699.0
5146,3480,7,1,599.0
5147,3481,7,1,599.0
5148,3482,13,3,799.0
5149,3482,27,1,599.0
5150,3483,17,2,4999.0
5151,3484,30,2,799.0
5152,3484,4,1,1299.0
5153,3485,8,1,2999.0
5154,3486,29,2,1999.0
5155,3487,25,1,499.0
5156,3488,26,1,999.0
5157,3489,5,1,999.0
5158,3490,6,1,1499.0
5159,3490,30,1,799.0
5160,3491,30,1,799.0
5161,3492,12,2,1299.0
5162,3493,19,2,4499.0
5163,3493,15,3,1199.0
5164,3494,25,2,499.0
5165,3494,12,1,1299.0
5166,3495,4,1,1299.0
5167,3495,6,2,1499.0
5168,3496,3,3,3499.0
5169,3496,30,1,799.0
5170,3497,24,1,899.0
5171,3498,6,1,1499.0
5172,3499,4,1,1299.0
5173,3500,24,2,899.0
5174,3501,7,1,599.0
5175,3501,11,1,199.0
5176,3501,10,1,299.0
5177,3502,3,1,3499.0
5178,3503,24,2,899.0
5179,3504,9,1,899.0
5180,3504,9,1,899.0
5181,3505,15,1,1199.0
5182,3505,10,1,299.0
5183,3506,13,2,799.0
5184,3507,1,1,2499.0
5185,3508,30,1,799.0
5186,3509,4,1,1299.0
5187,3510,3,3,3499.0
5188,3510,17,3,4999.0
5189,3510,29,2,1999.0
5190,3511,16,1,3999.0
5191,3512,24,1,899.0
5192,3513,11,1,199.0
5193,3514,9,1,899.0
5194,3515,15,1,1199.0
5195,3516,9,1,899.0
5196,3517,21,2,1099.0
5197,3518,29,1,1999.0
5198,3519,25,1,499.0
5199,3520,26,1,999.0
5200,3521,11,1,199.0
5201,3522,7,2,599.0
5202,3522,16,2,3999.0
5203,3523,6,1,1499.0
5204,3523,15,1,1199.0
5205,3523,21,1,1099.0
5206,3524,24,2,899.0
5207,3525,11,1,199.0
5208,3526,3,1,3499.0
5209,3527,15,3,1199.0
5210,3528,4,1,1299.0
5211,3529,17,2,4999.0
5212,3530,17,2,4999.0
5213,3531,23,1,399.0
5214,3531,18,1,899.0
5215,3532,9,1,899.0
5216,3533,13,1,799.0
5217,3533,1,2,2499.0
5218,3534,4,2,1299.0
5219,3534,6,1,1499.0
5220,3535,11,1,199.0
5221,3536,6,1,1499.0
5222,3536,30,3,799.0
5223,3537,12,2,1299.0
5224,3537,26,1,999.0
5225,3537,9,1,899.0
5226,3538,15,1,1199.0
5227,3538,11,1,199.0
5228,3539,9,2,899.0
5229,3539,19,2,4499.0
5230,3540,7,3,599.0
5231,3540,19,1,4499.0
5232,3541,22,1,699.0
5233,3541,21,1,1099.0
5234,3542,11,1,199.0
5235,3542,25,1,499.0
5236,3543,11,1,199.0
5237,3544,8,2,2999.0
5238,3544,27,1,599.0
5239,3545,4,1,1299.0
5240,3545,11,3,199.0
5241,3545,30,1,799.0
5242,3546,3,1,3499.0
5243,3547,19,3,4499.0
5244,3547,24,1,899.0
5245,3547,19,2,4499.0
5246,3548,11,1,199.0
5247,3549,30,1,799.0
5248,3549,24,1,899.0
5249,3549,6,1,1499.0
5250,3550,2,1,1799.0
5251,3551,30,1,799.0
5252,3552,25,1,499.0
5253,3553,23,1,399.0
5254,3554,6,1,1499.0
5255,3554,15,1,1199.0
5256,3554,3,1,3499.0
5257,3555,6,3,1499.0
5258,3556,9,1,899.0
5259,3557,30,1,799.0
5260,3558,13,1,799.0
5261,3559,7,3,599.0
5262,3559,9,1,899.0
5263,3560,7,1,599.0
5264,3561,29,1,1999.0
5265,3561,11,2,199.0
5266,3562,2,3,1799.0
5267,3563,9,2,899.0
5268,3563,3,3,3499.0
5269,3564,30,1,799.0
5270,3564,3,1,3499.0
5271,3565,9,1,899.0
5272,3566,11,1,199.0
5273,3567,29,2,1999.0
5274,3567,3,1,3499.0
5275,3568,22,1,699.0
5276,3569,30,1,799.0
5277,3569,4,1,1299.0
5278,3569,9,1,899.0
5279,3570,6,1,1499.0
5280,3570,30,1,799.0
5281,3571,25,1,499.0
5282,3572,22,1,699.0
5283,3572,26,1,999.0
5284,3573,5,1,999.0
5285,3574,20,1,3999.0
5286,3574,26,1,999.0
5287,3575,29,1,1999.0
5288,3576,28,2,499.0
5289,3577,7,1,599.0
5290,3578,16,1,3999.0
5291,3579,29,1,1999.0
5292,3580,23,1,399.0
5293,3580,10,1,299.0
5294,3581,18,1,899.0
5295,3582,11,1,199.0
5296,3582,22,1,699.0
5297,3583,8,1,2999.0
5298,3583,6,1,1499.0
5299,3583,22,2,699.0
5300,3584,13,2,799.0
5301,3585,11,1,199.0
5302,3585,8,1,2999.0
5303,3585,26,1,999.0
5304,3586,11,1,199.0
5305,3586,11,2,199.0
5306,3586,15,1,1199.0
5307,3587,20,2,3999.0
5308,3588,23,1,399.0
5309,3589,28,1,499.0
5310,3590,24,1,899.0
5311,3591,1,1,2499.0
5312,3591,21,1,1099.0
5313,3592,11,1,199.0
5314,3593,7,1,599.0
5315,3594,19,3,4499.0
5316,3595,22,1,699.0
5317,3595,17,1,4999.0
5318,3595,11,1,199.0
5319,3596,3,1,3499.0
5320,3597,7,1,599.0
5321,3598,9,3,899.0
5322,3599,8,1,2999.0
5323,3599,30,1,799.0
5324,3599,11,1,199.0
5325,3600,3,1,3499.0
5326,3601,23,1,399.0
5327,3602,4,2,1299.0
5328,3603,13,2,799.0
5329,3603,6,1,1499.0
5330,3604,7,3,599.0
5331,3605,26,1,999.0
5332,3605,11,1,199.0
5333,3606,18,1,899.0
5334,3607,19,1,4499.0
5335,3608,4,1,1299.0
5336,3609,25,1,499.0
5337,3609,4,2,1299.0
5338,3610,17,1,4999.0
5339,3611,14,1,1599.0
5340,3612,11,1,199.0
5341,3612,4,1,1299.0
5342,3613,11,1,199.0
5343,3613,26,1,999.0
5344,3614,24,1,899.0
5345,3615,4,1,1299.0
5346,3615,17,1,4999.0
5347,3616,3,1,3499.0
5348,3617,25,2,499.0
5349,3618,10,1,299.0
5350,3618,5,1,999.0
5351,3618,18,1,899.0
5352,3619,1,2,2499.0
5353,3620,20,1,3999.0
5354,3621,7,2,599.0
5355,3622,4,2,1299.0
5356,3623,24,1,899.0
5357,3624,29,1,1999.0
5358,3624,18,3,899.0
5359,3625,7,1,599.0
5360,3625,23,3,399.0
5361,3625,6,1,1499.0
5362,3626,1,1,2499.0
5363,3626,13,1,799.0
5364,3627,15,3,1199.0
5365,3628,1,1,2499.0
5366,3629,3,1,3499.0
5367,3630,3,1,3499.0
5368,3631,26,1,999.0
5369,3632,8,1,2999.0
5370,3633,11,1,199.0
5371,3633,28,1,499.0
5372,3634,29,2,1999.0
5373,3635,9,1,899.0
5374,3636,4,2,1299.0
5375,3637,25,3,499.0
5376,3637,1,3,2499.0
5377,3638,24,1,899.0
5378,3638,13,1,799.0
5379,3638,20,1,3999.0
5380,3639,11,1,199.0
5381,3639,4,2,1299.0
5382,3639,10,3,299.0
5383,3640,21,1,1099.0
5384,3641,7,1,599.0
5385,3641,23,1,399.0
5386,3641,7,3,599.0
5387,3642,12,3,1299.0
5388,3643,28,1,499.0
5389,3643,17,1,4999.0
5390,3644,19,2,4499.0
5391,3645,3,2,3499.0
5392,3646,24,2,899.0
5393,3647,1,1,2499.0
5394,3648,7,1,599.0
5395,3649,11,1,199.0
5396,3649,24,1,899.0
5397,3650,9,1,899.0
5398,3651,3,1,3499.0
5399,3652,1,2,2499.0
5400,3653,14,2,1599.0
5401,3653,17,1,4999.0
5402,3654,4,2,1299.0
5403,3655,6,3,1499.0
5404,3655,20,2,3999.0
5405,3656,3,1,3499.0
5406,3657,23,1,399.0
5407,3658,1,1,2499.0
5408,3658,4,2,1299.0
5409,3659,25,1,499.0
5410,3659,21,2,1099.0
5411,3659,17,1,4999.0
5412,3660,3,1,3499.0
5413,3661,30,3,799.0
5414,3661,30,2,799.0
5415,3662,18,1,899.0
5416,3663,4,1,1299.0
5417,3664,25,1,499.0
5418,3664,19,1,4499.0
5419,3664,25,1,499.0
5420,3665,12,1,1299.0
5421,3665,9,1,899.0
5422,3666,8,2,2999.0
5423,3667,17,1,4999.0
5424,3668,16,2,3999.0
5425,3668,11,1,199.0
5426,3669,14,1,1599.0
5427,3669,17,2,4999.0
5428,3670,19,2,4499.0
5429,3671,30,2,799.0
5430,3672,17,1,4999.0
5431,3672,26,1,999.0
5432,3673,7,1,599.0
5433,3674,3,1,3499.0
5434,3675,21,2,1099.0
5435,3675,21,1,1099.0
5436,3676,6,1,1499.0
5437,3676,5,2,999.0
5438,3677,4,1,1299.0
5439,3678,7,1,599.0
5440,3678,3,2,3499.0
5441,3679,18,3,899.0
5442,3679,7,1,599.0
5443,3680,10,1,299.0
5444,3680,23,1,399.0
5445,3681,8,1,2999.0
5446,3681,20,3,3999.0
5447,3682,16,1,3999.0
5448,3683,4,1,1299.0
5449,3683,8,2,2999.0
5450,3684,2,1,1799.0
5451,3685,18,1,899.0
5452,3685,19,1,4499.0
5453,3686,26,1,999.0
5454,3687,13,2,799.0
5455,3688,10,1,299.0
5456,3689,25,1,499.0
5457,3689,14,2,1599.0
5458,3690,19,1,4499.0
5459,3691,5,2,999.0
5460,3692,1,3,2499.0
5461,3692,1,1,2499.0
5462,3693,4,1,1299.0
5463,3694,11,3,199.0
5464,3695,23,1,399.0
5465,3696,19,1,4499.0
5466,3696,24,1,899.0
5467,3697,30,1,799.0
5468,3698,4,2,1299.0
5469,3699,14,1,1599.0
5470,3699,7,1,599.0
5471,3700,11,1,199.0
5472,3701,17,1,4999.0
5473,3701,3,1,3499.0
5474,3702,15,1,1199.0
5475,3702,4,1,1299.0
5476,3703,11,1,199.0
5477,3703,3,2,3499.0
5478,3703,9,1,899.0
5479,3704,5,1,999.0
5480,3705,17,3,4999.0
5481,3706,28,2,499.0
5482,3707,11,3,199.0
5483,3708,2,1,1799.0
5484,3709,9,1,899.0
5485,3710,17,1,4999.0
5486,3711,8,1,2999.0
5487,3711,1,3,2499.0
5488,3711,27,2,599.0
5489,3712,4,1,1299.0
5490,3713,6,3,1499.0
5491,3713,30,1,799.0
5492,3713,8,2,2999.0
5493,3714,24,1,899.0
5494,3715,30,1,799.0
5495,3716,7,2,599.0
5496,3716,14,3,1599.0
5497,3717,20,1,3999.0
5498,3717,17,3,4999.0
5499,3718,29,2,1999.0
5500,3719,6,1,1499.0
5501,3719,11,1,199.0
5502,3719,3,3,3499.0
5503,3720,3,1,3499.0
5504,3720,26,1,999.0
5505,3721,15,1,1199.0
5506,3721,4,1,1299.0
5507,3721,18,1,899.0
5508,3722,19,3,4499.0
5509,3723,25,1,499.0
5510,3723,23,2,399.0
5511,3724,19,3,4499.0
5512,3725,4,2,1299.0
5513,3726,21,1,1099.0
5514,3727,14,1,1599.0
5515,3727,18,1,899.0
5516,3728,24,1,899.0
5517,3728,19,1,4499.0
5518,3729,2,1,1799.0
5519,3729,6,1,1499.0
5520,3730,19,1,4499.0
5521,3731,11,3,199.0
5522,3732,28,1,499.0
5523,3733,25,2,499.0
5524,3733,18,2,899.0
5525,3734,13,2,799.0
5526,3734,15,1,1199.0
5527,3735,16,3,3999.0
5528,3736,25,1,499.0
5529,3737,24,2,899.0
5530,3737,11,2,199.0
5531,3738,19,1,4499.0
5532,3738,7,1,599.0
5533,3739,9,1,899.0
5534,3739,11,1,199.0
5535,3740,2,1,1799.0
5536,3740,30,1,799.0
5537,3741,14,1,1599.0
5538,3742,19,1,4499.0
5539,3743,4,1,1299.0
5540,3744,9,1,899.0
5541,3744,10,1,299.0
5542,3745,2,1,1799.0
5543,3745,3,1,3499.0
5544,3745,29,2,1999.0
5545,3746,23,1,399.0
5546,3747,19,1,4499.0
5547,3748,1,2,2499.0
5548,3749,27,1,599.0
5549,3749,22,1,699.0
5550,3750,10,1,299.0
5551,3751,29,1,1999.0
5552,3752,12,1,1299.0
5553,3752,16,2,3999.0
5554,3753,15,2,1199.0
5555,3753,22,1,699.0
5556,3754,6,2,1499.0
5557,3755,30,2,799.0
5558,3755,12,3,1299.0
5559,3756,29,1,1999.0
5560,3757,12,3,1299.0
5561,3757,28,1,499.0
5562,3758,6,2,1499.0
5563,3759,18,2,899.0
5564,3760,17,1,4999.0
5565,3760,21,1,1099.0
5566,3761,18,1,899.0
5567,3762,9,1,899.0
5568,3763,26,2,999.0
5569,3764,14,2,1599.0
5570,3765,19,1,4499.0
5571,3766,6,1,1499.0
5572,3767,21,1,1099.0
5573,3768,30,1,799.0
5574,3768,17,3,4999.0
5575,3768,21,1,1099.0
5576,3769,15,1,1199.0
5577,3769,24,2,899.0
5578,3770,19,3,4499.0
5579,3771,13,1,799.0
5580,3772,7,1,599.0
5581,3772,21,1,1099.0
5582,3772,14,2,1599.0
5583,3773,19,1,4499.0
5584,3774,11,1,199.0
5585,3775,27,1,599.0
5586,3775,19,1,4499.0
5587,3775,1,1,2499.0
5588,3776,12,1,1299.0
5589,3777,24,1,899.0
5590,3778,30,3,799.0
5591,3779,14,1,1599.0
5592,3780,7,1,599.0
5593,3780,30,1,799.0
5594,3781,18,1,899.0
5595,3782,15,1,1199.0
5596,3783,23,1,399.0
5597,3783,27,1,599.0
5598,3784,8,1,2999.0
5599,3785,13,1,799.0
5600,3786,3,1,3499.0
5601,3787,17,1,4999.0
5602,3787,3,1,3499.0
5603,3787,10,2,299.0
5604,3788,14,1,1599.0
5605,3789,6,1,1499.0
5606,3789,6,3,1499.0
5607,3790,8,1,2999.0
5608,3790,20,3,3999.0
5609,3791,26,3,999.0
5610,3792,10,1,299.0
5611,3792,19,2,4499.0
5612,3793,11,1,199.0
5613,3794,29,2,1999.0
5614,3795,6,1,1499.0
5615,3795,19,1,4499.0
5616,3796,23,2,399.0
5617,3796,13,1,799.0
5618,3797,25,1,499.0
5619,3797,3,2,3499.0
5620,3797,19,2,4499.0
5621,3798,15,1,1199.0
5622,3799,30,2,799.0
5623,3800,20,1,3999.0
5624,3800,1,1,2499.0
5625,3801,23,1,399.0
5626,3802,27,1,599.0
5627,3803,21,1,1099.0
5628,3804,15,1,1199.0
5629,3805,6,1,1499.0
5630,3806,6,2,1499.0
5631,3807,21,2,1099.0
5632,3807,5,2,999.0
5633,3808,15,3,1199.0
5634,3808,17,1,4999.0
5635,3808,26,3,999.0
5636,3809,19,3,4499.0
5637,3810,7,2,599.0
5638,3810,9,1,899.0
5639,3810,7,1,599.0
5640,3811,20,3,3999.0
5641,3811,3,1,3499.0
5642,3811,15,1,1199.0
5643,3812,25,1,499.0
5644,3813,15,1,1199.0
5645,3813,17,1,4999.0
5646,3813,8,1,2999.0
5647,3814,3,1,3499.0
5648,3815,22,1,699.0
5649,3815,6,3,1499.0
5650,3815,21,3,1099.0
5651,3816,30,3,799.0
5652,3817,15,1,1199.0
5653,3817,8,3,2999.0
5654,3818,11,2,199.0
5655,3818,4,2,1299.0
5656,3819,4,1,1299.0
5657,3819,26,1,999.0
5658,3820,9,1,899.0
5659,3820,3,1,3499.0
5660,3821,7,1,599.0
5661,3821,30,1,799.0
5662,3821,19,2,4499.0
5663,3822,5,1,999.0
5664,3822,10,1,299.0
5665,3823,6,1,1499.0
5666,3823,25,1,499.0
5667,3824,11,1,199.0
5668,3825,15,1,1199.0
5669,3825,10,1,299.0
5670,3826,6,2,1499.0
5671,3826,6,1,1499.0
5672,3826,27,1,599.0
5673,3827,28,2,499.0
5674,3828,18,2,899.0
5675,3828,15,1,1199.0
5676,3828,16,1,3999.0
5677,3829,3,1,3499.0
5678,3830,27,1,599.0
5679,3831,28,1,499.0
5680,3831,11,1,199.0
5681,3832,15,1,1199.0
5682,3832,17,1,4999.0
5683,3833,23,3,399.0
5684,3834,27,1,599.0
5685,3835,30,1,799.0
5686,3835,16,2,3999.0
5687,3835,19,2,4499.0
5688,3836,7,2,599.0
5689,3837,25,1,499.0
5690,3837,23,1,399.0
5691,3838,18,1,899.0
5692,3839,19,2,4499.0
5693,3840,13,3,799.0
5694,3840,5,1,999.0
5695,3840,30,1,799.0
5696,3841,24,1,899.0
5697,3841,24,2,899.0
5698,3842,4,1,1299.0
5699,3843,11,2,199.0
5700,3843,26,1,999.0
5701,3844,8,3,2999.0
5702,3844,28,1,499.0
5703,3845,6,1,1499.0
5704,3846,18,1,899.0
5705,3847,19,1,4499.0
5706,3848,9,2,899.0
5707,3849,1,1,2499.0
5708,3850,3,3,3499.0
5709,3851,7,3,599.0
5710,3851,26,1,999.0
5711,3852,19,1,4499.0
5712,3853,20,3,3999.0
5713,3854,25,1,499.0
5714,3855,13,1,799.0
5715,3855,3,1,3499.0
5716,3856,10,1,299.0
5717,3856,27,1,599.0
5718,3857,11,1,199.0
5719,3857,9,1,899.0
5720,3858,19,1,4499.0
5721,3859,25,2,499.0
5722,3859,19,3,4499.0
5723,3860,27,1,599.0
5724,3860,29,2,1999.0
5725,3861,23,1,399.0
5726,3862,6,1,1499.0
5727,3862,15,2,1199.0
5728,3863,24,1,899.0
5729,3864,7,1,599.0
5730,3864,23,1,399.0
5731,3865,20,1,3999.0
5732,3865,3,1,3499.0
5733,3866,6,1,1499.0
5734,3866,7,1,599.0
5735,3867,6,2,1499.0
5736,3868,19,1,4499.0
5737,3868,18,1,899.0
5738,3869,27,1,599.0
5739,3870,17,1,4999.0
5740,3871,23,2,399.0
5741,3871,24,2,899.0
5742,3872,21,1,1099.0
5743,3872,14,1,1599.0
5744,3873,4,2,1299.0
5745,3874,26,2,999.0
5746,3874,30,1,799.0
5747,3875,19,3,4499.0
5748,3876,3,1,3499.0
5749,3877,25,1,499.0
5750,3878,3,1,3499.0
5751,3879,6,1,1499.0
5752,3879,23,2,399.0
5753,3880,30,2,799.0
5754,3880,3,1,3499.0
5755,3880,27,1,599.0
5756,3881,8,1,2999.0
5757,3881,4,2,1299.0
5758,3882,7,3,599.0
5759,3882,10,1,299.0
5760,3883,23,1,399.0
5761,3884,21,1,1099.0
5762,3885,25,2,499.0
5763,3886,20,3,3999.0
5764,3886,3,1,3499.0
5765,3887,23,1,399.0
5766,3888,17,1,4999.0
5767,3888,3,1,3499.0
5768,3889,8,3,2999.0
5769,3890,7,2,599.0
5770,3890,7,1,599.0
5771,3891,9,2,899.0
5772,3891,18,2,899.0
5773,3892,6,1,1499.0
5774,3893,9,1,899.0
5775,3893,8,1,2999.0
5776,3894,19,1,4499.0
5777,3894,22,2,699.0
5778,3895,9,1,899.0
5779,3895,21,1,1099.0
5780,3896,26,1,999.0
5781,3897,30,3,799.0
5782,3897,6,2,1499.0
5783,3898,17,1,4999.0
5784,3898,17,1,4999.0
5785,3898,7,1,599.0
5786,3899,10,1,299.0
5787,3900,15,2,1199.0
5788,3901,4,1,1299.0
5789,3901,9,2,899.0
5790,3902,7,1,599.0
5791,3903,24,1,899.0
5792,3904,6,1,1499.0
5793,3905,3,1,3499.0
5794,3906,6,2,1499.0
5795,3907,11,1,199.0
5796,3907,23,1,399.0
5797,3908,25,2,499.0
5798,3909,30,2,799.0
5799,3910,9,3,899.0
5800,3910,10,1,299.0
5801,3911,25,1,499.0
5802,3911,19,1,4499.0
5803,3911,5,1,999.0
5804,3912,21,1,1099.0
5805,3912,22,2,699.0
5806,3912,24,1,899.0
5807,3913,26,3,999.0
5808,3913,20,1,3999.0
5809,3914,24,1,899.0
5810,3915,1,1,2499.0
5811,3915,24,2,899.0
5812,3915,23,3,399.0
5813,3916,8,2,2999.0
5814,3917,11,2,199.0
5815,3918,9,2,899.0
5816,3918,6,3,1499.0
5817,3919,17,1,4999.0
5818,3920,25,1,499.0
5819,3920,12,1,1299.0
5820,3921,30,2,799.0
5821,3922,30,1,799.0
5822,3923,21,1,1099.0
5823,3923,9,1,899.0
5824,3924,5,1,999.0
5825,3925,21,1,1099.0
5826,3925,1,1,2499.0
5827,3926,8,1,2999.0
5828,3926,29,2,1999.0
5829,3927,29,1,1999.0
5830,3927,3,3,3499.0
5831,3927,19,2,4499.0
5832,3928,23,2,399.0
5833,3928,27,1,599.0
5834,3929,14,1,1599.0
5835,3930,4,1,1299.0
5836,3930,11,1,199.0
5837,3930,13,2,799.0
5838,3931,4,2,1299.0
5839,3932,14,1,1599.0
5840,3932,24,1,899.0
5841,3932,29,1,1999.0
5842,3933,9,1,899.0
5843,3934,3,1,3499.0
5844,3935,10,1,299.0
5845,3936,6,2,1499.0
5846,3936,15,1,1199.0
5847,3936,9,2,899.0
5848,3937,8,1,2999.0
5849,3938,14,1,1599.0
5850,3939,9,1,899.0
5851,3940,25,1,499.0
5852,3940,6,1,1499.0
5853,3941,11,2,199.0
5854,3942,25,1,499.0
5855,3942,17,3,4999.0
5856,3942,11,1,199.0
5857,3943,23,1,399.0
5858,3943,25,2,499.0
5859,3943,1,1,2499.0
5860,3944,19,2,4499.0
5861,3945,23,3,399.0
5862,3945,2,2,1799.0
5863,3946,26,1,999.0
5864,3947,21,1,1099.0
5865,3948,29,1,1999.0
5866,3948,3,1,3499.0
5867,3949,9,1,899.0
5868,3950,23,1,399.0
5869,3951,15,1,1199.0
5870,3952,23,2,399.0
5871,3953,30,1,799.0
5872,3954,27,1,599.0
5873,3954,11,1,199.0
5874,3955,1,3,2499.0
5875,3955,24,2,899.0
5876,3956,10,1,299.0
5877,3957,4,1,1299.0
5878,3958,18,1,899.0
5879,3958,10,2,299.0
5880,3959,18,1,899.0
5881,3959,12,1,1299.0
5882,3960,21,1,1099.0
5883,3960,15,1,1199.0
5884,3960,25,2,499.0
5885,3961,18,1,899.0
5886,3962,23,1,399.0
5887,3963,9,1,899.0
5888,3963,27,1,599.0
5889,3964,26,1,999.0
5890,3965,15,1,1199.0
5891,3965,19,3,4499.0
5892,3966,19,1,4499.0
5893,3966,13,1,799.0
5894,3967,29,1,1999.0
5895,3968,17,2,4999.0
5896,3968,11,1,199.0
5897,3969,21,1,1099.0
5898,3969,21,2,1099.0
5899,3970,1,1,2499.0
5900,3971,30,1,799.0
5901,3971,10,1,299.0
5902,3972,6,2,1499.0
5903,3972,27,1,599.0
5904,3972,20,2,3999.0
5905,3973,7,1,599.0
5906,3974,11,1,199.0
5907,3974,3,1,3499.0
5908,3975,27,1,599.0
5909,3976,19,1,4499.0
5910,3977,8,1,2999.0
5911,3978,18,2,899.0
5912,3979,9,1,899.0
5913,3980,9,1,899.0
5914,3981,17,3,4999.0
5915,3982,28,1,499.0
5916,3982,17,1,4999.0
5917,3983,20,1,3999.0
5918,3984,1,1,2499.0
5919,3985,24,1,899.0
5920,3986,23,1,399.0
5921,3987,22,2,699.0
5922,3988,15,1,1199.0
5923,3989,1,1,2499.0
5924,3989,18,1,899.0
5925,3990,1,1,2499.0
5926,3990,23,1,399.0
5927,3990,23,2,399.0
5928,3991,20,1,3999.0
5929,3991,19,1,4499.0
5930,3992,24,1,899.0
5931,3993,8,3,2999.0
5932,3993,20,1,3999.0
5933,3993,1,1,2499.0
5934,3994,12,1,1299.0
5935,3995,30,1,799.0
5936,3996,23,2,399.0
5937,3997,1,1,2499.0
5938,3997,28,1,499.0
5939,3997,17,2,4999.0
5940,3998,28,1,499.0
5941,3999,7,1,599.0
5942,4000,15,1,1199.0
5943,4000,3,1,3499.0
5944,4001,20,1,3999.0
5945,4002,7,2,599.0
5946,4003,9,3,899.0
5947,4004,1,1,2499.0
5948,4005,6,2,1499.0
5949,4006,27,1,599.0
5950,4007,8,1,2999.0
5951,4008,3,1,3499.0
5952,4008,24,1,899.0
5953,4009,11,1,199.0
5954,4009,24,2,899.0
5955,4010,27,1,599.0
5956,4010,9,1,899.0
5957,4011,25,1,499.0
5958,4012,7,1,599.0
5959,4013,18,2,899.0
5960,4014,26,1,999.0
5961,4015,14,3,1599.0
5962,4016,23,1,399.0
5963,4017,18,1,899.0
5964,4018,10,1,299.0
5965,4019,25,1,499.0
5966,4020,20,1,3999.0
5967,4021,6,1,1499.0
5968,4022,24,3,899.0
5969,4022,15,3,1199.0
5970,4023,18,1,899.0
5971,4024,10,3,299.0
5972,4025,25,1,499.0
5973,4025,29,1,1999.0
5974,4025,17,1,4999.0
5975,4026,11,1,199.0
5976,4027,30,1,799.0
5977,4028,11,1,199.0
5978,4028,20,1,3999.0
5979,4028,12,2,1299.0
5980,4029,22,2,699.0
5981,4030,19,1,4499.0
5982,4030,3,1,3499.0
5983,4031,18,3,899.0
5984,4031,24,1,899.0
5985,4032,17,1,4999.0
5986,4032,30,2,799.0
5987,4033,4,2,1299.0
5988,4034,10,1,299.0
5989,4035,11,1,199.0
5990,4036,21,1,1099.0
5991,4037,3,1,3499.0
5992,4038,17,1,4999.0
5993,4038,9,1,899.0
5994,4039,18,2,899.0
5995,4040,4,3,1299.0
5996,4041,7,1,599.0
5997,4042,15,1,1199.0
5998,4042,3,1,3499.0
5999,4043,13,2,799.0
6000,4043,27,1,599.0
6001,4044,8,1,2999.0
6002,4044,3,1,3499.0
6003,4045,25,1,499.0
6004,4046,30,1,799.0
6005,4047,1,3,2499.0
6006,4048,13,1,799.0
6007,4048,11,1,199.0
6008,4049,6,1,1499.0
6009,4050,28,3,499.0
6010,4051,11,1,199.0
6011,4052,8,1,2999.0
6012,4052,24,1,899.0
6013,4053,9,1,899.0
6014,4053,9,1,899.0
6015,4053,25,1,499.0
6016,4054,18,2,899.0
6017,4054,4,3,1299.0
6018,4055,10,2,299.0
6019,4056,22,1,699.0
6020,4057,30,1,799.0
6021,4058,22,2,699.0
6022,4059,26,1,999.0
6023,4059,24,3,899.0
6024,4059,3,2,3499.0
6025,4060,15,1,1199.0
6026,4060,25,1,499.0
6027,4061,5,2,999.0
6028,4061,28,1,499.0
6029,4062,19,1,4499.0
6030,4063,4,1,1299.0
6031,4064,10,1,299.0
6032,4064,23,1,399.0
6033,4064,9,1,899.0
6034,4065,10,1,299.0
6035,4065,21,1,1099.0
6036,4065,4,2,1299.0
6037,4066,8,1,2999.0
6038,4067,27,3,599.0
6039,4068,9,3,899.0
6040,4069,16,1,3999.0
6041,4070,14,1,1599.0
6042,4071,17,1,4999.0
6043,4072,3,1,3499.0
6044,4073,21,2,1099.0
6045,4074,6,1,1499.0
6046,4075,19,1,4499.0
6047,4076,7,3,599.0
6048,4076,19,1,4499.0
6049,4076,3,3,3499.0
6050,4077,11,1,199.0
6051,4077,9,3,899.0
6052,4078,15,2,1199.0
6053,4078,10,1,299.0
6054,4079,13,1,799.0
6055,4080,23,2,399.0
6056,4081,18,1,899.0
6057,4082,17,1,4999.0
6058,4083,25,1,499.0
6059,4084,4,1,1299.0
6060,4084,15,1,1199.0
6061,4085,27,1,599.0
6062,4086,7,1,599.0
6063,4087,1,1,2499.0
6064,4087,30,2,799.0
6065,4088,17,1,4999.0
6066,4088,25,1,499.0
6067,4089,25,3,499.0
6068,4090,13,3,799.0
6069,4090,25,1,499.0
6070,4091,16,1,3999.0
6071,4091,6,2,1499.0
6072,4092,24,2,899.0
6073,4093,18,1,899.0
6074,4093,19,3,4499.0
6075,4094,27,1,599.0
6076,4094,1,1,2499.0
6077,4095,7,3,599.0
6078,4096,8,2,2999.0
6079,4096,4,1,1299.0
6080,4097,30,1,799.0
6081,4098,14,2,1599.0
6082,4098,22,3,699.0
6083,4099,3,1,3499.0
6084,4099,18,3,899.0
6085,4099,24,2,899.0
6086,4100,3,1,3499.0
6087,4101,23,1,399.0
6088,4102,6,1,1499.0
6089,4103,17,1,4999.0
6090,4104,9,1,899.0
6091,4104,3,1,3499.0
6092,4105,19,2,4499.0
6093,4105,24,2,899.0
6094,4105,19,1,4499.0
6095,4106,1,1,2499.0
6096,4107,16,1,3999.0
6097,4108,7,1,599.0
6098,4109,3,2,3499.0
6099,4109,11,2,199.0
6100,4110,18,1,899.0
6101,4111,3,3,3499.0
6102,4112,11,1,199.0
6103,4112,14,1,1599.0
6104,4112,30,1,799.0
6105,4113,6,1,1499.0
6106,4114,15,1,1199.0
6107,4115,10,3,299.0
6108,4116,27,1,599.0
6109,4117,1,1,2499.0
6110,4118,30,1,799.0
6111,4119,11,2,199.0
6112,4119,15,1,1199.0
6113,4120,17,2,4999.0
6114,4120,20,1,3999.0
6115,4121,15,2,1199.0
6116,4121,18,2,899.0
6117,4121,27,3,599.0
6118,4122,6,1,1499.0
6119,4123,24,2,899.0
6120,4124,13,2,799.0
6121,4125,8,1,2999.0
6122,4126,23,1,399.0
6123,4126,7,1,599.0
6124,4127,13,1,799.0
6125,4128,25,1,499.0
6126,4129,9,1,899.0
6127,4129,24,1,899.0
6128,4130,16,1,3999.0
6129,4130,6,1,1499.0
6130,4130,18,1,899.0
6131,4131,9,2,899.0
6132,4131,14,1,1599.0
6133,4132,22,1,699.0
6134,4133,9,1,899.0
6135,4133,4,1,1299.0
6136,4134,12,1,1299.0
6137,4134,11,1,199.0
6138,4135,11,1,199.0
6139,4135,27,1,599.0
6140,4135,19,1,4499.0
6141,4136,30,1,799.0
6142,4137,1,1,2499.0
6143,4137,15,1,1199.0
6144,4138,9,1,899.0
6145,4139,14,1,1599.0
6146,4140,7,2,599.0
6147,4141,29,1,1999.0
6148,4142,27,1,599.0
6149,4142,21,1,1099.0
6150,4142,14,2,1599.0
6151,4143,14,1,1599.0
6152,4144,4,1,1299.0
6153,4144,26,1,999.0
6154,4145,6,1,1499.0
6155,4146,8,1,2999.0
6156,4147,15,3,1199.0
6157,4147,9,1,899.0
6158,4147,1,1,2499.0
6159,4148,25,1,499.0
6160,4148,24,1,899.0
6161,4149,16,1,3999.0
6162,4150,6,1,1499.0
6163,4151,12,2,1299.0
6164,4152,8,1,2999.0
6165,4153,1,1,2499.0
6166,4154,24,2,899.0
6167,4154,23,1,399.0
6168,4155,15,1,1199.0
6169,4155,8,1,2999.0
6170,4156,23,1,399.0
6171,4157,19,1,4499.0
6172,4158,3,2,3499.0
6173,4158,25,1,499.0
6174,4159,11,1,199.0
6175,4159,10,3,299.0
6176,4160,18,1,899.0
6177,4161,3,1,3499.0
6178,4161,28,1,499.0
6179,4162,3,3,3499.0
6180,4163,3,3,3499.0
6181,4164,25,3,499.0
6182,4164,27,1,599.0
6183,4164,24,1,899.0
6184,4165,8,1,2999.0
6185,4165,27,1,599.0
6186,4165,15,1,1199.0
6187,4166,25,1,499.0
6188,4167,11,1,199.0
6189,4167,4,1,1299.0
6190,4168,25,1,499.0
6191,4168,3,1,3499.0
6192,4168,10,1,299.0
6193,4169,22,1,699.0
6194,4170,15,1,1199.0
6195,4171,7,1,599.0
6196,4171,20,1,3999.0
6197,4172,8,2,2999.0
6198,4173,17,1,4999.0
6199,4174,28,1,499.0
6200,4175,10,1,299.0
6201,4175,23,1,399.0
6202,4175,15,1,1199.0
6203,4176,5,1,999.0
6204,4177,19,3,4499.0
6205,4177,17,1,4999.0
6206,4178,15,1,1199.0
6207,4179,15,1,1199.0
6208,4179,22,2,699.0
6209,4180,9,1,899.0
6210,4181,27,1,599.0
6211,4181,20,1,3999.0
6212,4182,10,1,299.0
6213,4183,13,1,799.0
6214,4184,5,2,999.0
6215,4185,10,2,299.0
6216,4186,6,1,1499.0
6217,4186,19,1,4499.0
6218,4187,24,1,899.0
6219,4188,28,2,499.0
6220,4188,12,1,1299.0
6221,4189,30,1,799.0
6222,4190,3,2,3499.0
6223,4191,24,1,899.0
6224,4192,3,3,3499.0
6225,4193,3,2,3499.0
6226,4193,7,1,599.0
6227,4194,20,1,3999.0
6228,4194,20,1,3999.0
6229,4194,30,1,799.0
6230,4195,30,1,799.0
6231,4195,23,1,399.0
6232,4196,6,1,1499.0
6233,4196,1,2,2499.0
6234,4197,29,1,1999.0
6235,4197,2,3,1799.0
6236,4198,13,1,799.0
6237,4199,6,1,1499.0
6238,4200,23,2,399.0
6239,4201,26,2,999.0
6240,4201,17,1,4999.0
6241,4202,23,1,399.0
6242,4203,9,2,899.0
6243,4203,19,1,4499.0
6244,4204,24,1,899.0
6245,4205,20,1,3999.0
6246,4206,6,1,1499.0
6247,4206,3,3,3499.0
6248,4207,17,2,4999.0
6249,4207,24,1,899.0
6250,4207,9,1,899.0
6251,4208,24,1,899.0
6252,4208,24,1,899.0
6253,4209,30,1,799.0
6254,4210,6,1,1499.0
6255,4210,4,1,1299.0
6256,4210,30,1,799.0
6257,4211,27,1,599.0
6258,4212,8,3,2999.0
6259,4213,15,1,1199.0
6260,4214,7,3,599.0
6261,4215,24,2,899.0
6262,4216,24,3,899.0
6263,4217,20,1,3999.0
6264,4218,28,1,499.0
6265,4218,12,1,1299.0
6266,4219,27,1,599.0
6267,4219,7,1,599.0
6268,4219,7,1,599.0
6269,4220,13,1,799.0
6270,4221,9,1,899.0
6271,4222,19,2,4499.0
6272,4222,19,1,4499.0
6273,4223,3,1,3499.0
6274,4224,17,2,4999.0
6275,4225,6,2,1499.0
6276,4225,21,1,1099.0
6277,4226,1,1,2499.0
6278,4227,23,1,399.0
6279,4227,18,1,899.0
6280,4227,27,1,599.0
6281,4228,11,1,199.0
6282,4228,1,1,2499.0
6283,4229,24,1,899.0
6284,4229,15,1,1199.0
6285,4229,26,1,999.0
6286,4230,7,1,599.0
6287,4231,13,1,799.0
6288,4232,13,3,799.0
6289,4233,4,1,1299.0
6290,4234,10,2,299.0
6291,4235,11,1,199.0
6292,4236,13,1,799.0
6293,4237,20,1,3999.0
6294,4237,23,1,399.0
6295,4238,30,3,799.0
6296,4239,15,1,1199.0
6297,4240,3,1,3499.0
6298,4240,13,1,799.0
6299,4240,6,1,1499.0
6300,4241,23,3,399.0
6301,4241,16,2,3999.0
6302,4242,9,2,899.0
6303,4242,18,1,899.0
6304,4243,5,1,999.0
6305,4244,9,3,899.0
6306,4245,22,1,699.0
6307,4246,22,1,699.0
6308,4247,8,2,2999.0
6309,4248,7,1,599.0
6310,4249,14,2,1599.0
6311,4250,7,1,599.0
6312,4250,19,1,4499.0
6313,4251,8,1,2999.0
6314,4251,10,2,299.0
6315,4251,17,1,4999.0
6316,4252,24,2,899.0
6317,4252,19,2,4499.0
6318,4252,16,1,3999.0
6319,4253,3,3,3499.0
6320,4254,1,2,2499.0
6321,4255,27,1,599.0
6322,4255,18,1,899.0
6323,4256,6,2,1499.0
6324,4257,22,1,699.0
6325,4258,24,1,899.0
6326,4258,10,1,299.0
6327,4259,10,1,299.0
6328,4259,29,1,1999.0
6329,4259,18,1,899.0
6330,4260,9,1,899.0
6331,4260,6,1,1499.0
6332,4261,4,3,1299.0
6333,4262,30,1,799.0
6334,4262,25,1,499.0
6335,4263,7,2,599.0
6336,4263,3,1,3499.0
6337,4263,24,1,899.0
6338,4264,4,1,1299.0
6339,4265,25,1,499.0
6340,4266,25,2,499.0
6341,4266,20,1,3999.0
6342,4267,3,1,3499.0
6343,4267,19,2,4499.0
6344,4268,15,1,1199.0
6345,4269,24,1,899.0
6346,4270,25,3,499.0
6347,4271,25,2,499.0
6348,4272,8,1,2999.0
6349,4273,15,1,1199.0
6350,4274,16,1,3999.0
6351,4274,17,1,4999.0
6352,4275,15,3,1199.0
6353,4276,25,1,499.0
6354,4277,9,1,899.0
6355,4277,18,1,899.0
6356,4278,2,1,1799.0
6357,4279,12,1,1299.0
6358,4279,24,1,899.0
6359,4280,6,1,1499.0
6360,4281,7,1,599.0
6361,4282,22,1,699.0
6362,4282,9,1,899.0
6363,4283,20,2,3999.0
6364,4284,4,1,1299.0
6365,4285,23,1,399.0
6366,4286,18,1,899.0
6367,4287,28,2,499.0
6368,4288,25,1,499.0
6369,4288,19,1,4499.0
6370,4289,15,2,1199.0
6371,4290,4,1,1299.0
6372,4291,15,1,1199.0
6373,4292,25,1,499.0
6374,4293,15,2,1199.0
6375,4293,18,2,899.0
6376,4294,19,1,4499.0
6377,4295,25,1,499.0
6378,4296,17,1,4999.0
6379,4297,8,1,2999.0
6380,4297,3,1,3499.0
6381,4297,23,1,399.0
6382,4298,18,1,899.0
6383,4299,3,1,3499.0
6384,4300,19,1,4499.0
6385,4300,23,2,399.0
6386,4301,9,1,899.0
6387,4301,26,1,999.0
6388,4301,22,1,699.0
6389,4302,19,2,4499.0
6390,4303,21,1,1099.0
6391,4303,29,3,1999.0
6392,4303,30,1,799.0
6393,4304,22,2,699.0
6394,4305,7,1,599.0
6395,4306,20,1,3999.0
6396,4307,19,1,4499.0
6397,4307,14,1,1599.0
6398,4307,11,2,199.0
6399,4308,3,1,3499.0
6400,4308,10,1,299.0
6401,4309,23,2,399.0
6402,4309,8,1,2999.0
6403,4310,27,1,599.0
6404,4311,27,1,599.0
6405,4311,20,1,3999.0
6406,4312,30,1,799.0
6407,4313,23,1,399.0
6408,4314,11,1,199.0
6409,4315,23,1,399.0
6410,4316,4,1,1299.0
6411,4317,19,1,4499.0
6412,4318,7,1,599.0
6413,4318,21,3,1099.0
6414,4319,6,1,1499.0
6415,4320,9,1,899.0
6416,4321,9,1,899.0
6417,4322,19,1,4499.0
6418,4323,24,1,899.0
6419,4324,29,3,1999.0
6420,4324,9,1,899.0
6421,4325,6,1,1499.0
6422,4325,19,2,4499.0
6423,4325,3,1,3499.0
6424,4326,26,2,999.0
6425,4327,7,2,599.0
6426,4328,7,1,599.0
6427,4328,25,1,499.0
6428,4329,9,3,899.0
6429,4329,26,1,999.0
6430,4329,13,1,799.0
6431,4330,4,3,1299.0
6432,4331,18,1,899.0
6433,4331,27,1,599.0
6434,4332,16,2,3999.0
6435,4333,2,1,1799.0
6436,4334,1,2,2499.0
6437,4334,26,1,999.0
6438,4335,23,2,399.0
6439,4335,28,1,499.0
6440,4336,12,1,1299.0
6441,4337,16,1,3999.0
6442,4337,15,2,1199.0
6443,4338,18,1,899.0
6444,4338,17,1,4999.0
6445,4339,11,1,199.0
6446,4340,17,1,4999.0
6447,4340,6,2,1499.0
6448,4341,3,1,3499.0
6449,4341,7,2,599.0
6450,4342,20,1,3999.0
6451,4343,3,1,3499.0
6452,4344,11,2,199.0
6453,4345,8,1,2999.0
6454,4346,13,1,799.0
6455,4346,11,2,199.0
6456,4347,18,1,899.0
6457,4348,10,2,299.0
6458,4349,3,2,3499.0
6459,4350,19,1,4499.0
6460,4350,11,1,199.0
6461,4351,3,1,3499.0
6462,4351,10,1,299.0
6463,4351,24,1,899.0
6464,4352,29,1,1999.0
6465,4352,7,2,599.0
6466,4353,11,2,199.0
6467,4354,2,2,1799.0
6468,4354,25,1,499.0
6469,4354,17,1,4999.0
6470,4355,16,1,3999.0
6471,4355,23,1,399.0
6472,4356,25,1,499.0
6473,4356,24,1,899.0
6474,4357,12,2,1299.0
6475,4357,24,1,899.0
6476,4357,25,1,499.0
6477,4358,16,1,3999.0
6478,4359,23,2,399.0
6479,4360,1,2,2499.0
6480,4360,15,1,1199.0
6481,4361,22,1,699.0
6482,4361,4,1,1299.0
6483,4361,21,1,1099.0
6484,4362,30,1,799.0
6485,4363,24,1,899.0
6486,4364,15,3,1199.0
6487,4364,8,1,2999.0
6488,4365,9,1,899.0
6489,4365,26,2,999.0
6490,4366,19,1,4499.0
6491,4367,23,1,399.0
6492,4368,30,1,799.0
6493,4368,7,3,599.0
6494,4369,3,1,3499.0
6495,4370,18,2,899.0
6496,4370,17,2,4999.0
6497,4371,23,3,399.0
6498,4372,19,1,4499.0
6499,4373,17,1,4999.0
6500,4374,15,1,1199.0
6501,4375,23,1,399.0
6502,4376,13,2,799.0
6503,4376,16,2,3999.0
6504,4377,19,2,4499.0
6505,4378,9,1,899.0
6506,4379,7,1,599.0
6507,4379,10,1,299.0
6508,4380,6,1,1499.0
6509,4381,7,1,599.0
6510,4381,13,1,799.0
6511,4381,14,1,1599.0
6512,4382,8,1,2999.0
6513,4383,22,2,699.0
6514,4383,8,3,2999.0
6515,4384,15,1,1199.0
6516,4384,14,3,1599.0
6517,4384,16,2,3999.0
6518,4385,22,3,699.0
6519,4385,23,1,399.0
6520,4386,19,1,4499.0
6521,4386,30,2,799.0
6522,4387,20,1,3999.0
6523,4388,17,1,4999.0
6524,4388,11,3,199.0
6525,4388,12,2,1299.0
6526,4389,17,1,4999.0
6527,4389,24,3,899.0
6528,4390,7,1,599.0
6529,4391,7,2,599.0
6530,4391,4,2,1299.0
6531,4392,19,1,4499.0
6532,4393,3,1,3499.0
6533,4393,7,3,599.0
6534,4394,19,2,4499.0
6535,4395,11,1,199.0
6536,4396,4,3,1299.0
6537,4396,3,1,3499.0
6538,4397,3,1,3499.0
6539,4398,15,1,1199.0
6540,4399,14,1,1599.0
6541,4399,27,1,599.0
6542,4400,24,1,899.0
6543,4400,11,1,199.0
6544,4401,3,1,3499.0
6545,4402,28,1,499.0
6546,4403,7,1,599.0
6547,4404,26,1,999.0
6548,4405,25,2,499.0
6549,4406,24,1,899.0
6550,4406,9,1,899.0
6551,4407,9,2,899.0
6552,4407,19,1,4499.0
6553,4407,24,1,899.0
6554,4408,23,3,399.0
6555,4409,22,1,699.0
6556,4410,18,2,899.0
6557,4410,1,2,2499.0
6558,4411,7,1,599.0
6559,4412,19,2,4499.0
6560,4412,15,1,1199.0
6561,4413,15,1,1199.0
6562,4414,24,2,899.0
6563,4414,24,2,899.0
6564,4415,21,1,1099.0
6565,4416,17,1,4999.0
6566,4416,2,1,1799.0
6567,4416,2,1,1799.0
6568,4417,8,1,2999.0
6569,4418,10,1,299.0
6570,4419,30,1,799.0
6571,4419,8,2,2999.0
6572,4420,7,1,599.0
6573,4420,7,3,599.0
6574,4421,23,1,399.0
6575,4422,7,2,599.0
6576,4422,14,1,1599.0
6577,4422,29,1,1999.0
6578,4423,6,1,1499.0
6579,4424,19,1,4499.0
6580,4425,7,1,599.0
6581,4426,29,1,1999.0
6582,4426,5,3,999.0
6583,4426,24,1,899.0
6584,4427,9,2,899.0
6585,4427,23,1,399.0
6586,4428,4,1,1299.0
6587,4429,8,2,2999.0
6588,4429,4,2,1299.0
6589,4430,20,3,3999.0
6590,4431,20,1,3999.0
6591,4432,8,1,2999.0
6592,4432,30,1,799.0
6593,4432,9,1,899.0
6594,4433,3,1,3499.0
6595,4434,16,1,3999.0
6596,4434,18,1,899.0
6597,4435,13,3,799.0
6598,4435,15,1,1199.0
6599,4435,6,1,1499.0
6600,4436,30,1,799.0
6601,4436,4,1,1299.0
6602,4437,18,1,899.0
6603,4437,4,1,1299.0
6604,4438,3,1,3499.0
6605,4438,7,3,599.0
6606,4439,30,3,799.0
6607,4439,26,1,999.0
6608,4440,1,1,2499.0
6609,4441,13,1,799.0
6610,4442,6,1,1499.0
6611,4443,19,3,4499.0
6612,4443,8,1,2999.0
6613,4443,9,2,899.0
6614,4444,27,1,599.0
6615,4445,11,2,199.0
6616,4446,19,1,4499.0
6617,4447,25,3,499.0
6618,4448,21,1,1099.0
6619,4448,4,1,1299.0
6620,4448,24,3,899.0
6621,4449,10,1,299.0
6622,4450,6,2,1499.0
6623,4451,25,2,499.0
6624,4451,3,1,3499.0
6625,4452,7,1,599.0
6626,4453,19,1,4499.0
6627,4454,9,3,899.0
6628,4454,17,1,4999.0
6629,4455,12,3,1299.0
6630,4455,19,1,4499.0
6631,4456,9,1,899.0
6632,4457,9,3,899.0
6633,4458,9,1,899.0
6634,4458,7,1,599.0
6635,4459,28,1,499.0
6636,4459,17,1,4999.0
6637,4460,13,3,799.0
6638,4460,27,1,599.0
6639,4461,25,3,499.0
6640,4462,8,1,2999.0
6641,4463,29,1,1999.0
6642,4463,12,3,1299.0
6643,4464,13,1,799.0
6644,4464,13,1,799.0
6645,4465,25,1,499.0
6646,4466,30,3,799.0
6647,4467,1,1,2499.0
6648,4468,11,1,199.0
6649,4469,18,3,899.0
6650,4470,25,2,499.0
6651,4470,7,3,599.0
6652,4471,23,1,399.0
6653,4471,26,3,999.0
6654,4471,5,1,999.0
6655,4472,10,1,299.0
6656,4472,4,1,1299.0
6657,4473,18,2,899.0
6658,4474,16,1,3999.0
6659,4475,27,1,599.0
6660,4476,9,1,899.0
6661,4476,9,2,899.0
6662,4477,30,1,799.0
6663,4477,13,3,799.0
6664,4478,15,3,1199.0
6665,4479,26,1,999.0
6666,4480,22,1,699.0
6667,4481,12,1,1299.0
6668,4482,21,1,1099.0
6669,4483,15,1,1199.0
6670,4484,12,1,1299.0
6671,4485,3,1,3499.0
6672,4486,4,2,1299.0
6673,4487,22,1,699.0
6674,4488,22,1,699.0
6675,4489,28,1,499.0
6676,4489,1,1,2499.0
6677,4490,20,1,3999.0
6678,4490,29,1,1999.0
6679,4490,11,3,199.0
6680,4491,8,2,2999.0
6681,4491,21,1,1099.0
6682,4492,7,1,599.0
6683,4493,11,1,199.0
6684,4493,24,1,899.0
6685,4494,14,1,1599.0
6686,4495,2,1,1799.0
6687,4495,18,1,899.0
6688,4495,28,1,499.0
6689,4496,15,1,1199.0
6690,4496,15,3,1199.0
6691,4497,6,1,1499.0
6692,4498,11,1,199.0
6693,4498,16,2,3999.0
6694,4499,8,1,2999.0
6695,4499,4,1,1299.0
6696,4500,5,2,999.0
6697,4501,21,3,1099.0
6698,4502,27,1,599.0
6699,4502,26,1,999.0
6700,4503,16,1,3999.0
6701,4504,11,1,199.0
6702,4505,7,1,599.0
6703,4506,13,1,799.0
6704,4507,28,1,499.0
6705,4508,12,2,1299.0
6706,4508,6,2,1499.0
6707,4508,17,2,4999.0
6708,4509,14,1,1599.0
6709,4510,21,1,1099.0
6710,4510,30,2,799.0
6711,4510,12,1,1299.0
6712,4511,11,3,199.0
6713,4511,11,2,199.0
6714,4512,25,2,499.0
6715,4513,15,2,1199.0
6716,4514,1,1,2499.0
6717,4514,25,2,499.0
6718,4515,19,2,4499.0
6719,4515,25,2,499.0
6720,4516,27,1,599.0
6721,4517,2,1,1799.0
6722,4518,24,2,899.0
6723,4518,6,1,1499.0
6724,4519,24,1,899.0
6725,4520,8,2,2999.0
6726,4521,3,1,3499.0
6727,4521,19,1,4499.0
6728,4522,8,1,2999.0
6729,4523,16,1,3999.0
6730,4523,2,1,1799.0
6731,4524,18,3,899.0
6732,4525,8,1,2999.0
6733,4526,1,1,2499.0
6734,4526,6,1,1499.0
6735,4526,7,3,599.0
6736,4527,7,1,599.0
6737,4527,13,1,799.0
6738,4528,9,1,899.0
6739,4528,8,3,2999.0
6740,4528,11,1,199.0
6741,4529,24,1,899.0
6742,4530,22,2,699.0
6743,4531,3,2,3499.0
6744,4531,7,1,599.0
6745,4531,5,1,999.0
6746,4532,15,2,1199.0
6747,4532,14,1,1599.0
6748,4533,18,1,899.0
6749,4533,21,1,1099.0
6750,4534,21,1,1099.0
6751,4535,3,2,3499.0
6752,4535,20,3,3999.0
6753,4536,22,2,699.0
6754,4537,8,1,2999.0
6755,4538,24,1,899.0
6756,4539,28,1,499.0
6757,4539,19,1,4499.0
6758,4540,7,1,599.0
6759,4540,25,1,499.0
6760,4541,20,1,3999.0
6761,4542,11,1,199.0
6762,4543,30,1,799.0
6763,4544,28,2,499.0
6764,4544,11,1,199.0
6765,4544,17,1,4999.0
6766,4545,24,1,899.0
6767,4546,10,2,299.0
6768,4546,11,2,199.0
6769,4547,23,2,399.0
6770,4548,9,3,899.0
6771,4549,22,3,699.0
6772,4550,24,1,899.0
6773,4551,2,3,1799.0
6774,4552,23,1,399.0
6775,4553,7,1,599.0
6776,4554,8,1,2999.0
6777,4555,6,1,1499.0
6778,4555,11,1,199.0
6779,4556,6,1,1499.0
6780,4557,24,1,899.0
6781,4558,23,1,399.0
6782,4559,6,1,1499.0
6783,4559,10,1,299.0
6784,4559,20,3,3999.0
6785,4560,14,1,1599.0
6786,4561,18,3,899.0
6787,4562,8,1,2999.0
6788,4562,19,1,4499.0
6789,4562,15,1,1199.0
6790,4563,21,1,1099.0
6791,4563,24,1,899.0
6792,4564,15,2,1199.0
6793,4565,9,1,899.0
6794,4566,24,1,899.0
6795,4567,23,1,399.0
6796,4567,5,1,999.0
6797,4568,28,2,499.0
6798,4568,6,3,1499.0
6799,4569,24,1,899.0
6800,4570,12,1,1299.0
6801,4570,18,2,899.0
6802,4571,11,1,199.0
6803,4571,23,2,399.0
6804,4572,8,1,2999.0
6805,4572,7,1,599.0
6806,4572,29,2,1999.0
6807,4573,30,1,799.0
6808,4574,8,2,2999.0
6809,4574,7,1,599.0
6810,4575,4,1,1299.0
6811,4576,24,1,899.0
6812,4577,18,2,899.0
6813,4577,19,2,4499.0
6814,4577,20,1,3999.0
6815,4578,3,2,3499.0
6816,4579,18,1,899.0
6817,4580,11,2,199.0
6818,4580,3,2,3499.0
6819,4581,2,1,1799.0
6820,4582,25,1,499.0
6821,4583,7,1,599.0
6822,4583,19,1,4499.0
6823,4584,1,1,2499.0
6824,4585,14,2,1599.0
6825,4586,29,2,1999.0
6826,4586,7,1,599.0
6827,4587,27,1,599.0
6828,4588,4,3,1299.0
6829,4588,22,1,699.0
6830,4589,25,1,499.0
6831,4589,19,2,4499.0
6832,4589,25,1,499.0
6833,4590,19,1,4499.0
6834,4590,4,1,1299.0
6835,4591,21,1,1099.0
6836,4592,22,1,699.0
6837,4593,6,1,1499.0
6838,4594,8,1,2999.0
6839,4595,15,1,1199.0
6840,4595,3,1,3499.0
6841,4596,25,1,499.0
6842,4597,3,1,3499.0
6843,4598,13,2,799.0
6844,4599,3,1,3499.0
6845,4600,1,3,2499.0
6846,4600,19,1,4499.0
6847,4601,9,1,899.0
6848,4602,8,3,2999.0
6849,4603,7,1,599.0
6850,4604,22,3,699.0
6851,4605,25,1,499.0
6852,4605,9,2,899.0
6853,4606,18,1,899.0
6854,4607,1,2,2499.0
6855,4608,4,2,1299.0
6856,4609,27,2,599.0
6857,4610,2,1,1799.0
6858,4610,11,1,199.0
6859,4611,25,1,499.0
6860,4611,3,1,3499.0
6861,4612,25,1,499.0
6862,4612,17,3,4999.0
6863,4612,3,2,3499.0
6864,4613,23,1,399.0
6865,4614,29,1,1999.0
6866,4614,4,1,1299.0
6867,4615,27,1,599.0
6868,4616,11,1,199.0
6869,4617,23,1,399.0
6870,4618,3,2,3499.0
6871,4619,4,1,1299.0
6872,4619,1,2,2499.0
6873,4620,26,1,999.0
6874,4621,5,1,999.0
6875,4622,16,1,3999.0
6876,4622,24,1,899.0
6877,4623,19,2,4499.0
6878,4623,19,1,4499.0
6879,4623,21,1,1099.0
6880,4624,19,1,4499.0
6881,4624,12,2,1299.0
6882,4625,16,1,3999.0
6883,4626,9,2,899.0
6884,4627,18,1,899.0
6885,4627,20,1,3999.0
6886,4628,30,2,799.0
6887,4629,11,1,199.0
6888,4630,8,1,2999.0
6889,4631,21,1,1099.0
6890,4632,11,1,199.0
6891,4632,16,1,3999.0
6892,4632,6,1,1499.0
6893,4633,22,2,699.0
6894,4634,8,1,2999.0
6895,4635,17,1,4999.0
6896,4636,23,1,399.0
6897,4637,19,1,4499.0
6898,4638,5,1,999.0
6899,4639,19,1,4499.0
6900,4639,11,1,199.0
6901,4640,13,1,799.0
6902,4641,15,2,1199.0
6903,4642,1,1,2499.0
6904,4643,19,2,4499.0
6905,4643,8,2,2999.0
6906,4643,21,1,1099.0
6907,4644,6,1,1499.0
6908,4644,3,2,3499.0
6909,4645,27,1,599.0
6910,4645,19,2,4499.0
6911,4645,6,1,1499.0
6912,4646,11,2,199.0
6913,4647,25,1,499.0
6914,4648,3,2,3499.0
6915,4649,18,2,899.0
6916,4649,12,2,1299.0
6917,4649,3,1,3499.0
6918,4650,22,1,699.0
6919,4651,3,3,3499.0
6920,4652,17,2,4999.0
6921,4652,15,1,1199.0
6922,4653,26,1,999.0
6923,4654,2,1,1799.0
6924,4655,19,3,4499.0
6925,4655,7,1,599.0
6926,4656,25,1,499.0
6927,4657,15,1,1199.0
6928,4658,10,1,299.0
6929,4658,28,1,499.0
6930,4659,9,1,899.0
6931,4660,23,1,399.0
6932,4661,15,1,1199.0
6933,4662,6,1,1499.0
6934,4662,2,1,1799.0
6935,4663,9,2,899.0
6936,4664,7,3,599.0
6937,4665,10,1,299.0
6938,4666,1,1,2499.0
6939,4667,28,1,499.0
6940,4668,3,1,3499.0
6941,4669,9,1,899.0
6942,4670,4,1,1299.0
6943,4670,3,1,3499.0
6944,4671,11,1,199.0
6945,4672,13,2,799.0
6946,4673,27,3,599.0
6947,4674,27,1,599.0
6948,4675,22,2,699.0
6949,4675,9,1,899.0
6950,4676,11,2,199.0
6951,4676,3,1,3499.0
6952,4677,25,1,499.0
6953,4677,6,1,1499.0
6954,4678,6,1,1499.0
6955,4678,20,1,3999.0
6956,4679,24,1,899.0
6957,4680,17,2,4999.0
6958,4681,8,1,2999.0
6959,4681,14,1,1599.0
6960,4681,17,1,4999.0
6961,4682,11,1,199.0
6962,4682,8,1,2999.0
6963,4683,8,1,2999.0
6964,4684,7,1,599.0
6965,4685,6,1,1499.0
6966,4686,18,2,899.0
6967,4687,3,3,3499.0
6968,4688,11,3,199.0
6969,4688,25,2,499.0
6970,4689,8,1,2999.0
6971,4690,12,1,1299.0
6972,4690,19,3,4499.0
6973,4691,2,1,1799.0
6974,4692,11,2,199.0
6975,4693,24,1,899.0
6976,4693,10,3,299.0
6977,4693,10,1,299.0
6978,4694,30,1,799.0
6979,4695,23,2,399.0
6980,4696,6,1,1499.0
6981,4697,23,1,399.0
6982,4697,19,2,4499.0
6983,4698,9,1,899.0
6984,4698,23,1,399.0
6985,4698,1,1,2499.0
6986,4699,22,1,699.0
6987,4700,24,1,899.0
6988,4701,7,3,599.0
6989,4702,26,1,999.0
6990,4702,18,1,899.0
6991,4703,6,1,1499.0
6992,4704,6,1,1499.0
6993,4705,8,3,2999.0
6994,4706,25,1,499.0
6995,4706,25,1,499.0
6996,4707,18,2,899.0
6997,4708,11,3,199.0
6998,4708,12,2,1299.0
6999,4709,3,1,3499.0
7000,4710,23,1,399.0
7001,4710,9,1,899.0
7002,4711,18,1,899.0
7003,4711,13,1,799.0
7004,4712,15,2,1199.0
7005,4713,15,1,1199.0
7006,4714,15,2,1199.0
7007,4715,25,1,499.0
7008,4716,8,2,2999.0
7009,4717,3,2,3499.0
7010,4717,9,1,899.0
7011,4718,22,1,699.0
7012,4718,4,1,1299.0
7013,4719,28,3,499.0
7014,4720,15,1,1199.0
7015,4720,23,1,399.0
7016,4721,25,1,499.0
7017,4722,11,2,199.0
7018,4723,17,1,4999.0
7019,4724,3,1,3499.0
7020,4724,30,1,799.0
7021,4725,5,1,999.0
7022,4726,4,2,1299.0
7023,4727,9,2,899.0
7024,4727,11,1,199.0
7025,4728,15,1,1199.0
7026,4728,6,1,1499.0
7027,4729,19,1,4499.0
7028,4730,6,2,1499.0
7029,4730,22,1,699.0
7030,4731,8,1,2999.0
7031,4732,6,1,1499.0
7032,4733,12,1,1299.0
7033,4734,20,1,3999.0
7034,4735,6,1,1499.0
7035,4736,10,1,299.0
7036,4736,22,1,699.0
7037,4737,24,2,899.0
7038,4738,23,1,399.0
7039,4739,13,2,799.0
7040,4740,4,2,1299.0
7041,4740,25,1,499.0
7042,4741,30,2,799.0
7043,4742,25,2,499.0
7044,4743,30,1,799.0
7045,4743,6,1,1499.0
7046,4743,3,1,3499.0
7047,4744,14,2,1599.0
7048,4744,12,1,1299.0
7049,4745,6,1,1499.0
7050,4746,15,1,1199.0
7051,4747,22,1,699.0
7052,4747,30,1,799.0
7053,4748,21,1,1099.0
7054,4749,23,1,399.0
7055,4749,29,1,1999.0
7056,4750,2,2,1799.0
7057,4750,7,1,599.0
7058,4751,3,2,3499.0
7059,4752,25,1,499.0
7060,4753,24,1,899.0
7061,4754,27,3,599.0
7062,4754,4,1,1299.0
7063,4755,7,2,599.0
7064,4756,10,1,299.0
7065,4757,23,1,399.0
7066,4757,9,1,899.0
7067,4757,20,1,3999.0
7068,4758,25,1,499.0
7069,4759,7,2,599.0
7070,4759,25,3,499.0
7071,4760,28,1,499.0
7072,4760,19,1,4499.0
7073,4761,25,1,499.0
7074,4761,22,2,699.0
7075,4762,19,2,4499.0
7076,4763,11,1,199.0
7077,4763,24,1,899.0
7078,4764,17,1,4999.0
7079,4765,16,3,3999.0
7080,4766,27,3,599.0
7081,4767,17,3,4999.0
7082,4768,12,2,1299.0
7083,4769,1,1,2499.0
7084,4770,30,1,799.0
7085,4771,18,1,899.0
7086,4771,19,1,4499.0
7087,4772,15,1,1199.0
7088,4773,3,1,3499.0
7089,4773,18,2,899.0
7090,4774,16,2,3999.0
7091,4775,15,1,1199.0
7092,4775,3,1,3499.0
7093,4776,24,1,899.0
7094,4776,4,1,1299.0
7095,4776,15,1,1199.0
7096,4777,3,1,3499.0
7097,4778,23,1,399.0
7098,4778,13,1,799.0
7099,4779,23,1,399.0
7100,4780,11,1,199.0
7101,4781,8,1,2999.0
7102,4782,3,1,3499.0
7103,4783,28,1,499.0
7104,4784,3,1,3499.0
7105,4785,10,1,299.0
7106,4786,18,1,899.0
7107,4787,23,1,399.0
7108,4787,7,2,599.0
7109,4788,11,1,199.0
7110,4789,6,2,1499.0
7111,4790,3,1,3499.0
7112,4790,9,1,899.0
7113,4790,24,1,899.0
7114,4791,21,1,1099.0
7115,4792,5,2,999.0
7116,4793,24,2,899.0
7117,4793,23,1,399.0
7118,4794,29,1,1999.0
7119,4795,26,1,999.0
7120,4796,25,1,499.0
7121,4797,21,2,1099.0
7122,4798,1,1,2499.0
7123,4799,12,1,1299.0
7124,4800,20,1,3999.0
7125,4801,15,1,1199.0
7126,4802,20,1,3999.0
7127,4803,6,1,1499.0
7128,4804,21,1,1099.0
7129,4804,9,1,899.0
7130,4804,10,2,299.0
7131,4805,25,1,499.0
7132,4805,9,2,899.0
7133,4806,21,2,1099.0
7134,4806,4,3,1299.0
7135,4806,9,1,899.0
7136,4807,3,1,3499.0
7137,4807,11,3,199.0
7138,4808,26,3,999.0
7139,4809,3,1,3499.0
7140,4810,23,1,399.0
7141,4811,9,2,899.0
7142,4811,6,1,1499.0
7143,4811,17,1,4999.0
7144,4812,9,1,899.0
7145,4813,16,3,3999.0
7146,4814,25,1,499.0
7147,4815,27,1,599.0
7148,4815,20,2,3999.0
7149,4816,15,1,1199.0
7150,4816,14,2,1599.0
7151,4816,22,1,699.0
7152,4817,6,1,1499.0
7153,4818,13,2,799.0
7154,4819,26,3,999.0
7155,4820,29,1,1999.0
7156,4820,30,3,799.0
7157,4821,1,3,2499.0
7158,4821,11,1,199.0
7159,4822,27,1,599.0
7160,4822,8,2,2999.0
7161,4823,26,3,999.0
7162,4823,23,1,399.0
7163,4824,27,1,599.0
7164,4825,9,1,899.0
7165,4826,17,1,4999.0
7166,4826,12,2,1299.0
7167,4827,6,2,1499.0
7168,4828,25,1,499.0
7169,4829,6,1,1499.0
7170,4829,20,2,3999.0
7171,4829,6,1,1499.0
7172,4830,15,2,1199.0
7173,4831,20,1,3999.0
7174,4831,6,1,1499.0
7175,4831,11,1,199.0
7176,4832,23,1,399.0
7177,4833,15,2,1199.0
7178,4833,20,1,3999.0
7179,4834,7,2,599.0
7180,4834,25,1,499.0
7181,4835,21,1,1099.0
7182,4835,11,1,199.0
7183,4836,25,1,499.0
7184,4837,13,3,799.0
7185,4837,11,1,199.0
7186,4838,19,1,4499.0
7187,4838,3,1,3499.0
7188,4839,19,1,4499.0
7189,4840,1,1,2499.0
7190,4841,25,1,499.0
7191,4842,4,1,1299.0
7192,4842,1,1,2499.0
7193,4843,14,3,1599.0
7194,4844,10,2,299.0
7195,4845,23,1,399.0
7196,4845,23,2,399.0
7197,4846,14,1,1599.0
7198,4847,19,3,4499.0
7199,4848,12,1,1299.0
7200,4848,7,1,599.0
7201,4849,7,1,599.0
7202,4849,7,2,599.0
7203,4850,23,1,399.0
7204,4851,27,1,599.0
7205,4851,6,1,1499.0
7206,4851,20,1,3999.0
7207,4852,30,1,799.0
7208,4853,25,2,499.0
7209,4853,7,2,599.0
7210,4853,28,1,499.0
7211,4854,24,1,899.0
7212,4855,15,1,1199.0
7213,4855,24,1,899.0
7214,4856,27,3,599.0
7215,4857,10,1,299.0
7216,4857,8,2,2999.0
7217,4858,6,3,1499.0
7218,4859,8,1,2999.0
7219,4859,4,1,1299.0
7220,4860,23,1,399.0
7221,4860,25,1,499.0
7222,4860,1,1,2499.0
7223,4861,4,1,1299.0
7224,4862,21,1,1099.0
7225,4863,7,2,599.0
7226,4864,15,1,1199.0
7227,4864,11,1,199.0
7228,4865,8,1,2999.0
7229,4866,11,2,199.0
7230,4867,1,1,2499.0
7231,4868,5,2,999.0
7232,4869,19,1,4499.0
7233,4869,7,1,599.0
7234,4869,4,1,1299.0
7235,4870,21,1,1099.0
7236,4871,20,1,3999.0
7237,4872,9,1,899.0
7238,4873,15,2,1199.0
7239,4874,7,1,599.0
7240,4874,30,1,799.0
7241,4875,11,1,199.0
7242,4875,10,1,299.0
7243,4876,21,1,1099.0
7244,4877,25,1,499.0
7245,4877,8,1,2999.0
7246,4878,2,2,1799.0
7247,4878,2,3,1799.0
7248,4879,25,1,499.0
7249,4880,7,1,599.0
7250,4880,1,1,2499.0
7251,4880,1,1,2499.0
7252,4881,22,1,699.0
7253,4881,25,1,499.0
7254,4881,21,1,1099.0
7255,4882,26,1,999.0
7256,4882,27,2,599.0
7257,4883,13,1,799.0
7258,4883,22,3,699.0
7259,4884,14,1,1599.0
7260,4885,7,2,599.0
7261,4886,13,3,799.0
7262,4886,11,2,199.0
7263,4887,30,2,799.0
7264,4888,23,1,399.0
7265,4888,15,3,1199.0
7266,4889,19,1,4499.0
7267,4890,10,3,299.0
7268,4890,26,1,999.0
7269,4891,7,2,599.0
7270,4891,16,1,3999.0
7271,4892,4,2,1299.0
7272,4893,25,1,499.0
7273,4893,1,2,2499.0
7274,4894,5,2,999.0
7275,4895,30,1,799.0
7276,4896,11,2,199.0
7277,4897,9,2,899.0
7278,4897,28,2,499.0
7279,4898,25,1,499.0
7280,4899,19,1,4499.0
7281,4899,24,1,899.0
7282,4900,29,1,1999.0
7283,4901,20,2,3999.0
7284,4901,15,1,1199.0
7285,4901,21,1,1099.0
7286,4902,22,1,699.0
7287,4903,9,2,899.0
7288,4904,1,1,2499.0
7289,4905,3,1,3499.0
7290,4905,3,1,3499.0
7291,4905,14,1,1599.0
7292,4906,5,1,999.0
7293,4907,12,1,1299.0
7294,4908,23,1,399.0
7295,4908,5,2,999.0
7296,4909,17,1,4999.0
7297,4910,28,1,499.0
7298,4911,9,3,899.0
7299,4911,30,1,799.0
7300,4912,8,1,2999.0
7301,4912,3,1,3499.0
7302,4912,30,1,799.0
7303,4913,19,1,4499.0
7304,4914,10,1,299.0
7305,4914,27,1,599.0
7306,4915,24,1,899.0
7307,4916,12,3,1299.0
7308,4917,19,1,4499.0
7309,4918,11,1,199.0
7310,4918,7,1,599.0
7311,4919,14,1,1599.0
7312,4919,26,1,999.0
7313,4919,1,1,2499.0
7314,4920,24,2,899.0
7315,4921,10,2,299.0
7316,4922,13,3,799.0
7317,4923,30,1,799.0
7318,4924,15,2,1199.0
7319,4925,28,1,499.0
7320,4926,19,3,4499.0
7321,4927,11,1,199.0
7322,4928,10,1,299.0
7323,4929,21,1,1099.0
7324,4929,6,2,1499.0
7325,4930,30,1,799.0
7326,4931,26,1,999.0
7327,4932,4,3,1299.0
7328,4932,3,1,3499.0
7329,4933,24,1,899.0
7330,4933,5,1,999.0
7331,4933,24,3,899.0
7332,4934,3,3,3499.0
7333,4934,16,1,3999.0
7334,4935,16,1,3999.0
7335,4935,18,3,899.0
7336,4936,9,1,899.0
7337,4936,19,2,4499.0
7338,4937,4,2,1299.0
7339,4938,25,1,499.0
7340,4939,9,1,899.0
7341,4939,2,1,1799.0
7342,4940,30,1,799.0
7343,4941,9,3,899.0
7344,4941,10,1,299.0
7345,4942,18,1,899.0
7346,4942,4,1,1299.0
7347,4943,9,1,899.0
7348,4944,30,1,799.0
7349,4945,7,1,599.0
7350,4946,17,2,4999.0
7351,4946,5,1,999.0
7352,4947,24,1,899.0
7353,4947,22,1,699.0
7354,4948,5,1,999.0
7355,4948,25,2,499.0
7356,4949,27,1,599.0
7357,4950,28,1,499.0
7358,4950,8,1,2999.0
7359,4951,15,1,1199.0
7360,4952,10,1,299.0
7361,4953,26,1,999.0
7362,4953,23,2,399.0
7363,4953,27,3,599.0
7364,4954,28,1,499.0
7365,4955,24,3,899.0
7366,4956,4,2,1299.0
7367,4957,9,3,899.0
7368,4958,28,2,499.0
7369,4958,14,1,1599.0
7370,4959,1,1,2499.0
7371,4960,20,1,3999.0
7372,4961,4,1,1299.0
7373,4961,24,1,899.0
7374,4962,19,1,4499.0
7375,4963,14,1,1599.0
7376,4963,29,1,1999.0
7377,4964,3,1,3499.0
7378,4965,8,2,2999.0
7379,4966,23,1,399.0
7380,4967,19,1,4499.0
7381,4967,29,2,1999.0
7382,4968,23,3,399.0
7383,4968,19,2,4499.0
7384,4969,15,1,1199.0
7385,4970,20,1,3999.0
7386,4971,25,1,499.0
7387,4971,13,2,799.0
7388,4972,6,3,1499.0
7389,4972,4,1,1299.0
7390,4973,4,2,1299.0
7391,4974,13,1,799.0
7392,4975,19,1,4499.0
7393,4975,6,1,1499.0
7394,4975,16,1,3999.0
7395,4976,11,2,199.0
7396,4977,24,1,899.0
7397,4978,27,1,599.0
7398,4979,20,2,3999.0
7399,4980,11,2,199.0
7400,4981,16,1,3999.0
7401,4982,29,1,1999.0
7402,4982,11,1,199.0
7403,4982,18,1,899.0
7404,4983,20,1,3999.0
7405,4984,7,1,599.0
7406,4984,26,2,999.0
7407,4985,9,2,899.0
7408,4985,30,1,799.0
7409,4986,29,1,1999.0
7410,4987,6,1,1499.0
7411,4988,27,1,599.0
7412,4989,17,1,4999.0
7413,4989,14,1,1599.0
7414,4990,25,1,499.0
7415,4991,6,2,1499.0
7416,4991,18,1,899.0
7417,4992,9,1,899.0
7418,4993,21,1,1099.0
7419,4994,15,1,1199.0
7420,4995,27,1,599.0
7421,4995,15,1,1199.0
7422,4996,11,1,199.0
7423,4997,6,1,1499.0
7424,4997,4,1,1299.0
7425,4998,19,2,4499.0
7426,4999,29,1,1999.0
7427,5000,6,3,1499.0
7428,5001,23,1,399.0
7429,5001,2,1,1799.0
7430,5002,27,1,599.0
7431,5003,1,2,2499.0
7432,5003,20,1,3999.0
7433,5004,11,2,199.0
7434,5004,8,1,2999.0
7435,5005,23,1,399.0
7436,5006,19,1,4499.0
7437,5007,23,1,399.0
7438,5008,26,1,999.0
7439,5008,23,1,399.0
7440,5009,17,1,4999.0
7441,5010,7,1,599.0
7442,5011,11,1,199.0
7443,5011,6,1,1499.0
7444,5011,21,2,1099.0
7445,5012,4,1,1299.0
7446,5012,30,1,799.0
7447,5012,8,1,2999.0
7448,5013,19,2,4499.0
7449,5014,3,1,3499.0
7450,5014,22,1,699.0
7451,5014,10,1,299.0
7452,5015,23,3,399.0
7453,5016,25,1,499.0
7454,5016,23,1,399.0
7455,5017,21,1,1099.0
7456,5017,20,1,3999.0
7457,5018,26,2,999.0
7458,5018,18,1,899.0
7459,5018,14,1,1599.0
7460,5019,23,1,399.0
7461,5020,11,2,199.0
7462,5020,9,2,899.0
7463,5020,25,1,499.0
7464,5021,25,1,499.0
7465,5021,15,1,1199.0
7466,5022,7,2,599.0
7467,5023,15,1,1199.0
7468,5024,21,1,1099.0
7469,5025,23,1,399.0
7470,5025,27,1,599.0
7471,5026,10,1,299.0
7472,5026,17,1,4999.0
7473,5027,20,2,3999.0
7474,5028,7,1,599.0
7475,5028,17,1,4999.0
7476,5029,6,2,1499.0
7477,5029,11,1,199.0
7478,5030,23,1,399.0
7479,5031,21,2,1099.0
7480,5032,4,1,1299.0
7481,5032,21,1,1099.0
7482,5032,9,2,899.0
7483,5033,20,1,3999.0
7484,5034,1,3,2499.0
7485,5035,18,2,899.0
7486,5036,6,1,1499.0
7487,5037,25,2,499.0
7488,5038,7,1,599.0
7489,5039,30,1,799.0
7490,5040,28,1,499.0
7491,5040,15,1,1199.0
7492,5041,8,1,2999.0
7493,5042,3,3,3499.0
7494,5042,8,1,2999.0
7495,5042,7,1,599.0
7496,5043,19,1,4499.0
7497,5043,8,3,2999.0
7498,5044,17,2,4999.0
7499,5045,3,2,3499.0
7500,5045,22,1,699.0
7501,5046,16,1,3999.0
7502,5046,15,1,1199.0
7503,5047,4,1,1299.0
7504,5048,7,2,599.0
7505,5048,11,3,199.0
7506,5048,17,1,4999.0
7507,5049,7,1,599.0
7508,5050,13,1,799.0
7509,5051,19,3,4499.0
7510,5051,25,1,499.0
7511,5052,25,1,499.0
7512,5052,24,1,899.0
7513,5053,9,1,899.0
7514,5054,10,1,299.0
7515,5055,9,1,899.0
7516,5056,3,1,3499.0
7517,5056,7,2,599.0
7518,5057,6,2,1499.0
7519,5058,14,3,1599.0
7520,5058,20,1,3999.0
7521,5059,21,1,1099.0
7522,5060,23,1,399.0
7523,5061,23,2,399.0
7524,5062,7,1,599.0
7525,5062,7,1,599.0
7526,5062,7,1,599.0
7527,5063,17,1,4999.0
7528,5064,23,1,399.0
7529,5064,30,1,799.0
7530,5065,29,2,1999.0
7531,5066,3,3,3499.0
7532,5067,5,1,999.0
7533,5067,5,1,999.0
7534,5068,3,1,3499.0
7535,5069,6,1,1499.0
7536,5070,8,1,2999.0
7537,5071,25,1,499.0
7538,5072,1,1,2499.0
7539,5073,1,1,2499.0
7540,5074,12,1,1299.0
7541,5075,23,3,399.0
7542,5075,24,2,899.0
7543,5076,23,1,399.0
7544,5077,24,2,899.0
7545,5078,13,2,799.0
7546,5079,30,1,799.0
7547,5080,7,2,599.0
7548,5081,30,1,799.0
7549,5082,28,1,499.0
7550,5083,28,1,499.0
7551,5083,16,1,3999.0
7552,5084,15,3,1199.0
7553,5085,23,2,399.0
7554,5085,3,1,3499.0
7555,5086,13,3,799.0
7556,5086,30,1,799.0
7557,5087,16,1,3999.0
7558,5087,3,1,3499.0
7559,5088,6,1,1499.0
7560,5089,5,1,999.0
7561,5090,3,1,3499.0
7562,5090,29,2,1999.0
7563,5091,15,1,1199.0
7564,5092,10,1,299.0
7565,5093,21,1,1099.0
7566,5094,25,1,499.0
7567,5095,4,1,1299.0
7568,5096,28,1,499.0
7569,5096,9,1,899.0
7570,5097,27,2,599.0
7571,5097,28,1,499.0
7572,5098,8,1,2999.0
7573,5099,27,1,599.0
7574,5099,10,2,299.0
7575,5100,8,1,2999.0
7576,5101,11,1,199.0
7577,5101,23,2,399.0
7578,5102,22,1,699.0
7579,5102,26,2,999.0
7580,5102,17,2,4999.0
7581,5103,9,1,899.0
7582,5104,18,3,899.0
7583,5105,18,3,899.0
7584,5106,3,2,3499.0
7585,5106,19,1,4499.0
7586,5106,20,1,3999.0
7587,5107,7,1,599.0
7588,5108,5,1,999.0
7589,5109,15,1,1199.0
7590,5110,26,1,999.0
7591,5110,23,1,399.0
7592,5111,3,1,3499.0
7593,5112,7,1,599.0
7594,5113,12,2,1299.0
7595,5114,23,1,399.0
7596,5114,9,2,899.0
7597,5115,7,3,599.0
7598,5116,18,2,899.0
7599,5116,8,3,2999.0
7600,5117,24,1,899.0
7601,5117,22,1,699.0
7602,5118,6,1,1499.0
7603,5119,9,1,899.0
7604,5120,21,1,1099.0
7605,5121,25,2,499.0
7606,5122,6,1,1499.0
7607,5123,4,3,1299.0
7608,5124,29,2,1999.0
7609,5125,20,1,3999.0
7610,5126,26,1,999.0
7611,5126,27,1,599.0
7612,5127,28,1,499.0
7613,5127,14,1,1599.0
7614,5128,6,1,1499.0
7615,5128,29,2,1999.0
7616,5129,7,1,599.0
7617,5130,12,1,1299.0
7618,5130,9,1,899.0
7619,5130,4,1,1299.0
7620,5131,19,1,4499.0
7621,5131,21,3,1099.0
7622,5131,18,1,899.0
7623,5132,26,1,999.0
7624,5133,11,1,199.0
7625,5133,30,1,799.0
7626,5134,27,1,599.0
7627,5134,6,1,1499.0
7628,5135,26,1,999.0
7629,5135,10,1,299.0
7630,5136,6,1,1499.0
7631,5137,15,1,1199.0
7632,5137,17,1,4999.0
7633,5138,4,1,1299.0
7634,5139,19,1,4499.0
7635,5139,4,1,1299.0
7636,5139,27,1,599.0
7637,5140,7,1,599.0
7638,5141,23,1,399.0
7639,5141,6,2,1499.0
7640,5142,4,3,1299.0
7641,5143,15,1,1199.0
7642,5143,29,3,1999.0
7643,5144,30,1,799.0
7644,5145,30,1,799.0
7645,5146,26,2,999.0
7646,5147,11,2,199.0
7647,5147,3,1,3499.0
7648,5148,30,1,799.0
7649,5149,7,1,599.0
7650,5149,17,2,4999.0
7651,5149,4,1,1299.0
7652,5150,21,1,1099.0
7653,5151,6,1,1499.0
7654,5152,10,2,299.0
7655,5152,6,2,1499.0
7656,5152,19,3,4499.0
7657,5153,9,1,899.0
7658,5154,19,1,4499.0
7659,5154,7,1,599.0
7660,5155,25,1,499.0
7661,5156,23,1,399.0
7662,5157,7,1,599.0
7663,5157,8,2,2999.0
7664,5158,16,2,3999.0
7665,5159,3,2,3499.0
7666,5160,8,1,2999.0
7667,5160,30,2,799.0
7668,5161,19,1,4499.0
7669,5161,28,1,499.0
7670,5161,10,1,299.0
7671,5162,19,1,4499.0
7672,5162,13,1,799.0
7673,5162,3,1,3499.0
7674,5163,8,1,2999.0
7675,5164,18,1,899.0
7676,5164,3,1,3499.0
7677,5165,28,1,499.0
7678,5166,24,1,899.0
7679,5166,6,3,1499.0
7680,5166,4,1,1299.0
7681,5167,3,1,3499.0
7682,5168,3,1,3499.0
7683,5169,9,3,899.0
7684,5170,20,1,3999.0
7685,5171,25,2,499.0
7686,5172,19,1,4499.0
7687,5172,7,1,599.0
7688,5173,7,1,599.0
7689,5174,28,1,499.0
7690,5175,11,2,199.0
7691,5176,13,1,799.0
7692,5177,14,1,1599.0
7693,5178,20,3,3999.0
7694,5179,23,1,399.0
7695,5179,9,1,899.0
7696,5180,28,1,499.0
7697,5180,11,2,199.0
7698,5180,3,3,3499.0
7699,5181,5,1,999.0
7700,5182,30,2,799.0
7701,5183,20,1,3999.0
7702,5184,26,1,999.0
7703,5184,28,1,499.0
7704,5185,9,1,899.0
7705,5185,23,1,399.0
7706,5185,27,1,599.0
7707,5186,3,1,3499.0
7708,5186,19,1,4499.0
7709,5187,7,1,599.0
7710,5188,13,1,799.0
7711,5188,9,1,899.0
7712,5189,3,1,3499.0
7713,5190,9,2,899.0
7714,5190,22,2,699.0
7715,5191,25,1,499.0
7716,5191,8,1,2999.0
7717,5191,9,1,899.0
7718,5192,26,1,999.0
7719,5193,4,3,1299.0
7720,5193,4,3,1299.0
7721,5193,12,3,1299.0
7722,5194,11,1,199.0
7723,5194,7,2,599.0
7724,5195,9,1,899.0
7725,5195,21,1,1099.0
7726,5196,7,1,599.0
7727,5197,8,2,2999.0
7728,5197,19,1,4499.0
7729,5198,28,1,499.0
7730,5198,20,1,3999.0
7731,5198,24,1,899.0
7732,5199,25,1,499.0
7733,5200,23,1,399.0
7734,5200,4,2,1299.0
7735,5201,20,1,3999.0
7736,5202,25,1,499.0
7737,5203,25,2,499.0
7738,5203,12,1,1299.0
7739,5203,23,1,399.0
7740,5204,25,1,499.0
7741,5204,2,3,1799.0
7742,5205,27,1,599.0
7743,5206,13,1,799.0
7744,5207,9,2,899.0
7745,5208,28,1,499.0
7746,5209,11,1,199.0
7747,5209,6,2,1499.0
7748,5210,29,1,1999.0
7749,5211,22,3,699.0
7750,5211,28,1,499.0
7751,5212,19,1,4499.0
7752,5212,23,1,399.0
7753,5213,5,1,999.0
7754,5213,29,1,1999.0
7755,5214,26,1,999.0
7756,5214,6,1,1499.0
7757,5215,22,1,699.0
7758,5215,29,2,1999.0
7759,5216,4,3,1299.0
7760,5217,19,1,4499.0
7761,5218,21,2,1099.0
7762,5219,22,1,699.0
7763,5219,2,1,1799.0
7764,5220,15,1,1199.0
7765,5221,30,1,799.0
7766,5222,24,1,899.0
7767,5222,19,3,4499.0
7768,5222,17,1,4999.0
7769,5223,19,3,4499.0
7770,5224,6,1,1499.0
7771,5224,13,1,799.0
7772,5225,24,1,899.0
7773,5225,3,1,3499.0
7774,5225,26,1,999.0
7775,5226,9,1,899.0
7776,5227,11,1,199.0
7777,5227,25,2,499.0
7778,5228,25,1,499.0
7779,5229,15,1,1199.0
7780,5230,3,2,3499.0
7781,5230,17,1,4999.0
7782,5231,30,3,799.0
7783,5232,19,1,4499.0
7784,5233,23,1,399.0
7785,5233,3,1,3499.0
7786,5234,11,1,199.0
7787,5235,8,1,2999.0
7788,5236,1,1,2499.0
7789,5237,24,1,899.0
7790,5237,24,1,899.0
7791,5238,9,1,899.0
7792,5239,30,1,799.0
7793,5240,15,1,1199.0
7794,5240,7,2,599.0
7795,5241,17,1,4999.0
7796,5242,3,3,3499.0
7797,5242,16,1,3999.0
7798,5242,17,1,4999.0
7799,5243,14,3,1599.0
7800,5244,25,3,499.0
7801,5245,11,1,199.0
7802,5245,3,2,3499.0
7803,5246,3,1,3499.0
7804,5246,22,1,699.0
7805,5246,30,1,799.0
7806,5247,15,2,1199.0
7807,5248,15,1,1199.0
7808,5249,15,1,1199.0
7809,5249,11,2,199.0
7810,5249,26,2,999.0
7811,5250,15,2,1199.0
7812,5251,8,1,2999.0
7813,5251,28,1,499.0
7814,5251,24,1,899.0
7815,5252,20,1,3999.0
7816,5253,29,1,1999.0
7817,5253,1,1,2499.0
7818,5254,10,1,299.0
7819,5255,9,3,899.0
7820,5255,28,1,499.0
7821,5256,25,1,499.0
7822,5256,29,1,1999.0
7823,5257,30,1,799.0
7824,5258,7,3,599.0
7825,5258,3,3,3499.0
7826,5259,28,1,499.0
7827,5259,24,1,899.0
7828,5259,6,1,1499.0
7829,5260,23,1,399.0
7830,5261,19,1,4499.0
7831,5262,17,2,4999.0
7832,5263,15,1,1199.0
7833,5264,11,2,199.0
7834,5265,6,2,1499.0
7835,5266,11,1,199.0
7836,5267,8,1,2999.0
7837,5268,6,1,1499.0
7838,5269,30,1,799.0
7839,5270,10,1,299.0
7840,5270,17,1,4999.0
7841,5271,4,3,1299.0
7842,5272,3,1,3499.0
7843,5273,22,1,699.0
7844,5273,23,2,399.0
7845,5274,25,2,499.0
7846,5275,5,1,999.0
7847,5276,8,1,2999.0
7848,5277,15,3,1199.0
7849,5277,20,1,3999.0
7850,5277,7,1,599.0
7851,5278,7,1,599.0
7852,5278,29,1,1999.0
7853,5279,24,1,899.0
7854,5279,23,1,399.0
7855,5280,25,3,499.0
7856,5281,1,1,2499.0
7857,5282,27,1,599.0
7858,5283,8,2,2999.0
7859,5283,15,1,1199.0
7860,5284,20,1,3999.0
7861,5285,28,1,499.0
7862,5286,3,1,3499.0
7863,5287,13,1,799.0
7864,5288,11,1,199.0
7865,5288,18,1,899.0
7866,5289,4,1,1299.0
7867,5289,6,1,1499.0
7868,5290,1,2,2499.0
7869,5290,25,1,499.0
7870,5290,19,2,4499.0
7871,5291,18,1,899.0
7872,5291,15,1,1199.0
7873,5292,28,3,499.0
7874,5292,10,1,299.0
7875,5292,29,1,1999.0
7876,5293,10,3,299.0
7877,5293,8,1,2999.0
7878,5294,9,2,899.0
7879,5294,11,1,199.0
7880,5295,8,1,2999.0
7881,5295,20,1,3999.0
7882,5296,7,1,599.0
7883,5297,30,1,799.0
7884,5297,10,1,299.0
7885,5298,4,1,1299.0
7886,5298,4,1,1299.0
7887,5299,3,2,3499.0
7888,5300,5,2,999.0
7889,5300,24,1,899.0
7890,5300,12,1,1299.0
7891,5301,7,1,599.0
7892,5301,18,2,899.0
7893,5302,3,1,3499.0
7894,5303,15,2,1199.0
7895,5304,15,1,1199.0
7896,5305,6,1,1499.0
7897,5306,14,1,1599.0
7898,5306,10,1,299.0
7899,5307,16,1,3999.0
7900,5307,6,1,1499.0
7901,5308,23,2,399.0
7902,5308,4,3,1299.0
7903,5309,12,2,1299.0
7904,5309,24,1,899.0
7905,5310,20,1,3999.0
7906,5310,19,1,4499.0
7907,5311,27,1,599.0
7908,5312,14,1,1599.0
7909,5313,10,3,299.0
7910,5314,7,2,599.0
7911,5315,11,1,199.0
7912,5315,18,1,899.0
7913,5316,20,2,3999.0
7914,5317,8,1,2999.0
7915,5317,11,1,199.0
7916,5318,23,1,399.0
7917,5319,14,1,1599.0
7918,5319,30,1,799.0
7919,5320,29,1,1999.0
7920,5321,4,2,1299.0
7921,5321,9,2,899.0
7922,5322,29,2,1999.0
7923,5323,22,2,699.0
7924,5323,25,2,499.0
7925,5324,12,1,1299.0
7926,5325,11,1,199.0
7927,5325,1,1,2499.0
7928,5326,19,2,4499.0
7929,5327,9,1,899.0
7930,5328,1,1,2499.0
7931,5329,3,1,3499.0
7932,5330,13,3,799.0
7933,5330,10,1,299.0
7934,5331,10,1,299.0
7935,5332,20,1,3999.0
7936,5332,9,1,899.0
7937,5332,25,3,499.0
7938,5333,2,1,1799.0
7939,5334,17,1,4999.0
7940,5335,24,3,899.0
7941,5335,6,1,1499.0
7942,5335,15,1,1199.0
7943,5336,17,1,4999.0
7944,5336,24,1,899.0
7945,5336,28,1,499.0
7946,5337,11,1,199.0
7947,5337,8,1,2999.0
7948,5337,11,1,199.0
7949,5338,17,1,4999.0
7950,5339,17,2,4999.0
7951,5340,3,1,3499.0
7952,5341,29,1,1999.0
7953,5342,30,1,799.0
7954,5343,25,2,499.0
7955,5343,15,1,1199.0
7956,5344,27,2,599.0
7957,5345,1,1,2499.0
7958,5346,3,1,3499.0
7959,5347,23,2,399.0
7960,5348,4,1,1299.0
7961,5349,9,1,899.0
7962,5349,11,1,199.0
7963,5350,24,1,899.0
7964,5351,15,1,1199.0
7965,5352,8,1,2999.0
7966,5353,30,1,799.0
7967,5354,1,1,2499.0
7968,5354,25,1,499.0
7969,5355,19,3,4499.0
7970,5355,11,1,199.0
7971,5356,7,1,599.0
7972,5357,26,3,999.0
7973,5358,12,1,1299.0
7974,5359,12,1,1299.0
7975,5360,24,1,899.0
7976,5360,20,1,3999.0
7977,5361,2,2,1799.0
7978,5362,13,2,799.0
7979,5362,23,2,399.0
7980,5363,8,1,2999.0
7981,5364,28,1,499.0
7982,5364,4,1,1299.0
7983,5365,9,2,899.0
7984,5365,1,1,2499.0
7985,5366,29,2,1999.0
7986,5367,29,1,1999.0
7987,5368,20,1,3999.0
7988,5368,2,1,1799.0
7989,5369,26,1,999.0
7990,5370,3,1,3499.0
7991,5371,3,1,3499.0
7992,5371,1,1,2499.0
7993,5372,25,2,499.0
7994,5372,2,1,1799.0
7995,5373,11,1,199.0
7996,5374,11,2,199.0
7997,5375,30,1,799.0
7998,5376,28,2,499.0
7999,5376,30,1,799.0
8000,5377,28,2,499.0
8001,5378,10,2,299.0
8002,5378,27,1,599.0
8003,5379,28,2,499.0
8004,5380,27,2,599.0
8005,5381,27,2,599.0
8006,5381,19,1,4499.0
8007,5382,30,3,799.0
8008,5383,7,1,599.0
8009,5383,7,2,599.0
8010,5384,16,1,3999.0
8011,5385,8,2,2999.0
8012,5386,1,1,2499.0
8013,5386,30,1,799.0
8014,5387,3,1,3499.0
8015,5387,19,1,4499.0
8016,5388,4,1,1299.0
8017,5389,19,1,4499.0
8018,5390,9,1,899.0
8019,5390,6,1,1499.0
8020,5390,17,1,4999.0
8021,5391,15,2,1199.0
8022,5392,1,1,2499.0
8023,5393,11,1,199.0
8024,5394,3,1,3499.0
8025,5395,10,2,299.0
8026,5395,30,1,799.0
8027,5395,26,1,999.0
8028,5396,24,1,899.0
8029,5396,7,3,599.0
8030,5397,12,1,1299.0
8031,5398,14,2,1599.0
8032,5398,23,1,399.0
8033,5399,15,2,1199.0
8034,5400,10,2,299.0
8035,5401,6,2,1499.0
8036,5402,25,1,499.0
8037,5402,25,1,499.0
8038,5403,3,1,3499.0
8039,5403,18,2,899.0
8040,5403,6,1,1499.0
8041,5404,27,3,599.0
8042,5404,18,2,899.0
8043,5405,10,2,299.0
8044,5405,30,3,799.0
8045,5406,30,1,799.0
8046,5406,18,2,899.0
8047,5407,4,1,1299.0
8048,5407,25,1,499.0
8049,5408,7,1,599.0
8050,5408,23,1,399.0
8051,5409,1,1,2499.0
8052,5410,28,3,499.0
8053,5410,9,1,899.0
8054,5411,5,1,999.0
8055,5412,6,1,1499.0
8056,5412,30,1,799.0
8057,5412,25,2,499.0
8058,5413,25,1,499.0
8059,5414,19,1,4499.0
8060,5415,4,1,1299.0
8061,5416,25,1,499.0
8062,5416,30,1,799.0
8063,5416,3,1,3499.0
8064,5417,23,2,399.0
8065,5418,3,3,3499.0
8066,5418,2,2,1799.0
8067,5418,6,1,1499.0
8068,5419,17,1,4999.0
8069,5420,3,1,3499.0
8070,5420,30,1,799.0
8071,5421,6,1,1499.0
8072,5422,16,1,3999.0
8073,5423,7,1,599.0
8074,5423,9,1,899.0
8075,5423,27,1,599.0
8076,5424,20,1,3999.0
8077,5425,19,2,4499.0
8078,5426,1,1,2499.0
8079,5427,6,3,1499.0
8080,5428,12,1,1299.0
8081,5428,26,1,999.0
8082,5429,19,1,4499.0
8083,5430,24,3,899.0
8084,5431,30,1,799.0
8085,5432,6,1,1499.0
8086,5433,24,1,899.0
8087,5434,1,1,2499.0
8088,5435,7,1,599.0
8089,5435,13,1,799.0
8090,5435,4,1,1299.0
8091,5436,12,1,1299.0
8092,5437,5,1,999.0
8093,5437,11,1,199.0
8094,5438,5,3,999.0
8095,5438,19,1,4499.0
8096,5438,3,3,3499.0
8097,5439,22,3,699.0
8098,5440,30,1,799.0
8099,5441,16,1,3999.0
8100,5441,26,1,999.0
8101,5442,27,3,599.0
8102,5443,8,1,2999.0
8103,5444,28,2,499.0
8104,5445,15,1,1199.0
8105,5446,24,1,899.0
8106,5447,18,1,899.0
8107,5447,24,1,899.0
8108,5448,12,1,1299.0
8109,5449,9,2,899.0
8110,5450,11,1,199.0
8111,5451,19,1,4499.0
8112,5451,27,1,599.0
8113,5452,17,1,4999.0
8114,5452,21,2,1099.0
8115,5453,11,1,199.0
8116,5454,2,1,1799.0
8117,5454,20,1,3999.0
8118,5455,6,3,1499.0
8119,5456,6,3,1499.0
8120,5457,17,1,4999.0
8121,5458,20,3,3999.0
8122,5458,9,1,899.0
8123,5458,15,2,1199.0
8124,5459,11,1,199.0
8125,5460,29,1,1999.0
8126,5460,10,1,299.0
8127,5460,28,1,499.0
8128,5461,20,2,3999.0
8129,5461,24,1,899.0
8130,5462,24,1,899.0
8131,5463,27,1,599.0
8132,5464,14,1,1599.0
8133,5464,8,1,2999.0
8134,5464,4,2,1299.0
8135,5465,28,1,499.0
8136,5466,8,2,2999.0
8137,5466,13,1,799.0
8138,5467,19,1,4499.0
8139,5468,20,1,3999.0
8140,5469,27,1,599.0
8141,5470,17,1,4999.0
8142,5471,7,1,599.0
8143,5472,12,1,1299.0
8144,5473,28,2,499.0
8145,5474,19,1,4499.0
8146,5475,25,2,499.0
8147,5475,20,1,3999.0
8148,5476,23,1,399.0
8149,5477,14,1,1599.0
8150,5477,11,1,199.0
8151,5478,19,1,4499.0
8152,5479,19,1,4499.0
8153,5479,1,1,2499.0
8154,5480,15,1,1199.0
8155,5481,19,1,4499.0
8156,5482,23,3,399.0
8157,5483,30,1,799.0
8158,5484,11,1,199.0
8159,5485,13,1,799.0
8160,5486,30,1,799.0
8161,5486,5,3,999.0
8162,5487,15,1,1199.0
8163,5488,13,3,799.0
8164,5488,20,1,3999.0
8165,5489,12,2,1299.0
8166,5490,10,1,299.0
8167,5491,30,3,799.0
8168,5491,22,1,699.0
8169,5492,18,1,899.0
8170,5493,22,1,699.0
8171,5494,17,2,4999.0
8172,5494,3,1,3499.0
8173,5495,19,1,4499.0
8174,5496,19,2,4499.0
8175,5496,11,1,199.0
8176,5497,11,1,199.0
8177,5497,24,2,899.0
8178,5498,9,1,899.0
8179,5499,26,1,999.0
8180,5499,10,1,299.0
8181,5499,7,2,599.0
8182,5500,3,2,3499.0
8183,5501,27,3,599.0
8184,5502,17,2,4999.0
8185,5503,24,2,899.0
8186,5503,27,1,599.0
8187,5504,26,1,999.0
8188,5505,25,1,499.0
8189,5506,9,1,899.0
8190,5506,19,2,4499.0
8191,5507,19,1,4499.0
8192,5508,6,1,1499.0
8193,5508,8,3,2999.0
8194,5509,15,3,1199.0
8195,5510,7,1,599.0
8196,5510,1,1,2499.0
8197,5511,10,1,299.0
8198,5512,16,1,3999.0
8199,5513,8,2,2999.0
8200,5514,11,1,199.0
8201,5515,3,1,3499.0
8202,5516,23,1,399.0
8203,5516,19,1,4499.0
8204,5516,9,1,899.0
8205,5517,10,1,299.0
8206,5517,4,1,1299.0
8207,5517,9,2,899.0
8208,5518,1,2,2499.0
8209,5519,24,2,899.0
8210,5520,21,1,1099.0
8211,5521,25,1,499.0
8212,5522,24,1,899.0
8213,5522,26,1,999.0
8214,5523,19,2,4499.0
8215,5524,24,1,899.0
8216,5524,3,1,3499.0
8217,5524,12,1,1299.0
8218,5525,14,1,1599.0
8219,5525,4,1,1299.0
8220,5526,13,1,799.0
8221,5526,18,3,899.0
8222,5527,11,1,199.0
8223,5527,19,2,4499.0
8224,5527,5,2,999.0
8225,5528,15,1,1199.0
8226,5528,13,1,799.0
8227,5529,7,1,599.0
8228,5530,21,3,1099.0
8229,5531,29,1,1999.0
8230,5532,3,1,3499.0
8231,5532,9,3,899.0
8232,5533,22,1,699.0
8233,5533,11,2,199.0
8234,5534,5,1,999.0
8235,5535,29,1,1999.0
8236,5536,3,2,3499.0
8237,5537,20,2,3999.0
8238,5537,11,1,199.0
8239,5538,7,2,599.0
8240,5539,22,2,699.0
8241,5540,13,1,799.0
8242,5541,3,1,3499.0
8243,5542,23,1,399.0
8244,5543,3,2,3499.0
8245,5544,5,2,999.0
8246,5544,3,1,3499.0
8247,5544,12,1,1299.0
8248,5545,25,1,499.0
8249,5545,27,1,599.0
8250,5546,14,1,1599.0
8251,5547,26,1,999.0
8252,5548,30,1,799.0
8253,5549,19,1,4499.0
8254,5550,6,3,1499.0
8255,5550,3,1,3499.0
8256,5551,18,1,899.0
8257,5552,9,3,899.0
8258,5553,8,3,2999.0
8259,5554,30,1,799.0
8260,5555,25,1,499.0
8261,5556,4,3,1299.0
8262,5557,9,1,899.0
8263,5558,19,2,4499.0
8264,5559,7,2,599.0
8265,5559,15,1,1199.0
8266,5560,11,1,199.0
8267,5561,6,1,1499.0
8268,5561,30,2,799.0
8269,5561,27,1,599.0
8270,5562,15,1,1199.0
8271,5563,20,2,3999.0
8272,5564,3,1,3499.0
8273,5564,23,2,399.0
8274,5565,17,1,4999.0
8275,5566,22,2,699.0
8276,5567,30,1,799.0
8277,5568,14,1,1599.0
8278,5569,10,1,299.0
8279,5570,13,2,799.0
8280,5570,5,1,999.0
8281,5571,1,1,2499.0
8282,5572,11,2,199.0
8283,5572,20,3,3999.0
8284,5573,3,1,3499.0
8285,5574,23,2,399.0
8286,5575,15,1,1199.0
8287,5575,21,1,1099.0
8288,5575,6,1,1499.0
8289,5576,14,1,1599.0
8290,5577,15,1,1199.0
8291,5578,21,1,1099.0
8292,5578,30,2,799.0
8293,5579,10,1,299.0
8294,5579,24,1,899.0
8295,5580,9,1,899.0
8296,5581,26,1,999.0
8297,5582,8,3,2999.0
8298,5583,6,1,1499.0
8299,5584,2,2,1799.0
8300,5584,24,1,899.0
8301,5584,9,1,899.0
8302,5585,5,1,999.0
8303,5586,11,1,199.0
8304,5586,15,2,1199.0
8305,5586,4,1,1299.0
8306,5587,11,1,199.0
8307,5588,9,1,899.0
8308,5588,19,1,4499.0
8309,5588,6,1,1499.0
8310,5589,20,3,3999.0
8311,5589,23,1,399.0
8312,5590,26,1,999.0
8313,5591,30,2,799.0
8314,5592,30,1,799.0
8315,5592,24,1,899.0
8316,5593,25,1,499.0
8317,5593,22,1,699.0
8318,5594,24,1,899.0
8319,5594,22,1,699.0
8320,5595,15,1,1199.0
8321,5596,17,1,4999.0
8322,5596,11,2,199.0
8323,5596,4,1,1299.0
8324,5597,25,1,499.0
8325,5597,18,2,899.0
8326,5598,30,1,799.0
8327,5599,3,1,3499.0
8328,5600,13,2,799.0
8329,5601,15,1,1199.0
8330,5601,3,1,3499.0
8331,5602,1,1,2499.0
8332,5603,26,1,999.0
8333,5604,7,3,599.0
8334,5605,23,1,399.0
8335,5605,19,1,4499.0
8336,5606,13,1,799.0
8337,5607,26,2,999.0
8338,5608,7,1,599.0
8339,5608,15,2,1199.0
8340,5609,2,2,1799.0
8341,5610,27,1,599.0
8342,5610,10,1,299.0
8343,5611,22,1,699.0
8344,5611,3,1,3499.0
8345,5611,8,3,2999.0
8346,5612,20,2,3999.0
8347,5612,3,1,3499.0
8348,5613,3,2,3499.0
8349,5614,15,1,1199.0
8350,5614,9,1,899.0
8351,5614,9,1,899.0
8352,5615,10,1,299.0
8353,5615,3,1,3499.0
8354,5615,21,1,1099.0
8355,5616,11,1,199.0
8356,5617,19,1,4499.0
8357,5618,23,3,399.0
8358,5619,22,3,699.0
8359,5619,23,1,399.0
8360,5620,27,1,599.0
8361,5620,1,1,2499.0
8362,5621,18,1,899.0
8363,5622,30,1,799.0
8364,5623,24,1,899.0
8365,5624,26,1,999.0
8366,5625,19,1,4499.0
8367,5625,18,1,899.0
8368,5625,26,2,999.0
8369,5626,30,1,799.0
8370,5627,17,1,4999.0
8371,5627,25,1,499.0
8372,5627,7,1,599.0
8373,5628,4,3,1299.0
8374,5629,18,1,899.0
8375,5629,7,2,599.0
8376,5630,17,1,4999.0
8377,5631,12,1,1299.0
8378,5632,28,1,499.0
8379,5633,11,1,199.0
8380,5634,29,1,1999.0
8381,5635,12,1,1299.0
8382,5636,15,2,1199.0
8383,5637,27,1,599.0
8384,5638,11,3,199.0
8385,5639,3,1,3499.0
8386,5640,30,1,799.0
8387,5641,17,1,4999.0
8388,5642,23,1,399.0
8389,5642,1,3,2499.0
8390,5643,12,1,1299.0
8391,5643,29,1,1999.0
8392,5644,22,2,699.0
8393,5645,24,1,899.0
8394,5646,10,2,299.0
8395,5647,25,1,499.0
8396,5647,10,2,299.0
8397,5648,12,1,1299.0
8398,5649,4,1,1299.0
8399,5649,5,1,999.0
8400,5650,20,2,3999.0
8401,5650,9,1,899.0
8402,5650,30,2,799.0
8403,5651,6,2,1499.0
8404,5651,23,2,399.0
8405,5652,12,1,1299.0
8406,5653,16,1,3999.0
8407,5654,11,1,199.0
8408,5655,4,1,1299.0
8409,5655,18,1,899.0
8410,5656,23,1,399.0
8411,5656,1,1,2499.0
8412,5656,30,2,799.0
8413,5657,6,1,1499.0
8414,5658,9,2,899.0
8415,5658,12,1,1299.0
8416,5658,19,1,4499.0
8417,5659,14,1,1599.0
8418,5660,6,2,1499.0
8419,5660,17,3,4999.0
8420,5661,24,1,899.0
8421,5662,6,2,1499.0
8422,5663,29,2,1999.0
8423,5664,19,1,4499.0
8424,5665,3,2,3499.0
8425,5666,12,1,1299.0
8426,5666,20,1,3999.0
8427,5667,16,1,3999.0
8428,5667,6,2,1499.0
8429,5667,4,1,1299.0
8430,5668,23,1,399.0
8431,5669,7,1,599.0
8432,5670,9,1,899.0
8433,5670,28,2,499.0
8434,5671,30,1,799.0
8435,5671,11,1,199.0
8436,5671,11,1,199.0
8437,5672,19,2,4499.0
8438,5673,8,1,2999.0
8439,5674,11,1,199.0
8440,5675,29,2,1999.0
8441,5675,19,2,4499.0
8442,5676,24,1,899.0
8443,5676,6,1,1499.0
8444,5676,21,1,1099.0
8445,5677,24,2,899.0
8446,5678,15,1,1199.0
8447,5678,23,1,399.0
8448,5679,1,1,2499.0
8449,5680,7,1,599.0
8450,5680,11,1,199.0
8451,5681,17,3,4999.0
8452,5682,28,1,499.0
8453,5682,21,1,1099.0
8454,5683,3,1,3499.0
8455,5684,15,1,1199.0
8456,5685,3,1,3499.0
8457,5686,22,2,699.0
8458,5687,9,3,899.0
8459,5688,7,1,599.0
8460,5688,18,1,899.0
8461,5689,7,1,599.0
8462,5690,19,1,4499.0
8463,5691,5,3,999.0
8464,5692,3,1,3499.0
8465,5692,18,1,899.0
8466,5692,18,2,899.0
8467,5693,6,1,1499.0
8468,5694,9,2,899.0
8469,5694,24,2,899.0
8470,5695,15,1,1199.0
8471,5695,8,1,2999.0
8472,5696,25,1,499.0
8473,5696,7,1,599.0
8474,5696,26,1,999.0
8475,5697,8,1,2999.0
8476,5698,13,1,799.0
8477,5699,7,2,599.0
8478,5700,11,2,199.0
8479,5701,3,1,3499.0
8480,5702,23,1,399.0
8481,5703,7,2,599.0
8482,5704,14,2,1599.0
8483,5704,24,3,899.0
8484,5705,13,2,799.0
8485,5706,19,3,4499.0
8486,5707,20,2,3999.0
8487,5708,17,1,4999.0
8488,5709,11,1,199.0
8489,5709,9,1,899.0
8490,5710,5,3,999.0
8491,5710,6,1,1499.0
8492,5711,27,2,599.0
8493,5711,30,1,799.0
8494,5711,23,1,399.0
8495,5712,3,1,3499.0
8496,5713,22,1,699.0
8497,5714,25,1,499.0
8498,5715,22,1,699.0
8499,5716,4,1,1299.0
8500,5717,8,1,2999.0
8501,5718,14,1,1599.0
8502,5719,1,3,2499.0
8503,5720,9,1,899.0
8504,5721,22,2,699.0
8505,5722,1,1,2499.0
8506,5723,26,2,999.0
8507,5724,3,1,3499.0
8508,5725,18,2,899.0
8509,5726,23,2,399.0
8510,5727,9,2,899.0
8511,5728,8,3,2999.0
8512,5729,16,1,3999.0
8513,5730,12,1,1299.0
8514,5731,29,2,1999.0
8515,5731,14,1,1599.0
8516,5732,1,1,2499.0
8517,5733,9,1,899.0
8518,5734,7,1,599.0
8519,5735,27,1,599.0
8520,5735,7,3,599.0
8521,5736,30,2,799.0
8522,5737,1,1,2499.0
8523,5737,11,2,199.0
8524,5738,7,1,599.0
8525,5739,16,1,3999.0
8526,5740,30,1,799.0
8527,5741,29,3,1999.0
8528,5742,6,1,1499.0
8529,5742,8,1,2999.0
8530,5743,14,1,1599.0
8531,5744,25,1,499.0
8532,5745,21,2,1099.0
8533,5746,23,1,399.0
8534,5747,30,1,799.0
8535,5748,15,2,1199.0
8536,5748,18,1,899.0
8537,5749,3,3,3499.0
8538,5750,2,2,1799.0
8539,5751,24,1,899.0
8540,5751,14,1,1599.0
8541,5752,15,1,1199.0
8542,5752,9,1,899.0
8543,5753,3,1,3499.0
8544,5754,28,1,499.0
8545,5754,6,1,1499.0
8546,5755,29,1,1999.0
8547,5756,11,1,199.0
8548,5756,26,1,999.0
8549,5757,25,1,499.0
8550,5757,9,3,899.0
8551,5758,30,1,799.0
8552,5758,20,1,3999.0
8553,5758,23,1,399.0
8554,5759,11,1,199.0
8555,5760,27,2,599.0
8556,5761,4,1,1299.0
8557,5761,23,1,399.0
8558,5762,1,1,2499.0
8559,5763,1,1,2499.0
8560,5764,7,1,599.0
8561,5764,9,1,899.0
8562,5764,14,1,1599.0
8563,5765,21,2,1099.0
8564,5765,27,3,599.0
8565,5766,20,1,3999.0
8566,5767,10,1,299.0
8567,5768,3,1,3499.0
8568,5769,4,1,1299.0
8569,5769,27,1,599.0
8570,5769,13,1,799.0
8571,5770,11,2,199.0
8572,5771,28,3,499.0
8573,5772,7,1,599.0
8574,5773,1,1,2499.0
8575,5773,9,1,899.0
8576,5773,11,2,199.0
8577,5774,25,2,499.0
8578,5775,1,1,2499.0
8579,5776,30,2,799.0
8580,5776,19,1,4499.0
8581,5776,7,3,599.0
8582,5777,3,2,3499.0
8583,5778,8,3,2999.0
8584,5778,6,1,1499.0
8585,5779,25,1,499.0
8586,5779,30,2,799.0
8587,5780,9,1,899.0
8588,5781,10,2,299.0
8589,5781,4,3,1299.0
8590,5782,1,1,2499.0
8591,5782,25,1,499.0
8592,5783,13,1,799.0
8593,5783,23,1,399.0
8594,5783,3,2,3499.0
8595,5784,26,1,999.0
8596,5784,23,1,399.0
8597,5785,3,1,3499.0
8598,5785,20,1,3999.0
8599,5786,10,1,299.0
8600,5786,12,1,1299.0
8601,5787,8,1,2999.0
8602,5788,27,2,599.0
8603,5789,1,1,2499.0
8604,5790,17,3,4999.0
8605,5791,25,1,499.0
8606,5792,19,2,4499.0
8607,5792,6,1,1499.0
8608,5793,20,2,3999.0
8609,5793,10,3,299.0
8610,5794,18,1,899.0
8611,5795,21,2,1099.0
8612,5796,23,1,399.0
8613,5796,30,1,799.0
8614,5797,28,2,499.0
8615,5798,9,1,899.0
8616,5798,15,1,1199.0
8617,5799,17,1,4999.0
8618,5799,19,1,4499.0
8619,5800,24,1,899.0
8620,5801,20,1,3999.0
8621,5802,27,1,599.0
8622,5802,24,1,899.0
8623,5803,24,1,899.0
8624,5804,20,1,3999.0
8625,5804,24,1,899.0
8626,5805,11,1,199.0
8627,5806,6,1,1499.0
8628,5807,8,1,2999.0
8629,5807,3,1,3499.0
8630,5808,1,1,2499.0
8631,5808,6,1,1499.0
8632,5809,3,1,3499.0
8633,5809,7,1,599.0
8634,5809,30,2,799.0
8635,5810,3,1,3499.0
8636,5811,10,1,299.0
8637,5812,4,1,1299.0
8638,5813,1,2,2499.0
8639,5814,9,3,899.0
8640,5815,8,2,2999.0
8641,5815,11,1,199.0
8642,5815,2,1,1799.0
8643,5816,7,1,599.0
8644,5816,4,3,1299.0
8645,5817,14,1,1599.0
8646,5817,12,3,1299.0
8647,5817,27,1,599.0
8648,5818,17,1,4999.0
8649,5819,7,1,599.0
8650,5820,4,1,1299.0
8651,5821,14,2,1599.0
8652,5822,13,1,799.0
8653,5822,26,2,999.0
8654,5823,9,1,899.0
8655,5823,8,1,2999.0
8656,5824,24,2,899.0
8657,5824,18,1,899.0
8658,5824,29,1,1999.0
8659,5825,23,1,399.0
8660,5826,6,1,1499.0
8661,5827,25,1,499.0
8662,5827,29,1,1999.0
8663,5828,22,1,699.0
8664,5829,6,1,1499.0
8665,5829,14,2,1599.0
8666,5829,19,1,4499.0
8667,5830,14,3,1599.0
8668,5831,1,2,2499.0
8669,5832,29,2,1999.0
8670,5833,21,2,1099.0
8671,5834,10,1,299.0
8672,5835,9,2,899.0
8673,5836,4,1,1299.0
8674,5837,27,3,599.0
8675,5838,30,3,799.0
8676,5838,9,3,899.0
8677,5838,25,1,499.0
8678,5839,11,1,199.0
8679,5840,25,1,499.0
8680,5840,7,2,599.0
8681,5840,12,1,1299.0
8682,5841,10,1,299.0
8683,5841,11,1,199.0
8684,5841,21,2,1099.0
8685,5842,11,1,199.0
8686,5842,2,2,1799.0
8687,5843,23,1,399.0
8688,5843,22,2,699.0
8689,5844,13,1,799.0
8690,5845,19,1,4499.0
8691,5846,3,1,3499.0
8692,5847,11,2,199.0
8693,5847,30,1,799.0
8694,5848,7,2,599.0
8695,5848,8,1,2999.0
8696,5849,30,3,799.0
8697,5850,9,1,899.0
8698,5851,27,1,599.0
8699,5851,16,1,3999.0
8700,5852,6,2,1499.0
8701,5853,3,3,3499.0
8702,5854,23,3,399.0
8703,5854,4,3,1299.0
8704,5855,4,2,1299.0
8705,5856,11,1,199.0
8706,5857,16,2,3999.0
8707,5858,19,1,4499.0
8708,5858,11,1,199.0
8709,5859,8,2,2999.0
8710,5860,7,2,599.0
8711,5860,15,1,1199.0
8712,5860,25,3,499.0
8713,5861,7,1,599.0
8714,5862,30,1,799.0
8715,5863,25,1,499.0
8716,5864,6,1,1499.0
8717,5865,19,1,4499.0
8718,5866,22,2,699.0
8719,5867,22,3,699.0
8720,5867,11,1,199.0
8721,5868,7,1,599.0
8722,5869,6,1,1499.0
8723,5869,19,2,4499.0
8724,5870,25,2,499.0
8725,5871,20,2,3999.0
8726,5871,9,1,899.0
8727,5872,24,1,899.0
8728,5873,19,1,4499.0
8729,5874,20,1,3999.0
8730,5874,18,2,899.0
8731,5875,17,2,4999.0
8732,5876,26,3,999.0
8733,5877,30,1,799.0
8734,5877,1,1,2499.0
8735,5878,27,1,599.0
8736,5879,24,3,899.0
8737,5880,17,1,4999.0
8738,5881,11,1,199.0
8739,5881,5,1,999.0
8740,5882,11,1,199.0
8741,5883,6,1,1499.0
8742,5884,2,1,1799.0
8743,5884,20,1,3999.0
8744,5884,17,1,4999.0
8745,5885,6,1,1499.0
8746,5886,15,1,1199.0
8747,5887,23,1,399.0
8748,5888,27,1,599.0
8749,5889,18,1,899.0
8750,5889,6,1,1499.0
8751,5890,30,1,799.0
8752,5890,23,1,399.0
8753,5890,24,1,899.0
8754,5891,7,1,599.0
8755,5892,26,1,999.0
8756,5893,19,1,4499.0
8757,5894,4,2,1299.0
8758,5895,16,1,3999.0
8759,5896,7,1,599.0
8760,5897,26,1,999.0
8761,5897,10,3,299.0
8762,5898,19,1,4499.0
8763,5899,23,3,399.0
8764,5899,25,3,499.0
8765,5900,19,1,4499.0
8766,5901,20,1,3999.0
8767,5902,24,1,899.0
8768,5903,15,1,1199.0
8769,5903,16,1,3999.0
8770,5904,26,1,999.0
8771,5905,10,1,299.0
8772,5905,30,2,799.0
8773,5905,20,1,3999.0
8774,5906,8,1,2999.0
8775,5906,20,1,3999.0
8776,5906,5,3,999.0
8777,5907,23,2,399.0
8778,5907,1,1,2499.0
8779,5907,24,2,899.0
8780,5908,11,1,199.0
8781,5908,8,1,2999.0
8782,5909,4,3,1299.0
8783,5910,19,3,4499.0
8784,5911,19,1,4499.0
8785,5912,25,1,499.0
8786,5912,14,1,1599.0
8787,5913,6,1,1499.0
8788,5913,18,3,899.0
8789,5914,21,1,1099.0
8790,5915,20,1,3999.0
8791,5915,26,1,999.0
8792,5916,24,1,899.0
8793,5917,23,1,399.0
8794,5918,15,1,1199.0
8795,5919,10,1,299.0
8796,5919,9,1,899.0
8797,5920,23,1,399.0
8798,5920,15,1,1199.0
8799,5920,26,1,999.0
8800,5921,10,1,299.0
8801,5922,8,1,2999.0
8802,5923,30,1,799.0
8803,5923,8,1,2999.0
8804,5924,23,1,399.0
8805,5925,9,1,899.0
8806,5925,4,1,1299.0
8807,5926,26,1,999.0
8808,5927,17,3,4999.0
8809,5928,5,1,999.0
8810,5928,14,3,1599.0
8811,5928,3,1,3499.0
8812,5929,21,1,1099.0
8813,5930,7,1,599.0
8814,5931,30,1,799.0
8815,5932,30,1,799.0
8816,5933,29,1,1999.0
8817,5934,19,1,4499.0
8818,5935,11,3,199.0
8819,5935,20,1,3999.0
8820,5936,5,1,999.0
8821,5936,25,2,499.0
8822,5937,20,1,3999.0
8823,5938,15,1,1199.0
8824,5938,30,1,799.0
8825,5939,23,3,399.0
8826,5940,25,1,499.0
8827,5941,15,1,1199.0
8828,5942,10,3,299.0
8829,5942,23,2,399.0
8830,5943,6,2,1499.0
8831,5943,3,2,3499.0
8832,5944,28,2,499.0
8833,5945,6,1,1499.0
8834,5946,11,1,199.0
8835,5947,7,3,599.0
8836,5948,24,2,899.0
8837,5949,8,1,2999.0
8838,5950,6,2,1499.0
8839,5950,3,1,3499.0
8840,5950,24,1,899.0
8841,5951,10,2,299.0
8842,5952,7,1,599.0
8843,5952,14,1,1599.0
8844,5952,28,1,499.0
8845,5953,16,1,3999.0
8846,5953,26,1,999.0
8847,5954,14,2,1599.0
8848,5955,10,2,299.0
8849,5955,23,2,399.0
8850,5956,8,1,2999.0
8851,5957,19,1,4499.0
8852,5958,11,2,199.0
8853,5958,20,1,3999.0
8854,5959,11,1,199.0
8855,5960,6,1,1499.0
8856,5961,17,1,4999.0
8857,5962,6,2,1499.0
8858,5962,16,1,3999.0
8859,5963,1,1,2499.0
8860,5963,26,1,999.0
8861,5964,20,1,3999.0
8862,5965,19,2,4499.0
8863,5965,9,3,899.0
8864,5966,22,1,699.0
8865,5966,8,1,2999.0
8866,5967,3,1,3499.0
8867,5968,23,1,399.0
8868,5968,9,1,899.0
8869,5969,22,2,699.0
8870,5970,4,1,1299.0
8871,5971,30,1,799.0
8872,5971,28,1,499.0
8873,5972,8,1,2999.0
8874,5973,1,1,2499.0
8875,5973,16,1,3999.0
8876,5974,7,1,599.0
8877,5975,28,1,499.0
8878,5976,4,3,1299.0
8879,5976,6,1,1499.0
8880,5976,15,1,1199.0
8881,5977,23,2,399.0
8882,5978,18,1,899.0
8883,5979,1,1,2499.0
8884,5980,7,1,599.0
8885,5980,6,1,1499.0
8886,5981,6,1,1499.0
8887,5981,27,1,599.0
8888,5982,18,1,899.0
8889,5983,17,2,4999.0
8890,5984,3,1,3499.0
8891,5985,29,2,1999.0
8892,5985,22,1,699.0
8893,5985,28,1,499.0
8894,5986,11,1,199.0
8895,5986,26,1,999.0
8896,5986,9,1,899.0
8897,5987,5,2,999.0
8898,5988,25,1,499.0
8899,5989,19,1,4499.0
8900,5989,5,3,999.0
8901,5990,8,1,2999.0
8902,5990,10,2,299.0
8903,5990,28,1,499.0
8904,5991,18,2,899.0
8905,5991,27,3,599.0
8906,5992,9,1,899.0
8907,5992,3,1,3499.0
8908,5993,23,1,399.0
8909,5994,3,1,3499.0
8910,5994,15,1,1199.0
8911,5995,23,1,399.0
8912,5995,8,1,2999.0
8913,5996,2,1,1799.0
8914,5996,4,2,1299.0
8915,5997,9,1,899.0
8916,5997,24,1,899.0
8917,5998,23,1,399.0
8918,5998,10,2,299.0
8919,5999,19,1,4499.0
8920,6000,29,2,1999.0
8921,6000,23,1,399.0
8922,6001,24,1,899.0
8923,6002,30,1,799.0
8924,6002,8,2,2999.0
8925,6003,30,1,799.0
8926,6004,23,2,399.0
8927,6004,10,2,299.0
8928,6005,19,1,4499.0
8929,6006,27,1,599.0
8930,6007,29,2,1999.0
8931,6007,30,1,799.0
8932,6008,8,1,2999.0
8933,6009,11,1,199.0
8934,6009,19,2,4499.0
8935,6010,22,2,699.0
8936,6010,8,2,2999.0
8937,6011,18,1,899.0
8938,6012,9,1,899.0
8939,6013,19,2,4499.0
8940,6013,6,1,1499.0
8941,6014,30,1,799.0
8942,6015,8,2,2999.0
8943,6015,3,1,3499.0
8944,6015,8,3,2999.0
8945,6016,7,1,599.0
8946,6016,13,1,799.0
8947,6017,30,1,799.0
8948,6018,10,1,299.0
8949,6019,22,3,699.0
8950,6020,23,1,399.0
8951,6021,27,1,599.0
8952,6022,6,1,1499.0
8953,6023,19,1,4499.0
8954,6024,26,1,999.0
8955,6024,7,2,599.0
8956,6024,27,1,599.0
8957,6025,30,1,799.0
8958,6026,17,1,4999.0
8959,6026,23,1,399.0
8960,6026,9,3,899.0
8961,6027,1,3,2499.0
8962,6028,3,2,3499.0
8963,6029,23,1,399.0
8964,6029,20,1,3999.0
8965,6030,4,2,1299.0
8966,6030,21,2,1099.0
8967,6030,15,2,1199.0
8968,6031,25,1,499.0
8969,6031,10,1,299.0
8970,6032,11,1,199.0
8971,6033,12,1,1299.0
8972,6033,12,1,1299.0
8973,6033,3,1,3499.0
8974,6034,4,2,1299.0
8975,6034,8,1,2999.0
8976,6035,7,1,599.0
8977,6035,3,1,3499.0
8978,6036,15,2,1199.0
8979,6036,3,1,3499.0
8980,6036,6,2,1499.0
8981,6037,17,1,4999.0
8982,6038,11,1,199.0
8983,6038,25,3,499.0
8984,6039,4,1,1299.0
8985,6040,27,1,599.0
8986,6040,23,3,399.0
8987,6041,20,1,3999.0
8988,6042,29,1,1999.0
8989,6042,7,1,599.0
8990,6043,6,2,1499.0
8991,6043,30,1,799.0
8992,6044,12,2,1299.0
8993,6044,1,1,2499.0
8994,6044,9,3,899.0
8995,6045,11,1,199.0
8996,6046,15,1,1199.0
8997,6047,8,2,2999.0
8998,6048,25,1,499.0
8999,6048,11,1,199.0
9000,6049,18,3,899.0
9001,6049,3,1,3499.0
9002,6050,9,2,899.0
9003,6050,15,1,1199.0
9004,6051,25,1,499.0
9005,6052,9,1,899.0
9006,6053,6,1,1499.0
9007,6054,9,1,899.0
9008,6054,20,1,3999.0
9009,6055,7,1,599.0
9010,6055,3,1,3499.0
9011,6056,26,1,999.0
9012,6056,6,2,1499.0
9013,6057,21,3,1099.0
9014,6058,1,1,2499.0
9015,6059,22,1,699.0
9016,6059,25,1,499.0
9017,6060,15,2,1199.0
9018,6060,3,2,3499.0
9019,6061,15,2,1199.0
9020,6062,1,2,2499.0
9021,6063,8,2,2999.0
9022,6064,11,1,199.0
9023,6064,4,1,1299.0
9024,6065,4,1,1299.0
9025,6065,24,2,899.0
9026,6066,23,1,399.0
9027,6067,18,3,899.0
9028,6067,18,1,899.0
9029,6068,30,1,799.0
9030,6069,30,1,799.0
9031,6070,7,1,599.0
9032,6071,9,1,899.0
9033,6071,7,1,599.0
9034,6072,19,1,4499.0
9035,6072,15,1,1199.0
9036,6073,13,2,799.0
9037,6073,22,1,699.0
9038,6074,8,1,2999.0
9039,6075,5,1,999.0
9040,6075,29,1,1999.0
9041,6076,12,1,1299.0
9042,6076,11,1,199.0
9043,6077,26,1,999.0
9044,6078,10,1,299.0
9045,6079,24,1,899.0
9046,6080,22,1,699.0
9047,6080,17,1,4999.0
9048,6081,30,3,799.0
9049,6082,7,1,599.0
9050,6083,11,1,199.0
9051,6083,21,2,1099.0
9052,6084,6,1,1499.0
9053,6084,18,3,899.0
9054,6085,15,1,1199.0
9055,6086,24,3,899.0
9056,6086,30,2,799.0
9057,6087,30,2,799.0
9058,6088,6,1,1499.0
9059,6089,27,1,599.0
9060,6090,9,1,899.0
9061,6090,24,1,899.0
9062,6091,3,1,3499.0
9063,6091,26,1,999.0
9064,6092,27,1,599.0
9065,6093,7,2,599.0
9066,6094,30,1,799.0
9067,6095,25,2,499.0
9068,6095,9,1,899.0
9069,6096,24,1,899.0
9070,6096,8,1,2999.0
9071,6097,5,1,999.0
9072,6098,23,1,399.0
9073,6099,20,2,3999.0
9074,6100,3,2,3499.0
9075,6100,9,1,899.0
9076,6101,19,1,4499.0
9077,6101,15,1,1199.0
9078,6101,14,1,1599.0
9079,6102,29,1,1999.0
9080,6103,13,1,799.0
9081,6103,19,1,4499.0
9082,6104,10,1,299.0
9083,6105,6,1,1499.0
9084,6106,7,1,599.0
9085,6107,17,1,4999.0
9086,6107,10,1,299.0
9087,6107,19,1,4499.0
9088,6108,9,2,899.0
9089,6109,22,1,699.0
9090,6110,1,3,2499.0
9091,6110,14,2,1599.0
9092,6111,8,1,2999.0
9093,6112,15,1,1199.0
9094,6112,23,1,399.0
9095,6113,1,2,2499.0
9096,6114,7,1,599.0
9097,6114,25,2,499.0
9098,6115,7,2,599.0
9099,6115,9,1,899.0
9100,6115,21,2,1099.0
9101,6116,16,1,3999.0
9102,6116,27,1,599.0
9103,6117,24,1,899.0
9104,6118,24,1,899.0
9105,6119,11,1,199.0
9106,6119,11,1,199.0
9107,6120,6,1,1499.0
9108,6120,30,3,799.0
9109,6121,26,2,999.0
9110,6122,11,2,199.0
9111,6122,18,2,899.0
9112,6123,3,1,3499.0
9113,6123,17,1,4999.0
9114,6123,7,1,599.0
9115,6124,30,1,799.0
9116,6125,15,1,1199.0
9117,6125,4,1,1299.0
9118,6126,30,1,799.0
9119,6126,30,2,799.0
9120,6126,23,1,399.0
9121,6127,30,1,799.0
9122,6128,10,1,299.0
9123,6128,25,3,499.0
9124,6128,25,1,499.0
9125,6129,25,1,499.0
9126,6130,25,1,499.0
9127,6130,25,3,499.0
9128,6131,11,1,199.0
9129,6132,10,1,299.0
9130,6133,24,1,899.0
9131,6133,9,1,899.0
9132,6133,9,2,899.0
9133,6134,10,1,299.0
9134,6134,13,1,799.0
9135,6135,16,2,3999.0
9136,6136,27,2,599.0
9137,6137,27,1,599.0
9138,6138,21,3,1099.0
9139,6139,19,2,4499.0
9140,6140,18,2,899.0
9141,6141,25,2,499.0
9142,6141,19,1,4499.0
9143,6142,30,1,799.0
9144,6143,19,1,4499.0
9145,6144,19,1,4499.0
9146,6144,15,2,1199.0
9147,6145,15,2,1199.0
9148,6146,22,1,699.0
9149,6147,26,3,999.0
9150,6147,26,2,999.0
9151,6147,20,1,3999.0
9152,6148,3,1,3499.0
9153,6148,22,3,699.0
9154,6148,29,1,1999.0
9155,6149,9,3,899.0
9156,6149,11,1,199.0
9157,6150,26,1,999.0
9158,6151,15,1,1199.0
9159,6151,26,1,999.0
9160,6151,8,1,2999.0
9161,6152,18,2,899.0
9162,6152,23,1,399.0
9163,6153,18,1,899.0
9164,6153,3,1,3499.0
9165,6154,27,2,599.0
9166,6155,24,1,899.0
9167,6155,1,2,2499.0
9168,6156,3,2,3499.0
9169,6157,19,1,4499.0
9170,6158,6,1,1499.0
9171,6158,6,1,1499.0
9172,6159,11,1,199.0
9173,6159,30,2,799.0
9174,6159,6,2,1499.0
9175,6160,20,3,3999.0
9176,6160,25,1,499.0
9177,6160,30,1,799.0
9178,6161,11,1,199.0
9179,6162,3,1,3499.0
9180,6162,5,1,999.0
9181,6162,27,1,599.0
9182,6163,3,3,3499.0
9183,6163,10,1,299.0
9184,6164,18,1,899.0
9185,6164,11,1,199.0
9186,6165,9,1,899.0
9187,6165,16,2,3999.0
9188,6165,30,1,799.0
9189,6166,15,1,1199.0
9190,6166,4,2,1299.0
9191,6166,25,1,499.0
9192,6167,30,1,799.0
9193,6167,7,1,599.0
9194,6168,17,1,4999.0
9195,6169,6,1,1499.0
9196,6170,24,1,899.0
9197,6171,23,1,399.0
9198,6172,26,1,999.0
9199,6173,22,1,699.0
9200,6174,20,1,3999.0
9201,6174,26,1,999.0
9202,6175,7,1,599.0
9203,6176,8,3,2999.0
9204,6177,22,1,699.0
9205,6177,3,2,3499.0
9206,6178,4,1,1299.0
9207,6179,26,1,999.0
9208,6180,2,1,1799.0
9209,6180,23,3,399.0
9210,6181,24,1,899.0
9211,6182,21,1,1099.0
9212,6183,21,1,1099.0
9213,6184,19,1,4499.0
9214,6184,7,1,599.0
9215,6184,24,3,899.0
9216,6185,9,1,899.0
9217,6186,7,1,599.0
9218,6186,30,1,799.0
9219,6187,1,2,2499.0
9220,6187,19,3,4499.0
9221,6188,3,1,3499.0
9222,6189,6,1,1499.0
9223,6190,28,3,499.0
9224,6191,30,1,799.0
9225,6192,23,1,399.0
9226,6192,3,1,3499.0
9227,6193,7,1,599.0
9228,6193,3,1,3499.0
9229,6194,15,1,1199.0
9230,6194,16,1,3999.0
9231,6195,30,1,799.0
9232,6195,19,1,4499.0
9233,6195,1,1,2499.0
9234,6196,30,1,799.0
9235,6197,22,1,699.0
9236,6198,7,1,599.0
9237,6198,3,1,3499.0
9238,6199,14,1,1599.0
9239,6200,11,1,199.0
9240,6200,23,2,399.0
9241,6200,1,1,2499.0
9242,6201,11,3,199.0
9243,6202,29,1,1999.0
9244,6202,20,1,3999.0
9245,6202,3,1,3499.0
9246,6203,13,2,799.0
9247,6203,6,1,1499.0
9248,6204,4,2,1299.0
9249,6205,10,1,299.0
9250,6205,26,2,999.0
9251,6205,24,1,899.0
9252,6206,28,2,499.0
9253,6206,22,1,699.0
9254,6207,6,1,1499.0
9255,6208,23,1,399.0
9256,6208,9,1,899.0
9257,6208,18,1,899.0
9258,6209,18,2,899.0
9259,6209,4,1,1299.0
9260,6210,27,1,599.0
9261,6211,11,1,199.0
9262,6211,6,2,1499.0
9263,6211,9,2,899.0
9264,6212,18,1,899.0
9265,6213,15,2,1199.0
9266,6213,1,1,2499.0
9267,6214,24,1,899.0
9268,6214,9,1,899.0
9269,6215,15,1,1199.0
9270,6216,6,1,1499.0
9271,6216,8,1,2999.0
9272,6217,16,1,3999.0
9273,6218,13,1,799.0
9274,6219,12,1,1299.0
9275,6220,7,3,599.0
9276,6221,25,3,499.0
9277,6221,11,1,199.0
9278,6222,19,2,4499.0
9279,6223,19,1,4499.0
9280,6224,13,1,799.0
9281,6225,6,3,1499.0
9282,6226,7,1,599.0
9283,6226,10,1,299.0
9284,6227,11,1,199.0
9285,6228,19,1,4499.0
9286,6229,19,1,4499.0
9287,6230,5,2,999.0
9288,6231,23,2,399.0
9289,6232,8,1,2999.0
9290,6233,29,2,1999.0
9291,6233,8,1,2999.0
9292,6234,2,1,1799.0
9293,6235,11,2,199.0
9294,6236,1,2,2499.0
9295,6237,9,1,899.0
9296,6237,20,1,3999.0
9297,6238,3,2,3499.0
9298,6239,17,1,4999.0
9299,6240,11,1,199.0
9300,6240,25,1,499.0
9301,6240,14,1,1599.0
9302,6241,18,1,899.0
9303,6242,8,2,2999.0
9304,6243,25,3,499.0
9305,6244,14,1,1599.0
9306,6244,7,3,599.0
9307,6244,9,1,899.0
9308,6245,6,2,1499.0
9309,6245,30,1,799.0
9310,6245,26,1,999.0
9311,6246,3,1,3499.0
9312,6246,1,1,2499.0
9313,6247,16,1,3999.0
9314,6247,5,1,999.0
9315,6247,8,2,2999.0
9316,6248,6,1,1499.0
9317,6249,2,2,1799.0
9318,6250,11,2,199.0
9319,6251,7,1,599.0
9320,6252,26,1,999.0
9321,6253,23,1,399.0
9322,6253,3,1,3499.0
9323,6254,19,1,4499.0
9324,6254,18,1,899.0
9325,6255,1,1,2499.0
9326,6256,9,2,899.0
9327,6257,6,2,1499.0
9328,6258,30,1,799.0
9329,6259,26,1,999.0
9330,6259,27,1,599.0
9331,6260,20,1,3999.0
9332,6260,4,2,1299.0
9333,6261,22,1,699.0
9334,6262,8,1,2999.0
9335,6263,7,1,599.0
9336,6263,9,2,899.0
9337,6263,11,1,199.0
9338,6264,7,3,599.0
9339,6265,30,2,799.0
9340,6265,1,1,2499.0
9341,6266,6,2,1499.0
9342,6267,19,1,4499.0
9343,6268,15,1,1199.0
9344,6269,18,1,899.0
9345,6270,4,3,1299.0
9346,6271,14,1,1599.0
9347,6272,13,1,799.0
9348,6272,4,2,1299.0
9349,6273,7,1,599.0
9350,6273,11,2,199.0
9351,6274,7,1,599.0
9352,6275,22,1,699.0
9353,6276,6,2,1499.0
9354,6276,24,1,899.0
9355,6276,19,1,4499.0
9356,6277,28,1,499.0
9357,6277,18,1,899.0
9358,6278,11,1,199.0
9359,6279,25,1,499.0
9360,6280,7,1,599.0
9361,6281,27,1,599.0
9362,6282,3,1,3499.0
9363,6283,6,3,1499.0
9364,6283,10,1,299.0
9365,6284,24,1,899.0
9366,6284,23,1,399.0
9367,6285,6,1,1499.0
9368,6286,10,1,299.0
9369,6286,19,1,4499.0
9370,6287,3,1,3499.0
9371,6287,4,1,1299.0
9372,6287,23,1,399.0
9373,6288,9,1,899.0
9374,6288,11,1,199.0
9375,6288,20,1,3999.0
9376,6289,23,1,399.0
9377,6290,23,1,399.0
9378,6290,11,2,199.0
9379,6291,4,1,1299.0
9380,6291,17,1,4999.0
9381,6292,7,1,599.0
9382,6292,6,1,1499.0
9383,6293,11,1,199.0
9384,6294,22,1,699.0
9385,6294,3,1,3499.0
9386,6295,24,2,899.0
9387,6295,15,1,1199.0
9388,6296,7,1,599.0
9389,6297,6,3,1499.0
9390,6298,15,1,1199.0
9391,6299,6,3,1499.0
9392,6300,22,3,699.0
9393,6300,30,1,799.0
9394,6301,19,1,4499.0
9395,6301,7,2,599.0
9396,6302,21,2,1099.0
9397,6302,6,3,1499.0
9398,6303,15,1,1199.0
9399,6304,1,3,2499.0
9400,6304,29,1,1999.0
9401,6305,2,3,1799.0
9402,6306,17,1,4999.0
9403,6307,19,3,4499.0
9404,6308,18,1,899.0
9405,6308,9,2,899.0
9406,6308,6,3,1499.0
9407,6309,14,1,1599.0
9408,6310,1,1,2499.0
9409,6311,20,1,3999.0
9410,6312,21,1,1099.0
9411,6313,30,2,799.0
9412,6313,13,1,799.0
9413,6314,21,1,1099.0
9414,6315,4,1,1299.0
9415,6316,3,2,3499.0
9416,6316,11,1,199.0
9417,6317,21,1,1099.0
9418,6318,26,2,999.0
9419,6319,7,1,599.0
9420,6320,11,1,199.0
9421,6321,22,3,699.0
9422,6322,10,1,299.0
9423,6323,7,1,599.0
9424,6324,6,1,1499.0
9425,6325,5,2,999.0
9426,6325,4,1,1299.0
9427,6326,27,2,599.0
9428,6327,20,1,3999.0
9429,6327,18,2,899.0
9430,6328,28,2,499.0
9431,6329,19,3,4499.0
9432,6330,11,1,199.0
9433,6331,24,1,899.0
9434,6332,9,3,899.0
9435,6333,20,1,3999.0
9436,6334,7,1,599.0
9437,6335,14,1,1599.0
9438,6336,13,1,799.0
9439,6337,3,2,3499.0
9440,6337,7,3,599.0
9441,6337,9,2,899.0
9442,6338,11,1,199.0
9443,6339,9,3,899.0
9444,6340,19,1,4499.0
9445,6340,1,1,2499.0
9446,6341,24,1,899.0
9447,6341,24,1,899.0
9448,6341,24,1,899.0
9449,6342,11,1,199.0
9450,6343,1,1,2499.0
9451,6343,7,3,599.0
9452,6344,4,2,1299.0
9453,6345,4,1,1299.0
9454,6346,19,1,4499.0
9455,6346,10,1,299.0
9456,6347,20,2,3999.0
9457,6348,30,1,799.0
9458,6348,15,1,1199.0
9459,6349,9,3,899.0
9460,6349,4,1,1299.0
9461,6350,19,1,4499.0
9462,6350,22,1,699.0
9463,6351,17,2,4999.0
9464,6351,8,1,2999.0
9465,6352,24,1,899.0
9466,6352,24,1,899.0
9467,6353,30,3,799.0
9468,6354,26,3,999.0
9469,6355,29,2,1999.0
9470,6355,17,2,4999.0
9471,6356,5,2,999.0
9472,6356,26,1,999.0
9473,6357,11,3,199.0
9474,6358,24,1,899.0
9475,6359,7,1,599.0
9476,6359,11,1,199.0
9477,6359,1,1,2499.0
9478,6360,19,1,4499.0
9479,6361,3,1,3499.0
9480,6362,24,1,899.0
9481,6363,21,1,1099.0
9482,6363,20,1,3999.0
9483,6363,30,1,799.0
9484,6364,3,1,3499.0
9485,6365,6,1,1499.0
9486,6366,19,1,4499.0
9487,6366,29,2,1999.0
9488,6367,22,1,699.0
9489,6368,30,1,799.0
9490,6369,3,1,3499.0
9491,6370,17,1,4999.0
9492,6371,9,1,899.0
9493,6372,19,3,4499.0
9494,6373,9,1,899.0
9495,6373,15,1,1199.0
9496,6374,22,1,699.0
9497,6375,20,1,3999.0
9498,6375,13,1,799.0
9499,6375,4,2,1299.0
9500,6376,16,1,3999.0
9501,6376,1,1,2499.0
9502,6376,7,1,599.0
9503,6377,27,2,599.0
9504,6377,18,2,899.0
9505,6377,30,2,799.0
9506,6378,19,1,4499.0
9507,6379,23,1,399.0
9508,6379,10,1,299.0
9509,6379,25,1,499.0
9510,6380,5,2,999.0
9511,6381,10,1,299.0
9512,6381,10,1,299.0
9513,6382,6,3,1499.0
9514,6383,23,1,399.0
9515,6384,28,2,499.0
9516,6385,17,2,4999.0
9517,6386,8,1,2999.0
9518,6387,18,2,899.0
9519,6388,9,1,899.0
9520,6388,29,1,1999.0
9521,6389,28,2,499.0
9522,6390,9,1,899.0
9523,6390,9,1,899.0
9524,6391,15,1,1199.0
9525,6391,17,2,4999.0
9526,6391,11,2,199.0
9527,6392,21,2,1099.0
9528,6393,3,1,3499.0
9529,6393,1,2,2499.0
9530,6394,6,1,1499.0
9531,6394,23,1,399.0
9532,6395,30,2,799.0
9533,6396,22,2,699.0
9534,6397,14,1,1599.0
9535,6398,9,1,899.0
9536,6399,17,1,4999.0
9537,6399,26,1,999.0
9538,6400,25,1,499.0
9539,6400,3,1,3499.0
9540,6401,19,2,4499.0
9541,6401,17,1,4999.0
9542,6402,17,1,4999.0
9543,6402,15,1,1199.0
9544,6402,7,1,599.0
9545,6403,12,1,1299.0
9546,6404,3,1,3499.0
9547,6404,30,1,799.0
9548,6404,19,1,4499.0
9549,6405,1,2,2499.0
9550,6406,7,1,599.0
9551,6407,3,2,3499.0
9552,6408,24,2,899.0
9553,6408,19,3,4499.0
9554,6408,17,2,4999.0
9555,6409,21,1,1099.0
9556,6410,6,1,1499.0
9557,6411,25,2,499.0
9558,6411,11,3,199.0
9559,6411,20,1,3999.0
9560,6412,23,2,399.0
9561,6413,17,1,4999.0
9562,6413,30,2,799.0
9563,6414,15,2,1199.0
9564,6414,18,2,899.0
9565,6414,11,2,199.0
9566,6415,20,1,3999.0
9567,6416,4,1,1299.0
9568,6417,4,3,1299.0
9569,6418,22,1,699.0
9570,6418,29,1,1999.0
9571,6418,18,2,899.0
9572,6419,6,1,1499.0
9573,6420,21,1,1099.0
9574,6421,15,1,1199.0
9575,6421,3,2,3499.0
9576,6422,22,1,699.0
9577,6423,5,1,999.0
9578,6423,6,1,1499.0
9579,6424,23,1,399.0
9580,6425,7,2,599.0
9581,6425,24,1,899.0
9582,6426,29,1,1999.0
9583,6427,26,1,999.0
9584,6428,25,1,499.0
9585,6428,23,2,399.0
9586,6429,4,2,1299.0
9587,6430,30,1,799.0
9588,6430,8,1,2999.0
9589,6431,16,2,3999.0
9590,6431,30,2,799.0
9591,6432,8,1,2999.0
9592,6433,20,1,3999.0
9593,6434,7,3,599.0
9594,6435,23,1,399.0
9595,6436,30,1,799.0
9596,6437,11,1,199.0
9597,6437,13,1,799.0
9598,6437,2,1,1799.0
9599,6438,25,1,499.0
9600,6439,20,1,3999.0
9601,6439,17,1,4999.0
9602,6440,25,1,499.0
9603,6441,21,3,1099.0
9604,6442,24,1,899.0
9605,6443,28,1,499.0
9606,6443,27,1,599.0
9607,6443,12,1,1299.0
9608,6444,3,1,3499.0
9609,6444,9,1,899.0
9610,6445,7,1,599.0
9611,6446,8,1,2999.0
9612,6447,3,1,3499.0
9613,6448,15,1,1199.0
9614,6448,11,1,199.0
9615,6449,1,1,2499.0
9616,6450,7,1,599.0
9617,6451,29,1,1999.0
9618,6451,19,1,4499.0
9619,6452,13,1,799.0
9620,6452,25,1,499.0
9621,6453,1,1,2499.0
9622,6453,6,2,1499.0
9623,6453,14,1,1599.0
9624,6454,13,3,799.0
9625,6455,2,1,1799.0
9626,6455,7,1,599.0
9627,6456,17,1,4999.0
9628,6456,7,1,599.0
9629,6457,16,3,3999.0
9630,6458,27,2,599.0
9631,6458,29,1,1999.0
9632,6458,18,2,899.0
9633,6459,3,1,3499.0
9634,6460,15,2,1199.0
9635,6460,4,1,1299.0
9636,6461,4,2,1299.0
9637,6462,19,1,4499.0
9638,6463,19,3,4499.0
9639,6464,17,1,4999.0
9640,6465,1,1,2499.0
9641,6466,6,1,1499.0
9642,6466,25,3,499.0
9643,6466,1,1,2499.0
9644,6467,14,1,1599.0
9645,6467,4,1,1299.0
9646,6467,23,1,399.0
9647,6468,23,3,399.0
9648,6468,4,3,1299.0
9649,6469,29,1,1999.0
9650,6469,3,1,3499.0
9651,6470,19,1,4499.0
9652,6470,8,1,2999.0
9653,6471,18,2,899.0
9654,6472,29,1,1999.0
9655,6473,11,2,199.0
9656,6474,3,1,3499.0
9657,6475,11,1,199.0
9658,6476,9,1,899.0
9659,6477,25,2,499.0
9660,6478,28,1,499.0
9661,6479,13,1,799.0
9662,6479,23,1,399.0
9663,6480,11,2,199.0
9664,6481,3,1,3499.0
9665,6482,4,1,1299.0
9666,6483,30,2,799.0
9667,6483,11,1,199.0
9668,6484,22,1,699.0
9669,6485,8,2,2999.0
9670,6486,15,1,1199.0
9671,6486,18,1,899.0
9672,6487,6,1,1499.0
9673,6487,23,2,399.0
9674,6488,30,1,799.0
9675,6489,6,3,1499.0
9676,6489,3,1,3499.0
9677,6490,30,1,799.0
9678,6490,4,2,1299.0
9679,6491,12,3,1299.0
9680,6492,3,1,3499.0
9681,6493,19,1,4499.0
9682,6493,6,2,1499.0
9683,6493,19,3,4499.0
9684,6494,10,2,299.0
9685,6495,28,1,499.0
9686,6496,8,1,2999.0
9687,6496,20,1,3999.0
9688,6497,3,1,3499.0
9689,6497,1,2,2499.0
9690,6497,16,2,3999.0
9691,6498,7,1,599.0
9692,6498,17,1,4999.0
9693,6498,17,2,4999.0
9694,6499,8,1,2999.0
9695,6500,9,1,899.0
9696,6500,15,1,1199.0
9697,6501,9,2,899.0
9698,6501,13,2,799.0
9699,6502,9,1,899.0
9700,6503,25,3,499.0
9701,6504,7,1,599.0
9702,6504,27,3,599.0
9703,6505,15,1,1199.0
9704,6506,9,1,899.0
9705,6507,5,2,999.0
9706,6508,11,1,199.0
9707,6508,17,1,4999.0
9708,6509,2,2,1799.0
9709,6509,7,1,599.0
9710,6510,24,1,899.0
9711,6511,30,1,799.0
9712,6512,16,1,3999.0
9713,6513,22,2,699.0
9714,6514,30,1,799.0
9715,6515,21,1,1099.0
9716,6516,14,1,1599.0
9717,6517,30,1,799.0
9718,6518,10,1,299.0
9719,6519,30,1,799.0
9720,6520,1,1,2499.0
9721,6521,19,1,4499.0
9722,6522,1,1,2499.0
9723,6523,13,1,799.0
9724,6524,5,1,999.0
9725,6525,25,2,499.0
9726,6526,23,1,399.0
9727,6527,17,1,4999.0
9728,6527,6,1,1499.0
9729,6527,1,1,2499.0
9730,6528,25,1,499.0
9731,6528,8,1,2999.0
9732,6528,24,2,899.0
9733,6529,5,1,999.0
9734,6530,28,3,499.0
9735,6530,11,1,199.0
9736,6530,3,2,3499.0
9737,6531,24,1,899.0
9738,6532,23,3,399.0
9739,6533,4,1,1299.0
9740,6533,19,1,4499.0
9741,6533,29,1,1999.0
9742,6534,4,1,1299.0
9743,6535,11,1,199.0
9744,6536,13,3,799.0
9745,6537,1,1,2499.0
9746,6538,4,1,1299.0
9747,6539,8,1,2999.0
9748,6539,15,1,1199.0
9749,6540,27,1,599.0
9750,6540,21,3,1099.0
9751,6540,26,2,999.0
9752,6541,5,2,999.0
9753,6542,25,1,499.0
9754,6542,19,1,4499.0
9755,6543,30,1,799.0
9756,6544,8,1,2999.0
9757,6545,4,1,1299.0
9758,6545,13,1,799.0
9759,6546,6,2,1499.0
9760,6546,25,2,499.0
9761,6547,23,1,399.0
9762,6547,23,1,399.0
9763,6548,18,2,899.0
9764,6549,8,1,2999.0
9765,6550,19,2,4499.0
9766,6551,27,1,599.0
9767,6551,27,1,599.0
9768,6552,9,3,899.0
9769,6552,7,1,599.0
9770,6552,5,1,999.0
9771,6553,11,1,199.0
9772,6553,10,1,299.0
9773,6554,30,2,799.0
9774,6554,1,1,2499.0
9775,6554,14,1,1599.0
9776,6555,13,3,799.0
9777,6556,28,1,499.0
9778,6557,5,1,999.0
9779,6558,4,1,1299.0
9780,6559,23,1,399.0
9781,6560,1,2,2499.0
9782,6560,18,2,899.0
9783,6561,29,1,1999.0
9784,6562,8,1,2999.0
9785,6563,20,1,3999.0
9786,6563,5,1,999.0
9787,6564,16,1,3999.0
9788,6564,6,1,1499.0
9789,6565,3,1,3499.0
9790,6565,3,1,3499.0
9791,6566,25,3,499.0
9792,6566,8,3,2999.0
9793,6567,18,1,899.0
9794,6568,4,3,1299.0
9795,6569,15,2,1199.0
9796,6569,9,2,899.0
9797,6569,22,2,699.0
9798,6570,19,1,4499.0
9799,6571,9,2,899.0
9800,6572,19,1,4499.0
9801,6572,27,1,599.0
9802,6573,8,1,2999.0
9803,6573,22,3,699.0
9804,6573,1,1,2499.0
9805,6574,23,2,399.0
9806,6575,6,2,1499.0
9807,6576,19,1,4499.0
9808,6577,25,1,499.0
9809,6578,25,1,499.0
9810,6578,27,1,599.0
9811,6578,29,1,1999.0
9812,6579,11,1,199.0
9813,6579,15,2,1199.0
9814,6580,16,2,3999.0
9815,6581,23,1,399.0
9816,6581,4,1,1299.0
9817,6581,17,1,4999.0
9818,6582,9,1,899.0
9819,6583,26,1,999.0
9820,6584,21,1,1099.0
9821,6585,18,3,899.0
9822,6586,23,1,399.0
9823,6586,22,1,699.0
9824,6587,6,1,1499.0
9825,6587,5,1,999.0
9826,6588,20,2,3999.0
9827,6588,5,1,999.0
9828,6589,19,2,4499.0
9829,6590,19,1,4499.0
9830,6591,30,2,799.0
9831,6592,3,1,3499.0
9832,6593,3,1,3499.0
9833,6593,22,1,699.0
9834,6594,4,1,1299.0
9835,6594,21,2,1099.0
9836,6595,7,1,599.0
9837,6596,18,1,899.0
9838,6597,27,2,599.0
9839,6598,29,1,1999.0
9840,6598,15,1,1199.0
9841,6599,1,1,2499.0
9842,6599,9,1,899.0
9843,6600,28,1,499.0
9844,6601,25,1,499.0
9845,6601,6,1,1499.0
9846,6602,25,3,499.0
9847,6603,13,1,799.0
9848,6604,13,1,799.0
9849,6604,26,1,999.0
9850,6605,29,1,1999.0
9851,6606,22,1,699.0
9852,6606,11,1,199.0
9853,6606,25,2,499.0
9854,6607,26,1,999.0
9855,6608,20,2,3999.0
9856,6609,25,1,499.0
9857,6610,26,1,999.0
9858,6611,4,1,1299.0
9859,6612,22,1,699.0
9860,6613,15,1,1199.0
9861,6614,15,1,1199.0
9862,6614,9,1,899.0
9863,6615,13,2,799.0
9864,6615,1,1,2499.0
9865,6616,4,1,1299.0
9866,6617,15,1,1199.0
9867,6618,24,1,899.0
9868,6619,25,2,499.0
9869,6620,7,1,599.0
9870,6621,12,1,1299.0
9871,6621,10,1,299.0
9872,6622,25,2,499.0
9873,6623,23,1,399.0
9874,6624,3,1,3499.0
9875,6625,3,2,3499.0
9876,6626,9,1,899.0
9877,6627,30,1,799.0
9878,6628,9,2,899.0
9879,6629,16,1,3999.0
9880,6629,25,1,499.0
9881,6630,23,2,399.0
9882,6631,30,1,799.0
9883,6631,7,1,599.0
9884,6631,9,1,899.0
9885,6632,9,1,899.0
9886,6632,12,2,1299.0
9887,6633,15,1,1199.0
9888,6634,24,2,899.0
9889,6635,25,1,499.0
9890,6636,4,2,1299.0
9891,6636,19,1,4499.0
9892,6637,29,2,1999.0
9893,6637,24,1,899.0
9894,6638,11,2,199.0
9895,6639,1,2,2499.0
9896,6639,17,1,4999.0
9897,6640,4,1,1299.0
9898,6640,27,1,599.0
9899,6641,7,2,599.0
9900,6641,15,1,1199.0
9901,6642,28,2,499.0
9902,6642,6,1,1499.0
9903,6643,21,1,1099.0
9904,6643,28,1,499.0
9905,6643,15,3,1199.0
9906,6644,9,2,899.0
9907,6645,26,1,999.0
9908,6645,3,1,3499.0
9909,6646,25,1,499.0
9910,6646,19,3,4499.0
9911,6646,27,1,599.0
9912,6647,3,1,3499.0
9913,6647,25,2,499.0
9914,6648,15,1,1199.0
9915,6649,30,1,799.0
9916,6649,1,1,2499.0
9917,6649,29,1,1999.0
9918,6650,4,1,1299.0
9919,6651,30,1,799.0
9920,6651,24,1,899.0
9921,6652,15,1,1199.0
9922,6652,19,1,4499.0
9923,6653,24,3,899.0
9924,6654,15,1,1199.0
9925,6654,15,1,1199.0
9926,6655,17,1,4999.0
9927,6655,4,1,1299.0
9928,6656,11,1,199.0
9929,6656,7,2,599.0
9930,6657,15,1,1199.0
9931,6657,17,2,4999.0
9932,6658,7,3,599.0
9933,6658,30,1,799.0
9934,6659,9,3,899.0
9935,6659,4,1,1299.0
9936,6659,6,1,1499.0
9937,6660,8,1,2999.0
9938,6661,4,1,1299.0
9939,6661,26,1,999.0
9940,6662,14,2,1599.0
9941,6662,22,3,699.0
9942,6663,2,1,1799.0
9943,6664,3,1,3499.0
9944,6664,15,1,1199.0
9945,6665,4,1,1299.0
9946,6666,11,1,199.0
9947,6667,9,1,899.0
9948,6667,15,1,1199.0
9949,6667,30,1,799.0
9950,6668,12,2,1299.0
9951,6668,6,1,1499.0
9952,6669,26,1,999.0
9953,6670,6,1,1499.0
9954,6671,23,1,399.0
9955,6672,4,1,1299.0
9956,6673,8,1,2999.0
9957,6674,21,1,1099.0
9958,6675,2,3,1799.0
9959,6675,12,3,1299.0
9960,6676,19,2,4499.0
9961,6677,9,1,899.0
9962,6677,8,2,2999.0
9963,6678,4,1,1299.0
9964,6678,11,1,199.0
9965,6679,30,2,799.0
9966,6680,9,2,899.0
9967,6680,26,1,999.0
9968,6681,8,1,2999.0
9969,6681,7,1,599.0
9970,6681,14,1,1599.0
9971,6682,23,1,399.0
9972,6683,25,1,499.0
9973,6684,3,2,3499.0
9974,6685,24,1,899.0
9975,6686,5,1,999.0
9976,6686,15,1,1199.0
9977,6686,16,2,3999.0
9978,6687,19,1,4499.0
9979,6688,15,1,1199.0
9980,6689,19,1,4499.0
9981,6689,22,1,699.0
9982,6690,22,1,699.0
9983,6691,4,1,1299.0
9984,6692,3,3,3499.0
9985,6692,23,1,399.0
9986,6692,17,1,4999.0
9987,6693,18,1,899.0
9988,6694,11,1,199.0
9989,6694,28,1,499.0
9990,6694,24,2,899.0
9991,6695,22,1,699.0
9992,6696,3,1,3499.0
9993,6697,25,3,499.0
9994,6697,7,1,599.0
9995,6698,19,1,4499.0
9996,6699,27,1,599.0
9997,6699,8,1,2999.0
9998,6700,3,1,3499.0
9999,6701,6,1,1499.0
10000,6702,19,2,4499.0
10001,6702,3,1,3499.0
10002,6703,30,1,799.0
10003,6703,25,1,499.0
10004,6703,23,2,399.0
10005,6704,14,1,1599.0
10006,6705,19,1,4499.0
10007,6706,24,3,899.0
10008,6707,5,1,999.0
10009,6707,24,3,899.0
10010,6708,19,1,4499.0
10011,6708,23,1,399.0
10012,6709,8,2,2999.0
10013,6710,17,1,4999.0
10014,6711,18,1,899.0
10015,6711,5,1,999.0
10016,6711,27,2,599.0
10017,6712,29,1,1999.0
10018,6713,23,2,399.0
10019,6713,11,2,199.0
10020,6714,12,1,1299.0
10021,6714,21,2,1099.0
10022,6715,11,1,199.0
10023,6715,26,1,999.0
10024,6716,1,1,2499.0
10025,6717,3,1,3499.0
10026,6717,28,3,499.0
10027,6718,25,2,499.0
10028,6718,10,1,299.0
10029,6719,23,1,399.0
10030,6720,19,2,4499.0
10031,6721,11,1,199.0
10032,6721,3,1,3499.0
10033,6721,18,1,899.0
10034,6722,12,1,1299.0
10035,6722,25,2,499.0
10036,6723,24,1,899.0
10037,6723,2,2,1799.0
10038,6724,30,1,799.0
10039,6724,18,2,899.0
10040,6725,13,3,799.0
10041,6726,17,1,4999.0
10042,6727,6,1,1499.0
10043,6727,3,1,3499.0
10044,6728,23,1,399.0
10045,6728,11,1,199.0
10046,6728,10,3,299.0
10047,6729,17,1,4999.0
10048,6729,30,1,799.0
10049,6730,14,1,1599.0
10050,6730,15,2,1199.0
10051,6730,29,1,1999.0
10052,6731,11,1,199.0
10053,6732,30,1,799.0
10054,6733,3,2,3499.0
10055,6734,28,1,499.0
10056,6734,11,1,199.0
10057,6735,19,2,4499.0
10058,6735,19,1,4499.0
10059,6735,15,2,1199.0
10060,6736,7,1,599.0
10061,6736,15,1,1199.0
10062,6737,21,1,1099.0
10063,6738,17,3,4999.0
10064,6738,25,1,499.0
10065,6739,23,2,399.0
10066,6740,3,1,3499.0
10067,6741,11,1,199.0
10068,6742,28,1,499.0
10069,6742,25,1,499.0
10070,6742,30,1,799.0
10071,6743,16,2,3999.0
10072,6744,26,1,999.0
10073,6745,9,3,899.0
10074,6746,2,1,1799.0
10075,6746,17,1,4999.0
10076,6747,28,1,499.0
10077,6747,4,1,1299.0
10078,6748,9,1,899.0
10079,6749,9,1,899.0
10080,6749,2,1,1799.0
10081,6750,28,3,499.0
10082,6751,4,1,1299.0
10083,6751,30,2,799.0
10084,6752,26,1,999.0
10085,6753,1,2,2499.0
10086,6754,11,1,199.0
10087,6755,20,1,3999.0
10088,6755,21,1,1099.0
10089,6756,18,2,899.0
10090,6757,8,3,2999.0
10091,6757,7,2,599.0
10092,6758,12,1,1299.0
10093,6759,19,1,4499.0
10094,6760,11,2,199.0
10095,6761,6,1,1499.0
10096,6762,30,1,799.0
10097,6763,1,1,2499.0
10098,6764,30,1,799.0
10099,6765,23,2,399.0
10100,6766,19,3,4499.0
10101,6767,15,1,1199.0
10102,6768,7,2,599.0
10103,6769,1,1,2499.0
10104,6770,19,1,4499.0
10105,6771,11,1,199.0
10106,6772,27,2,599.0
10107,6773,2,1,1799.0
10108,6774,20,1,3999.0
10109,6774,4,3,1299.0
10110,6775,30,2,799.0
10111,6776,19,1,4499.0
10112,6776,4,1,1299.0
10113,6777,10,1,299.0
10114,6777,10,1,299.0
10115,6778,29,3,1999.0
10116,6779,12,3,1299.0
10117,6780,8,1,2999.0
10118,6781,4,1,1299.0
10119,6782,10,1,299.0
10120,6783,19,1,4499.0
10121,6783,17,2,4999.0
10122,6784,6,1,1499.0
10123,6784,25,1,499.0
10124,6785,26,1,999.0
10125,6786,22,3,699.0
10126,6786,1,1,2499.0
10127,6787,7,1,599.0
10128,6788,22,1,699.0
10129,6789,15,1,1199.0
10130,6790,11,2,199.0
10131,6790,30,1,799.0
10132,6791,19,1,4499.0
10133,6791,6,3,1499.0
10134,6792,7,1,599.0
10135,6793,25,3,499.0
10136,6794,24,1,899.0
10137,6794,30,1,799.0
10138,6794,9,1,899.0
10139,6795,18,1,899.0
10140,6795,19,2,4499.0
10141,6796,14,1,1599.0
10142,6796,21,1,1099.0
10143,6797,11,1,199.0
10144,6797,19,1,4499.0
10145,6797,10,1,299.0
10146,6798,12,1,1299.0
10147,6798,23,1,399.0
10148,6799,10,1,299.0
10149,6800,9,1,899.0
10150,6800,27,1,599.0
10151,6801,26,1,999.0
10152,6802,11,1,199.0
10153,6803,26,1,999.0
10154,6804,15,1,1199.0
10155,6805,1,1,2499.0
10156,6806,28,3,499.0
10157,6806,24,1,899.0
10158,6807,8,1,2999.0
10159,6808,23,2,399.0
10160,6808,17,1,4999.0
10161,6809,30,1,799.0
10162,6809,5,2,999.0
10163,6810,10,1,299.0
10164,6811,3,1,3499.0
10165,6812,1,2,2499.0
10166,6812,22,1,699.0
10167,6812,23,1,399.0
10168,6813,14,1,1599.0
10169,6813,1,1,2499.0
10170,6813,2,1,1799.0
10171,6814,9,1,899.0
10172,6815,4,1,1299.0
10173,6816,4,1,1299.0
10174,6817,30,1,799.0
10175,6818,4,1,1299.0
10176,6818,4,1,1299.0
10177,6818,25,1,499.0
10178,6819,3,1,3499.0
10179,6819,18,1,899.0
10180,6820,6,1,1499.0
10181,6821,19,1,4499.0
10182,6822,21,1,1099.0
10183,6822,25,1,499.0
10184,6823,17,1,4999.0
10185,6824,29,2,1999.0
10186,6824,23,1,399.0
10187,6824,9,1,899.0
10188,6825,19,1,4499.0
10189,6826,11,1,199.0
10190,6827,11,1,199.0
10191,6828,30,3,799.0
10192,6828,27,1,599.0
10193,6828,24,1,899.0
10194,6829,19,1,4499.0
10195,6830,10,1,299.0
10196,6831,27,2,599.0
10197,6831,6,1,1499.0
10198,6832,23,1,399.0
10199,6833,26,1,999.0
10200,6834,3,1,3499.0
10201,6835,10,2,299.0
10202,6835,21,1,1099.0
10203,6836,10,2,299.0
10204,6837,12,1,1299.0
10205,6838,9,1,899.0
10206,6839,23,1,399.0
10207,6839,19,3,4499.0
10208,6839,9,1,899.0
10209,6840,23,1,399.0
10210,6841,29,1,1999.0
10211,6841,19,2,4499.0
10212,6842,20,1,3999.0
10213,6843,19,1,4499.0
10214,6843,30,2,799.0
10215,6844,10,1,299.0
10216,6845,8,1,2999.0
10217,6846,11,1,199.0
10218,6847,9,1,899.0
10219,6848,8,1,2999.0
10220,6848,11,2,199.0
10221,6849,13,2,799.0
10222,6849,10,1,299.0
10223,6849,21,2,1099.0
10224,6850,19,1,4499.0
10225,6851,1,1,2499.0
10226,6851,3,1,3499.0
10227,6852,29,2,1999.0
10228,6853,15,1,1199.0
10229,6853,25,1,499.0
10230,6854,25,1,499.0
10231,6854,3,1,3499.0
10232,6854,4,1,1299.0
10233,6855,15,1,1199.0
10234,6856,7,2,599.0
10235,6856,17,1,4999.0
10236,6857,2,1,1799.0
10237,6858,28,1,499.0
10238,6859,8,2,2999.0
10239,6859,3,3,3499.0
10240,6860,11,1,199.0
10241,6861,9,1,899.0
10242,6861,6,1,1499.0
10243,6862,19,3,4499.0
10244,6862,19,1,4499.0
10245,6863,11,1,199.0
10246,6864,3,1,3499.0
10247,6865,23,1,399.0
10248,6866,6,2,1499.0
10249,6866,25,1,499.0
10250,6867,13,1,799.0
10251,6867,7,2,599.0
10252,6868,7,1,599.0
10253,6869,1,1,2499.0
10254,6869,29,1,1999.0
10255,6870,19,1,4499.0
10256,6870,30,1,799.0
10257,6871,4,1,1299.0
10258,6872,7,2,599.0
10259,6873,19,1,4499.0
10260,6873,29,1,1999.0
10261,6873,22,1,699.0
10262,6874,8,1,2999.0
10263,6875,19,1,4499.0
10264,6875,11,1,199.0
10265,6876,22,1,699.0
10266,6877,4,1,1299.0
10267,6878,24,2,899.0
10268,6878,4,1,1299.0
10269,6878,25,1,499.0
10270,6879,23,1,399.0
10271,6880,6,1,1499.0
10272,6881,24,1,899.0
10273,6882,9,1,899.0
10274,6883,27,1,599.0
10275,6884,26,1,999.0
10276,6885,27,1,599.0
10277,6886,6,2,1499.0
10278,6887,30,2,799.0
10279,6887,30,2,799.0
10280,6888,1,2,2499.0
10281,6889,24,1,899.0
10282,6890,3,1,3499.0
10283,6890,5,3,999.0
10284,6891,6,1,1499.0
10285,6892,19,1,4499.0
10286,6893,23,1,399.0
10287,6894,7,2,599.0
10288,6894,5,1,999.0
10289,6894,30,3,799.0
10290,6895,17,1,4999.0
10291,6896,23,2,399.0
10292,6896,9,1,899.0
10293,6897,6,2,1499.0
10294,6898,9,1,899.0
10295,6899,19,1,4499.0
10296,6899,12,1,1299.0
10297,6900,1,1,2499.0
10298,6901,30,2,799.0
10299,6902,3,3,3499.0
10300,6902,11,2,199.0
10301,6903,17,1,4999.0
10302,6903,8,2,2999.0
10303,6903,3,2,3499.0
10304,6904,1,2,2499.0
10305,6904,29,1,1999.0
10306,6905,18,3,899.0
10307,6905,24,1,899.0
10308,6906,30,1,799.0
10309,6906,19,1,4499.0
10310,6907,30,2,799.0
10311,6908,7,1,599.0
10312,6909,18,1,899.0
10313,6909,10,2,299.0
10314,6910,12,1,1299.0
10315,6911,23,2,399.0
10316,6912,4,1,1299.0
10317,6912,19,2,4499.0
10318,6913,18,1,899.0
10319,6914,20,1,3999.0
10320,6914,3,1,3499.0
10321,6914,4,3,1299.0
10322,6915,23,1,399.0
10323,6916,11,1,199.0
10324,6917,2,1,1799.0
10325,6918,24,1,899.0
10326,6919,3,1,3499.0
10327,6920,17,2,4999.0
10328,6920,21,1,1099.0
10329,6921,25,1,499.0
10330,6921,20,1,3999.0
10331,6922,22,1,699.0
10332,6922,30,1,799.0
10333,6923,7,2,599.0
10334,6923,25,1,499.0
10335,6923,25,2,499.0
10336,6924,8,1,2999.0
10337,6925,24,1,899.0
10338,6926,1,1,2499.0
10339,6926,13,1,799.0
10340,6927,1,1,2499.0
10341,6928,19,1,4499.0
10342,6929,15,1,1199.0
10343,6930,17,1,4999.0
10344,6930,24,1,899.0
10345,6931,15,1,1199.0
10346,6931,16,2,3999.0
10347,6931,4,1,1299.0
10348,6932,7,1,599.0
10349,6932,13,2,799.0
10350,6933,24,2,899.0
10351,6934,5,2,999.0
10352,6934,11,3,199.0
10353,6934,18,3,899.0
10354,6935,25,1,499.0
10355,6935,3,1,3499.0
10356,6936,11,2,199.0
10357,6937,24,1,899.0
10358,6937,15,1,1199.0
10359,6938,24,1,899.0
10360,6939,25,2,499.0
10361,6940,11,3,199.0
10362,6940,20,1,3999.0
10363,6940,14,1,1599.0
10364,6941,4,3,1299.0
10365,6941,21,1,1099.0
10366,6942,11,1,199.0
10367,6943,26,1,999.0
10368,6944,22,2,699.0
10369,6945,18,1,899.0
10370,6945,16,2,3999.0
10371,6946,20,1,3999.0
10372,6946,6,1,1499.0
10373,6947,18,2,899.0
10374,6948,25,1,499.0
10375,6949,27,1,599.0
10376,6950,1,1,2499.0
10377,6951,25,3,499.0
10378,6952,26,1,999.0
10379,6953,25,1,499.0
10380,6954,18,1,899.0
10381,6954,4,3,1299.0
10382,6955,6,1,1499.0
10383,6956,4,2,1299.0
10384,6957,23,1,399.0
10385,6958,3,2,3499.0
10386,6958,13,3,799.0
10387,6958,13,2,799.0
10388,6959,20,2,3999.0
10389,6959,24,1,899.0
10390,6960,17,1,4999.0
10391,6961,19,1,4499.0
10392,6962,13,2,799.0
10393,6963,2,1,1799.0
10394,6963,25,1,499.0
10395,6963,29,2,1999.0
10396,6964,27,1,599.0
10397,6964,22,2,699.0
10398,6965,6,1,1499.0
10399,6965,8,2,2999.0
10400,6965,6,1,1499.0
10401,6966,16,1,3999.0
10402,6966,26,1,999.0
10403,6967,1,1,2499.0
10404,6967,16,1,3999.0
10405,6968,23,1,399.0
10406,6969,2,1,1799.0
10407,6970,19,1,4499.0
10408,6971,30,3,799.0
10409,6971,30,1,799.0
10410,6972,20,1,3999.0
10411,6972,17,1,4999.0
10412,6973,19,3,4499.0
10413,6973,24,2,899.0
10414,6974,3,1,3499.0
10415,6975,7,2,599.0
10416,6975,30,1,799.0
10417,6976,30,1,799.0
10418,6977,25,3,499.0
10419,6977,1,2,2499.0
10420,6978,12,2,1299.0
10421,6979,27,2,599.0
10422,6980,24,3,899.0
10423,6981,17,1,4999.0
10424,6982,9,1,899.0
10425,6982,7,1,599.0
10426,6983,20,1,3999.0
10427,6983,7,2,599.0
10428,6983,30,1,799.0
10429,6984,28,3,499.0
10430,6985,29,1,1999.0
10431,6985,6,1,1499.0
10432,6985,23,1,399.0
10433,6986,30,2,799.0
10434,6986,13,1,799.0
10435,6987,16,1,3999.0
10436,6987,11,2,199.0
10437,6988,8,1,2999.0
10438,6989,25,1,499.0
10439,6989,10,1,299.0
10440,6990,26,1,999.0
10441,6991,7,3,599.0
10442,6992,20,1,3999.0
10443,6992,11,1,199.0
10444,6992,22,3,699.0
10445,6993,12,2,1299.0
10446,6994,17,1,4999.0
10447,6995,24,1,899.0
10448,6996,28,3,499.0
10449,6997,25,1,499.0
10450,6997,11,1,199.0
10451,6998,9,1,899.0
10452,6998,9,1,899.0
10453,6999,3,2,3499.0
10454,7000,19,1,4499.0
10455,7000,12,2,1299.0
10456,7001,24,2,899.0
10457,7001,1,2,2499.0
10458,7002,2,3,1799.0
10459,7003,6,1,1499.0
10460,7003,4,3,1299.0
10461,7004,19,2,4499.0
10462,7005,24,3,899.0
10463,7006,4,3,1299.0
10464,7007,6,1,1499.0
10465,7008,18,1,899.0
10466,7008,30,1,799.0
10467,7009,10,1,299.0
10468,7009,21,1,1099.0
10469,7010,6,3,1499.0
10470,7010,3,2,3499.0
10471,7011,22,1,699.0
10472,7012,1,1,2499.0
10473,7013,18,2,899.0
10474,7014,12,1,1299.0
10475,7014,6,1,1499.0
10476,7015,16,1,3999.0
10477,7015,19,1,4499.0
10478,7016,17,1,4999.0
10479,7016,3,1,3499.0
10480,7017,30,1,799.0
10481,7018,6,1,1499.0
10482,7019,7,1,599.0
10483,7019,8,1,2999.0
10484,7019,18,1,899.0
10485,7020,2,1,1799.0
10486,7021,30,1,799.0
10487,7022,10,1,299.0
10488,7022,1,1,2499.0
10489,7023,30,1,799.0
10490,7024,19,2,4499.0
10491,7025,1,1,2499.0
10492,7025,14,2,1599.0
10493,7026,26,1,999.0
10494,7026,19,1,4499.0
10495,7026,24,1,899.0
10496,7027,24,2,899.0
10497,7027,22,3,699.0
10498,7027,3,1,3499.0
10499,7028,26,1,999.0
10500,7028,30,1,799.0
10501,7029,4,1,1299.0
10502,7030,29,1,1999.0
10503,7030,23,1,399.0
10504,7030,15,1,1199.0
10505,7031,1,1,2499.0
10506,7032,21,2,1099.0
10507,7032,24,1,899.0
10508,7033,10,2,299.0
10509,7033,9,1,899.0
10510,7034,11,2,199.0
10511,7034,24,2,899.0
10512,7035,5,2,999.0
10513,7036,7,3,599.0
10514,7037,6,1,1499.0
10515,7038,15,1,1199.0
10516,7038,20,1,3999.0
10517,7039,19,1,4499.0
10518,7040,6,1,1499.0
10519,7040,5,2,999.0
10520,7041,12,1,1299.0
10521,7042,17,1,4999.0
10522,7042,19,1,4499.0
10523,7043,19,1,4499.0
10524,7043,19,1,4499.0
10525,7044,4,1,1299.0
10526,7045,25,2,499.0
10527,7045,14,1,1599.0
10528,7046,6,3,1499.0
10529,7046,4,1,1299.0
10530,7047,11,2,199.0
10531,7047,16,1,3999.0
10532,7048,1,1,2499.0
10533,7048,16,1,3999.0
10534,7049,22,2,699.0
10535,7050,11,1,199.0
10536,7051,15,1,1199.0
10537,7051,2,1,1799.0
10538,7052,25,1,499.0
10539,7053,1,2,2499.0
10540,7053,4,1,1299.0
10541,7054,20,1,3999.0
10542,7054,27,1,599.0
10543,7055,23,2,399.0
10544,7056,11,1,199.0
10545,7057,11,2,199.0
10546,7057,6,1,1499.0
10547,7058,29,1,1999.0
10548,7059,3,2,3499.0
10549,7060,5,2,999.0
10550,7060,21,1,1099.0
10551,7060,12,2,1299.0
10552,7061,6,1,1499.0
10553,7061,4,1,1299.0
10554,7062,30,3,799.0
10555,7063,2,2,1799.0
10556,7063,25,1,499.0
10557,7064,15,2,1199.0
10558,7064,19,1,4499.0
10559,7065,3,1,3499.0
10560,7066,27,1,599.0
10561,7066,21,1,1099.0
10562,7066,2,1,1799.0
10563,7067,9,3,899.0
10564,7068,23,1,399.0
10565,7068,15,1,1199.0
10566,7069,28,1,499.0
10567,7070,7,1,599.0
10568,7071,17,1,4999.0
10569,7071,5,1,999.0
10570,7072,14,2,1599.0
10571,7073,26,1,999.0
10572,7074,2,1,1799.0
10573,7075,14,1,1599.0
10574,7076,6,1,1499.0
10575,7076,11,2,199.0
10576,7077,1,1,2499.0
10577,7077,15,1,1199.0
10578,7078,25,1,499.0
10579,7079,4,1,1299.0
10580,7080,10,2,299.0
10581,7081,6,3,1499.0
10582,7081,30,1,799.0
10583,7082,21,1,1099.0
10584,7083,7,3,599.0
10585,7084,8,1,2999.0
10586,7085,17,2,4999.0
10587,7085,9,1,899.0
10588,7086,25,1,499.0
10589,7087,10,1,299.0
10590,7087,7,1,599.0
10591,7088,7,3,599.0
10592,7089,19,2,4499.0
10593,7090,25,2,499.0
10594,7090,24,1,899.0
10595,7090,25,1,499.0
10596,7091,3,1,3499.0
10597,7091,30,1,799.0
10598,7091,1,1,2499.0
10599,7092,3,1,3499.0
10600,7093,19,1,4499.0
10601,7094,1,1,2499.0
10602,7094,7,1,599.0
10603,7095,8,1,2999.0
10604,7095,3,2,3499.0
10605,7096,4,1,1299.0
10606,7097,5,2,999.0
10607,7098,13,1,799.0
10608,7099,28,2,499.0
10609,7100,11,1,199.0
10610,7100,25,1,499.0
10611,7101,9,2,899.0
10612,7101,19,1,4499.0
10613,7102,4,1,1299.0
10614,7102,23,2,399.0
10615,7102,7,1,599.0
10616,7103,4,1,1299.0
10617,7104,26,1,999.0
10618,7105,11,2,199.0
10619,7106,14,1,1599.0
10620,7106,21,1,1099.0
10621,7107,12,2,1299.0
10622,7108,27,1,599.0
10623,7109,24,1,899.0
10624,7109,2,2,1799.0
10625,7110,24,1,899.0
10626,7110,17,1,4999.0
10627,7111,22,1,699.0
10628,7111,11,1,199.0
10629,7111,7,2,599.0
10630,7112,1,2,2499.0
10631,7112,3,1,3499.0
10632,7113,7,1,599.0
10633,7114,6,1,1499.0
10634,7115,23,3,399.0
10635,7115,24,1,899.0
10636,7115,24,1,899.0
10637,7116,7,2,599.0
10638,7117,6,1,1499.0
10639,7118,9,1,899.0
10640,7119,13,1,799.0
10641,7119,8,2,2999.0
10642,7120,23,1,399.0
10643,7121,7,1,599.0
10644,7122,19,1,4499.0
10645,7123,23,3,399.0
10646,7123,1,1,2499.0
10647,7124,26,1,999.0
10648,7125,12,1,1299.0
10649,7125,19,1,4499.0
10650,7126,9,1,899.0
10651,7127,15,1,1199.0
10652,7127,19,3,4499.0
10653,7128,4,1,1299.0
10654,7129,28,1,499.0
10655,7130,8,3,2999.0
10656,7131,8,2,2999.0
10657,7131,9,1,899.0
10658,7131,30,2,799.0
10659,7132,11,3,199.0
10660,7133,11,1,199.0
10661,7134,11,1,199.0
10662,7135,8,1,2999.0
10663,7136,3,1,3499.0
10664,7136,7,1,599.0
10665,7137,19,1,4499.0
10666,7137,19,2,4499.0
10667,7138,5,3,999.0
10668,7138,29,1,1999.0
10669,7139,10,1,299.0
10670,7140,25,1,499.0
10671,7140,11,1,199.0
10672,7141,11,1,199.0
10673,7141,4,1,1299.0
10674,7142,6,2,1499.0
10675,7143,7,1,599.0
10676,7143,22,2,699.0
10677,7143,17,1,4999.0
10678,7144,7,1,599.0
10679,7144,19,2,4499.0
10680,7145,7,2,599.0
10681,7146,4,1,1299.0
10682,7146,6,1,1499.0
10683,7147,23,2,399.0
10684,7148,16,1,3999.0
10685,7149,10,1,299.0
10686,7150,20,1,3999.0
10687,7151,27,1,599.0
10688,7151,30,1,799.0
10689,7152,3,1,3499.0
10690,7153,25,2,499.0
10691,7153,30,1,799.0
10692,7154,30,1,799.0
10693,7154,3,2,3499.0
10694,7155,17,1,4999.0
10695,7155,6,1,1499.0
10696,7156,24,1,899.0
10697,7157,6,1,1499.0
10698,7158,30,1,799.0
10699,7158,26,1,999.0
10700,7159,4,1,1299.0
10701,7160,7,1,599.0
10702,7161,10,1,299.0
10703,7162,8,1,2999.0
10704,7162,8,1,2999.0
10705,7163,1,1,2499.0
10706,7164,9,2,899.0
10707,7165,8,2,2999.0
10708,7165,23,1,399.0
10709,7166,9,1,899.0
10710,7167,9,2,899.0
10711,7168,23,1,399.0
10712,7168,6,2,1499.0
10713,7169,19,1,4499.0
10714,7170,17,1,4999.0
10715,7170,7,3,599.0
10716,7171,26,1,999.0
10717,7171,1,2,2499.0
10718,7171,22,2,699.0
10719,7172,22,1,699.0
10720,7173,6,3,1499.0
10721,7174,4,1,1299.0
10722,7175,19,1,4499.0
10723,7176,5,2,999.0
10724,7177,1,1,2499.0
10725,7177,15,1,1199.0
10726,7177,25,2,499.0
10727,7178,16,1,3999.0
10728,7179,6,1,1499.0
10729,7180,25,1,499.0
10730,7181,16,1,3999.0
10731,7182,9,1,899.0
10732,7183,5,1,999.0
10733,7183,4,1,1299.0
10734,7184,11,1,199.0
10735,7184,18,3,899.0
10736,7185,18,1,899.0
10737,7186,14,1,1599.0
10738,7187,4,1,1299.0
10739,7188,6,2,1499.0
10740,7189,13,3,799.0
10741,7189,15,1,1199.0
10742,7190,25,2,499.0
10743,7191,26,2,999.0
10744,7191,15,2,1199.0
10745,7192,3,1,3499.0
10746,7192,24,2,899.0
10747,7193,7,2,599.0
10748,7194,29,1,1999.0
10749,7195,11,1,199.0
10750,7195,17,3,4999.0
10751,7196,20,1,3999.0
10752,7196,4,1,1299.0
10753,7197,21,2,1099.0
10754,7197,9,1,899.0
10755,7198,22,1,699.0
10756,7199,11,1,199.0
10757,7200,7,1,599.0
10758,7201,3,1,3499.0
10759,7202,7,1,599.0
10760,7202,8,1,2999.0
10761,7203,25,1,499.0
10762,7203,19,1,4499.0
10763,7203,18,1,899.0
10764,7204,18,1,899.0
10765,7204,11,1,199.0
10766,7204,27,2,599.0
10767,7205,30,1,799.0
10768,7206,16,1,3999.0
10769,7207,11,1,199.0
10770,7208,30,2,799.0
10771,7209,6,2,1499.0
10772,7209,23,2,399.0
10773,7209,2,1,1799.0
10774,7210,29,1,1999.0
10775,7211,3,1,3499.0
10776,7212,24,1,899.0
10777,7213,7,1,599.0
10778,7214,16,1,3999.0
10779,7215,12,2,1299.0
10780,7215,26,3,999.0
10781,7216,24,2,899.0
10782,7217,1,1,2499.0
10783,7217,23,2,399.0
10784,7218,6,1,1499.0
10785,7218,19,1,4499.0
10786,7219,23,1,399.0
10787,7220,16,1,3999.0
10788,7221,4,2,1299.0
10789,7221,3,1,3499.0
10790,7222,25,1,499.0
10791,7222,14,2,1599.0
10792,7222,1,1,2499.0
10793,7223,19,2,4499.0
10794,7223,3,1,3499.0
10795,7223,10,1,299.0
10796,7224,10,1,299.0
10797,7224,17,3,4999.0
10798,7224,1,2,2499.0
10799,7225,9,2,899.0
10800,7225,19,3,4499.0
10801,7225,4,1,1299.0
10802,7226,29,2,1999.0
10803,7226,30,2,799.0
10804,7227,23,1,399.0
10805,7228,1,2,2499.0
10806,7229,18,1,899.0
10807,7230,3,1,3499.0
10808,7231,17,1,4999.0
10809,7232,23,1,399.0
10810,7232,4,1,1299.0
10811,7233,6,3,1499.0
10812,7234,1,1,2499.0
10813,7234,13,2,799.0
10814,7234,15,2,1199.0
10815,7235,19,1,4499.0
10816,7236,1,1,2499.0
10817,7236,25,1,499.0
10818,7237,19,1,4499.0
10819,7238,25,2,499.0
10820,7239,13,1,799.0
10821,7240,7,2,599.0
10822,7241,9,1,899.0
10823,7242,9,1,899.0
10824,7242,7,3,599.0
10825,7243,5,1,999.0
10826,7244,29,1,1999.0
10827,7245,6,1,1499.0
10828,7245,5,1,999.0
10829,7246,14,1,1599.0
10830,7247,27,2,599.0
10831,7247,7,2,599.0
10832,7248,10,1,299.0
10833,7248,6,2,1499.0
10834,7249,14,2,1599.0
10835,7249,9,3,899.0
10836,7250,27,2,599.0
10837,7250,23,1,399.0
10838,7251,3,1,3499.0
10839,7251,7,3,599.0
10840,7252,19,3,4499.0
10841,7253,22,1,699.0
10842,7253,2,1,1799.0
10843,7254,30,1,799.0
10844,7255,20,1,3999.0
10845,7255,30,1,799.0
10846,7255,18,1,899.0
10847,7256,3,1,3499.0
10848,7257,1,2,2499.0
10849,7257,20,1,3999.0
10850,7258,4,1,1299.0
10851,7258,24,2,899.0
10852,7259,30,1,799.0
10853,7259,19,1,4499.0
10854,7260,2,1,1799.0
10855,7261,25,2,499.0
10856,7262,1,1,2499.0
10857,7263,6,1,1499.0
10858,7263,16,2,3999.0
10859,7264,9,1,899.0
10860,7265,28,1,499.0
10861,7266,12,1,1299.0
10862,7266,9,1,899.0
10863,7267,17,1,4999.0
10864,7268,23,1,399.0
10865,7268,13,1,799.0
10866,7269,2,1,1799.0
10867,7270,4,1,1299.0
10868,7270,19,1,4499.0
10869,7271,13,2,799.0
10870,7272,24,1,899.0
10871,7273,9,1,899.0
10872,7274,19,1,4499.0
10873,7275,3,1,3499.0
10874,7276,4,1,1299.0
10875,7276,11,3,199.0
10876,7276,22,1,699.0
10877,7277,28,2,499.0
10878,7277,23,2,399.0
10879,7277,25,1,499.0
10880,7278,20,1,3999.0
10881,7278,20,1,3999.0
10882,7279,7,1,599.0
10883,7279,22,1,699.0
10884,7280,18,2,899.0
10885,7281,28,1,499.0
10886,7282,6,3,1499.0
10887,7282,13,1,799.0
10888,7283,1,1,2499.0
10889,7284,8,1,2999.0
10890,7284,9,2,899.0
10891,7285,29,2,1999.0
10892,7286,6,1,1499.0
10893,7286,4,3,1299.0
10894,7287,30,1,799.0
10895,7287,8,1,2999.0
10896,7288,7,2,599.0
10897,7289,9,1,899.0
10898,7290,19,1,4499.0
10899,7291,6,1,1499.0
10900,7292,3,1,3499.0
10901,7292,7,3,599.0
10902,7293,22,1,699.0
10903,7294,15,1,1199.0
10904,7295,27,1,599.0
10905,7295,6,1,1499.0
10906,7296,8,1,2999.0
10907,7297,9,2,899.0
10908,7298,25,1,499.0
10909,7299,28,1,499.0
10910,7300,6,2,1499.0
10911,7300,18,1,899.0
10912,7301,8,1,2999.0
10913,7301,8,1,2999.0
10914,7301,19,1,4499.0
10915,7302,1,2,2499.0
10916,7303,24,3,899.0
10917,7304,25,2,499.0
10918,7304,1,1,2499.0
10919,7305,10,1,299.0
10920,7306,5,1,999.0
10921,7307,29,1,1999.0
10922,7308,22,2,699.0
10923,7308,15,1,1199.0
10924,7308,11,1,199.0
10925,7309,8,1,2999.0
10926,7310,23,1,399.0
10927,7310,26,2,999.0
10928,7311,14,1,1599.0
10929,7312,2,3,1799.0
10930,7312,19,1,4499.0
10931,7313,1,3,2499.0
10932,7313,30,1,799.0
10933,7314,3,3,3499.0
10934,7315,23,1,399.0
10935,7315,8,2,2999.0
10936,7315,23,1,399.0
10937,7316,15,1,1199.0
10938,7316,14,2,1599.0
10939,7317,11,1,199.0
10940,7317,18,3,899.0
10941,7318,19,1,4499.0
10942,7319,15,1,1199.0
10943,7320,30,1,799.0
10944,7320,19,1,4499.0
10945,7321,18,2,899.0
10946,7321,9,1,899.0
10947,7321,11,2,199.0
10948,7322,23,1,399.0
10949,7323,17,2,4999.0
10950,7323,13,1,799.0
10951,7323,3,3,3499.0
10952,7324,18,1,899.0
10953,7325,4,1,1299.0
10954,7325,17,1,4999.0
10955,7325,8,2,2999.0
10956,7326,3,1,3499.0
10957,7327,4,1,1299.0
10958,7328,3,2,3499.0
10959,7329,17,3,4999.0
10960,7330,18,2,899.0
10961,7331,6,1,1499.0
10962,7332,25,1,499.0
10963,7333,15,2,1199.0
10964,7334,8,1,2999.0
10965,7335,29,1,1999.0
10966,7336,20,1,3999.0
10967,7336,19,3,4499.0
10968,7337,23,1,399.0
10969,7338,1,2,2499.0
10970,7339,9,2,899.0
10971,7339,18,3,899.0
10972,7340,27,1,599.0
10973,7341,11,2,199.0
10974,7341,30,1,799.0
10975,7341,29,1,1999.0
10976,7342,11,3,199.0
10977,7343,4,2,1299.0
10978,7343,24,1,899.0
10979,7344,10,2,299.0
10980,7345,1,2,2499.0
10981,7345,7,1,599.0
10982,7346,14,1,1599.0
10983,7347,19,1,4499.0
10984,7348,5,3,999.0
10985,7348,15,1,1199.0
10986,7349,24,2,899.0
10987,7349,27,2,599.0
10988,7349,6,1,1499.0
10989,7350,23,1,399.0
10990,7351,19,1,4499.0
10991,7352,17,1,4999.0
10992,7353,6,1,1499.0
10993,7353,9,2,899.0
10994,7354,13,1,799.0
10995,7355,5,3,999.0
10996,7356,23,1,399.0
10997,7357,10,1,299.0
10998,7357,13,1,799.0
10999,7358,20,1,3999.0
11000,7358,7,1,599.0
11001,7359,25,1,499.0
11002,7359,7,2,599.0
11003,7360,30,2,799.0
11004,7361,27,3,599.0
11005,7362,24,1,899.0
11006,7362,13,1,799.0
11007,7363,10,1,299.0
11008,7364,3,2,3499.0
11009,7365,7,3,599.0
11010,7366,30,1,799.0
11011,7366,28,2,499.0
11012,7366,8,1,2999.0
11013,7367,25,1,499.0
11014,7368,23,1,399.0
11015,7369,18,1,899.0
11016,7370,19,1,4499.0
11017,7371,12,2,1299.0
11018,7372,14,2,1599.0
11019,7373,9,1,899.0
11020,7374,15,1,1199.0
11021,7374,22,2,699.0
11022,7375,15,3,1199.0
11023,7375,15,1,1199.0
11024,7376,25,2,499.0
11025,7377,8,2,2999.0
11026,7378,1,3,2499.0
11027,7378,7,1,599.0
11028,7379,9,1,899.0
11029,7380,3,2,3499.0
11030,7380,25,1,499.0
11031,7381,28,1,499.0
11032,7382,10,1,299.0
11033,7382,8,2,2999.0
11034,7383,19,1,4499.0
11035,7384,21,1,1099.0
11036,7385,18,3,899.0
11037,7386,16,1,3999.0
11038,7387,1,3,2499.0
11039,7388,27,2,599.0
11040,7388,25,1,499.0
11041,7388,23,1,399.0
11042,7389,19,1,4499.0
11043,7390,18,1,899.0
11044,7390,2,1,1799.0
11045,7391,9,2,899.0
11046,7391,23,3,399.0
11047,7391,16,1,3999.0
11048,7392,4,1,1299.0
11049,7393,25,1,499.0
11050,7393,25,1,499.0
11051,7394,5,1,999.0
11052,7394,8,1,2999.0
11053,7395,17,1,4999.0
11054,7395,10,1,299.0
11055,7396,17,2,4999.0
11056,7397,9,1,899.0
11057,7397,19,1,4499.0
11058,7398,24,1,899.0
11059,7398,16,1,3999.0
11060,7399,21,2,1099.0
11061,7400,3,1,3499.0
11062,7401,7,2,599.0
11063,7402,1,2,2499.0
11064,7403,25,2,499.0
11065,7404,7,1,599.0
11066,7405,6,1,1499.0
11067,7406,19,1,4499.0
11068,7407,10,1,299.0
11069,7408,15,1,1199.0
11070,7409,6,1,1499.0
11071,7410,28,1,499.0
11072,7410,11,1,199.0
11073,7411,7,2,599.0
11074,7412,12,3,1299.0
11075,7413,25,1,499.0
11076,7414,29,3,1999.0
11077,7414,15,2,1199.0
11078,7415,30,1,799.0
11079,7416,9,3,899.0
11080,7417,15,1,1199.0
11081,7418,9,2,899.0
11082,7419,4,3,1299.0
11083,7420,20,2,3999.0
11084,7421,27,2,599.0
11085,7422,8,1,2999.0
11086,7423,23,1,399.0
11087,7424,12,2,1299.0
11088,7424,6,1,1499.0
11089,7425,3,1,3499.0
11090,7425,14,1,1599.0
11091,7426,7,1,599.0
11092,7426,3,1,3499.0
11093,7426,17,2,4999.0
11094,7427,3,1,3499.0
11095,7427,30,3,799.0
11096,7428,9,3,899.0
11097,7428,11,1,199.0
11098,7429,27,2,599.0
11099,7429,3,2,3499.0
11100,7430,24,1,899.0
11101,7431,9,2,899.0
11102,7431,9,1,899.0
11103,7431,19,2,4499.0
11104,7432,6,1,1499.0
11105,7432,26,1,999.0
11106,7433,1,1,2499.0
11107,7434,7,1,599.0
11108,7435,13,1,799.0
11109,7435,1,1,2499.0
11110,7436,11,1,199.0
11111,7437,19,1,4499.0
11112,7438,22,1,699.0
11113,7439,16,1,3999.0
11114,7440,9,1,899.0
11115,7440,18,3,899.0
11116,7441,25,2,499.0
11117,7442,8,1,2999.0
11118,7442,7,1,599.0
11119,7442,22,1,699.0
11120,7443,20,2,3999.0
11121,7444,11,1,199.0
11122,7445,11,1,199.0
11123,7446,15,1,1199.0
11124,7446,5,3,999.0
11125,7447,7,1,599.0
11126,7447,3,2,3499.0
11127,7448,6,1,1499.0
11128,7449,10,1,299.0
11129,7449,6,1,1499.0
11130,7450,25,1,499.0
11131,7450,19,1,4499.0
11132,7450,4,1,1299.0
11133,7451,19,2,4499.0
11134,7452,13,1,799.0
11135,7453,15,1,1199.0
11136,7454,23,1,399.0
11137,7454,6,1,1499.0
11138,7455,22,3,699.0
11139,7455,21,1,1099.0
11140,7456,12,1,1299.0
11141,7456,27,3,599.0
11142,7457,26,1,999.0
11143,7458,4,3,1299.0
11144,7458,1,1,2499.0
11145,7459,22,2,699.0
11146,7460,21,1,1099.0
11147,7461,15,1,1199.0
11148,7462,22,1,699.0
11149,7463,5,2,999.0
11150,7464,24,3,899.0
11151,7465,11,1,199.0
11152,7465,15,1,1199.0
11153,7465,3,1,3499.0
11154,7466,27,2,599.0
11155,7467,15,1,1199.0
11156,7468,28,1,499.0
11157,7468,30,1,799.0
11158,7469,1,2,2499.0
11159,7470,10,2,299.0
11160,7470,24,1,899.0
11161,7471,9,1,899.0
11162,7472,14,1,1599.0
11163,7472,4,1,1299.0
11164,7472,23,1,399.0
11165,7473,23,1,399.0
11166,7473,4,1,1299.0
11167,7474,16,1,3999.0
11168,7475,15,1,1199.0
11169,7476,3,1,3499.0
11170,7476,4,1,1299.0
11171,7476,8,1,2999.0
11172,7477,1,2,2499.0
11173,7478,4,1,1299.0
11174,7479,21,1,1099.0
11175,7480,20,2,3999.0
11176,7480,4,1,1299.0
11177,7481,23,1,399.0
11178,7481,10,1,299.0
11179,7481,1,1,2499.0
11180,7482,3,3,3499.0
11181,7483,6,3,1499.0
11182,7484,23,1,399.0
11183,7485,24,1,899.0
11184,7486,18,1,899.0
11185,7486,23,1,399.0
11186,7487,17,1,4999.0
11187,7488,19,1,4499.0
11188,7488,4,1,1299.0
11189,7489,17,1,4999.0
11190,7490,16,1,3999.0
11191,7490,6,1,1499.0
11192,7491,11,1,199.0
11193,7491,3,2,3499.0
11194,7492,14,1,1599.0
11195,7492,11,1,199.0
11196,7493,24,1,899.0
11197,7493,1,3,2499.0
11198,7494,15,2,1199.0
11199,7495,23,2,399.0
11200,7495,19,1,4499.0
11201,7496,10,1,299.0
11202,7497,15,1,1199.0
11203,7498,26,2,999.0
11204,7499,25,1,499.0
11205,7500,23,1,399.0
11206,7500,3,2,3499.0
11207,7501,27,1,599.0
11208,7502,7,3,599.0
11209,7503,29,1,1999.0
11210,7503,18,1,899.0
11211,7503,27,1,599.0
11212,7504,4,1,1299.0
11213,7505,23,1,399.0
11214,7506,18,2,899.0
11215,7506,2,1,1799.0
11216,7507,28,2,499.0
11217,7507,8,1,2999.0
11218,7508,5,1,999.0
11219,7509,9,1,899.0
11220,7510,18,1,899.0
11221,7510,3,1,3499.0
11222,7510,4,1,1299.0
11223,7511,6,2,1499.0
11224,7512,26,1,999.0
11225,7512,3,1,3499.0
11226,7513,23,2,399.0
11227,7514,15,1,1199.0
11228,7515,7,1,599.0
11229,7516,30,3,799.0
11230,7516,10,1,299.0
11231,7517,30,1,799.0
11232,7517,26,2,999.0
11233,7517,30,1,799.0
11234,7518,24,2,899.0
11235,7519,10,1,299.0
11236,7519,15,1,1199.0
11237,7519,22,2,699.0
11238,7520,8,2,2999.0
11239,7521,4,1,1299.0
11240,7521,6,1,1499.0
11241,7522,1,1,2499.0
11242,7523,10,2,299.0
11243,7523,19,1,4499.0
11244,7523,24,1,899.0
11245,7524,16,1,3999.0
11246,7525,4,1,1299.0
11247,7526,4,2,1299.0
11248,7527,2,1,1799.0
11249,7528,23,1,399.0
11250,7529,23,2,399.0
11251,7530,3,2,3499.0
11252,7530,13,1,799.0
11253,7530,6,2,1499.0
11254,7531,10,2,299.0
11255,7531,6,2,1499.0
11256,7531,6,1,1499.0
11257,7532,9,2,899.0
11258,7532,6,3,1499.0
11259,7533,23,1,399.0
11260,7533,30,1,799.0
11261,7533,24,1,899.0
11262,7534,19,1,4499.0
11263,7534,29,1,1999.0
11264,7535,4,1,1299.0
11265,7535,5,1,999.0
11266,7536,7,1,599.0
11267,7537,21,1,1099.0
11268,7538,4,1,1299.0
11269,7538,21,1,1099.0
11270,7539,6,1,1499.0
11271,7539,29,1,1999.0
11272,7540,14,1,1599.0
11273,7541,20,1,3999.0
11274,7541,9,1,899.0
11275,7542,21,1,1099.0
11276,7542,3,2,3499.0
11277,7542,4,1,1299.0
11278,7543,8,3,2999.0
11279,7543,29,2,1999.0
11280,7544,19,1,4499.0
11281,7545,1,1,2499.0
11282,7546,3,1,3499.0
11283,7546,6,1,1499.0
11284,7547,7,3,599.0
11285,7548,13,3,799.0
11286,7549,15,3,1199.0
11287,7549,29,1,1999.0
11288,7550,24,1,899.0
11289,7550,30,1,799.0
11290,7551,1,1,2499.0
11291,7551,26,1,999.0
11292,7552,15,1,1199.0
11293,7553,24,2,899.0
11294,7554,27,1,599.0
11295,7554,19,1,4499.0
11296,7554,4,3,1299.0
11297,7555,9,3,899.0
11298,7556,3,1,3499.0
11299,7557,11,1,199.0
11300,7558,9,1,899.0
11301,7559,18,1,899.0
11302,7560,22,2,699.0
11303,7560,9,1,899.0
11304,7561,6,2,1499.0
11305,7562,15,1,1199.0
11306,7563,11,1,199.0
11307,7563,24,2,899.0
11308,7563,3,1,3499.0
11309,7564,24,1,899.0
11310,7565,4,3,1299.0
11311,7565,7,1,599.0
11312,7566,15,1,1199.0
11313,7567,24,2,899.0
11314,7567,26,1,999.0
11315,7568,7,3,599.0
11316,7569,20,1,3999.0
11317,7570,5,2,999.0
11318,7570,25,1,499.0
11319,7571,17,1,4999.0
11320,7572,3,1,3499.0
11321,7572,21,1,1099.0
11322,7573,15,1,1199.0
11323,7574,15,1,1199.0
11324,7574,25,1,499.0
11325,7575,30,2,799.0
11326,7575,19,1,4499.0
11327,7575,7,2,599.0
11328,7576,11,1,199.0
11329,7576,7,2,599.0
11330,7577,13,1,799.0
11331,7578,11,1,199.0
11332,7578,20,3,3999.0
11333,7578,18,3,899.0
11334,7579,21,2,1099.0
11335,7579,22,1,699.0
11336,7580,3,1,3499.0
11337,7580,23,1,399.0
11338,7581,9,2,899.0
11339,7582,3,1,3499.0
11340,7583,3,1,3499.0
11341,7584,25,1,499.0
11342,7584,27,1,599.0
11343,7585,21,1,1099.0
11344,7586,9,2,899.0
11345,7587,23,2,399.0
11346,7588,20,1,3999.0
11347,7589,11,2,199.0
11348,7589,9,1,899.0
11349,7589,13,1,799.0
11350,7590,10,1,299.0
11351,7590,30,1,799.0
11352,7591,19,1,4499.0
11353,7592,24,1,899.0
11354,7593,22,1,699.0
11355,7594,3,1,3499.0
11356,7594,8,1,2999.0
11357,7594,27,1,599.0
11358,7595,4,1,1299.0
11359,7596,11,1,199.0
11360,7596,30,2,799.0
11361,7597,3,2,3499.0
11362,7598,22,3,699.0
11363,7599,17,1,4999.0
11364,7599,11,1,199.0
11365,7600,10,2,299.0
11366,7600,24,1,899.0
11367,7601,24,1,899.0
11368,7602,13,1,799.0
11369,7603,11,1,199.0
11370,7604,22,1,699.0
11371,7605,4,1,1299.0
11372,7606,30,2,799.0
11373,7606,23,2,399.0
11374,7606,13,1,799.0
11375,7607,17,1,4999.0
11376,7608,11,1,199.0
11377,7609,9,1,899.0
11378,7610,23,1,399.0
11379,7611,6,1,1499.0
11380,7611,24,2,899.0
11381,7612,23,1,399.0
11382,7613,17,2,4999.0
11383,7613,9,1,899.0
11384,7613,22,1,699.0
11385,7614,6,2,1499.0
11386,7615,7,1,599.0
11387,7615,23,1,399.0
11388,7615,18,1,899.0
11389,7616,1,1,2499.0
11390,7617,14,1,1599.0
11391,7618,14,1,1599.0
11392,7618,28,1,499.0
11393,7619,26,1,999.0
11394,7620,25,2,499.0
11395,7621,21,2,1099.0
11396,7622,7,1,599.0
11397,7623,29,1,1999.0
11398,7623,29,1,1999.0
11399,7623,3,1,3499.0
11400,7624,22,1,699.0
11401,7624,19,1,4499.0
11402,7624,19,1,4499.0
11403,7625,7,2,599.0
11404,7626,26,2,999.0
11405,7626,18,1,899.0
11406,7627,30,1,799.0
11407,7627,21,3,1099.0
11408,7628,4,2,1299.0
11409,7628,28,1,499.0
11410,7629,2,1,1799.0
11411,7630,29,1,1999.0
11412,7631,7,1,599.0
11413,7632,15,1,1199.0
11414,7633,7,1,599.0
11415,7634,3,1,3499.0
11416,7635,7,1,599.0
11417,7636,30,3,799.0
11418,7637,5,2,999.0
11419,7637,2,1,1799.0
11420,7638,23,1,399.0
11421,7638,8,1,2999.0
11422,7638,24,1,899.0
11423,7639,11,1,199.0
11424,7640,6,3,1499.0
11425,7641,18,1,899.0
11426,7642,3,3,3499.0
11427,7643,22,1,699.0
11428,7644,11,1,199.0
11429,7645,9,1,899.0
11430,7645,27,2,599.0
11431,7646,11,1,199.0
11432,7646,11,1,199.0
11433,7647,18,1,899.0
11434,7647,14,3,1599.0
11435,7648,8,1,2999.0
11436,7649,9,1,899.0
11437,7649,6,2,1499.0
11438,7650,20,1,3999.0
11439,7651,3,1,3499.0
11440,7651,1,1,2499.0
11441,7651,17,1,4999.0
11442,7652,9,1,899.0
11443,7653,27,3,599.0
11444,7653,16,1,3999.0
11445,7654,3,1,3499.0
11446,7655,18,1,899.0
11447,7655,21,1,1099.0
11448,7656,22,1,699.0
11449,7657,7,1,599.0
11450,7658,4,1,1299.0
11451,7659,26,1,999.0
11452,7660,23,2,399.0
11453,7661,25,1,499.0
11454,7662,6,3,1499.0
11455,7663,23,2,399.0
11456,7664,19,2,4499.0
11457,7665,11,1,199.0
11458,7666,20,2,3999.0
11459,7666,18,1,899.0
11460,7667,9,1,899.0
11461,7668,4,1,1299.0
11462,7669,18,1,899.0
11463,7669,1,1,2499.0
11464,7670,11,1,199.0
11465,7670,17,2,4999.0
11466,7671,24,1,899.0
11467,7671,17,1,4999.0
11468,7671,10,1,299.0
11469,7672,28,1,499.0
11470,7673,29,1,1999.0
11471,7673,6,1,1499.0
11472,7674,20,1,3999.0
11473,7674,6,2,1499.0
11474,7675,10,1,299.0
11475,7676,8,3,2999.0
11476,7676,15,3,1199.0
11477,7676,21,2,1099.0
11478,7677,17,1,4999.0
11479,7678,6,1,1499.0
11480,7679,3,2,3499.0
11481,7680,15,1,1199.0
11482,7680,15,1,1199.0
11483,7681,20,2,3999.0
11484,7682,1,1,2499.0
11485,7682,22,2,699.0
11486,7683,8,1,2999.0
11487,7684,4,1,1299.0
11488,7685,15,3,1199.0
11489,7686,4,1,1299.0
11490,7686,3,1,3499.0
11491,7686,1,1,2499.0
11492,7687,10,3,299.0
11493,7688,11,1,199.0
11494,7689,7,1,599.0
11495,7689,28,3,499.0
11496,7689,15,1,1199.0
11497,7690,17,1,4999.0
11498,7690,3,1,3499.0
11499,7691,26,1,999.0
11500,7692,24,2,899.0
11501,7693,10,1,299.0
11502,7694,11,2,199.0
11503,7695,6,1,1499.0
11504,7696,5,1,999.0
11505,7697,26,1,999.0
11506,7698,10,1,299.0
11507,7699,6,2,1499.0
11508,7699,1,1,2499.0
11509,7699,8,1,2999.0
11510,7700,15,1,1199.0
11511,7700,19,2,4499.0
11512,7701,19,1,4499.0
11513,7702,26,2,999.0
11514,7702,4,2,1299.0
11515,7702,26,2,999.0
11516,7703,7,1,599.0
11517,7704,23,1,399.0
11518,7705,8,1,2999.0
11519,7706,10,3,299.0
11520,7706,30,1,799.0
11521,7707,23,1,399.0
11522,7708,11,1,199.0
11523,7708,21,1,1099.0
11524,7709,28,2,499.0
11525,7709,9,1,899.0
11526,7710,19,1,4499.0
11527,7710,1,1,2499.0
11528,7711,24,1,899.0
11529,7711,6,2,1499.0
11530,7712,11,1,199.0
11531,7713,16,2,3999.0
11532,7713,23,2,399.0
11533,7713,11,1,199.0
11534,7714,9,3,899.0
11535,7715,6,1,1499.0
11536,7716,15,1,1199.0
11537,7717,8,1,2999.0
11538,7718,27,1,599.0
11539,7719,24,3,899.0
11540,7720,9,1,899.0
11541,7720,23,1,399.0
11542,7721,13,1,799.0
11543,7721,18,1,899.0
11544,7722,3,1,3499.0
11545,7723,6,1,1499.0
11546,7724,27,3,599.0
11547,7724,24,1,899.0
11548,7725,8,1,2999.0
11549,7726,18,3,899.0
11550,7726,21,1,1099.0
11551,7727,19,1,4499.0
11552,7728,18,3,899.0
11553,7728,22,1,699.0
11554,7728,17,2,4999.0
11555,7729,19,2,4499.0
11556,7730,29,1,1999.0
11557,7731,19,2,4499.0
11558,7732,20,3,3999.0
11559,7733,19,1,4499.0
11560,7733,27,1,599.0
11561,7734,13,1,799.0
11562,7734,20,2,3999.0
11563,7735,23,3,399.0
11564,7735,11,1,199.0
11565,7736,29,1,1999.0
11566,7736,26,1,999.0
11567,7736,26,1,999.0
11568,7737,13,1,799.0
11569,7737,11,2,199.0
11570,7738,24,1,899.0
11571,7739,8,2,2999.0
11572,7739,7,1,599.0
11573,7740,5,1,999.0
11574,7741,30,1,799.0
11575,7742,22,1,699.0
11576,7743,21,1,1099.0
11577,7744,4,3,1299.0
11578,7744,20,1,3999.0
11579,7745,3,1,3499.0
11580,7746,6,1,1499.0
11581,7747,17,1,4999.0
11582,7747,17,1,4999.0
11583,7747,22,1,699.0
11584,7748,11,1,199.0
11585,7749,10,1,299.0
11586,7750,9,1,899.0
11587,7751,26,1,999.0
11588,7751,28,1,499.0
11589,7752,8,2,2999.0
11590,7753,14,1,1599.0
11591,7753,14,1,1599.0
11592,7753,3,1,3499.0
11593,7754,4,3,1299.0
11594,7754,17,1,4999.0
11595,7755,5,1,999.0
11596,7756,23,1,399.0
11597,7757,4,1,1299.0
11598,7758,11,1,199.0
11599,7758,23,2,399.0
11600,7759,1,1,2499.0
11601,7759,6,2,1499.0
11602,7760,9,1,899.0
11603,7761,7,1,599.0
11604,7761,9,2,899.0
11605,7762,28,2,499.0
11606,7763,22,2,699.0
11607,7764,25,1,499.0
11608,7764,24,1,899.0
11609,7765,13,1,799.0
11610,7765,30,1,799.0
11611,7766,17,1,4999.0
11612,7767,18,1,899.0
11613,7768,12,3,1299.0
11614,7769,16,1,3999.0
11615,7770,4,2,1299.0
11616,7771,9,3,899.0
11617,7771,15,1,1199.0
11618,7772,6,2,1499.0
11619,7772,30,1,799.0
11620,7773,27,2,599.0
11621,7774,1,1,2499.0
11622,7774,7,3,599.0
11623,7774,19,3,4499.0
11624,7775,19,1,4499.0
11625,7775,24,2,899.0
11626,7776,1,2,2499.0
11627,7777,10,1,299.0
11628,7777,21,3,1099.0
11629,7777,15,1,1199.0
11630,7778,27,1,599.0
11631,7779,15,1,1199.0
11632,7779,22,1,699.0
11633,7780,6,1,1499.0
11634,7781,14,3,1599.0
11635,7781,14,1,1599.0
11636,7782,7,1,599.0
11637,7783,27,1,599.0
11638,7783,25,1,499.0
11639,7784,27,2,599.0
11640,7785,6,2,1499.0
11641,7786,24,1,899.0
11642,7787,18,1,899.0
11643,7787,2,1,1799.0
11644,7788,1,1,2499.0
11645,7788,2,1,1799.0
11646,7789,8,1,2999.0
11647,7790,9,1,899.0
11648,7790,4,1,1299.0
11649,7791,9,1,899.0
11650,7791,7,1,599.0
11651,7792,15,1,1199.0
11652,7793,24,2,899.0
11653,7793,11,3,199.0
11654,7793,16,1,3999.0
11655,7794,10,1,299.0
11656,7794,26,1,999.0
11657,7795,3,2,3499.0
11658,7796,21,1,1099.0
11659,7796,6,1,1499.0
11660,7797,16,2,3999.0
11661,7798,17,1,4999.0
11662,7798,7,1,599.0
11663,7799,2,1,1799.0
11664,7799,17,2,4999.0
11665,7799,25,3,499.0
11666,7800,11,1,199.0
11667,7800,24,1,899.0
11668,7801,19,2,4499.0
11669,7802,1,1,2499.0
11670,7803,17,1,4999.0
11671,7803,10,1,299.0
11672,7803,17,1,4999.0
11673,7804,16,2,3999.0
11674,7805,30,1,799.0
11675,7806,13,1,799.0
11676,7806,18,1,899.0
11677,7806,3,2,3499.0
11678,7807,4,1,1299.0
11679,7808,15,1,1199.0
11680,7808,23,2,399.0
11681,7809,6,1,1499.0
11682,7810,3,2,3499.0
11683,7810,9,1,899.0
11684,7811,4,1,1299.0
11685,7812,3,2,3499.0
11686,7812,1,1,2499.0
11687,7813,23,1,399.0
11688,7814,3,1,3499.0
11689,7815,25,1,499.0
11690,7816,20,1,3999.0
11691,7817,13,1,799.0
11692,7818,6,1,1499.0
11693,7818,11,1,199.0
11694,7819,1,1,2499.0
11695,7820,12,1,1299.0
11696,7821,30,2,799.0
11697,7821,6,1,1499.0
11698,7822,15,1,1199.0
11699,7823,18,1,899.0
11700,7824,30,1,799.0
11701,7825,14,3,1599.0
11702,7825,21,1,1099.0
11703,7825,26,1,999.0
11704,7826,3,3,3499.0
11705,7826,8,1,2999.0
11706,7827,19,1,4499.0
11707,7827,12,1,1299.0
11708,7828,24,1,899.0
11709,7829,26,2,999.0
11710,7830,7,1,599.0
11711,7831,19,1,4499.0
11712,7831,18,3,899.0
11713,7832,28,2,499.0
11714,7833,11,3,199.0
11715,7834,8,1,2999.0
11716,7835,23,1,399.0
11717,7836,8,1,2999.0
11718,7837,8,1,2999.0
11719,7838,11,2,199.0
11720,7839,26,1,999.0
11721,7840,11,1,199.0
11722,7841,3,1,3499.0
11723,7841,23,1,399.0
11724,7842,18,1,899.0
11725,7842,15,2,1199.0
11726,7843,6,1,1499.0
11727,7843,3,2,3499.0
11728,7844,30,1,799.0
11729,7844,15,1,1199.0
11730,7845,19,2,4499.0
11731,7845,19,1,4499.0
11732,7846,21,1,1099.0
11733,7847,10,3,299.0
11734,7847,8,1,2999.0
11735,7848,15,1,1199.0
11736,7849,25,1,499.0
11737,7850,19,1,4499.0
11738,7850,24,1,899.0
11739,7850,9,3,899.0
11740,7851,1,1,2499.0
11741,7852,15,1,1199.0
11742,7853,26,1,999.0
11743,7853,11,1,199.0
11744,7853,20,1,3999.0
11745,7854,11,1,199.0
11746,7855,19,1,4499.0
11747,7856,24,2,899.0
11748,7857,28,1,499.0
11749,7857,2,2,1799.0
11750,7858,24,1,899.0
11751,7859,11,1,199.0
11752,7860,6,1,1499.0
11753,7860,3,3,3499.0
11754,7861,11,1,199.0
11755,7862,11,3,199.0
11756,7863,20,2,3999.0
11757,7864,18,3,899.0
11758,7864,25,1,499.0
11759,7865,29,3,1999.0
11760,7866,21,3,1099.0
11761,7866,23,1,399.0
11762,7867,11,1,199.0
11763,7867,8,1,2999.0
11764,7867,8,1,2999.0
11765,7868,14,2,1599.0
11766,7868,10,1,299.0
11767,7868,26,1,999.0
11768,7869,3,1,3499.0
11769,7870,15,2,1199.0
11770,7871,3,3,3499.0
11771,7871,29,1,1999.0
11772,7872,7,1,599.0
11773,7872,22,1,699.0
11774,7873,29,3,1999.0
11775,7873,4,1,1299.0
11776,7874,9,2,899.0
11777,7874,24,1,899.0
11778,7875,17,3,4999.0
11779,7876,12,1,1299.0
11780,7876,7,1,599.0
11781,7877,9,1,899.0
11782,7878,25,2,499.0
11783,7878,17,1,4999.0
11784,7879,18,1,899.0
11785,7880,3,1,3499.0
11786,7880,24,1,899.0
11787,7880,15,3,1199.0
11788,7881,23,1,399.0
11789,7881,6,2,1499.0
11790,7882,21,1,1099.0
11791,7883,16,2,3999.0
11792,7884,8,1,2999.0
11793,7884,19,3,4499.0
11794,7884,23,2,399.0
11795,7885,7,2,599.0
11796,7886,4,1,1299.0
11797,7887,19,1,4499.0
11798,7887,23,1,399.0
11799,7888,7,1,599.0
11800,7888,11,1,199.0
11801,7889,15,1,1199.0
11802,7890,4,1,1299.0
11803,7891,5,1,999.0
11804,7891,30,1,799.0
11805,7892,30,1,799.0
11806,7893,23,2,399.0
11807,7893,10,1,299.0
11808,7893,8,1,2999.0
11809,7894,19,1,4499.0
11810,7895,6,1,1499.0
11811,7896,26,1,999.0
11812,7896,19,1,4499.0
11813,7897,11,2,199.0
11814,7898,13,1,799.0
11815,7899,15,3,1199.0
11816,7900,22,3,699.0
11817,7901,3,1,3499.0
11818,7901,22,1,699.0
11819,7901,19,1,4499.0
11820,7902,4,1,1299.0
11821,7902,4,3,1299.0
11822,7903,11,1,199.0
11823,7904,19,1,4499.0
11824,7905,20,1,3999.0
11825,7906,24,2,899.0
11826,7907,25,1,499.0
11827,7907,21,1,1099.0
11828,7907,1,1,2499.0
11829,7908,17,2,4999.0
11830,7909,1,1,2499.0
11831,7910,9,3,899.0
11832,7910,21,1,1099.0
11833,7911,20,1,3999.0
11834,7911,12,1,1299.0
11835,7912,7,3,599.0
11836,7913,4,1,1299.0
11837,7914,2,1,1799.0
11838,7915,15,1,1199.0
11839,7915,5,1,999.0
11840,7916,22,1,699.0
11841,7916,16,3,3999.0
11842,7917,15,1,1199.0
11843,7918,18,1,899.0
11844,7918,23,1,399.0
11845,7919,10,1,299.0
11846,7920,11,2,199.0
11847,7921,5,1,999.0
11848,7922,25,1,499.0
11849,7923,26,3,999.0
11850,7924,18,1,899.0
11851,7925,11,3,199.0
11852,7925,25,1,499.0
11853,7926,18,2,899.0
11854,7927,3,1,3499.0
11855,7928,9,1,899.0
11856,7928,6,1,1499.0
11857,7929,11,1,199.0
11858,7930,19,1,4499.0
11859,7931,16,3,3999.0
11860,7932,9,2,899.0
11861,7933,26,1,999.0
11862,7933,3,1,3499.0
11863,7933,23,1,399.0
11864,7934,24,1,899.0
11865,7934,17,1,4999.0
11866,7935,29,1,1999.0
11867,7935,24,1,899.0
11868,7936,27,1,599.0
11869,7937,22,1,699.0
11870,7937,27,1,599.0
11871,7938,8,1,2999.0
11872,7939,6,1,1499.0
11873,7940,28,1,499.0
11874,7940,19,2,4499.0
11875,7941,9,2,899.0
11876,7942,15,1,1199.0
11877,7942,25,1,499.0
11878,7943,14,1,1599.0
11879,7944,29,2,1999.0
11880,7945,11,2,199.0
11881,7946,15,1,1199.0
11882,7946,12,1,1299.0
11883,7947,26,1,999.0
11884,7948,23,1,399.0
11885,7948,27,1,599.0
11886,7949,22,1,699.0
11887,7950,24,1,899.0
11888,7950,7,3,599.0
11889,7951,6,2,1499.0
11890,7952,3,1,3499.0
11891,7953,3,1,3499.0
11892,7954,7,1,599.0
11893,7955,20,1,3999.0
11894,7956,15,1,1199.0
11895,7957,4,1,1299.0
11896,7957,7,1,599.0
11897,7957,16,2,3999.0
11898,7958,29,2,1999.0
11899,7958,30,1,799.0
11900,7958,15,2,1199.0
11901,7959,3,1,3499.0
11902,7959,30,2,799.0
11903,7959,20,1,3999.0
11904,7960,15,1,1199.0
11905,7960,10,1,299.0
11906,7961,23,1,399.0
11907,7962,19,1,4499.0
11908,7962,24,3,899.0
11909,7963,5,2,999.0
11910,7963,28,1,499.0
11911,7963,11,3,199.0
11912,7964,27,1,599.0
11913,7964,10,1,299.0
11914,7964,17,1,4999.0
11915,7965,28,2,499.0
11916,7965,27,3,599.0
11917,7966,22,1,699.0
11918,7967,6,1,1499.0
11919,7968,15,1,1199.0
11920,7969,15,1,1199.0
11921,7969,7,1,599.0
11922,7970,20,1,3999.0
11923,7971,12,1,1299.0
11924,7971,10,1,299.0
11925,7972,26,3,999.0
11926,7973,11,1,199.0
11927,7974,30,1,799.0
11928,7975,6,1,1499.0
11929,7976,25,1,499.0
11930,7976,6,1,1499.0
11931,7977,21,2,1099.0
11932,7978,26,1,999.0
11933,7979,22,1,699.0
11934,7980,25,3,499.0
11935,7981,12,1,1299.0
11936,7981,11,1,199.0
11937,7981,24,1,899.0
11938,7982,8,1,2999.0
11939,7983,4,2,1299.0
11940,7984,11,1,199.0
11941,7985,28,1,499.0
11942,7986,26,1,999.0
11943,7986,6,1,1499.0
11944,7987,19,1,4499.0
11945,7988,6,1,1499.0
11946,7988,1,2,2499.0
11947,7989,1,3,2499.0
11948,7990,19,1,4499.0
11949,7990,9,1,899.0
11950,7990,7,1,599.0
11951,7991,13,3,799.0
11952,7991,22,1,699.0
11953,7992,8,1,2999.0
11954,7992,7,2,599.0
11955,7993,29,1,1999.0
11956,7994,20,2,3999.0
11957,7995,7,1,599.0
11958,7996,24,1,899.0
11959,7996,3,1,3499.0
11960,7997,3,1,3499.0
11961,7997,3,1,3499.0
11962,7998,2,1,1799.0
11963,7999,14,2,1599.0
11964,7999,10,1,299.0
11965,8000,23,1,399.0
11966,8001,22,1,699.0
11967,8002,15,2,1199.0
11968,8003,27,1,599.0
11969,8004,17,1,4999.0
11970,8005,19,3,4499.0
11971,8005,9,1,899.0
11972,8006,17,1,4999.0
11973,8007,9,1,899.0
11974,8008,14,1,1599.0
11975,8009,8,1,2999.0
11976,8010,19,2,4499.0
11977,8011,18,2,899.0
11978,8012,14,2,1599.0
11979,8012,7,1,599.0
11980,8013,30,1,799.0
11981,8013,10,1,299.0
11982,8013,6,1,1499.0
11983,8014,22,1,699.0
11984,8015,23,1,399.0
11985,8016,25,1,499.0
11986,8017,5,1,999.0
11987,8017,24,1,899.0
11988,8017,17,1,4999.0
11989,8018,3,1,3499.0
11990,8019,17,1,4999.0
11991,8020,7,1,599.0
11992,8021,23,2,399.0
11993,8022,9,1,899.0
11994,8022,3,3,3499.0
11995,8023,12,1,1299.0
11996,8024,19,2,4499.0
11997,8025,10,1,299.0
11998,8025,28,1,499.0
11999,8026,29,1,1999.0
12000,8027,25,1,499.0
12001,8028,10,1,299.0
12002,8029,26,1,999.0
12003,8030,7,1,599.0
12004,8031,8,1,2999.0
12005,8032,27,1,599.0
12006,8033,12,3,1299.0
12007,8034,3,2,3499.0
12008,8035,2,1,1799.0
12009,8035,6,3,1499.0
12010,8036,19,2,4499.0
12011,8036,5,1,999.0
12012,8037,7,1,599.0
12013,8037,22,3,699.0
12014,8037,26,3,999.0
12015,8038,15,2,1199.0
12016,8038,17,3,4999.0
12017,8039,11,1,199.0
12018,8040,6,1,1499.0
12019,8041,27,1,599.0
12020,8042,23,1,399.0
12021,8043,30,1,799.0
12022,8044,8,1,2999.0
12023,8044,8,1,2999.0
12024,8045,22,1,699.0
12025,8045,9,1,899.0
12026,8045,15,1,1199.0
12027,8046,25,1,499.0
12028,8047,25,1,499.0
12029,8047,7,1,599.0
12030,8047,10,1,299.0
12031,8048,28,1,499.0
12032,8048,11,2,199.0
12033,8049,8,1,2999.0
12034,8050,7,2,599.0
12035,8051,19,1,4499.0
12036,8052,28,1,499.0
12037,8053,11,1,199.0
12038,8054,13,2,799.0
12039,8055,13,3,799.0
12040,8055,11,2,199.0
12041,8056,17,1,4999.0
12042,8056,1,2,2499.0
12043,8057,1,2,2499.0
12044,8058,1,3,2499.0
12045,8059,11,2,199.0
12046,8059,8,1,2999.0
12047,8060,6,1,1499.0
12048,8061,30,1,799.0
12049,8061,19,1,4499.0
12050,8062,22,2,699.0
12051,8063,12,1,1299.0
12052,8064,25,1,499.0
12053,8065,5,2,999.0
12054,8066,26,1,999.0
12055,8067,1,1,2499.0
12056,8067,6,2,1499.0
12057,8068,25,1,499.0
12058,8069,10,1,299.0
12059,8070,7,1,599.0
12060,8070,25,2,499.0
12061,8071,7,1,599.0
12062,8072,1,3,2499.0
12063,8073,25,1,499.0
12064,8074,17,1,4999.0
12065,8075,11,1,199.0
12066,8076,29,1,1999.0
12067,8077,6,2,1499.0
12068,8077,24,1,899.0
12069,8078,3,2,3499.0
12070,8078,23,1,399.0
12071,8079,6,1,1499.0
12072,8079,8,3,2999.0
12073,8080,10,1,299.0
12074,8081,30,1,799.0
12075,8081,23,1,399.0
12076,8082,25,1,499.0
12077,8082,16,3,3999.0
12078,8082,17,1,4999.0
12079,8083,28,2,499.0
12080,8083,17,1,4999.0
12081,8084,4,2,1299.0
12082,8085,26,1,999.0
12083,8085,18,3,899.0
12084,8086,3,1,3499.0
12085,8087,8,2,2999.0
12086,8088,25,1,499.0
12087,8089,24,1,899.0
12088,8089,23,1,399.0
12089,8090,21,1,1099.0
12090,8090,25,1,499.0
12091,8091,17,1,4999.0
12092,8092,30,1,799.0
12093,8093,13,1,799.0
12094,8094,15,1,1199.0
12095,8095,16,1,3999.0
12096,8095,25,1,499.0
12097,8096,6,1,1499.0
12098,8097,10,1,299.0
12099,8097,3,2,3499.0
12100,8098,20,3,3999.0
12101,8098,24,1,899.0
12102,8099,3,1,3499.0
12103,8099,15,2,1199.0
12104,8100,17,1,4999.0
12105,8100,19,1,4499.0
12106,8100,11,1,199.0
12107,8101,1,1,2499.0
12108,8102,30,1,799.0
12109,8102,19,2,4499.0
12110,8103,30,2,799.0
12111,8104,1,1,2499.0
12112,8105,4,2,1299.0
12113,8106,23,2,399.0
12114,8107,6,1,1499.0
12115,8108,3,1,3499.0
12116,8108,21,1,1099.0
12117,8108,4,1,1299.0
12118,8109,24,2,899.0
12119,8109,12,1,1299.0
12120,8109,6,2,1499.0
12121,8110,12,1,1299.0
12122,8110,26,1,999.0
12123,8110,18,1,899.0
12124,8111,7,3,599.0
12125,8112,21,1,1099.0
12126,8113,7,1,599.0
12127,8114,21,1,1099.0
12128,8114,4,2,1299.0
12129,8114,27,3,599.0
12130,8115,15,3,1199.0
12131,8115,1,1,2499.0
12132,8116,30,1,799.0
12133,8116,25,1,499.0
12134,8117,3,1,3499.0
12135,8118,8,1,2999.0
12136,8119,3,2,3499.0
12137,8119,14,2,1599.0
12138,8120,22,2,699.0
12139,8121,24,1,899.0
12140,8122,17,1,4999.0
12141,8123,9,1,899.0
12142,8124,9,3,899.0
12143,8125,19,1,4499.0
12144,8125,24,1,899.0
12145,8125,17,1,4999.0
12146,8126,24,1,899.0
12147,8126,17,1,4999.0
12148,8127,7,2,599.0
12149,8127,30,1,799.0
12150,8127,25,2,499.0
12151,8128,24,1,899.0
12152,8129,12,1,1299.0
12153,8129,10,1,299.0
12154,8129,2,1,1799.0
12155,8130,4,1,1299.0
12156,8130,11,1,199.0
12157,8131,24,1,899.0
12158,8132,3,1,3499.0
12159,8132,22,1,699.0
12160,8133,24,3,899.0
12161,8134,10,3,299.0
12162,8135,25,2,499.0
12163,8135,29,2,1999.0
12164,8136,23,2,399.0
12165,8137,6,1,1499.0
12166,8138,2,1,1799.0
12167,8139,8,1,2999.0
12168,8140,20,1,3999.0
12169,8140,25,1,499.0
12170,8141,14,1,1599.0
12171,8142,11,1,199.0
12172,8143,6,2,1499.0
12173,8144,25,1,499.0
12174,8145,20,1,3999.0
12175,8146,9,1,899.0
12176,8146,3,2,3499.0
12177,8147,27,2,599.0
12178,8147,5,1,999.0
12179,8148,21,1,1099.0
12180,8148,11,1,199.0
12181,8149,25,1,499.0
12182,8150,29,1,1999.0
12183,8151,8,1,2999.0
12184,8152,11,1,199.0
12185,8153,17,1,4999.0
12186,8154,18,3,899.0
12187,8155,6,2,1499.0
12188,8156,10,2,299.0
12189,8157,21,1,1099.0
12190,8157,3,1,3499.0
12191,8157,6,3,1499.0
12192,8158,30,1,799.0
12193,8158,23,1,399.0
12194,8159,27,1,599.0
12195,8160,1,1,2499.0
12196,8161,1,1,2499.0
12197,8162,29,1,1999.0
12198,8163,12,1,1299.0
12199,8164,6,2,1499.0
12200,8164,2,1,1799.0
12201,8165,30,1,799.0
12202,8165,21,1,1099.0
12203,8165,17,1,4999.0
12204,8166,6,1,1499.0
12205,8167,9,3,899.0
12206,8168,4,1,1299.0
12207,8169,21,1,1099.0
12208,8170,30,1,799.0
12209,8171,3,1,3499.0
12210,8172,3,3,3499.0
12211,8172,30,1,799.0
12212,8173,7,1,599.0
12213,8174,26,1,999.0
12214,8174,10,1,299.0
12215,8175,20,1,3999.0
12216,8176,27,1,599.0
12217,8176,22,1,699.0
12218,8176,4,1,1299.0
12219,8177,6,1,1499.0
12220,8178,1,2,2499.0
12221,8178,22,1,699.0
12222,8179,29,1,1999.0
12223,8180,15,1,1199.0
12224,8181,6,1,1499.0
12225,8182,13,1,799.0
12226,8183,16,1,3999.0
12227,8184,12,2,1299.0
12228,8185,27,1,599.0
12229,8186,9,1,899.0
12230,8187,15,1,1199.0
12231,8188,11,2,199.0
12232,8189,27,1,599.0
12233,8190,15,1,1199.0
12234,8191,1,1,2499.0
12235,8192,10,2,299.0
12236,8192,27,1,599.0
12237,8193,23,1,399.0
12238,8194,26,1,999.0
12239,8194,24,1,899.0
12240,8195,9,1,899.0
12241,8196,15,3,1199.0
12242,8197,25,1,499.0
12243,8198,17,1,4999.0
12244,8199,20,2,3999.0
12245,8199,11,1,199.0
12246,8200,5,1,999.0
12247,8201,21,1,1099.0
12248,8202,24,1,899.0
12249,8202,24,2,899.0
12250,8203,17,1,4999.0
12251,8203,10,1,299.0
12252,8204,15,2,1199.0
12253,8205,30,1,799.0
12254,8206,17,2,4999.0
12255,8207,18,1,899.0
12256,8207,11,1,199.0
12257,8208,17,3,4999.0
12258,8209,24,1,899.0
12259,8209,17,3,4999.0
12260,8210,14,1,1599.0
12261,8211,15,1,1199.0
12262,8211,6,1,1499.0
12263,8212,10,1,299.0
12264,8213,28,1,499.0
12265,8214,30,3,799.0
12266,8214,19,1,4499.0
12267,8215,22,1,699.0
12268,8216,14,1,1599.0
12269,8216,25,2,499.0
12270,8217,24,1,899.0
12271,8218,7,2,599.0
12272,8218,4,1,1299.0
12273,8218,19,1,4499.0
12274,8219,19,2,4499.0
12275,8220,7,1,599.0
12276,8221,24,1,899.0
12277,8222,24,3,899.0
12278,8222,10,2,299.0
12279,8223,1,1,2499.0
12280,8224,24,3,899.0
12281,8225,9,2,899.0
12282,8225,27,3,599.0
12283,8226,15,1,1199.0
12284,8227,19,1,4499.0
12285,8228,12,1,1299.0
12286,8228,1,1,2499.0
12287,8229,10,2,299.0
12288,8229,6,1,1499.0
12289,8229,25,1,499.0
12290,8230,12,2,1299.0
12291,8231,15,2,1199.0
12292,8232,11,3,199.0
12293,8233,11,1,199.0
12294,8234,15,3,1199.0
12295,8235,9,1,899.0
12296,8236,22,1,699.0
12297,8237,26,1,999.0
12298,8238,6,1,1499.0
12299,8238,3,1,3499.0
12300,8239,13,1,799.0
12301,8239,30,1,799.0
12302,8240,14,3,1599.0
12303,8240,20,1,3999.0
12304,8240,11,1,199.0
12305,8241,25,1,499.0
12306,8242,6,1,1499.0
12307,8242,4,3,1299.0
12308,8243,10,1,299.0
12309,8244,21,2,1099.0
12310,8245,30,1,799.0
12311,8245,23,2,399.0
12312,8246,29,2,1999.0
12313,8246,25,1,499.0
12314,8247,1,2,2499.0
12315,8247,11,1,199.0
12316,8248,22,1,699.0
12317,8248,3,1,3499.0
12318,8249,23,1,399.0
12319,8249,2,1,1799.0
12320,8250,24,1,899.0
12321,8250,6,1,1499.0
12322,8251,10,1,299.0
12323,8251,3,1,3499.0
12324,8251,8,1,2999.0
12325,8252,17,2,4999.0
12326,8252,16,1,3999.0
12327,8253,6,3,1499.0
12328,8254,17,1,4999.0
12329,8254,11,3,199.0
12330,8255,19,1,4499.0
12331,8256,3,1,3499.0
12332,8257,4,3,1299.0
12333,8258,24,3,899.0
12334,8258,19,1,4499.0
12335,8259,15,1,1199.0
12336,8259,3,2,3499.0
12337,8260,26,1,999.0
12338,8261,9,1,899.0
12339,8262,11,2,199.0
12340,8263,25,3,499.0
12341,8264,21,2,1099.0
12342,8265,8,1,2999.0
12343,8266,7,1,599.0
12344,8266,23,2,399.0
12345,8267,30,3,799.0
12346,8268,30,1,799.0
12347,8269,24,1,899.0
12348,8269,16,3,3999.0
12349,8270,24,1,899.0
12350,8271,16,1,3999.0
12351,8272,11,2,199.0
12352,8273,6,1,1499.0
12353,8273,29,1,1999.0
12354,8274,25,1,499.0
12355,8275,22,2,699.0
12356,8276,28,2,499.0
12357,8277,7,3,599.0
12358,8277,3,1,3499.0
12359,8278,24,3,899.0
12360,8278,27,1,599.0
12361,8279,30,1,799.0
12362,8280,1,1,2499.0
12363,8281,14,1,1599.0
12364,8282,4,3,1299.0
12365,8282,23,2,399.0
12366,8282,9,3,899.0
12367,8283,19,1,4499.0
12368,8284,10,1,299.0
12369,8285,11,2,199.0
12370,8285,11,1,199.0
12371,8286,15,1,1199.0
12372,8286,14,3,1599.0
12373,8287,10,1,299.0
12374,8288,30,2,799.0
12375,8288,18,1,899.0
12376,8289,15,1,1199.0
12377,8289,26,1,999.0
12378,8290,21,1,1099.0
12379,8291,30,1,799.0
12380,8291,17,3,4999.0
12381,8292,30,1,799.0
12382,8292,25,2,499.0
12383,8293,4,1,1299.0
12384,8294,16,1,3999.0
12385,8294,10,1,299.0
12386,8294,6,1,1499.0
12387,8295,19,3,4499.0
12388,8295,28,1,499.0
12389,8296,23,1,399.0
12390,8296,3,1,3499.0
12391,8297,25,1,499.0
12392,8298,2,2,1799.0
12393,8298,1,2,2499.0
12394,8299,23,1,399.0
12395,8299,23,2,399.0
12396,8300,15,1,1199.0
12397,8301,9,1,899.0
12398,8302,4,1,1299.0
12399,8302,23,3,399.0
12400,8303,26,1,999.0
12401,8303,12,1,1299.0
12402,8304,11,1,199.0
12403,8305,21,1,1099.0
12404,8305,15,2,1199.0
12405,8306,22,3,699.0
12406,8307,15,1,1199.0
12407,8308,21,2,1099.0
12408,8309,7,1,599.0
12409,8309,7,1,599.0
12410,8310,21,2,1099.0
12411,8311,1,1,2499.0
12412,8312,4,1,1299.0
12413,8313,7,2,599.0
12414,8313,25,1,499.0
12415,8314,21,1,1099.0
12416,8315,3,2,3499.0
12417,8316,3,1,3499.0
12418,8317,21,1,1099.0
12419,8318,8,1,2999.0
12420,8318,3,1,3499.0
12421,8319,14,2,1599.0
12422,8320,3,1,3499.0
12423,8321,30,3,799.0
12424,8321,20,1,3999.0
12425,8322,3,1,3499.0
12426,8323,17,1,4999.0
12427,8323,24,1,899.0
12428,8324,24,1,899.0
12429,8325,14,1,1599.0
12430,8325,21,1,1099.0
12431,8326,25,1,499.0
12432,8327,6,1,1499.0
12433,8327,21,1,1099.0
12434,8328,25,3,499.0
12435,8329,4,1,1299.0
12436,8329,26,2,999.0
12437,8330,26,1,999.0
12438,8331,6,1,1499.0
12439,8332,7,2,599.0
12440,8332,6,1,1499.0
12441,8333,3,1,3499.0
12442,8334,21,2,1099.0
12443,8334,22,1,699.0
12444,8334,23,1,399.0
12445,8335,23,1,399.0
12446,8335,3,1,3499.0
12447,8336,15,1,1199.0
12448,8337,25,1,499.0
12449,8337,18,1,899.0
12450,8338,5,2,999.0
12451,8338,15,1,1199.0
12452,8338,28,2,499.0
12453,8339,6,1,1499.0
12454,8340,17,2,4999.0
12455,8341,30,1,799.0
12456,8342,18,1,899.0
12457,8342,17,1,4999.0
12458,8342,8,1,2999.0
12459,8343,17,2,4999.0
12460,8344,1,2,2499.0
12461,8345,1,1,2499.0
12462,8345,7,1,599.0
12463,8346,7,1,599.0
12464,8346,11,1,199.0
12465,8347,19,1,4499.0
12466,8348,15,1,1199.0
12467,8349,7,1,599.0
12468,8350,7,1,599.0
12469,8351,27,1,599.0
12470,8351,20,1,3999.0
12471,8352,30,2,799.0
12472,8353,9,1,899.0
12473,8353,20,3,3999.0
12474,8354,22,1,699.0
12475,8354,4,1,1299.0
12476,8355,9,2,899.0
12477,8355,1,3,2499.0
12478,8356,23,2,399.0
12479,8357,8,1,2999.0
12480,8357,8,1,2999.0
12481,8358,20,2,3999.0
12482,8358,4,1,1299.0
12483,8359,29,1,1999.0
12484,8360,1,1,2499.0
12485,8360,19,3,4499.0
12486,8361,12,3,1299.0
12487,8362,8,1,2999.0
12488,8363,1,2,2499.0
12489,8364,1,1,2499.0
12490,8365,30,2,799.0
12491,8366,23,2,399.0
12492,8367,29,1,1999.0
12493,8368,7,2,599.0
12494,8369,4,2,1299.0
12495,8369,30,1,799.0
12496,8370,2,2,1799.0
12497,8370,25,1,499.0
12498,8370,14,1,1599.0
12499,8371,25,1,499.0
12500,8372,11,1,199.0
12501,8373,2,2,1799.0
12502,8373,8,1,2999.0
12503,8374,27,2,599.0
12504,8375,10,3,299.0
12505,8376,4,1,1299.0
12506,8377,14,1,1599.0
12507,8377,24,1,899.0
12508,8378,24,2,899.0
12509,8379,30,1,799.0
12510,8380,4,2,1299.0
12511,8381,29,2,1999.0
12512,8382,19,1,4499.0
12513,8382,7,1,599.0
12514,8383,9,1,899.0
12515,8383,5,1,999.0
12516,8384,20,3,3999.0
12517,8385,9,3,899.0
12518,8385,11,1,199.0
12519,8386,23,3,399.0
12520,8387,23,3,399.0
12521,8388,1,1,2499.0
12522,8389,18,1,899.0
12523,8390,20,1,3999.0
12524,8391,17,2,4999.0
12525,8391,6,3,1499.0
12526,8392,1,2,2499.0
12527,8392,15,1,1199.0
12528,8393,1,1,2499.0
12529,8394,21,1,1099.0
12530,8394,4,2,1299.0
12531,8394,4,1,1299.0
12532,8395,20,2,3999.0
12533,8396,8,1,2999.0
12534,8397,22,1,699.0
12535,8398,9,1,899.0
12536,8399,15,1,1199.0
12537,8399,1,2,2499.0
12538,8400,6,1,1499.0
12539,8401,9,3,899.0
12540,8402,6,2,1499.0
12541,8403,24,1,899.0
12542,8404,5,1,999.0
12543,8405,17,1,4999.0
12544,8405,15,1,1199.0
12545,8406,25,1,499.0
12546,8407,25,1,499.0
12547,8408,9,1,899.0
12548,8408,5,1,999.0
12549,8408,7,2,599.0
12550,8409,1,1,2499.0
12551,8409,19,1,4499.0
12552,8410,17,2,4999.0
12553,8410,2,1,1799.0
12554,8411,2,2,1799.0
12555,8411,19,2,4499.0
12556,8412,4,1,1299.0
12557,8412,3,1,3499.0
12558,8413,18,1,899.0
12559,8414,30,1,799.0
12560,8414,6,1,1499.0
12561,8415,11,1,199.0
12562,8415,6,2,1499.0
12563,8416,17,1,4999.0
12564,8417,26,1,999.0
12565,8418,2,1,1799.0
12566,8419,3,1,3499.0
12567,8420,4,1,1299.0
12568,8421,30,2,799.0
12569,8421,25,1,499.0
12570,8422,7,1,599.0
12571,8422,19,1,4499.0
12572,8423,14,1,1599.0
12573,8423,3,1,3499.0
12574,8424,23,1,399.0
12575,8424,28,2,499.0
12576,8425,3,1,3499.0
12577,8425,1,3,2499.0
12578,8425,30,2,799.0
12579,8426,10,3,299.0
12580,8427,17,1,4999.0
12581,8428,4,1,1299.0
12582,8428,6,1,1499.0
12583,8429,3,3,3499.0
12584,8429,10,1,299.0
12585,8430,12,3,1299.0
12586,8430,30,1,799.0
12587,8431,21,1,1099.0
12588,8431,9,1,899.0
12589,8432,18,2,899.0
12590,8432,6,1,1499.0
12591,8433,17,1,4999.0
12592,8434,3,1,3499.0
12593,8434,24,1,899.0
12594,8434,8,1,2999.0
12595,8435,11,3,199.0
12596,8436,9,1,899.0
12597,8437,7,1,599.0
12598,8437,11,1,199.0
12599,8438,21,1,1099.0
12600,8439,23,1,399.0
12601,8440,4,1,1299.0
12602,8440,15,1,1199.0
12603,8441,7,1,599.0
12604,8441,1,1,2499.0
12605,8441,13,1,799.0
12606,8442,6,2,1499.0
12607,8442,2,1,1799.0
12608,8442,19,1,4499.0
12609,8443,24,1,899.0
12610,8444,14,1,1599.0
12611,8445,2,3,1799.0
12612,8446,9,2,899.0
12613,8446,17,2,4999.0
12614,8447,8,1,2999.0
12615,8448,6,2,1499.0
12616,8448,26,1,999.0
12617,8449,27,1,599.0
12618,8449,4,1,1299.0
12619,8449,15,1,1199.0
12620,8450,27,2,599.0
12621,8450,11,1,199.0
12622,8450,19,1,4499.0
12623,8451,26,3,999.0
12624,8451,20,2,3999.0
12625,8451,12,1,1299.0
12626,8452,1,2,2499.0
12627,8452,25,2,499.0
12628,8452,6,1,1499.0
12629,8453,11,1,199.0
12630,8453,3,3,3499.0
12631,8454,19,2,4499.0
12632,8455,26,1,999.0
12633,8456,27,1,599.0
12634,8457,8,1,2999.0
12635,8458,6,1,1499.0
12636,8459,20,1,3999.0
12637,8460,13,2,799.0
12638,8461,12,2,1299.0
12639,8461,11,1,199.0
12640,8462,7,1,599.0
12641,8463,3,1,3499.0
12642,8464,19,3,4499.0
12643,8465,5,1,999.0
12644,8466,27,1,599.0
12645,8467,15,2,1199.0
12646,8468,23,1,399.0
12647,8469,3,1,3499.0
12648,8470,21,1,1099.0
12649,8471,28,2,499.0
12650,8472,24,1,899.0
12651,8472,19,2,4499.0
12652,8473,11,1,199.0
12653,8473,9,2,899.0
12654,8474,30,2,799.0
12655,8475,1,2,2499.0
12656,8475,6,1,1499.0
12657,8476,6,1,1499.0
12658,8477,7,1,599.0
12659,8478,30,1,799.0
12660,8479,15,1,1199.0
12661,8480,20,1,3999.0
12662,8480,11,3,199.0
12663,8480,12,1,1299.0
12664,8481,7,2,599.0
12665,8482,23,1,399.0
12666,8482,25,1,499.0
12667,8483,8,1,2999.0
12668,8484,22,1,699.0
12669,8485,18,3,899.0
12670,8486,3,1,3499.0
12671,8487,30,1,799.0
12672,8488,11,1,199.0
12673,8489,20,1,3999.0
12674,8489,18,1,899.0
12675,8489,3,1,3499.0
12676,8490,18,1,899.0
12677,8491,1,1,2499.0
12678,8491,13,1,799.0
12679,8492,1,1,2499.0
12680,8492,23,1,399.0
12681,8493,30,1,799.0
12682,8493,11,1,199.0
12683,8494,3,2,3499.0
12684,8494,29,1,1999.0
12685,8494,1,1,2499.0
12686,8495,22,1,699.0
12687,8496,3,1,3499.0
12688,8496,15,1,1199.0
12689,8497,14,1,1599.0
12690,8497,8,2,2999.0
12691,8498,27,2,599.0
12692,8498,10,2,299.0
12693,8498,6,1,1499.0
12694,8499,11,2,199.0
12695,8500,6,1,1499.0
12696,8500,11,1,199.0
12697,8501,28,1,499.0
12698,8502,26,3,999.0
12699,8503,17,1,4999.0
12700,8503,7,1,599.0
12701,8503,13,2,799.0
12702,8504,20,2,3999.0
12703,8505,12,1,1299.0
12704,8505,9,1,899.0
12705,8505,7,1,599.0
12706,8506,6,2,1499.0
12707,8506,9,1,899.0
12708,8507,11,1,199.0
12709,8508,20,1,3999.0
12710,8508,7,1,599.0
12711,8509,4,2,1299.0
12712,8510,15,1,1199.0
12713,8510,18,1,899.0
12714,8511,19,1,4499.0
12715,8512,29,3,1999.0
12716,8513,29,1,1999.0
12717,8513,25,1,499.0
12718,8514,1,1,2499.0
12719,8514,7,1,599.0
12720,8514,6,1,1499.0
12721,8515,13,3,799.0
12722,8516,1,2,2499.0
12723,8517,15,1,1199.0
12724,8518,8,3,2999.0
12725,8519,12,2,1299.0
12726,8520,3,1,3499.0
12727,8521,16,1,3999.0
12728,8522,11,3,199.0
12729,8522,12,2,1299.0
12730,8522,19,1,4499.0
12731,8523,15,1,1199.0
12732,8524,7,1,599.0
12733,8524,11,1,199.0
12734,8524,27,2,599.0
12735,8525,10,1,299.0
12736,8526,2,1,1799.0
12737,8527,21,1,1099.0
12738,8527,19,1,4499.0
12739,8528,4,2,1299.0
12740,8529,22,1,699.0
12741,8530,21,1,1099.0
12742,8531,23,1,399.0
12743,8532,15,1,1199.0
12744,8533,25,2,499.0
12745,8533,28,1,499.0
12746,8534,19,1,4499.0
12747,8534,7,2,599.0
12748,8535,3,3,3499.0
12749,8535,15,1,1199.0
12750,8535,29,1,1999.0
12751,8536,21,2,1099.0
12752,8537,15,3,1199.0
12753,8538,13,1,799.0
12754,8539,3,2,3499.0
12755,8540,11,1,199.0
12756,8540,11,1,199.0
12757,8541,15,1,1199.0
12758,8542,9,3,899.0
12759,8543,11,2,199.0
12760,8544,7,3,599.0
12761,8545,23,1,399.0
12762,8545,23,1,399.0
12763,8545,15,1,1199.0
12764,8546,1,3,2499.0
12765,8546,4,1,1299.0
12766,8547,10,1,299.0
12767,8548,27,1,599.0
12768,8548,20,1,3999.0
12769,8549,15,1,1199.0
12770,8549,25,2,499.0
12771,8550,27,1,599.0
12772,8551,18,1,899.0
12773,8552,24,1,899.0
12774,8552,21,2,1099.0
12775,8552,30,2,799.0
12776,8553,17,3,4999.0
12777,8554,29,1,1999.0
12778,8554,8,3,2999.0
12779,8554,14,1,1599.0
12780,8555,6,1,1499.0
12781,8555,4,2,1299.0
12782,8556,4,1,1299.0
12783,8556,17,1,4999.0
12784,8557,22,1,699.0
12785,8557,12,2,1299.0
12786,8558,22,2,699.0
12787,8559,19,1,4499.0
12788,8560,23,1,399.0
12789,8560,1,1,2499.0
12790,8561,15,3,1199.0
12791,8562,23,1,399.0
12792,8563,30,1,799.0
12793,8563,4,1,1299.0
12794,8563,25,2,499.0
12795,8564,24,3,899.0
12796,8565,19,1,4499.0
12797,8566,1,1,2499.0
12798,8566,7,1,599.0
12799,8566,29,1,1999.0
12800,8567,28,2,499.0
12801,8568,12,2,1299.0
12802,8569,2,1,1799.0
12803,8570,11,3,199.0
12804,8570,20,1,3999.0
12805,8570,11,1,199.0
12806,8571,19,1,4499.0
12807,8572,10,1,299.0
12808,8573,15,3,1199.0
12809,8574,25,1,499.0
12810,8575,15,3,1199.0
12811,8575,15,1,1199.0
12812,8576,17,1,4999.0
12813,8576,30,1,799.0
12814,8577,17,2,4999.0
12815,8577,11,1,199.0
12816,8578,17,1,4999.0
12817,8578,9,2,899.0
12818,8579,4,1,1299.0
12819,8580,15,1,1199.0
12820,8581,3,2,3499.0
12821,8582,29,2,1999.0
12822,8583,24,2,899.0
12823,8583,15,2,1199.0
12824,8584,29,3,1999.0
12825,8584,28,1,499.0
12826,8585,24,1,899.0
12827,8586,15,1,1199.0
12828,8586,4,1,1299.0
12829,8587,3,1,3499.0
12830,8588,27,2,599.0
12831,8588,30,1,799.0
12832,8589,3,1,3499.0
12833,8590,7,1,599.0
12834,8590,7,1,599.0
12835,8591,4,1,1299.0
12836,8591,18,1,899.0
12837,8591,6,1,1499.0
12838,8592,12,1,1299.0
12839,8593,16,2,3999.0
12840,8594,27,1,599.0
12841,8594,4,1,1299.0
12842,8595,4,1,1299.0
12843,8596,21,1,1099.0
12844,8597,14,1,1599.0
12845,8597,24,1,899.0
12846,8598,10,1,299.0
12847,8599,19,2,4499.0
12848,8599,18,3,899.0
12849,8599,4,1,1299.0
12850,8600,15,1,1199.0
12851,8601,27,1,599.0
12852,8601,29,2,1999.0
12853,8602,15,1,1199.0
12854,8603,11,3,199.0
12855,8604,7,1,599.0
12856,8605,5,3,999.0
12857,8606,19,1,4499.0
12858,8606,28,1,499.0
12859,8607,22,1,699.0
12860,8607,9,3,899.0
12861,8607,15,1,1199.0
12862,8608,24,1,899.0
12863,8609,25,1,499.0
12864,8610,12,1,1299.0
12865,8610,19,1,4499.0
12866,8611,19,1,4499.0
12867,8611,27,1,599.0
12868,8611,15,1,1199.0
12869,8612,18,1,899.0
12870,8613,30,1,799.0
12871,8613,1,1,2499.0
12872,8614,24,3,899.0
12873,8615,17,1,4999.0
12874,8616,19,1,4499.0
12875,8617,3,1,3499.0
12876,8617,23,1,399.0
12877,8618,7,1,599.0
12878,8619,7,2,599.0
12879,8620,7,1,599.0
12880,8621,4,1,1299.0
12881,8622,28,1,499.0
12882,8623,19,1,4499.0
12883,8623,12,1,1299.0
12884,8624,25,1,499.0
12885,8625,24,2,899.0
12886,8626,11,1,199.0
12887,8627,15,1,1199.0
12888,8627,19,2,4499.0
12889,8628,21,1,1099.0
12890,8628,11,2,199.0
12891,8629,23,2,399.0
12892,8630,3,1,3499.0
12893,8631,19,1,4499.0
12894,8632,30,1,799.0
12895,8633,30,1,799.0
12896,8634,5,1,999.0
12897,8634,2,1,1799.0
12898,8635,7,1,599.0
12899,8635,16,2,3999.0
12900,8635,3,2,3499.0
12901,8636,19,2,4499.0
12902,8637,29,1,1999.0
12903,8637,13,1,799.0
12904,8637,27,1,599.0
12905,8638,18,1,899.0
12906,8639,1,2,2499.0
12907,8640,26,3,999.0
12908,8641,6,1,1499.0
12909,8642,30,3,799.0
12910,8643,15,1,1199.0
12911,8644,15,1,1199.0
12912,8645,29,1,1999.0
12913,8646,8,1,2999.0
12914,8647,24,1,899.0
12915,8648,17,1,4999.0
12916,8649,9,1,899.0
12917,8649,14,2,1599.0
12918,8650,26,1,999.0
12919,8651,7,1,599.0
12920,8652,1,2,2499.0
12921,8653,10,1,299.0
12922,8654,2,1,1799.0
12923,8655,15,1,1199.0
12924,8655,10,1,299.0
12925,8655,1,2,2499.0
12926,8656,30,1,799.0
12927,8656,24,1,899.0
12928,8656,8,2,2999.0
12929,8657,7,1,599.0
12930,8657,15,1,1199.0
12931,8658,22,3,699.0
12932,8659,28,1,499.0
12933,8659,7,2,599.0
12934,8660,30,1,799.0
12935,8661,7,1,599.0
12936,8661,11,1,199.0
12937,8662,30,1,799.0
12938,8663,7,1,599.0
12939,8663,19,1,4499.0
12940,8664,25,1,499.0
12941,8665,6,1,1499.0
12942,8666,24,1,899.0
12943,8667,30,3,799.0
12944,8668,24,1,899.0
12945,8669,19,1,4499.0
12946,8669,7,1,599.0
12947,8670,9,1,899.0
12948,8671,25,3,499.0
12949,8671,1,3,2499.0
12950,8672,1,2,2499.0
12951,8672,11,1,199.0
12952,8673,10,1,299.0
12953,8674,6,1,1499.0
12954,8675,26,1,999.0
12955,8676,30,2,799.0
12956,8677,15,1,1199.0
12957,8678,9,1,899.0
12958,8678,23,1,399.0
12959,8679,16,1,3999.0
12960,8679,7,1,599.0
12961,8680,7,1,599.0
12962,8681,8,1,2999.0
12963,8682,24,1,899.0
12964,8683,7,1,599.0
12965,8684,25,1,499.0
12966,8685,6,1,1499.0
12967,8685,23,1,399.0
12968,8685,22,1,699.0
12969,8686,12,1,1299.0
12970,8686,4,1,1299.0
12971,8687,15,2,1199.0
12972,8687,18,1,899.0
12973,8687,26,1,999.0
12974,8688,28,1,499.0
12975,8689,30,1,799.0
12976,8690,6,2,1499.0
12977,8691,10,3,299.0
12978,8691,24,2,899.0
12979,8691,24,2,899.0
12980,8692,13,1,799.0
12981,8692,21,2,1099.0
12982,8693,4,1,1299.0
12983,8694,11,3,199.0
12984,8694,30,1,799.0
12985,8695,6,1,1499.0
12986,8696,3,1,3499.0
12987,8697,11,1,199.0
12988,8697,18,2,899.0
12989,8698,23,1,399.0
12990,8699,23,1,399.0
12991,8700,4,3,1299.0
12992,8701,14,1,1599.0
12993,8702,19,1,4499.0
12994,8703,20,1,3999.0
12995,8704,28,1,499.0
12996,8704,3,1,3499.0
12997,8705,4,1,1299.0
12998,8706,11,1,199.0
12999,8706,26,1,999.0
13000,8707,8,1,2999.0
13001,8708,7,1,599.0
13002,8708,13,1,799.0
13003,8709,3,1,3499.0
13004,8710,19,1,4499.0
13005,8711,23,1,399.0
13006,8711,7,3,599.0
13007,8712,30,1,799.0
13008,8713,2,2,1799.0
13009,8713,18,1,899.0
13010,8714,24,1,899.0
13011,8715,1,1,2499.0
13012,8715,11,1,199.0
13013,8715,8,1,2999.0
13014,8716,14,1,1599.0
13015,8717,4,3,1299.0
13016,8718,29,1,1999.0
13017,8719,7,3,599.0
13018,8720,4,1,1299.0
13019,8721,8,1,2999.0
13020,8721,6,1,1499.0
13021,8722,27,1,599.0
13022,8723,29,2,1999.0
13023,8723,30,3,799.0
13024,8723,2,1,1799.0
13025,8724,2,2,1799.0
13026,8725,18,1,899.0
13027,8725,15,1,1199.0
13028,8726,7,1,599.0
13029,8727,10,1,299.0
13030,8728,22,1,699.0
13031,8728,25,1,499.0
13032,8729,15,2,1199.0
13033,8729,11,1,199.0
13034,8730,8,1,2999.0
13035,8731,15,1,1199.0
13036,8732,2,1,1799.0
13037,8733,10,1,299.0
13038,8734,4,1,1299.0
13039,8735,1,1,2499.0
13040,8735,8,1,2999.0
13041,8736,5,1,999.0
13042,8737,10,1,299.0
13043,8737,15,3,1199.0
13044,8738,18,3,899.0
13045,8739,27,1,599.0
13046,8740,3,1,3499.0
13047,8740,4,1,1299.0
13048,8741,30,1,799.0
13049,8742,9,1,899.0
13050,8742,8,3,2999.0
13051,8743,5,1,999.0
13052,8743,5,2,999.0
13053,8744,5,1,999.0
13054,8744,28,1,499.0
13055,8745,11,1,199.0
13056,8746,20,1,3999.0
13057,8747,24,1,899.0
13058,8748,23,2,399.0
13059,8748,30,1,799.0
13060,8749,24,1,899.0
13061,8750,15,1,1199.0
13062,8750,15,1,1199.0
13063,8751,7,1,599.0
13064,8752,11,1,199.0
13065,8752,3,3,3499.0
13066,8753,8,2,2999.0
13067,8754,7,1,599.0
13068,8755,30,1,799.0
13069,8756,30,1,799.0
13070,8757,3,3,3499.0
13071,8758,30,1,799.0
13072,8758,25,1,499.0
13073,8759,11,3,199.0
13074,8759,2,1,1799.0
13075,8760,19,1,4499.0
13076,8761,7,1,599.0
13077,8761,19,1,4499.0
13078,8761,23,1,399.0
13079,8762,22,1,699.0
13080,8762,13,2,799.0
13081,8763,4,1,1299.0
13082,8763,7,2,599.0
13083,8764,30,3,799.0
13084,8765,30,1,799.0
13085,8765,11,1,199.0
13086,8765,19,3,4499.0
13087,8766,7,1,599.0
13088,8767,17,1,4999.0
13089,8767,17,1,4999.0
13090,8767,3,3,3499.0
13091,8768,6,2,1499.0
13092,8769,13,1,799.0
13093,8770,15,1,1199.0
13094,8771,28,2,499.0
13095,8772,25,2,499.0
13096,8772,7,1,599.0
13097,8773,20,1,3999.0
13098,8773,20,1,3999.0
13099,8774,25,2,499.0
13100,8775,26,1,999.0
13101,8776,5,1,999.0
13102,8777,1,1,2499.0
13103,8778,15,2,1199.0
13104,8778,29,1,1999.0
13105,8779,19,1,4499.0
13106,8779,25,3,499.0
13107,8779,15,1,1199.0
13108,8780,21,1,1099.0
13109,8781,25,1,499.0
13110,8782,3,1,3499.0
13111,8783,25,1,499.0
13112,8783,22,1,699.0
13113,8784,2,3,1799.0
13114,8784,1,1,2499.0
13115,8785,1,3,2499.0
13116,8786,20,3,3999.0
13117,8787,20,1,3999.0
13118,8787,3,3,3499.0
13119,8787,3,2,3499.0
13120,8788,4,1,1299.0
13121,8789,7,2,599.0
13122,8790,1,3,2499.0
13123,8790,6,2,1499.0
13124,8791,20,3,3999.0
13125,8792,15,3,1199.0
13126,8793,26,1,999.0
13127,8793,24,1,899.0
13128,8794,23,2,399.0
13129,8795,6,1,1499.0
13130,8795,19,1,4499.0
13131,8795,16,1,3999.0
13132,8796,25,2,499.0
13133,8797,17,2,4999.0
13134,8798,6,3,1499.0
13135,8798,25,2,499.0
13136,8798,16,1,3999.0
13137,8799,25,3,499.0
13138,8800,4,1,1299.0
13139,8801,10,2,299.0
13140,8801,23,1,399.0
13141,8802,30,1,799.0
13142,8803,9,3,899.0
13143,8804,21,1,1099.0
13144,8804,3,1,3499.0
13145,8805,29,2,1999.0
13146,8806,23,1,399.0
13147,8807,12,3,1299.0
13148,8807,12,1,1299.0
13149,8808,30,1,799.0
13150,8808,13,1,799.0
13151,8808,17,3,4999.0
13152,8809,6,3,1499.0
13153,8809,29,1,1999.0
13154,8809,30,1,799.0
13155,8810,24,1,899.0
13156,8810,8,1,2999.0
13157,8811,6,1,1499.0
13158,8812,22,1,699.0
13159,8813,6,2,1499.0
13160,8813,11,1,199.0
13161,8814,15,1,1199.0
13162,8815,15,1,1199.0
13163,8816,4,2,1299.0
13164,8816,8,1,2999.0
13165,8817,1,1,2499.0
13166,8818,6,1,1499.0
13167,8819,9,1,899.0
13168,8820,4,1,1299.0
13169,8821,8,2,2999.0
13170,8822,11,2,199.0
13171,8822,19,2,4499.0
13172,8823,22,1,699.0
13173,8823,3,3,3499.0
13174,8823,26,3,999.0
13175,8824,24,1,899.0
13176,8825,13,3,799.0
13177,8826,1,1,2499.0
13178,8827,18,2,899.0
13179,8828,15,1,1199.0
13180,8828,26,2,999.0
13181,8829,2,1,1799.0
13182,8830,2,1,1799.0
13183,8830,14,3,1599.0
13184,8831,12,1,1299.0
13185,8832,1,2,2499.0
13186,8832,1,1,2499.0
13187,8833,18,1,899.0
13188,8834,19,1,4499.0
13189,8834,10,1,299.0
13190,8835,26,1,999.0
13191,8835,29,1,1999.0
13192,8836,27,2,599.0
13193,8837,19,1,4499.0
13194,8837,8,1,2999.0
13195,8838,3,1,3499.0
13196,8838,7,2,599.0
13197,8839,24,1,899.0
13198,8840,7,1,599.0
13199,8840,15,1,1199.0
13200,8841,24,2,899.0
13201,8841,11,1,199.0
13202,8841,19,1,4499.0
13203,8842,15,2,1199.0
13204,8843,26,3,999.0
13205,8843,30,1,799.0
13206,8844,21,1,1099.0
13207,8845,18,2,899.0
13208,8845,14,3,1599.0
13209,8845,19,2,4499.0
13210,8846,17,1,4999.0
13211,8847,9,1,899.0
13212,8847,11,1,199.0
13213,8848,12,1,1299.0
13214,8849,25,1,499.0
13215,8850,1,1,2499.0
13216,8850,24,2,899.0
13217,8851,30,1,799.0
13218,8852,26,1,999.0
13219,8853,23,1,399.0
13220,8854,9,1,899.0
13221,8855,3,1,3499.0
13222,8856,19,3,4499.0
13223,8856,15,2,1199.0
13224,8856,18,1,899.0
13225,8857,11,2,199.0
13226,8857,3,1,3499.0
13227,8857,18,1,899.0
13228,8858,19,3,4499.0
13229,8859,17,1,4999.0
13230,8859,28,1,499.0
13231,8860,3,1,3499.0
13232,8860,15,2,1199.0
13233,8861,1,2,2499.0
13234,8861,21,2,1099.0
13235,8862,25,3,499.0
13236,8863,24,1,899.0
13237,8864,19,3,4499.0
13238,8865,16,1,3999.0
13239,8866,12,1,1299.0
13240,8867,8,1,2999.0
13241,8868,3,1,3499.0
13242,8868,26,1,999.0
13243,8869,5,1,999.0
13244,8870,6,1,1499.0
13245,8871,6,1,1499.0
13246,8872,19,1,4499.0
13247,8872,3,3,3499.0
13248,8873,27,1,599.0
13249,8874,7,3,599.0
13250,8874,3,1,3499.0
13251,8875,13,2,799.0
13252,8876,17,1,4999.0
13253,8876,20,1,3999.0
13254,8877,17,1,4999.0
13255,8877,8,2,2999.0
13256,8878,6,3,1499.0
13257,8879,8,1,2999.0
13258,8879,8,2,2999.0
13259,8880,11,1,199.0
13260,8880,16,1,3999.0
13261,8881,17,1,4999.0
13262,8882,27,1,599.0
13263,8883,4,1,1299.0
13264,8884,6,1,1499.0
13265,8885,14,3,1599.0
13266,8886,19,1,4499.0
13267,8886,24,1,899.0
13268,8886,24,1,899.0
13269,8887,4,2,1299.0
13270,8887,3,3,3499.0
13271,8888,6,2,1499.0
13272,8889,3,1,3499.0
13273,8890,26,1,999.0
13274,8891,21,2,1099.0
13275,8892,19,1,4499.0
13276,8893,9,1,899.0
13277,8893,11,3,199.0
13278,8894,26,2,999.0
13279,8894,7,1,599.0
13280,8895,28,2,499.0
13281,8896,25,2,499.0
13282,8896,24,1,899.0
13283,8897,16,1,3999.0
13284,8897,25,1,499.0
13285,8898,10,1,299.0
13286,8899,30,2,799.0
13287,8899,19,1,4499.0
13288,8899,6,1,1499.0
13289,8900,3,3,3499.0
13290,8901,10,2,299.0
13291,8901,17,1,4999.0
13292,8902,26,1,999.0
13293,8902,29,1,1999.0
13294,8902,28,2,499.0
13295,8903,25,1,499.0
13296,8904,8,2,2999.0
13297,8904,1,1,2499.0
13298,8905,26,2,999.0
13299,8906,23,1,399.0
13300,8907,4,1,1299.0
13301,8908,17,1,4999.0
13302,8909,19,3,4499.0
13303,8909,28,1,499.0
13304,8910,1,2,2499.0
13305,8911,24,2,899.0
13306,8912,25,1,499.0
13307,8913,13,1,799.0
13308,8914,11,1,199.0
13309,8914,21,1,1099.0
13310,8915,25,1,499.0
13311,8915,21,3,1099.0
13312,8916,11,1,199.0
13313,8916,25,1,499.0
13314,8917,13,1,799.0
13315,8918,14,1,1599.0
13316,8918,7,1,599.0
13317,8919,8,1,2999.0
13318,8920,4,1,1299.0
13319,8920,26,1,999.0
13320,8920,6,1,1499.0
13321,8921,19,1,4499.0
13322,8921,12,2,1299.0
13323,8922,13,1,799.0
13324,8922,8,2,2999.0
13325,8922,25,2,499.0
13326,8923,15,2,1199.0
13327,8923,18,1,899.0
13328,8924,21,1,1099.0
13329,8925,27,1,599.0
13330,8926,6,2,1499.0
13331,8926,30,1,799.0
13332,8927,6,1,1499.0
13333,8928,23,1,399.0
13334,8928,17,3,4999.0
13335,8929,1,1,2499.0
13336,8930,18,1,899.0
13337,8930,18,1,899.0
13338,8931,11,1,199.0
13339,8932,24,1,899.0
13340,8933,3,1,3499.0
13341,8934,3,2,3499.0
13342,8935,24,2,899.0
13343,8935,18,1,899.0
13344,8936,14,2,1599.0
13345,8936,19,1,4499.0
13346,8937,23,2,399.0
13347,8938,17,3,4999.0
13348,8939,4,1,1299.0
13349,8940,8,1,2999.0
13350,8941,27,1,599.0
13351,8942,23,3,399.0
13352,8942,17,1,4999.0
13353,8943,7,2,599.0
13354,8944,26,1,999.0
13355,8945,8,1,2999.0
13356,8945,27,1,599.0
13357,8945,3,1,3499.0
13358,8946,5,1,999.0
13359,8947,24,2,899.0
13360,8947,12,1,1299.0
13361,8948,24,3,899.0
13362,8948,20,2,3999.0
13363,8949,4,1,1299.0
13364,8950,8,1,2999.0
13365,8950,14,2,1599.0
13366,8951,15,1,1199.0
13367,8951,22,1,699.0
13368,8952,7,3,599.0
13369,8953,11,2,199.0
13370,8954,4,1,1299.0
13371,8954,30,1,799.0
13372,8955,19,2,4499.0
13373,8956,26,2,999.0
13374,8956,1,1,2499.0
13375,8957,12,3,1299.0
13376,8957,1,3,2499.0
13377,8958,6,1,1499.0
13378,8959,11,2,199.0
13379,8960,15,3,1199.0
13380,8960,18,3,899.0
13381,8960,16,2,3999.0
13382,8961,14,2,1599.0
13383,8961,9,2,899.0
13384,8962,11,1,199.0
13385,8963,16,2,3999.0
13386,8964,30,1,799.0
13387,8964,1,1,2499.0
13388,8965,19,2,4499.0
13389,8966,4,1,1299.0
13390,8967,25,2,499.0
13391,8967,8,1,2999.0
13392,8968,12,1,1299.0
13393,8968,4,1,1299.0
13394,8968,9,2,899.0
13395,8969,11,1,199.0
13396,8970,26,2,999.0
13397,8970,3,1,3499.0
13398,8971,29,1,1999.0
13399,8971,28,1,499.0
13400,8972,30,3,799.0
13401,8972,25,1,499.0
13402,8973,15,3,1199.0
13403,8973,6,1,1499.0
13404,8974,9,1,899.0
13405,8975,3,2,3499.0
13406,8976,27,1,599.0
13407,8977,9,2,899.0
13408,8977,3,1,3499.0
13409,8978,28,1,499.0
13410,8978,19,2,4499.0
13411,8979,22,1,699.0
13412,8979,12,1,1299.0
13413,8980,27,1,599.0
13414,8981,23,1,399.0
13415,8981,17,2,4999.0
13416,8982,4,1,1299.0
13417,8983,7,1,599.0
13418,8983,21,1,1099.0
13419,8984,9,1,899.0
13420,8984,16,1,3999.0
13421,8985,29,1,1999.0
13422,8986,5,1,999.0
13423,8986,4,2,1299.0
13424,8987,23,1,399.0
13425,8988,23,1,399.0
13426,8989,17,1,4999.0
13427,8990,19,1,4499.0
13428,8991,17,2,4999.0
13429,8991,19,1,4499.0
13430,8991,24,1,899.0
13431,8992,3,1,3499.0
13432,8993,6,2,1499.0
13433,8993,19,2,4499.0
13434,8994,2,2,1799.0
13435,8995,17,1,4999.0
13436,8995,23,1,399.0
13437,8996,1,2,2499.0
13438,8996,7,1,599.0
13439,8997,30,1,799.0
13440,8997,28,2,499.0
13441,8998,3,1,3499.0
13442,8999,6,1,1499.0
13443,8999,9,1,899.0
13444,8999,19,2,4499.0
13445,9000,19,1,4499.0
13446,9000,22,1,699.0
13447,9001,1,1,2499.0
13448,9001,30,1,799.0
13449,9001,11,2,199.0
13450,9002,22,1,699.0
13451,9002,25,1,499.0
13452,9003,25,1,499.0
13453,9004,23,1,399.0
13454,9004,25,2,499.0
13455,9005,3,3,3499.0
13456,9006,5,1,999.0
13457,9007,23,1,399.0
13458,9008,2,1,1799.0
13459,9008,8,1,2999.0
13460,9009,7,1,599.0
13461,9010,26,1,999.0
13462,9011,18,1,899.0
13463,9012,12,1,1299.0
13464,9013,25,1,499.0
13465,9014,29,1,1999.0
13466,9015,3,1,3499.0
13467,9015,10,1,299.0
13468,9015,11,3,199.0
13469,9016,25,1,499.0
13470,9016,23,1,399.0
13471,9017,11,2,199.0
13472,9018,30,2,799.0
13473,9019,24,1,899.0
13474,9020,3,1,3499.0
13475,9020,21,1,1099.0
13476,9021,8,1,2999.0
13477,9022,21,2,1099.0
13478,9023,18,1,899.0
13479,9024,19,1,4499.0
13480,9024,1,1,2499.0
13481,9025,15,2,1199.0
13482,9025,18,1,899.0
13483,9026,10,2,299.0
13484,9027,15,1,1199.0
13485,9027,5,1,999.0
13486,9027,23,1,399.0
13487,9028,30,1,799.0
13488,9028,6,3,1499.0
13489,9029,15,1,1199.0
13490,9030,10,1,299.0
13491,9031,6,1,1499.0
13492,9031,8,1,2999.0
13493,9031,15,1,1199.0
13494,9032,6,1,1499.0
13495,9033,4,1,1299.0
13496,9034,24,2,899.0
13497,9035,23,2,399.0
13498,9035,27,2,599.0
13499,9036,4,3,1299.0
13500,9037,24,3,899.0
13501,9038,2,1,1799.0
13502,9039,30,1,799.0
13503,9040,6,1,1499.0
13504,9041,19,1,4499.0
13505,9041,18,1,899.0
13506,9042,18,1,899.0
13507,9042,5,1,999.0
13508,9042,14,1,1599.0
13509,9043,3,1,3499.0
13510,9043,23,1,399.0
13511,9044,4,1,1299.0
13512,9044,15,1,1199.0
13513,9045,17,1,4999.0
13514,9046,27,1,599.0
13515,9047,8,1,2999.0
13516,9047,26,1,999.0
13517,9047,19,2,4499.0
13518,9048,3,2,3499.0
13519,9048,24,1,899.0
13520,9049,25,1,499.0
13521,9050,26,1,999.0
13522,9050,3,2,3499.0
13523,9050,25,1,499.0
13524,9051,9,2,899.0
13525,9052,27,1,599.0
13526,9052,26,1,999.0
13527,9052,16,1,3999.0
13528,9053,7,3,599.0
13529,9054,11,1,199.0
13530,9055,6,1,1499.0
13531,9056,7,1,599.0
13532,9056,6,1,1499.0
13533,9057,9,3,899.0
13534,9058,10,1,299.0
13535,9059,5,1,999.0
13536,9059,6,1,1499.0
13537,9059,26,2,999.0
13538,9060,6,1,1499.0
13539,9061,13,2,799.0
13540,9062,4,1,1299.0
13541,9063,29,1,1999.0
13542,9064,9,1,899.0
13543,9065,9,1,899.0
13544,9066,30,1,799.0
13545,9067,13,1,799.0
13546,9068,13,2,799.0
13547,9068,25,1,499.0
13548,9069,28,1,499.0
13549,9069,23,2,399.0
13550,9069,6,1,1499.0
13551,9070,8,2,2999.0
13552,9070,29,3,1999.0
13553,9071,4,1,1299.0
13554,9072,16,1,3999.0
13555,9073,22,1,699.0
13556,9074,22,1,699.0
13557,9075,18,1,899.0
13558,9075,8,1,2999.0
13559,9076,25,3,499.0
13560,9077,3,1,3499.0
13561,9077,10,1,299.0
13562,9078,3,1,3499.0
13563,9078,28,3,499.0
13564,9079,14,1,1599.0
13565,9079,6,2,1499.0
13566,9080,26,1,999.0
13567,9080,11,1,199.0
13568,9081,10,2,299.0
13569,9082,11,1,199.0
13570,9082,16,1,3999.0
13571,9082,23,1,399.0
13572,9083,1,3,2499.0
13573,9083,30,1,799.0
13574,9083,15,1,1199.0
13575,9084,3,3,3499.0
13576,9084,4,2,1299.0
13577,9085,23,1,399.0
13578,9085,24,2,899.0
13579,9085,16,1,3999.0
13580,9086,23,1,399.0
13581,9086,6,1,1499.0
13582,9087,9,2,899.0
13583,9088,7,1,599.0
13584,9089,19,1,4499.0
13585,9090,11,1,199.0
13586,9090,6,2,1499.0
13587,9091,18,1,899.0
13588,9092,26,2,999.0
13589,9092,7,2,599.0
13590,9093,8,1,2999.0
13591,9094,10,2,299.0
13592,9095,26,2,999.0
13593,9095,20,2,3999.0
13594,9096,29,1,1999.0
13595,9096,25,1,499.0
13596,9097,5,1,999.0
13597,9097,11,1,199.0
13598,9098,26,1,999.0
13599,9099,24,1,899.0
13600,9100,16,1,3999.0
13601,9101,7,1,599.0
13602,9102,22,1,699.0
13603,9102,30,2,799.0
13604,9103,11,1,199.0
13605,9104,29,1,1999.0
13606,9104,7,3,599.0
13607,9105,6,1,1499.0
13608,9105,20,1,3999.0
13609,9106,8,1,2999.0
13610,9107,25,1,499.0
13611,9108,11,2,199.0
13612,9108,4,1,1299.0
13613,9109,4,1,1299.0
13614,9109,2,3,1799.0
13615,9110,6,1,1499.0
13616,9110,23,1,399.0
13617,9110,7,1,599.0
13618,9111,9,2,899.0
13619,9111,23,1,399.0
13620,9112,29,1,1999.0
13621,9113,11,1,199.0
13622,9114,11,2,199.0
13623,9115,15,1,1199.0
13624,9115,9,1,899.0
13625,9116,28,3,499.0
13626,9117,7,1,599.0
13627,9118,23,1,399.0
13628,9119,29,2,1999.0
13629,9120,4,1,1299.0
13630,9121,21,1,1099.0
13631,9122,11,1,199.0
13632,9122,21,1,1099.0
13633,9123,6,1,1499.0
13634,9124,9,1,899.0
13635,9124,9,1,899.0
13636,9125,13,1,799.0
13637,9126,7,1,599.0
13638,9126,23,1,399.0
13639,9127,28,1,499.0
13640,9128,30,1,799.0
13641,9129,5,1,999.0
13642,9130,4,3,1299.0
13643,9131,4,1,1299.0
13644,9132,6,1,1499.0
13645,9133,5,1,999.0
13646,9134,18,2,899.0
13647,9134,26,1,999.0
13648,9134,3,1,3499.0
13649,9135,29,2,1999.0
13650,9136,2,1,1799.0
13651,9137,27,2,599.0
13652,9138,8,1,2999.0
13653,9138,29,1,1999.0
13654,9139,17,1,4999.0
13655,9140,8,1,2999.0
13656,9140,29,1,1999.0
13657,9141,24,1,899.0
13658,9141,26,2,999.0
13659,9142,16,2,3999.0
13660,9143,9,2,899.0
13661,9144,16,1,3999.0
13662,9145,17,3,4999.0
13663,9145,22,2,699.0
13664,9146,4,2,1299.0
13665,9146,24,1,899.0
13666,9146,6,3,1499.0
13667,9147,7,2,599.0
13668,9148,30,3,799.0
13669,9149,12,1,1299.0
13670,9150,10,2,299.0
13671,9151,28,1,499.0
13672,9151,4,1,1299.0
13673,9151,1,2,2499.0
13674,9152,29,1,1999.0
13675,9153,8,1,2999.0
13676,9153,16,1,3999.0
13677,9154,10,2,299.0
13678,9154,19,2,4499.0
13679,9155,17,3,4999.0
13680,9156,3,1,3499.0
13681,9157,29,1,1999.0
13682,9157,18,1,899.0
13683,9158,22,2,699.0
13684,9158,19,3,4499.0
13685,9159,17,1,4999.0
13686,9160,26,1,999.0
13687,9160,24,1,899.0
13688,9161,4,1,1299.0
13689,9162,3,3,3499.0
13690,9163,7,1,599.0
13691,9164,23,2,399.0
13692,9165,7,3,599.0
13693,9165,20,1,3999.0
13694,9166,3,2,3499.0
13695,9166,19,2,4499.0
13696,9167,17,1,4999.0
13697,9167,15,1,1199.0
13698,9168,11,1,199.0
13699,9169,2,1,1799.0
13700,9170,15,1,1199.0
13701,9170,27,1,599.0
13702,9171,19,1,4499.0
13703,9171,27,1,599.0
13704,9172,15,1,1199.0
13705,9172,15,3,1199.0
13706,9173,1,3,2499.0
13707,9174,18,1,899.0
13708,9175,9,1,899.0
13709,9176,15,2,1199.0
13710,9177,6,2,1499.0
13711,9177,10,1,299.0
13712,9177,17,1,4999.0
13713,9178,21,1,1099.0
13714,9179,12,1,1299.0
13715,9180,21,1,1099.0
13716,9181,3,1,3499.0
13717,9181,15,1,1199.0
13718,9182,11,3,199.0
13719,9183,29,1,1999.0
13720,9184,15,1,1199.0
13721,9185,6,1,1499.0
13722,9185,3,2,3499.0
13723,9186,10,2,299.0
13724,9187,20,1,3999.0
13725,9188,7,1,599.0
13726,9189,17,1,4999.0
13727,9190,6,1,1499.0
13728,9190,4,1,1299.0
13729,9191,27,1,599.0
13730,9191,16,1,3999.0
13731,9192,3,2,3499.0
13732,9193,24,1,899.0
13733,9194,1,1,2499.0
13734,9194,16,1,3999.0
13735,9194,23,3,399.0
13736,9195,14,2,1599.0
13737,9195,30,1,799.0
13738,9196,18,1,899.0
13739,9197,22,1,699.0
13740,9198,10,3,299.0
13741,9199,6,3,1499.0
13742,9200,19,1,4499.0
13743,9200,4,1,1299.0
13744,9201,25,1,499.0
13745,9202,2,1,1799.0
13746,9202,4,1,1299.0
13747,9202,7,2,599.0
13748,9203,21,1,1099.0
13749,9203,9,1,899.0
13750,9204,8,1,2999.0
13751,9204,1,1,2499.0
13752,9205,12,1,1299.0
13753,9206,19,3,4499.0
13754,9207,1,2,2499.0
13755,9208,6,1,1499.0
13756,9209,8,1,2999.0
13757,9210,3,1,3499.0
13758,9211,3,1,3499.0
13759,9212,4,1,1299.0
13760,9212,9,1,899.0
13761,9213,4,1,1299.0
13762,9214,29,2,1999.0
13763,9215,11,3,199.0
13764,9216,17,1,4999.0
13765,9217,1,2,2499.0
13766,9218,17,1,4999.0
13767,9218,22,1,699.0
13768,9219,17,1,4999.0
13769,9220,24,1,899.0
13770,9221,25,1,499.0
13771,9222,23,1,399.0
13772,9223,18,1,899.0
13773,9223,13,1,799.0
13774,9224,12,1,1299.0
13775,9225,24,3,899.0
13776,9225,25,2,499.0
13777,9226,21,1,1099.0
13778,9227,4,1,1299.0
13779,9228,5,2,999.0
13780,9228,16,3,3999.0
13781,9229,6,1,1499.0
13782,9230,3,2,3499.0
13783,9231,4,1,1299.0
13784,9232,21,1,1099.0
13785,9232,9,2,899.0
13786,9232,11,1,199.0
13787,9233,4,1,1299.0
13788,9233,30,2,799.0
13789,9234,29,2,1999.0
13790,9234,21,1,1099.0
13791,9235,6,1,1499.0
13792,9235,23,1,399.0
13793,9235,26,1,999.0
13794,9236,4,1,1299.0
13795,9236,21,2,1099.0
13796,9237,1,1,2499.0
13797,9238,7,1,599.0
13798,9238,11,3,199.0
13799,9239,19,1,4499.0
13800,9240,20,3,3999.0
13801,9240,30,1,799.0
13802,9241,13,1,799.0
13803,9241,15,1,1199.0
13804,9242,27,1,599.0
13805,9243,15,1,1199.0
13806,9244,3,2,3499.0
13807,9244,24,1,899.0
13808,9245,14,1,1599.0
13809,9245,11,1,199.0
13810,9246,21,2,1099.0
13811,9247,14,1,1599.0
13812,9247,27,1,599.0
13813,9248,23,1,399.0
13814,9248,3,1,3499.0
13815,9249,11,1,199.0
13816,9250,4,1,1299.0
13817,9251,25,2,499.0
13818,9251,23,1,399.0
13819,9252,17,1,4999.0
13820,9253,9,1,899.0
13821,9254,3,1,3499.0
13822,9255,15,1,1199.0
13823,9256,24,1,899.0
13824,9256,21,3,1099.0
13825,9256,1,1,2499.0
13826,9257,2,1,1799.0
13827,9258,26,1,999.0
13828,9259,13,1,799.0
13829,9260,10,1,299.0
13830,9260,7,1,599.0
13831,9261,23,1,399.0
13832,9261,17,1,4999.0
13833,9262,30,1,799.0
13834,9263,23,1,399.0
13835,9264,10,2,299.0
13836,9265,25,2,499.0
13837,9266,20,1,3999.0
13838,9267,13,1,799.0
13839,9267,11,1,199.0
13840,9268,15,3,1199.0
13841,9269,9,2,899.0
13842,9270,20,1,3999.0
13843,9271,4,3,1299.0
13844,9271,23,1,399.0
13845,9272,25,1,499.0
13846,9273,3,2,3499.0
13847,9273,7,1,599.0
13848,9274,23,3,399.0
13849,9275,9,1,899.0
13850,9276,6,2,1499.0
13851,9277,25,1,499.0
13852,9278,11,1,199.0
13853,9279,23,1,399.0
13854,9280,7,1,599.0
13855,9281,11,3,199.0
13856,9282,19,1,4499.0
13857,9283,9,1,899.0
13858,9284,17,1,4999.0
13859,9284,23,1,399.0
13860,9285,27,1,599.0
13861,9286,23,1,399.0
13862,9287,21,1,1099.0
13863,9288,15,3,1199.0
13864,9288,6,1,1499.0
13865,9289,11,1,199.0
13866,9290,23,1,399.0
13867,9291,24,1,899.0
13868,9292,24,3,899.0
13869,9293,4,1,1299.0
13870,9293,24,1,899.0
13871,9293,11,1,199.0
13872,9294,20,1,3999.0
13873,9295,21,2,1099.0
13874,9296,9,1,899.0
13875,9297,27,1,599.0
13876,9298,6,1,1499.0
13877,9299,15,2,1199.0
13878,9300,14,1,1599.0
13879,9300,10,1,299.0
13880,9301,21,1,1099.0
13881,9302,11,2,199.0
13882,9303,14,3,1599.0
13883,9304,15,1,1199.0
13884,9304,4,1,1299.0
13885,9304,28,1,499.0
13886,9305,5,2,999.0
13887,9305,16,1,3999.0
13888,9306,17,1,4999.0
13889,9307,6,3,1499.0
13890,9308,11,2,199.0
13891,9309,4,3,1299.0
13892,9310,22,1,699.0
13893,9310,30,1,799.0
13894,9311,19,1,4499.0
13895,9311,3,1,3499.0
13896,9311,7,1,599.0
13897,9312,28,1,499.0
13898,9313,2,2,1799.0
13899,9313,15,1,1199.0
13900,9313,6,2,1499.0
13901,9314,11,3,199.0
13902,9315,19,2,4499.0
13903,9315,17,1,4999.0
13904,9316,22,1,699.0
13905,9317,7,1,599.0
13906,9318,18,1,899.0
13907,9319,18,2,899.0
13908,9319,4,1,1299.0
13909,9320,6,1,1499.0
13910,9320,1,2,2499.0
13911,9321,23,2,399.0
13912,9321,19,3,4499.0
13913,9322,3,1,3499.0
13914,9323,7,1,599.0
13915,9324,30,1,799.0
13916,9325,3,2,3499.0
13917,9326,20,1,3999.0
13918,9326,10,3,299.0
13919,9327,7,1,599.0
13920,9327,7,2,599.0
13921,9328,7,1,599.0
13922,9329,18,2,899.0
13923,9329,25,1,499.0
13924,9329,17,2,4999.0
13925,9330,12,1,1299.0
13926,9330,4,3,1299.0
13927,9331,19,1,4499.0
13928,9331,18,2,899.0
13929,9332,11,3,199.0
13930,9332,17,1,4999.0
13931,9333,23,1,399.0
13932,9334,4,1,1299.0
13933,9335,11,1,199.0
13934,9336,28,1,499.0
13935,9337,19,1,4499.0
13936,9337,18,1,899.0
13937,9337,13,2,799.0
13938,9338,30,2,799.0
13939,9339,28,1,499.0
13940,9340,29,1,1999.0
13941,9341,19,1,4499.0
13942,9342,7,1,599.0
13943,9342,11,1,199.0
13944,9342,26,1,999.0
13945,9343,28,1,499.0
13946,9343,28,2,499.0
13947,9344,8,1,2999.0
13948,9345,4,3,1299.0
13949,9345,17,1,4999.0
13950,9346,11,1,199.0
13951,9347,25,1,499.0
13952,9347,23,2,399.0
13953,9348,15,1,1199.0
13954,9349,14,1,1599.0
13955,9350,25,2,499.0
13956,9351,30,1,799.0
13957,9352,11,3,199.0
13958,9352,11,2,199.0
13959,9353,18,1,899.0
13960,9354,30,1,799.0
13961,9355,7,2,599.0
13962,9356,15,1,1199.0
13963,9356,25,1,499.0
13964,9357,20,1,3999.0
13965,9357,1,1,2499.0
13966,9358,19,1,4499.0
13967,9358,17,1,4999.0
13968,9359,7,1,599.0
13969,9359,18,3,899.0
13970,9360,2,1,1799.0
13971,9361,29,1,1999.0
13972,9361,20,2,3999.0
13973,9362,12,1,1299.0
13974,9362,11,1,199.0
13975,9363,26,2,999.0
13976,9363,16,2,3999.0
13977,9364,14,2,1599.0
13978,9365,28,1,499.0
13979,9365,30,1,799.0
13980,9366,19,1,4499.0
13981,9366,10,1,299.0
13982,9366,7,2,599.0
13983,9367,23,1,399.0
13984,9368,16,1,3999.0
13985,9368,24,1,899.0
13986,9369,1,1,2499.0
13987,9369,12,1,1299.0
13988,9370,26,1,999.0
13989,9371,8,3,2999.0
13990,9371,17,3,4999.0
13991,9372,22,1,699.0
13992,9373,19,2,4499.0
13993,9373,19,1,4499.0
13994,9373,29,1,1999.0
13995,9374,8,2,2999.0
13996,9375,15,1,1199.0
13997,9375,4,3,1299.0
13998,9376,23,1,399.0
13999,9377,6,1,1499.0
14000,9377,4,1,1299.0
14001,9378,17,2,4999.0
14002,9379,24,1,899.0
14003,9379,11,1,199.0
14004,9380,10,1,299.0
14005,9381,6,1,1499.0
14006,9382,12,1,1299.0
14007,9383,8,1,2999.0
14008,9383,6,1,1499.0
14009,9384,18,1,899.0
14010,9385,19,1,4499.0
14011,9386,11,2,199.0
14012,9386,17,2,4999.0
14013,9387,15,1,1199.0
14014,9387,18,1,899.0
14015,9387,25,1,499.0
14016,9388,30,1,799.0
14017,9388,2,1,1799.0
14018,9389,28,1,499.0
14019,9390,1,2,2499.0
14020,9391,7,1,599.0
14021,9391,11,2,199.0
14022,9391,19,1,4499.0
14023,9392,9,3,899.0
14024,9393,25,1,499.0
14025,9394,19,1,4499.0
14026,9395,29,2,1999.0
14027,9396,7,1,599.0
14028,9397,16,3,3999.0
14029,9397,1,1,2499.0
14030,9398,10,1,299.0
14031,9399,23,1,399.0
14032,9400,3,1,3499.0
14033,9401,23,2,399.0
14034,9402,23,1,399.0
14035,9403,23,1,399.0
14036,9404,3,2,3499.0
14037,9404,25,1,499.0
14038,9405,14,1,1599.0
14039,9406,26,2,999.0
14040,9407,19,1,4499.0
14041,9407,20,1,3999.0
14042,9408,3,1,3499.0
14043,9409,1,2,2499.0
14044,9410,26,1,999.0
14045,9411,17,3,4999.0
14046,9412,19,1,4499.0
14047,9413,11,1,199.0
14048,9414,30,1,799.0
14049,9415,2,1,1799.0
14050,9415,25,1,499.0
14051,9415,7,1,599.0
14052,9416,19,2,4499.0
14053,9416,11,2,199.0
14054,9416,15,2,1199.0
14055,9417,11,1,199.0
14056,9417,6,1,1499.0
14057,9418,4,2,1299.0
14058,9418,11,2,199.0
14059,9419,9,1,899.0
14060,9420,11,1,199.0
14061,9421,6,1,1499.0
14062,9421,28,2,499.0
14063,9421,14,1,1599.0
14064,9422,6,2,1499.0
14065,9423,2,1,1799.0
14066,9423,3,1,3499.0
14067,9424,20,1,3999.0
14068,9425,7,1,599.0
14069,9426,6,3,1499.0
14070,9427,20,1,3999.0
14071,9428,7,1,599.0
14072,9429,20,1,3999.0
14073,9429,29,1,1999.0
14074,9430,3,1,3499.0
14075,9430,3,2,3499.0
14076,9431,3,1,3499.0
14077,9431,3,1,3499.0
14078,9431,27,2,599.0
14079,9432,7,2,599.0
14080,9433,15,1,1199.0
14081,9434,11,1,199.0
14082,9434,10,2,299.0
14083,9435,9,1,899.0
14084,9436,18,3,899.0
14085,9437,14,1,1599.0
14086,9438,7,1,599.0
14087,9439,9,1,899.0
14088,9440,7,1,599.0
14089,9441,11,2,199.0
14090,9441,1,1,2499.0
14091,9442,24,2,899.0
14092,9443,23,1,399.0
14093,9444,4,3,1299.0
14094,9444,3,3,3499.0
14095,9444,11,2,199.0
14096,9445,6,1,1499.0
14097,9446,30,3,799.0
14098,9447,8,2,2999.0
14099,9447,3,1,3499.0
14100,9448,3,1,3499.0
14101,9449,23,1,399.0
14102,9450,13,1,799.0
14103,9450,13,1,799.0
14104,9451,1,1,2499.0
14105,9451,21,3,1099.0
14106,9451,12,3,1299.0
14107,9452,12,1,1299.0
14108,9452,30,1,799.0
14109,9452,27,2,599.0
14110,9453,15,1,1199.0
14111,9454,20,2,3999.0
14112,9454,11,2,199.0
14113,9454,15,1,1199.0
14114,9455,18,1,899.0
14115,9455,14,1,1599.0
14116,9456,15,1,1199.0
14117,9457,18,1,899.0
14118,9457,7,2,599.0
14119,9458,23,1,399.0
14120,9459,25,1,499.0
14121,9459,5,2,999.0
14122,9460,16,3,3999.0
14123,9460,10,1,299.0
14124,9460,13,1,799.0
14125,9461,26,3,999.0
14126,9461,19,1,4499.0
14127,9462,13,1,799.0
14128,9462,17,1,4999.0
14129,9463,30,3,799.0
14130,9463,30,2,799.0
14131,9463,10,1,299.0
14132,9464,27,1,599.0
14133,9465,6,2,1499.0
14134,9465,7,1,599.0
14135,9466,13,1,799.0
14136,9467,9,1,899.0
14137,9468,15,2,1199.0
14138,9469,18,3,899.0
14139,9470,20,2,3999.0
14140,9471,11,1,199.0
14141,9472,7,1,599.0
14142,9473,9,2,899.0
14143,9473,27,1,599.0
14144,9474,24,3,899.0
14145,9475,5,3,999.0
14146,9476,21,1,1099.0
14147,9477,24,1,899.0
14148,9477,19,1,4499.0
14149,9478,13,1,799.0
14150,9478,4,1,1299.0
14151,9479,19,1,4499.0
14152,9479,30,2,799.0
14153,9479,17,2,4999.0
14154,9480,9,1,899.0
14155,9480,10,1,299.0
14156,9480,10,1,299.0
14157,9481,11,1,199.0
14158,9482,21,2,1099.0
14159,9482,19,1,4499.0
14160,9483,24,1,899.0
14161,9484,24,2,899.0
14162,9485,27,1,599.0
14163,9485,19,2,4499.0
14164,9485,4,3,1299.0
14165,9486,1,1,2499.0
14166,9486,15,1,1199.0
14167,9486,26,1,999.0
14168,9487,20,1,3999.0
14169,9488,2,1,1799.0
14170,9489,14,1,1599.0
14171,9490,15,1,1199.0
14172,9490,3,2,3499.0
14173,9491,26,2,999.0
14174,9492,30,1,799.0
14175,9493,4,1,1299.0
14176,9493,8,2,2999.0
14177,9494,23,1,399.0
14178,9495,24,1,899.0
14179,9496,1,1,2499.0
14180,9497,27,2,599.0
14181,9497,29,1,1999.0
14182,9497,19,1,4499.0
14183,9498,25,2,499.0
14184,9499,24,2,899.0
14185,9500,9,3,899.0
14186,9501,7,1,599.0
14187,9502,24,1,899.0
14188,9503,23,1,399.0
14189,9504,30,1,799.0
14190,9505,3,3,3499.0
14191,9505,11,2,199.0
14192,9505,23,1,399.0
14193,9506,28,1,499.0
14194,9507,7,1,599.0
14195,9507,4,1,1299.0
14196,9508,6,1,1499.0
14197,9508,19,3,4499.0
14198,9509,4,1,1299.0
14199,9510,9,2,899.0
14200,9510,23,1,399.0
14201,9511,17,2,4999.0
14202,9511,11,2,199.0
14203,9511,28,1,499.0
14204,9512,20,1,3999.0
14205,9512,25,1,499.0
14206,9513,18,2,899.0
14207,9514,6,1,1499.0
14208,9515,26,1,999.0
14209,9515,8,3,2999.0
14210,9516,23,1,399.0
14211,9517,15,1,1199.0
14212,9517,23,1,399.0
14213,9518,11,1,199.0
14214,9519,5,2,999.0
14215,9520,8,1,2999.0
14216,9521,10,1,299.0
14217,9522,23,3,399.0
14218,9523,19,1,4499.0
14219,9523,7,1,599.0
14220,9523,30,1,799.0
14221,9524,5,1,999.0
14222,9525,29,1,1999.0
14223,9526,3,1,3499.0
14224,9527,30,1,799.0
14225,9528,3,3,3499.0
14226,9528,30,1,799.0
14227,9528,1,1,2499.0
14228,9529,15,1,1199.0
14229,9529,1,1,2499.0
14230,9530,3,2,3499.0
14231,9531,26,1,999.0
14232,9531,25,1,499.0
14233,9531,11,1,199.0
14234,9532,4,1,1299.0
14235,9532,7,1,599.0
14236,9533,24,1,899.0
14237,9534,24,1,899.0
14238,9535,7,1,599.0
14239,9536,4,1,1299.0
14240,9536,6,1,1499.0
14241,9537,19,1,4499.0
14242,9537,7,1,599.0
14243,9538,29,1,1999.0
14244,9539,2,1,1799.0
14245,9540,7,1,599.0
14246,9541,8,2,2999.0
14247,9542,21,1,1099.0
14248,9542,15,3,1199.0
14249,9543,4,1,1299.0
14250,9543,3,2,3499.0
14251,9544,15,1,1199.0
14252,9544,27,3,599.0
14253,9545,30,1,799.0
14254,9545,19,1,4499.0
14255,9545,25,1,499.0
14256,9546,6,1,1499.0
14257,9546,29,1,1999.0
14258,9546,7,1,599.0
14259,9547,23,1,399.0
14260,9547,21,1,1099.0
14261,9548,24,1,899.0
14262,9549,11,1,199.0
14263,9549,26,1,999.0
14264,9550,16,1,3999.0
14265,9550,28,2,499.0
14266,9551,15,1,1199.0
14267,9551,27,1,599.0
14268,9552,19,2,4499.0
14269,9553,23,1,399.0
14270,9553,25,2,499.0
14271,9554,19,1,4499.0
14272,9555,4,1,1299.0
14273,9555,6,1,1499.0
14274,9556,19,1,4499.0
14275,9557,23,1,399.0
14276,9558,18,2,899.0
14277,9559,8,1,2999.0
14278,9559,3,1,3499.0
14279,9560,23,2,399.0
14280,9561,5,1,999.0
14281,9562,18,2,899.0
14282,9562,2,1,1799.0
14283,9562,21,1,1099.0
14284,9563,19,1,4499.0
14285,9563,6,1,1499.0
14286,9564,30,3,799.0
14287,9564,11,1,199.0
14288,9565,25,1,499.0
14289,9566,26,1,999.0
14290,9567,7,1,599.0
14291,9568,22,2,699.0
14292,9569,4,1,1299.0
14293,9569,8,2,2999.0
14294,9569,19,1,4499.0
14295,9570,2,1,1799.0
14296,9571,2,2,1799.0
14297,9572,3,2,3499.0
14298,9573,14,1,1599.0
14299,9574,30,1,799.0
14300,9574,11,1,199.0
14301,9575,11,1,199.0
14302,9575,8,1,2999.0
14303,9575,1,2,2499.0
14304,9576,11,2,199.0
14305,9577,18,1,899.0
14306,9577,16,3,3999.0
14307,9578,24,1,899.0
14308,9578,7,2,599.0
14309,9579,4,1,1299.0
14310,9580,22,1,699.0
14311,9581,27,1,599.0
14312,9581,25,1,499.0
14313,9581,18,1,899.0
14314,9582,14,1,1599.0
14315,9583,5,1,999.0
14316,9583,24,1,899.0
14317,9584,21,1,1099.0
14318,9584,25,1,499.0
14319,9585,5,1,999.0
14320,9586,10,1,299.0
14321,9587,9,1,899.0
14322,9588,17,1,4999.0
14323,9589,20,1,3999.0
14324,9590,23,3,399.0
14325,9591,18,1,899.0
14326,9592,3,1,3499.0
14327,9593,18,2,899.0
14328,9594,4,1,1299.0
14329,9594,12,1,1299.0
14330,9595,29,1,1999.0
14331,9596,3,1,3499.0
14332,9596,8,2,2999.0
14333,9597,10,1,299.0
14334,9598,14,1,1599.0
14335,9598,19,1,4499.0
14336,9599,19,1,4499.0
14337,9599,19,1,4499.0
14338,9600,23,1,399.0
14339,9601,6,1,1499.0
14340,9601,9,1,899.0
14341,9602,4,1,1299.0
14342,9603,5,1,999.0
14343,9604,15,1,1199.0
14344,9604,26,1,999.0
14345,9605,1,1,2499.0
14346,9606,4,3,1299.0
14347,9606,12,1,1299.0
14348,9607,11,1,199.0
14349,9608,30,1,799.0
14350,9608,19,1,4499.0
14351,9609,28,1,499.0
14352,9609,3,2,3499.0
14353,9610,17,1,4999.0
14354,9611,28,1,499.0
14355,9612,6,1,1499.0
14356,9613,9,1,899.0
14357,9613,28,1,499.0
14358,9614,30,2,799.0
14359,9615,30,1,799.0
14360,9616,4,2,1299.0
14361,9617,19,1,4499.0
14362,9617,22,2,699.0
14363,9618,7,2,599.0
14364,9619,24,1,899.0
14365,9620,17,1,4999.0
14366,9620,22,1,699.0
14367,9621,22,2,699.0
14368,9622,19,1,4499.0
14369,9623,4,2,1299.0
14370,9624,19,1,4499.0
14371,9624,12,1,1299.0
14372,9625,2,2,1799.0
14373,9626,6,2,1499.0
14374,9627,9,2,899.0
14375,9627,7,1,599.0
14376,9628,6,1,1499.0
14377,9628,15,1,1199.0
14378,9628,9,1,899.0
14379,9629,6,3,1499.0
14380,9630,11,2,199.0
14381,9630,25,1,499.0
14382,9630,20,2,3999.0
14383,9631,17,1,4999.0
14384,9632,4,3,1299.0
14385,9632,14,1,1599.0
14386,9633,15,2,1199.0
14387,9633,11,2,199.0
14388,9634,14,2,1599.0
14389,9634,3,1,3499.0
14390,9634,15,1,1199.0
14391,9635,8,1,2999.0
14392,9635,30,1,799.0
14393,9636,9,1,899.0
14394,9637,25,1,499.0
14395,9638,19,1,4499.0
14396,9639,21,1,1099.0
14397,9640,24,3,899.0
14398,9641,24,1,899.0
14399,9641,15,1,1199.0
14400,9642,4,2,1299.0
14401,9643,8,1,2999.0
14402,9643,4,2,1299.0
14403,9644,27,2,599.0
14404,9645,9,1,899.0
14405,9646,28,2,499.0
14406,9647,14,2,1599.0
14407,9647,4,2,1299.0
14408,9647,3,1,3499.0
14409,9648,8,1,2999.0
14410,9649,17,2,4999.0
14411,9650,8,1,2999.0
14412,9651,12,2,1299.0
14413,9652,6,2,1499.0
14414,9653,22,1,699.0
14415,9653,18,2,899.0
14416,9653,24,1,899.0
14417,9654,12,1,1299.0
14418,9655,11,3,199.0
14419,9656,1,1,2499.0
14420,9657,4,2,1299.0
14421,9658,8,1,2999.0
14422,9659,3,2,3499.0
14423,9659,9,1,899.0
14424,9660,20,2,3999.0
14425,9661,29,2,1999.0
14426,9662,25,1,499.0
14427,9663,29,1,1999.0
14428,9664,4,1,1299.0
14429,9665,5,1,999.0
14430,9666,24,3,899.0
14431,9667,3,1,3499.0
14432,9668,6,2,1499.0
14433,9669,24,1,899.0
14434,9670,19,2,4499.0
14435,9670,6,2,1499.0
14436,9671,23,1,399.0
14437,9671,11,1,199.0
14438,9672,5,2,999.0
14439,9672,28,1,499.0
14440,9673,24,1,899.0
14441,9673,22,1,699.0
14442,9674,9,2,899.0
14443,9675,3,1,3499.0
14444,9676,26,1,999.0
14445,9677,1,1,2499.0
14446,9678,1,1,2499.0
14447,9678,4,1,1299.0
14448,9679,6,3,1499.0
14449,9679,10,2,299.0
14450,9680,30,1,799.0
14451,9681,9,1,899.0
14452,9681,18,2,899.0
14453,9681,19,1,4499.0
14454,9682,20,1,3999.0
14455,9682,4,3,1299.0
14456,9682,15,1,1199.0
14457,9683,30,2,799.0
14458,9683,24,1,899.0
14459,9684,6,1,1499.0
14460,9684,23,1,399.0
14461,9684,7,1,599.0
14462,9685,15,1,1199.0
14463,9686,11,1,199.0
14464,9687,19,1,4499.0
14465,9688,26,2,999.0
14466,9689,22,1,699.0
14467,9690,20,2,3999.0
14468,9691,7,2,599.0
14469,9692,1,1,2499.0
14470,9693,2,2,1799.0
14471,9694,23,1,399.0
14472,9695,8,1,2999.0
14473,9695,9,2,899.0
14474,9696,5,1,999.0
14475,9696,21,1,1099.0
14476,9696,15,1,1199.0
14477,9697,30,1,799.0
14478,9697,3,2,3499.0
14479,9697,25,1,499.0
14480,9698,11,1,199.0
14481,9699,12,1,1299.0
14482,9699,15,2,1199.0
14483,9700,10,1,299.0
14484,9701,15,2,1199.0
14485,9701,26,1,999.0
14486,9702,28,2,499.0
14487,9703,6,1,1499.0
14488,9704,13,1,799.0
14489,9705,4,2,1299.0
14490,9705,19,1,4499.0
14491,9706,22,1,699.0
14492,9707,7,1,599.0
14493,9708,7,2,599.0
14494,9709,7,1,599.0
14495,9709,11,1,199.0
14496,9710,4,1,1299.0
14497,9711,25,1,499.0
14498,9711,30,1,799.0
14499,9712,3,3,3499.0
14500,9713,6,1,1499.0
14501,9714,29,2,1999.0
14502,9714,15,1,1199.0
14503,9714,28,1,499.0
14504,9715,16,1,3999.0
14505,9715,9,3,899.0
14506,9715,23,3,399.0
14507,9716,6,1,1499.0
14508,9717,15,1,1199.0
14509,9718,23,1,399.0
14510,9718,5,1,999.0
14511,9719,17,2,4999.0
14512,9720,8,1,2999.0
14513,9720,19,1,4499.0
14514,9721,27,3,599.0
14515,9722,27,1,599.0
14516,9723,15,1,1199.0
14517,9724,4,1,1299.0
14518,9724,25,2,499.0
14519,9725,30,1,799.0
14520,9725,15,1,1199.0
14521,9726,11,3,199.0
14522,9727,11,3,199.0
14523,9728,17,1,4999.0
14524,9729,24,2,899.0
14525,9729,4,1,1299.0
14526,9730,15,1,1199.0
14527,9730,15,1,1199.0
14528,9731,11,2,199.0
14529,9732,13,3,799.0
14530,9732,10,1,299.0
14531,9732,3,1,3499.0
14532,9733,5,3,999.0
14533,9734,1,3,2499.0
14534,9735,11,1,199.0
14535,9735,15,1,1199.0
14536,9736,23,1,399.0
14537,9736,21,1,1099.0
14538,9736,6,1,1499.0
14539,9737,27,1,599.0
14540,9738,28,2,499.0
14541,9739,3,1,3499.0
14542,9740,5,1,999.0
14543,9741,6,2,1499.0
14544,9742,19,1,4499.0
14545,9743,4,1,1299.0
14546,9744,10,1,299.0
14547,9745,24,1,899.0
14548,9746,25,1,499.0
14549,9747,11,1,199.0
14550,9748,9,1,899.0
14551,9748,30,1,799.0
14552,9749,9,1,899.0
14553,9750,3,1,3499.0
14554,9750,9,2,899.0
14555,9751,24,1,899.0
14556,9752,18,1,899.0
14557,9753,28,1,499.0
14558,9754,26,1,999.0
14559,9754,1,2,2499.0
14560,9755,14,3,1599.0
14561,9755,1,2,2499.0
14562,9755,13,3,799.0
14563,9756,24,3,899.0
14564,9756,15,1,1199.0
14565,9757,30,1,799.0
14566,9758,10,3,299.0
14567,9759,30,1,799.0
14568,9760,21,1,1099.0
14569,9761,9,1,899.0
14570,9761,3,1,3499.0
14571,9761,21,1,1099.0
14572,9762,17,2,4999.0
14573,9763,5,3,999.0
14574,9764,1,1,2499.0
14575,9765,7,1,599.0
14576,9766,11,1,199.0
14577,9766,15,2,1199.0
14578,9767,19,3,4499.0
14579,9767,7,1,599.0
14580,9768,9,1,899.0
14581,9769,11,1,199.0
14582,9770,8,1,2999.0
14583,9770,24,1,899.0
14584,9771,9,1,899.0
14585,9772,19,3,4499.0
14586,9773,11,1,199.0
14587,9774,9,1,899.0
14588,9775,9,1,899.0
14589,9776,20,1,3999.0
14590,9776,10,1,299.0
14591,9776,27,1,599.0
14592,9777,21,1,1099.0
14593,9778,19,2,4499.0
14594,9779,28,1,499.0
14595,9780,11,1,199.0
14596,9781,29,1,1999.0
14597,9782,11,2,199.0
14598,9782,4,1,1299.0
14599,9783,19,1,4499.0
14600,9783,4,1,1299.0
14601,9783,9,1,899.0
14602,9784,10,1,299.0
14603,9785,25,1,499.0
14604,9785,16,1,3999.0
14605,9786,1,1,2499.0
14606,9786,19,1,4499.0
14607,9787,17,1,4999.0
14608,9788,1,1,2499.0
14609,9788,6,1,1499.0
14610,9789,4,1,1299.0
14611,9790,21,1,1099.0
14612,9791,3,1,3499.0
14613,9792,26,3,999.0
14614,9792,9,3,899.0
14615,9793,1,1,2499.0
14616,9794,17,2,4999.0
14617,9795,22,2,699.0
14618,9796,30,1,799.0
14619,9796,24,3,899.0
14620,9797,6,1,1499.0
14621,9798,6,1,1499.0
14622,9799,4,2,1299.0
14623,9800,19,2,4499.0
14624,9801,4,2,1299.0
14625,9802,11,1,199.0
14626,9803,28,2,499.0
14627,9803,9,1,899.0
14628,9804,15,1,1199.0
14629,9805,6,1,1499.0
14630,9806,18,2,899.0
14631,9806,22,1,699.0
14632,9807,15,1,1199.0
14633,9808,19,2,4499.0
14634,9808,7,1,599.0
14635,9809,24,1,899.0
14636,9809,6,1,1499.0
14637,9810,3,2,3499.0
14638,9810,11,1,199.0
14639,9810,16,3,3999.0
14640,9811,6,1,1499.0
14641,9812,7,1,599.0
14642,9813,18,1,899.0
14643,9813,2,1,1799.0
14644,9814,28,2,499.0
14645,9814,30,2,799.0
14646,9814,1,2,2499.0
14647,9815,23,1,399.0
14648,9815,21,2,1099.0
14649,9816,27,1,599.0
14650,9817,15,1,1199.0
14651,9817,15,1,1199.0
14652,9818,5,3,999.0
14653,9819,1,1,2499.0
14654,9820,20,1,3999.0
14655,9821,15,2,1199.0
14656,9822,19,1,4499.0
14657,9823,7,1,599.0
14658,9824,15,1,1199.0
14659,9824,10,1,299.0
14660,9825,30,2,799.0
14661,9826,4,1,1299.0
14662,9826,17,1,4999.0
14663,9827,27,1,599.0
14664,9827,6,1,1499.0
14665,9828,7,1,599.0
14666,9828,2,2,1799.0
14667,9829,8,1,2999.0
14668,9829,26,3,999.0
14669,9829,11,3,199.0
14670,9830,23,3,399.0
14671,9831,30,1,799.0
14672,9832,7,1,599.0
14673,9833,10,1,299.0
14674,9833,6,3,1499.0
14675,9834,20,1,3999.0
14676,9835,10,1,299.0
14677,9835,12,1,1299.0
14678,9835,23,2,399.0
14679,9836,9,1,899.0
14680,9836,9,1,899.0
14681,9837,3,3,3499.0
14682,9838,30,1,799.0
14683,9839,30,1,799.0
14684,9840,19,1,4499.0
14685,9841,30,1,799.0
14686,9841,30,1,799.0
14687,9842,14,1,1599.0
14688,9842,22,2,699.0
14689,9842,19,1,4499.0
14690,9843,4,1,1299.0
14691,9843,21,1,1099.0
14692,9844,18,1,899.0
14693,9845,26,1,999.0
14694,9846,4,2,1299.0
14695,9847,23,1,399.0
14696,9848,14,1,1599.0
14697,9849,9,1,899.0
14698,9849,7,1,599.0
14699,9850,8,2,2999.0
14700,9850,5,1,999.0
14701,9851,15,1,1199.0
14702,9851,29,2,1999.0
14703,9851,22,1,699.0
14704,9852,20,2,3999.0
14705,9852,3,2,3499.0
14706,9853,7,1,599.0
14707,9854,26,1,999.0
14708,9855,30,2,799.0
14709,9856,27,1,599.0
14710,9857,9,1,899.0
14711,9858,11,2,199.0
14712,9859,15,1,1199.0
14713,9859,6,1,1499.0
14714,9860,25,1,499.0
14715,9860,13,1,799.0
14716,9861,22,1,699.0
14717,9862,15,2,1199.0
14718,9863,4,1,1299.0
14719,9864,7,1,599.0
14720,9864,30,2,799.0
14721,9865,20,2,3999.0
14722,9866,4,1,1299.0
14723,9866,28,1,499.0
14724,9866,17,1,4999.0
14725,9867,15,1,1199.0
14726,9867,1,1,2499.0
14727,9867,19,1,4499.0
14728,9868,9,1,899.0
14729,9869,1,2,2499.0
14730,9870,1,1,2499.0
14731,9870,30,2,799.0
14732,9871,7,2,599.0
14733,9872,25,1,499.0
14734,9872,24,3,899.0
14735,9873,24,1,899.0
14736,9874,22,1,699.0
14737,9875,24,2,899.0
14738,9876,14,1,1599.0
14739,9877,7,1,599.0
14740,9877,18,1,899.0
14741,9878,4,1,1299.0
14742,9878,7,1,599.0
14743,9879,27,1,599.0
14744,9880,26,1,999.0
14745,9881,14,1,1599.0
14746,9882,23,2,399.0
14747,9883,16,2,3999.0
14748,9883,10,3,299.0
14749,9884,6,1,1499.0
14750,9884,8,1,2999.0
14751,9885,9,3,899.0
14752,9885,20,3,3999.0
14753,9886,28,1,499.0
14754,9886,13,1,799.0
14755,9887,8,2,2999.0
14756,9887,21,1,1099.0
14757,9888,23,1,399.0
14758,9889,6,1,1499.0
14759,9890,2,1,1799.0
14760,9890,30,2,799.0
14761,9891,23,1,399.0
14762,9892,10,2,299.0
14763,9893,19,1,4499.0
14764,9894,4,1,1299.0
14765,9894,17,1,4999.0
14766,9895,3,1,3499.0
14767,9896,1,1,2499.0
14768,9896,27,2,599.0
14769,9896,20,1,3999.0
14770,9897,19,1,4499.0
14771,9898,8,3,2999.0
14772,9898,24,2,899.0
14773,9899,21,1,1099.0
14774,9900,5,1,999.0
14775,9901,7,1,599.0
14776,9901,24,1,899.0
14777,9902,17,1,4999.0
14778,9903,22,3,699.0
14779,9903,6,1,1499.0
14780,9904,15,1,1199.0
14781,9904,8,1,2999.0
14782,9905,9,2,899.0
14783,9905,8,3,2999.0
14784,9906,12,1,1299.0
14785,9907,3,3,3499.0
14786,9908,11,3,199.0
14787,9908,15,2,1199.0
14788,9909,12,2,1299.0
14789,9910,15,1,1199.0
14790,9911,1,1,2499.0
14791,9912,15,1,1199.0
14792,9913,26,1,999.0
14793,9914,18,1,899.0
14794,9915,27,3,599.0
14795,9916,20,2,3999.0
14796,9916,6,2,1499.0
14797,9917,23,2,399.0
14798,9917,22,1,699.0
14799,9918,20,1,3999.0
14800,9918,1,2,2499.0
14801,9919,30,3,799.0
14802,9920,15,1,1199.0
14803,9920,15,2,1199.0
14804,9920,15,2,1199.0
14805,9921,11,1,199.0
14806,9921,7,3,599.0
14807,9922,19,2,4499.0
14808,9922,10,2,299.0
14809,9923,8,3,2999.0
14810,9924,9,1,899.0
14811,9925,6,2,1499.0
14812,9925,3,2,3499.0
14813,9926,18,1,899.0
14814,9926,22,2,699.0
14815,9927,9,1,899.0
14816,9928,2,2,1799.0
14817,9929,15,1,1199.0
14818,9930,11,2,199.0
14819,9931,21,2,1099.0
14820,9932,4,1,1299.0
14821,9933,12,1,1299.0
14822,9933,14,2,1599.0
14823,9933,4,1,1299.0
14824,9934,13,1,799.0
14825,9935,8,1,2999.0
14826,9935,18,2,899.0
14827,9936,6,1,1499.0
14828,9937,30,1,799.0
14829,9937,26,1,999.0
14830,9938,19,1,4499.0
14831,9939,30,1,799.0
14832,9939,10,1,299.0
14833,9940,11,2,199.0
14834,9941,27,1,599.0
14835,9942,19,1,4499.0
14836,9943,8,1,2999.0
14837,9943,26,1,999.0
14838,9944,9,1,899.0
14839,9944,21,2,1099.0
14840,9945,11,1,199.0
14841,9945,1,2,2499.0
14842,9946,23,1,399.0
14843,9947,27,1,599.0
14844,9948,7,1,599.0
14845,9949,5,1,999.0
14846,9950,18,1,899.0
14847,9951,24,2,899.0
14848,9951,16,1,3999.0
14849,9952,4,3,1299.0
14850,9952,3,1,3499.0
14851,9953,10,1,299.0
14852,9953,22,2,699.0
14853,9953,1,3,2499.0
14854,9954,22,1,699.0
14855,9955,24,1,899.0
14856,9956,8,1,2999.0
14857,9957,6,1,1499.0
14858,9958,3,2,3499.0
14859,9958,17,1,4999.0
14860,9958,23,1,399.0
14861,9959,1,1,2499.0
14862,9960,8,1,2999.0
14863,9960,3,1,3499.0
14864,9961,11,2,199.0
14865,9961,16,1,3999.0
14866,9962,17,1,4999.0
14867,9963,9,1,899.0
14868,9964,3,1,3499.0
14869,9964,3,1,3499.0
14870,9965,8,1,2999.0
14871,9966,30,1,799.0
14872,9966,2,1,1799.0
14873,9967,25,1,499.0
14874,9967,12,1,1299.0
14875,9967,11,1,199.0
14876,9968,23,2,399.0
14877,9969,1,3,2499.0
14878,9970,23,2,399.0
14879,9970,6,1,1499.0
14880,9970,4,1,1299.0
14881,9971,6,2,1499.0
14882,9971,28,1,499.0
14883,9972,8,1,2999.0
14884,9973,6,1,1499.0
14885,9974,4,1,1299.0
14886,9975,20,2,3999.0
14887,9976,17,1,4999.0
14888,9976,7,1,599.0
14889,9977,13,1,799.0
14890,9977,3,1,3499.0
14891,9978,15,1,1199.0
14892,9978,20,1,3999.0
14893,9979,20,1,3999.0
14894,9979,11,2,199.0
14895,9980,27,1,599.0
14896,9980,9,1,899.0
14897,9981,25,1,499.0
14898,9982,24,1,899.0
14899,9983,25,1,499.0
14900,9984,4,1,1299.0
14901,9984,10,1,299.0
14902,9985,8,2,2999.0
14903,9986,5,1,999.0
14904,9987,16,2,3999.0
14905,9988,21,1,1099.0
14906,9988,6,1,1499.0
14907,9989,12,1,1299.0
14908,9989,25,1,499.0
14909,9990,18,1,899.0
14910,9991,11,1,199.0
14911,9992,4,1,1299.0
14912,9993,7,2,599.0
14913,9994,7,1,599.0
14914,9995,18,1,899.0
14915,9996,17,1,4999.0
14916,9996,26,2,999.0
14917,9997,30,1,799.0
14918,9997,6,1,1499.0
14919,9998,12,2,1299.0
14920,9998,12,1,1299.0
14921,9999,15,2,1199.0
14922,10000,3,1,3499.0
14923,10001,11,1,199.0
14924,10002,22,1,699.0
14925,10002,15,2,1199.0
14926,10003,7,1,599.0
14927,10003,1,1,2499.0
14928,10003,1,1,2499.0
14929,10004,20,2,3999.0
14930,10004,4,3,1299.0
14931,10004,14,1,1599.0
14932,10005,23,2,399.0
14933,10006,3,1,3499.0
14934,10007,18,1,899.0
14935,10008,7,2,599.0
14936,10009,9,1,899.0
14937,10009,27,1,599.0
14938,10010,11,3,199.0
14939,10011,30,1,799.0
14940,10011,29,1,1999.0
14941,10012,3,1,3499.0
14942,10012,8,1,2999.0
14943,10013,6,1,1499.0
14944,10013,14,2,1599.0
14945,10014,15,1,1199.0
14946,10014,23,2,399.0
14947,10014,23,3,399.0
14948,10015,15,1,1199.0
14949,10015,25,1,499.0
14950,10016,7,3,599.0
14951,10017,15,2,1199.0
14952,10018,7,1,599.0
14953,10019,3,1,3499.0
14954,10020,22,3,699.0
14955,10021,6,1,1499.0
14956,10021,18,1,899.0
14957,10021,25,1,499.0
14958,10022,6,1,1499.0
14959,10023,8,1,2999.0
14960,10023,8,1,2999.0
14961,10024,15,1,1199.0
14962,10024,1,2,2499.0
14963,10024,17,1,4999.0
14964,10025,17,2,4999.0
14965,10026,23,1,399.0
14966,10027,2,1,1799.0
14967,10027,9,3,899.0
14968,10028,26,1,999.0
14969,10029,26,1,999.0
14970,10029,8,1,2999.0
14971,10030,4,1,1299.0
14972,10030,9,1,899.0
14973,10031,2,1,1799.0
14974,10032,18,1,899.0
14975,10032,5,3,999.0
14976,10033,4,1,1299.0
14977,10034,4,1,1299.0
14978,10035,17,1,4999.0
14979,10036,5,2,999.0
14980,10037,26,1,999.0
14981,10038,24,2,899.0
14982,10038,24,1,899.0
14983,10039,15,3,1199.0
14984,10040,3,3,3499.0
14985,10041,24,2,899.0
14986,10042,11,1,199.0
14987,10043,3,1,3499.0
14988,10044,20,1,3999.0
14989,10045,16,1,3999.0
14990,10046,22,3,699.0
14991,10047,4,1,1299.0
14992,10048,18,1,899.0
14993,10048,4,1,1299.0
14994,10049,11,1,199.0
14995,10050,4,1,1299.0
14996,10051,9,1,899.0
14997,10051,29,2,1999.0
14998,10052,1,1,2499.0
14999,10053,10,1,299.0
15000,10053,30,3,799.0
15001,10054,25,1,499.0
15002,10055,30,3,799.0
15003,10056,27,1,599.0
15004,10057,4,2,1299.0
15005,10058,1,1,2499.0
15006,10058,9,1,899.0
15007,10058,23,1,399.0
15008,10059,8,1,2999.0
15009,10060,11,1,199.0
15010,10061,24,1,899.0
15011,10062,7,1,599.0
15012,10063,2,1,1799.0
15013,10064,18,2,899.0
15014,10065,20,3,3999.0
15015,10066,13,3,799.0
15016,10067,4,1,1299.0
15017,10068,3,1,3499.0
15018,10069,23,2,399.0
15019,10070,25,1,499.0
15020,10071,12,2,1299.0
15021,10071,19,1,4499.0
15022,10072,26,1,999.0
15023,10073,10,2,299.0
15024,10074,16,1,3999.0
15025,10074,25,1,499.0
15026,10074,12,1,1299.0
15027,10075,5,1,999.0
15028,10076,22,3,699.0
15029,10076,15,2,1199.0
15030,10076,2,1,1799.0
15031,10077,9,1,899.0
15032,10078,8,3,2999.0
15033,10079,3,1,3499.0
15034,10080,24,3,899.0
15035,10080,15,2,1199.0
15036,10081,12,1,1299.0
15037,10082,30,1,799.0
15038,10083,17,2,4999.0
15039,10084,7,1,599.0
15040,10084,28,2,499.0
15041,10084,17,2,4999.0
15042,10085,4,1,1299.0
15043,10086,25,1,499.0
15044,10087,20,2,3999.0
15045,10088,26,1,999.0
15046,10088,20,1,3999.0
15047,10089,24,1,899.0
15048,10090,14,1,1599.0
15049,10091,25,1,499.0
15050,10092,12,1,1299.0
15051,10092,29,1,1999.0
15052,10093,7,1,599.0
15053,10093,9,1,899.0
15054,10094,6,2,1499.0
15055,10094,7,1,599.0
15056,10094,7,2,599.0
15057,10095,14,1,1599.0
15058,10096,8,1,2999.0
15059,10096,11,1,199.0
15060,10097,28,2,499.0
15061,10098,25,1,499.0
15062,10099,15,1,1199.0
15063,10100,16,2,3999.0
15064,10100,3,1,3499.0
15065,10101,3,1,3499.0
15066,10102,16,1,3999.0
15067,10103,7,3,599.0
15068,10104,10,1,299.0
15069,10104,21,1,1099.0
15070,10105,18,1,899.0
15071,10106,9,1,899.0
15072,10106,11,1,199.0
15073,10107,5,1,999.0
15074,10108,24,1,899.0
15075,10108,4,1,1299.0
15076,10109,19,3,4499.0
15077,10110,22,1,699.0
15078,10110,15,1,1199.0
15079,10111,12,2,1299.0
15080,10111,7,3,599.0
15081,10112,30,1,799.0
15082,10113,26,1,999.0
15083,10113,10,1,299.0
15084,10114,13,1,799.0
15085,10115,19,1,4499.0
15086,10115,3,1,3499.0
15087,10115,11,1,199.0
15088,10116,9,1,899.0
15089,10117,20,1,3999.0
15090,10118,29,1,1999.0
15091,10119,7,1,599.0
15092,10119,1,2,2499.0
15093,10120,19,1,4499.0
15094,10120,17,1,4999.0
15095,10120,9,1,899.0
15096,10121,19,2,4499.0
15097,10121,18,3,899.0
15098,10122,15,1,1199.0
15099,10122,30,1,799.0
15100,10122,4,1,1299.0
15101,10123,18,1,899.0
15102,10123,30,3,799.0
15103,10123,11,1,199.0
15104,10124,8,1,2999.0
15105,10125,9,1,899.0
15106,10126,22,1,699.0
15107,10127,21,1,1099.0
15108,10128,16,1,3999.0
15109,10129,18,1,899.0
15110,10130,17,2,4999.0
15111,10131,12,2,1299.0
15112,10132,19,1,4499.0
15113,10133,6,1,1499.0
15114,10134,23,1,399.0
15115,10135,24,1,899.0
15116,10136,7,1,599.0
15117,10136,17,1,4999.0
15118,10137,6,1,1499.0
15119,10138,3,3,3499.0
15120,10139,27,1,599.0
15121,10140,3,1,3499.0
15122,10141,9,2,899.0
15123,10142,30,1,799.0
15124,10143,27,1,599.0
15125,10143,19,1,4499.0
15126,10144,3,2,3499.0
15127,10144,14,3,1599.0
15128,10145,17,1,4999.0
15129,10146,20,1,3999.0
15130,10147,11,1,199.0
15131,10147,23,2,399.0
15132,10148,3,1,3499.0
15133,10148,4,1,1299.0
15134,10149,30,2,799.0
15135,10150,10,1,299.0
15136,10151,15,3,1199.0
15137,10152,23,1,399.0
15138,10152,30,1,799.0
15139,10153,1,1,2499.0
15140,10154,8,1,2999.0
15141,10154,13,1,799.0
15142,10154,27,1,599.0
15143,10155,5,1,999.0
15144,10155,10,1,299.0
15145,10156,22,3,699.0
15146,10157,25,1,499.0
15147,10158,24,1,899.0
15148,10159,13,2,799.0
15149,10160,3,2,3499.0
15150,10161,19,3,4499.0
15151,10161,24,1,899.0
15152,10162,4,1,1299.0
15153,10162,15,1,1199.0
15154,10163,5,1,999.0
15155,10164,15,1,1199.0
15156,10164,12,1,1299.0
15157,10165,30,2,799.0
15158,10166,23,1,399.0
15159,10167,11,2,199.0
15160,10167,22,1,699.0
15161,10167,9,1,899.0
15162,10168,15,1,1199.0
15163,10169,30,1,799.0
15164,10169,17,1,4999.0
15165,10170,1,1,2499.0
15166,10170,25,1,499.0
15167,10171,30,2,799.0
15168,10171,19,2,4499.0
15169,10172,23,2,399.0
15170,10173,9,1,899.0
15171,10174,24,3,899.0
15172,10175,17,1,4999.0
15173,10176,18,2,899.0
15174,10176,30,1,799.0
15175,10177,22,1,699.0
15176,10177,10,1,299.0
15177,10178,25,2,499.0
15178,10179,19,1,4499.0
15179,10179,11,1,199.0
15180,10180,10,1,299.0
15181,10180,23,2,399.0
15182,10181,7,1,599.0
15183,10182,1,1,2499.0
15184,10183,15,1,1199.0
15185,10184,27,1,599.0
15186,10185,1,3,2499.0
15187,10185,17,1,4999.0
15188,10186,18,2,899.0
15189,10187,7,1,599.0
15190,10187,11,1,199.0
15191,10188,25,1,499.0
15192,10189,13,2,799.0
15193,10190,6,3,1499.0
15194,10191,13,1,799.0
15195,10192,23,2,399.0
15196,10192,30,1,799.0
15197,10193,15,2,1199.0
15198,10193,5,1,999.0
15199,10194,3,1,3499.0
15200,10194,17,1,4999.0
15201,10195,14,1,1599.0
15202,10195,1,2,2499.0
15203,10196,17,3,4999.0
15204,10197,29,1,1999.0
15205,10198,9,3,899.0
15206,10199,15,2,1199.0
15207,10199,26,2,999.0
15208,10199,21,1,1099.0
15209,10200,24,1,899.0
15210,10200,15,1,1199.0
15211,10200,27,1,599.0
15212,10201,6,2,1499.0
15213,10202,7,1,599.0
15214,10202,17,2,4999.0
15215,10203,29,1,1999.0
15216,10204,8,1,2999.0
15217,10204,22,1,699.0
15218,10205,17,1,4999.0
15219,10205,5,1,999.0
15220,10206,10,1,299.0
15221,10207,5,1,999.0
15222,10207,21,1,1099.0
15223,10208,19,1,4499.0
15224,10209,1,1,2499.0
15225,10210,15,2,1199.0
15226,10211,15,1,1199.0
15227,10212,1,1,2499.0
15228,10212,7,1,599.0
15229,10212,18,1,899.0
15230,10213,29,1,1999.0
15231,10214,27,1,599.0
15232,10215,29,1,1999.0
15233,10215,7,1,599.0
15234,10216,11,2,199.0
15235,10217,11,1,199.0
15236,10217,15,1,1199.0
15237,10218,13,1,799.0
15238,10219,6,1,1499.0
15239,10220,18,1,899.0
15240,10221,5,2,999.0
15241,10222,27,1,599.0
15242,10222,3,1,3499.0
15243,10223,23,1,399.0
15244,10223,9,1,899.0
15245,10224,16,1,3999.0
15246,10224,3,2,3499.0
15247,10224,4,1,1299.0
15248,10225,25,1,499.0
15249,10225,3,1,3499.0
15250,10225,11,1,199.0
15251,10226,24,2,899.0
15252,10227,17,2,4999.0
15253,10228,11,1,199.0
15254,10229,6,2,1499.0
15255,10229,11,1,199.0
15256,10230,22,2,699.0
15257,10230,22,1,699.0
15258,10231,18,1,899.0
15259,10232,24,2,899.0
15260,10233,20,1,3999.0
15261,10234,6,1,1499.0
15262,10234,19,1,4499.0
15263,10235,17,1,4999.0
15264,10236,3,1,3499.0
15265,10237,5,1,999.0
15266,10238,1,1,2499.0
15267,10238,22,2,699.0
15268,10239,3,1,3499.0
15269,10239,21,1,1099.0
15270,10240,14,1,1599.0
15271,10240,24,1,899.0
15272,10240,1,1,2499.0
15273,10241,8,1,2999.0
15274,10242,7,1,599.0
15275,10243,3,1,3499.0
15276,10243,19,1,4499.0
15277,10243,23,1,399.0
15278,10244,13,3,799.0
15279,10245,30,1,799.0
15280,10246,19,1,4499.0
15281,10246,27,2,599.0
15282,10247,23,1,399.0
15283,10248,13,3,799.0
15284,10248,19,1,4499.0
15285,10249,26,1,999.0
15286,10249,20,3,3999.0
15287,10250,11,1,199.0
15288,10250,24,1,899.0
15289,10251,22,1,699.0
15290,10252,7,2,599.0
15291,10252,23,1,399.0
15292,10253,18,3,899.0
15293,10254,30,1,799.0
15294,10255,2,3,1799.0
15295,10256,11,1,199.0
15296,10256,17,1,4999.0
15297,10257,9,1,899.0
15298,10257,7,3,599.0
15299,10258,19,2,4499.0
15300,10258,15,1,1199.0
15301,10258,4,1,1299.0
15302,10259,26,1,999.0
15303,10259,30,2,799.0
15304,10260,11,3,199.0
15305,10260,7,1,599.0
15306,10261,29,2,1999.0
15307,10261,30,1,799.0
15308,10261,3,1,3499.0
15309,10262,17,2,4999.0
15310,10262,6,1,1499.0
15311,10262,7,1,599.0
15312,10263,6,1,1499.0
15313,10263,4,1,1299.0
15314,10263,17,1,4999.0
15315,10264,1,3,2499.0
15316,10265,11,1,199.0
15317,10266,27,1,599.0
15318,10266,6,1,1499.0
15319,10266,4,1,1299.0
15320,10267,15,1,1199.0
15321,10268,24,1,899.0
15322,10269,21,1,1099.0
15323,10270,23,1,399.0
15324,10271,24,1,899.0
15325,10272,25,3,499.0
15326,10273,30,1,799.0
15327,10273,24,1,899.0
15328,10274,18,1,899.0
15329,10275,8,1,2999.0
15330,10276,2,3,1799.0
15331,10276,10,1,299.0
15332,10277,9,1,899.0
15333,10277,4,3,1299.0
15334,10278,29,3,1999.0
15335,10279,30,2,799.0
15336,10279,13,1,799.0
15337,10279,9,1,899.0
15338,10280,29,1,1999.0
15339,10281,29,2,1999.0
15340,10282,7,2,599.0
15341,10282,19,1,4499.0
15342,10283,23,1,399.0
15343,10284,20,1,3999.0
15344,10285,19,2,4499.0
15345,10285,7,1,599.0
15346,10285,14,1,1599.0
15347,10286,8,1,2999.0
15348,10286,27,2,599.0
15349,10287,17,1,4999.0
15350,10288,26,2,999.0
15351,10288,22,1,699.0
15352,10289,15,1,1199.0
15353,10289,3,1,3499.0
15354,10289,1,1,2499.0
15355,10290,6,1,1499.0
15356,10291,6,3,1499.0
15357,10291,16,1,3999.0
15358,10291,26,1,999.0
15359,10292,30,2,799.0
15360,10293,25,1,499.0
15361,10293,27,1,599.0
15362,10294,29,1,1999.0
15363,10295,22,2,699.0
15364,10296,22,1,699.0
15365,10296,11,1,199.0
15366,10296,9,2,899.0
15367,10297,30,3,799.0
15368,10297,3,1,3499.0
15369,10298,27,2,599.0
15370,10299,29,3,1999.0
15371,10299,3,1,3499.0
15372,10299,19,1,4499.0
15373,10300,30,3,799.0
15374,10301,24,1,899.0
15375,10302,15,1,1199.0
15376,10302,17,2,4999.0
15377,10303,7,1,599.0
15378,10303,15,1,1199.0
15379,10303,13,2,799.0
15380,10304,14,3,1599.0
15381,10305,10,2,299.0
15382,10306,11,1,199.0
15383,10306,15,1,1199.0
15384,10307,24,1,899.0
15385,10308,20,1,3999.0
15386,10308,30,1,799.0
15387,10309,5,1,999.0
15388,10310,9,1,899.0
15389,10310,11,1,199.0
15390,10311,25,2,499.0
15391,10312,12,2,1299.0
15392,10312,2,3,1799.0
15393,10312,8,1,2999.0
15394,10313,18,2,899.0
15395,10313,17,1,4999.0
15396,10313,11,3,199.0
15397,10314,19,1,4499.0
15398,10314,30,2,799.0
15399,10315,24,1,899.0
15400,10316,10,1,299.0
15401,10316,26,1,999.0
15402,10317,18,1,899.0
15403,10318,10,1,299.0
15404,10319,30,1,799.0
15405,10319,23,3,399.0
15406,10320,11,1,199.0
15407,10320,13,1,799.0
15408,10320,8,1,2999.0
15409,10321,28,1,499.0
15410,10322,21,3,1099.0
15411,10323,4,1,1299.0
15412,10323,1,1,2499.0
15413,10324,25,3,499.0
15414,10325,23,2,399.0
15415,10325,28,1,499.0
15416,10326,24,3,899.0
15417,10326,6,1,1499.0
15418,10327,30,1,799.0
15419,10328,4,2,1299.0
15420,10328,23,1,399.0
15421,10329,3,1,3499.0
15422,10330,12,1,1299.0
15423,10330,14,1,1599.0
15424,10330,10,1,299.0
15425,10331,23,1,399.0
15426,10331,9,1,899.0
15427,10331,18,2,899.0
15428,10332,14,1,1599.0
15429,10333,19,1,4499.0
15430,10334,7,2,599.0
15431,10334,11,1,199.0
15432,10334,25,1,499.0
15433,10335,26,1,999.0
15434,10335,6,1,1499.0
15435,10336,23,1,399.0
15436,10337,18,1,899.0
15437,10338,27,1,599.0
15438,10339,26,2,999.0
15439,10340,4,1,1299.0
15440,10341,23,2,399.0
15441,10342,26,1,999.0
15442,10342,9,1,899.0
15443,10343,18,1,899.0
15444,10344,15,1,1199.0
15445,10345,8,1,2999.0
15446,10346,9,1,899.0
15447,10346,6,1,1499.0
15448,10347,6,2,1499.0
15449,10348,9,1,899.0
15450,10349,22,1,699.0
15451,10349,11,1,199.0
15452,10350,11,2,199.0
15453,10351,1,1,2499.0
15454,10352,24,3,899.0
15455,10353,17,1,4999.0
15456,10354,21,1,1099.0
15457,10354,15,2,1199.0
15458,10355,3,1,3499.0
15459,10356,3,1,3499.0
15460,10356,9,2,899.0
15461,10357,25,2,499.0
15462,10358,11,1,199.0
15463,10358,14,1,1599.0
15464,10359,10,1,299.0
15465,10360,4,1,1299.0
15466,10361,3,1,3499.0
15467,10362,6,1,1499.0
15468,10362,23,1,399.0
15469,10363,15,1,1199.0
15470,10364,5,2,999.0
15471,10364,3,2,3499.0
15472,10365,9,1,899.0
15473,10365,27,2,599.0
15474,10366,15,2,1199.0
15475,10367,1,3,2499.0
15476,10368,12,1,1299.0
15477,10369,22,2,699.0
15478,10370,7,1,599.0
15479,10371,24,1,899.0
15480,10372,6,1,1499.0
15481,10373,23,3,399.0
15482,10373,15,1,1199.0
15483,10374,19,3,4499.0
15484,10375,7,1,599.0
15485,10376,26,1,999.0
15486,10377,24,2,899.0
15487,10377,30,1,799.0
15488,10377,13,1,799.0
15489,10378,15,1,1199.0
15490,10379,27,1,599.0
15491,10380,15,1,1199.0
15492,10381,26,1,999.0
15493,10382,22,1,699.0
15494,10382,17,1,4999.0
15495,10382,15,1,1199.0
15496,10383,15,3,1199.0
15497,10383,4,1,1299.0
15498,10384,27,1,599.0
15499,10385,8,2,2999.0
15500,10386,1,2,2499.0
15501,10387,24,1,899.0
15502,10388,21,1,1099.0
15503,10389,18,2,899.0
15504,10389,19,1,4499.0
15505,10389,3,1,3499.0
15506,10390,4,2,1299.0
15507,10391,20,1,3999.0
15508,10391,4,1,1299.0
15509,10392,11,1,199.0
15510,10393,19,1,4499.0
15511,10393,7,1,599.0
15512,10394,7,1,599.0
15513,10394,23,1,399.0
15514,10394,18,1,899.0
15515,10395,11,2,199.0
15516,10396,17,1,4999.0
15517,10397,6,1,1499.0
15518,10398,14,1,1599.0
15519,10398,11,1,199.0
15520,10399,11,1,199.0
15521,10399,1,1,2499.0
15522,10400,29,1,1999.0
15523,10401,9,1,899.0
15524,10401,21,2,1099.0
15525,10401,3,1,3499.0
15526,10402,17,1,4999.0
15527,10402,25,1,499.0
15528,10403,19,1,4499.0
15529,10403,11,1,199.0
15530,10404,21,1,1099.0
15531,10404,3,1,3499.0
15532,10405,6,2,1499.0
15533,10406,15,1,1199.0
15534,10406,29,1,1999.0
15535,10406,8,1,2999.0
15536,10407,15,1,1199.0
15537,10407,26,2,999.0
15538,10408,6,1,1499.0
15539,10409,29,1,1999.0
15540,10409,4,2,1299.0
15541,10409,12,1,1299.0
15542,10410,22,1,699.0
15543,10411,18,1,899.0
15544,10411,7,3,599.0
15545,10411,27,1,599.0
15546,10412,6,1,1499.0
15547,10412,6,2,1499.0
15548,10413,1,1,2499.0
15549,10413,30,1,799.0
15550,10414,29,3,1999.0
15551,10415,4,1,1299.0
15552,10416,20,1,3999.0
15553,10416,5,3,999.0
15554,10417,4,2,1299.0
15555,10417,12,2,1299.0
15556,10418,1,1,2499.0
15557,10418,18,1,899.0
15558,10418,1,1,2499.0
15559,10419,11,1,199.0
15560,10419,30,1,799.0
15561,10420,13,2,799.0
15562,10420,11,1,199.0
15563,10420,17,1,4999.0
15564,10421,3,1,3499.0
15565,10421,1,2,2499.0
15566,10422,30,2,799.0
15567,10422,4,3,1299.0
15568,10422,7,1,599.0
15569,10423,9,1,899.0
15570,10423,29,1,1999.0
15571,10423,18,1,899.0
15572,10424,1,1,2499.0
15573,10425,17,1,4999.0
15574,10425,26,1,999.0
15575,10425,11,1,199.0
15576,10426,26,3,999.0
15577,10426,11,1,199.0
15578,10427,11,1,199.0
15579,10427,21,2,1099.0
15580,10428,9,1,899.0
15581,10428,17,1,4999.0
15582,10429,3,3,3499.0
15583,10430,25,2,499.0
15584,10431,8,1,2999.0
15585,10431,1,1,2499.0
15586,10432,23,3,399.0
15587,10433,28,1,499.0
15588,10433,28,1,499.0
15589,10433,25,1,499.0
15590,10434,6,2,1499.0
15591,10435,30,1,799.0
15592,10436,23,2,399.0
15593,10437,26,3,999.0
15594,10438,16,1,3999.0
15595,10438,11,2,199.0
15596,10439,10,1,299.0
15597,10440,5,1,999.0
15598,10441,30,1,799.0
15599,10442,3,2,3499.0
15600,10443,4,1,1299.0
15601,10443,29,2,1999.0
15602,10444,9,1,899.0
15603,10444,29,2,1999.0
15604,10445,25,1,499.0
15605,10446,18,2,899.0
15606,10447,9,1,899.0
15607,10447,23,1,399.0
15608,10448,3,3,3499.0
15609,10449,28,1,499.0
15610,10449,3,1,3499.0
15611,10450,26,1,999.0
15612,10451,28,1,499.0
15613,10451,23,1,399.0
15614,10452,23,1,399.0
15615,10452,9,2,899.0
15616,10453,7,1,599.0
15617,10453,15,2,1199.0
15618,10454,11,3,199.0
15619,10455,7,1,599.0
15620,10455,25,1,499.0
15621,10456,18,1,899.0
15622,10457,1,1,2499.0
15623,10458,1,1,2499.0
15624,10459,20,2,3999.0
15625,10459,24,1,899.0
15626,10460,3,2,3499.0
15627,10461,25,1,499.0
15628,10462,9,1,899.0
15629,10463,23,1,399.0
15630,10464,24,3,899.0
15631,10465,19,1,4499.0
15632,10466,19,1,4499.0
15633,10467,13,1,799.0
15634,10468,24,2,899.0
15635,10469,9,2,899.0
15636,10470,5,1,999.0
15637,10471,13,1,799.0
15638,10472,15,2,1199.0
15639,10473,4,1,1299.0
15640,10474,1,1,2499.0
15641,10475,24,1,899.0
15642,10476,29,1,1999.0
15643,10477,11,1,199.0
15644,10478,23,1,399.0
15645,10478,7,1,599.0
15646,10478,3,1,3499.0
15647,10479,21,2,1099.0
15648,10480,17,1,4999.0
15649,10481,7,2,599.0
15650,10481,24,2,899.0
15651,10482,3,1,3499.0
15652,10483,7,1,599.0
15653,10483,19,2,4499.0
15654,10484,7,1,599.0
15655,10485,30,2,799.0
15656,10485,18,1,899.0
15657,10486,29,2,1999.0
15658,10486,19,3,4499.0
15659,10486,21,3,1099.0
15660,10487,9,1,899.0
15661,10487,30,1,799.0
15662,10488,27,1,599.0
15663,10488,23,1,399.0
15664,10489,19,1,4499.0
15665,10490,11,2,199.0
15666,10491,28,3,499.0
15667,10492,16,1,3999.0
15668,10492,19,3,4499.0
15669,10493,23,1,399.0
15670,10494,1,1,2499.0
15671,10495,21,1,1099.0
15672,10495,14,1,1599.0
15673,10496,18,1,899.0
15674,10497,17,3,4999.0
15675,10497,6,3,1499.0
15676,10498,11,1,199.0
15677,10499,16,1,3999.0
15678,10500,29,1,1999.0
15679,10501,19,1,4499.0
15680,10501,3,1,3499.0
15681,10501,18,1,899.0
15682,10502,24,1,899.0
15683,10502,30,1,799.0
15684,10503,15,1,1199.0
15685,10504,9,2,899.0
15686,10504,12,2,1299.0
15687,10504,27,1,599.0
15688,10505,30,1,799.0
15689,10505,4,3,1299.0
15690,10505,23,1,399.0
15691,10506,13,1,799.0
15692,10506,17,1,4999.0
15693,10506,17,1,4999.0
15694,10507,7,2,599.0
15695,10507,26,1,999.0
15696,10507,2,3,1799.0
15697,10508,7,1,599.0
15698,10509,15,1,1199.0
15699,10510,28,1,499.0
15700,10511,6,1,1499.0
15701,10512,19,3,4499.0
15702,10512,1,3,2499.0
15703,10513,30,1,799.0
15704,10513,7,1,599.0
15705,10514,25,2,499.0
15706,10515,14,1,1599.0
15707,10516,22,1,699.0
15708,10516,24,1,899.0
15709,10516,27,1,599.0
15710,10517,11,1,199.0
15711,10518,3,1,3499.0
15712,10519,24,1,899.0
15713,10519,8,1,2999.0
15714,10520,16,1,3999.0
15715,10521,19,1,4499.0
15716,10522,7,2,599.0
15717,10522,12,2,1299.0
15718,10522,5,2,999.0
15719,10523,15,3,1199.0
15720,10523,23,1,399.0
15721,10524,25,1,499.0
15722,10524,4,1,1299.0
15723,10525,11,1,199.0
15724,10525,7,1,599.0
15725,10525,6,1,1499.0
15726,10526,17,2,4999.0
15727,10527,25,1,499.0
15728,10527,22,1,699.0
15729,10528,20,1,3999.0
15730,10529,11,1,199.0
15731,10530,8,1,2999.0
15732,10531,4,1,1299.0
15733,10532,15,1,1199.0
15734,10532,10,1,299.0
15735,10533,12,3,1299.0
15736,10533,1,1,2499.0
15737,10533,9,1,899.0
15738,10534,4,1,1299.0
15739,10535,9,1,899.0
15740,10535,17,1,4999.0
15741,10536,30,1,799.0
15742,10537,3,1,3499.0
15743,10538,26,1,999.0
15744,10539,27,2,599.0
15745,10540,7,1,599.0
15746,10540,8,1,2999.0
15747,10540,9,1,899.0
15748,10541,12,1,1299.0
15749,10541,7,1,599.0
15750,10542,25,1,499.0
15751,10542,15,1,1199.0
15752,10542,13,1,799.0
15753,10543,3,2,3499.0
15754,10543,16,1,3999.0
15755,10544,10,1,299.0
15756,10545,7,1,599.0
15757,10546,27,3,599.0
15758,10546,12,1,1299.0
15759,10546,20,1,3999.0
15760,10547,23,2,399.0
15761,10548,18,1,899.0
15762,10549,21,1,1099.0
15763,10550,9,1,899.0
15764,10551,1,2,2499.0
15765,10551,9,1,899.0
15766,10552,17,1,4999.0
15767,10553,29,1,1999.0
15768,10554,11,1,199.0
15769,10554,6,2,1499.0
15770,10554,10,1,299.0
15771,10555,9,1,899.0
15772,10556,3,1,3499.0
15773,10557,30,1,799.0
15774,10557,6,1,1499.0
15775,10558,6,1,1499.0
15776,10559,19,1,4499.0
15777,10559,4,1,1299.0
15778,10560,19,2,4499.0
15779,10560,7,2,599.0
15780,10561,30,1,799.0
15781,10562,30,1,799.0
15782,10562,30,3,799.0
15783,10562,10,1,299.0
15784,10563,11,1,199.0
15785,10564,17,2,4999.0
15786,10564,11,1,199.0
15787,10565,8,1,2999.0
15788,10566,10,2,299.0
15789,10566,3,1,3499.0
15790,10567,22,2,699.0
15791,10568,19,1,4499.0
15792,10568,24,1,899.0
15793,10569,5,2,999.0
15794,10569,12,1,1299.0
15795,10570,23,3,399.0
15796,10571,3,1,3499.0
15797,10572,24,1,899.0
15798,10573,8,1,2999.0
15799,10574,24,1,899.0
15800,10574,24,2,899.0
15801,10574,15,1,1199.0
15802,10575,13,1,799.0
15803,10576,8,3,2999.0
15804,10576,11,2,199.0
15805,10577,17,1,4999.0
15806,10577,17,2,4999.0
15807,10578,10,1,299.0
15808,10579,20,1,3999.0
15809,10579,30,3,799.0
15810,10579,3,1,3499.0
15811,10580,17,2,4999.0
15812,10581,25,3,499.0
15813,10582,9,2,899.0
15814,10583,9,1,899.0
15815,10583,12,1,1299.0
15816,10584,7,1,599.0
15817,10584,25,1,499.0
15818,10584,8,1,2999.0
15819,10585,19,3,4499.0
15820,10586,8,1,2999.0
15821,10587,13,1,799.0
15822,10588,3,1,3499.0
15823,10588,18,1,899.0
15824,10589,23,2,399.0
15825,10590,11,1,199.0
15826,10591,27,1,599.0
15827,10592,13,1,799.0
15828,10592,11,1,199.0
15829,10593,15,3,1199.0
15830,10594,1,2,2499.0
15831,10595,5,1,999.0
15832,10596,9,2,899.0
15833,10596,27,1,599.0
15834,10596,14,1,1599.0
15835,10597,9,1,899.0
15836,10598,15,1,1199.0
15837,10599,25,2,499.0
15838,10599,3,1,3499.0
15839,10599,11,1,199.0
15840,10600,23,1,399.0
15841,10601,11,1,199.0
15842,10602,1,1,2499.0
15843,10603,23,1,399.0
15844,10604,5,1,999.0
15845,10604,16,2,3999.0
15846,10605,2,1,1799.0
15847,10605,7,2,599.0
15848,10606,25,1,499.0
15849,10607,27,1,599.0
15850,10608,1,1,2499.0
15851,10608,11,1,199.0
15852,10609,15,1,1199.0
15853,10610,22,1,699.0
15854,10611,25,1,499.0
15855,10612,29,1,1999.0
15856,10613,23,1,399.0
15857,10613,23,1,399.0
15858,10614,25,3,499.0
15859,10615,5,1,999.0
15860,10615,3,1,3499.0
15861,10616,27,1,599.0
15862,10616,19,1,4499.0
15863,10616,9,1,899.0
15864,10617,17,1,4999.0
15865,10618,23,1,399.0
15866,10619,23,1,399.0
15867,10620,13,1,799.0
15868,10621,4,1,1299.0
15869,10622,5,3,999.0
15870,10622,10,2,299.0
15871,10623,17,1,4999.0
15872,10623,6,2,1499.0
15873,10624,15,1,1199.0
15874,10625,20,1,3999.0
15875,10625,11,2,199.0
15876,10626,11,1,199.0
15877,10626,6,1,1499.0
15878,10627,4,3,1299.0
15879,10628,11,1,199.0
15880,10628,11,1,199.0
15881,10629,26,3,999.0
15882,10630,8,1,2999.0
15883,10630,6,1,1499.0
15884,10631,30,1,799.0
15885,10632,22,1,699.0
15886,10633,26,1,999.0
15887,10634,15,1,1199.0
15888,10635,5,1,999.0
15889,10636,5,2,999.0
15890,10637,5,3,999.0
15891,10638,7,1,599.0
15892,10638,6,1,1499.0
15893,10639,21,1,1099.0
15894,10640,21,3,1099.0
15895,10641,11,1,199.0
15896,10641,24,1,899.0
15897,10642,15,2,1199.0
15898,10643,25,1,499.0
15899,10644,7,1,599.0
15900,10645,24,1,899.0
15901,10646,19,1,4499.0
15902,10646,15,1,1199.0
15903,10647,20,1,3999.0
15904,10648,18,1,899.0
15905,10648,1,1,2499.0
15906,10648,19,2,4499.0
15907,10649,18,2,899.0
15908,10650,4,2,1299.0
15909,10650,4,1,1299.0
15910,10651,3,1,3499.0
15911,10652,25,1,499.0
15912,10652,11,1,199.0
15913,10652,10,1,299.0
15914,10653,17,3,4999.0
15915,10653,27,1,599.0
15916,10653,4,2,1299.0
15917,10654,8,1,2999.0
15918,10654,13,1,799.0
15919,10654,3,1,3499.0
15920,10655,8,1,2999.0
15921,10655,24,1,899.0
15922,10655,21,1,1099.0
15923,10656,7,1,599.0
15924,10656,3,1,3499.0
15925,10657,30,1,799.0
15926,10657,25,2,499.0
15927,10657,15,1,1199.0
15928,10658,13,3,799.0
15929,10659,19,1,4499.0
15930,10660,15,2,1199.0
15931,10660,11,1,199.0
15932,10661,6,1,1499.0
15933,10662,3,1,3499.0
15934,10663,24,2,899.0
15935,10663,29,1,1999.0
15936,10663,20,1,3999.0
15937,10664,15,2,1199.0
15938,10665,3,2,3499.0
15939,10666,1,1,2499.0
15940,10667,7,1,599.0
15941,10667,3,2,3499.0
15942,10667,27,1,599.0
15943,10668,17,1,4999.0
15944,10669,1,1,2499.0
15945,10670,7,1,599.0
15946,10671,1,1,2499.0
15947,10672,18,2,899.0
15948,10673,3,1,3499.0
15949,10673,1,3,2499.0
15950,10673,26,3,999.0
15951,10674,22,1,699.0
15952,10674,26,3,999.0
15953,10675,30,2,799.0
15954,10676,2,1,1799.0
15955,10677,27,1,599.0
15956,10678,4,1,1299.0
15957,10679,6,2,1499.0
15958,10679,20,1,3999.0
15959,10679,11,1,199.0
15960,10680,18,1,899.0
15961,10681,6,1,1499.0
15962,10681,15,2,1199.0
15963,10682,11,1,199.0
15964,10683,7,1,599.0
15965,10684,3,1,3499.0
15966,10684,29,3,1999.0
15967,10685,15,1,1199.0
15968,10686,16,2,3999.0
15969,10687,27,1,599.0
15970,10687,28,3,499.0
15971,10688,23,1,399.0
15972,10688,23,2,399.0
15973,10688,25,2,499.0
15974,10689,13,1,799.0
15975,10689,4,1,1299.0
15976,10690,27,2,599.0
15977,10691,2,1,1799.0
15978,10691,28,2,499.0
15979,10691,24,1,899.0
15980,10692,4,1,1299.0
15981,10693,10,2,299.0
15982,10694,3,2,3499.0
15983,10695,3,3,3499.0
15984,10696,27,1,599.0
15985,10697,23,1,399.0
15986,10697,8,2,2999.0
15987,10698,13,2,799.0
15988,10699,18,1,899.0
15989,10699,5,1,999.0
15990,10700,23,1,399.0
15991,10700,6,2,1499.0
15992,10701,6,1,1499.0
15993,10701,6,1,1499.0
15994,10702,30,3,799.0
15995,10703,30,1,799.0
15996,10703,14,1,1599.0
15997,10704,20,1,3999.0
15998,10704,4,2,1299.0
15999,10704,21,1,1099.0
16000,10705,22,2,699.0
16001,10706,8,1,2999.0
16002,10706,12,1,1299.0
16003,10707,8,1,2999.0
16004,10708,11,1,199.0
16005,10709,25,2,499.0
16006,10709,7,1,599.0
16007,10710,21,1,1099.0
16008,10711,17,1,4999.0
16009,10712,30,2,799.0
16010,10712,15,1,1199.0
16011,10713,7,2,599.0
16012,10714,8,1,2999.0
16013,10715,3,2,3499.0
16014,10716,22,1,699.0
16015,10717,12,1,1299.0
16016,10717,17,2,4999.0
16017,10717,8,2,2999.0
16018,10718,12,1,1299.0
16019,10719,26,1,999.0
16020,10719,11,1,199.0
16021,10720,27,3,599.0
16022,10721,1,1,2499.0
16023,10722,22,2,699.0
16024,10723,4,3,1299.0
16025,10723,25,2,499.0
16026,10724,26,1,999.0
16027,10725,19,1,4499.0
16028,10725,13,3,799.0
16029,10725,7,1,599.0
16030,10726,25,2,499.0
16031,10726,4,2,1299.0
16032,10727,16,1,3999.0
16033,10728,21,3,1099.0
16034,10729,25,1,499.0
16035,10730,24,1,899.0
16036,10731,22,1,699.0
16037,10731,14,2,1599.0
16038,10732,6,1,1499.0
16039,10732,18,1,899.0
16040,10732,24,1,899.0
16041,10733,29,1,1999.0
16042,10734,22,2,699.0
16043,10735,23,1,399.0
16044,10736,19,1,4499.0
16045,10737,26,1,999.0
16046,10737,30,2,799.0
16047,10738,19,2,4499.0
16048,10739,1,1,2499.0
16049,10740,19,1,4499.0
16050,10741,9,1,899.0
16051,10741,18,2,899.0
16052,10742,11,3,199.0
16053,10742,19,1,4499.0
16054,10742,23,2,399.0
16055,10743,21,2,1099.0
16056,10743,24,1,899.0
16057,10744,3,1,3499.0
16058,10745,3,1,3499.0
16059,10746,24,3,899.0
16060,10747,15,1,1199.0
16061,10747,28,1,499.0
16062,10747,9,1,899.0
16063,10748,29,2,1999.0
16064,10749,20,2,3999.0
16065,10750,26,1,999.0
16066,10750,24,1,899.0
16067,10751,17,1,4999.0
16068,10751,15,1,1199.0
16069,10751,21,1,1099.0
16070,10752,26,1,999.0
16071,10752,30,2,799.0
16072,10753,11,1,199.0
16073,10753,24,1,899.0
16074,10754,20,1,3999.0
16075,10755,23,1,399.0
16076,10756,20,1,3999.0
16077,10757,9,1,899.0
16078,10758,23,1,399.0
16079,10759,23,1,399.0
16080,10760,20,1,3999.0
16081,10760,21,1,1099.0
16082,10761,6,2,1499.0
16083,10762,25,1,499.0
16084,10762,8,1,2999.0
16085,10763,12,1,1299.0
16086,10763,15,1,1199.0
16087,10764,29,1,1999.0
16088,10765,20,2,3999.0
16089,10765,10,1,299.0
16090,10766,1,1,2499.0
16091,10766,15,1,1199.0
16092,10767,30,2,799.0
16093,10768,22,1,699.0
16094,10769,4,3,1299.0
16095,10770,11,1,199.0
16096,10771,30,1,799.0
16097,10771,9,2,899.0
16098,10772,30,1,799.0
16099,10772,7,1,599.0
16100,10773,6,1,1499.0
16101,10773,8,3,2999.0
16102,10774,29,2,1999.0
16103,10775,19,1,4499.0
16104,10776,5,1,999.0
16105,10777,14,1,1599.0
16106,10778,19,1,4499.0
16107,10778,26,2,999.0
16108,10779,19,1,4499.0
16109,10779,21,1,1099.0
16110,10779,11,2,199.0
16111,10780,8,1,2999.0
16112,10781,9,3,899.0
16113,10781,18,1,899.0
16114,10782,7,1,599.0
16115,10782,30,1,799.0
16116,10783,11,1,199.0
16117,10783,29,2,1999.0
16118,10784,30,2,799.0
16119,10784,11,1,199.0
16120,10785,3,1,3499.0
16121,10786,25,1,499.0
16122,10786,19,1,4499.0
16123,10786,26,1,999.0
16124,10787,17,1,4999.0
16125,10788,4,3,1299.0
16126,10789,25,1,499.0
16127,10790,17,1,4999.0
16128,10790,9,3,899.0
16129,10790,18,1,899.0
16130,10791,7,1,599.0
16131,10791,26,3,999.0
16132,10792,15,1,1199.0
16133,10792,30,3,799.0
16134,10793,19,3,4499.0
16135,10794,12,1,1299.0
16136,10794,4,1,1299.0
16137,10794,19,1,4499.0
16138,10795,7,1,599.0
16139,10796,24,1,899.0
16140,10797,19,1,4499.0
16141,10797,9,1,899.0
16142,10798,25,1,499.0
16143,10799,16,1,3999.0
16144,10800,6,2,1499.0
16145,10801,5,1,999.0
16146,10802,6,1,1499.0
16147,10802,29,1,1999.0
16148,10803,9,1,899.0
16149,10804,8,1,2999.0
16150,10805,6,1,1499.0
16151,10805,14,2,1599.0
16152,10806,10,3,299.0
16153,10807,21,2,1099.0
16154,10807,4,2,1299.0
16155,10808,15,1,1199.0
16156,10808,14,1,1599.0
16157,10809,18,1,899.0
16158,10810,11,1,199.0
16159,10811,9,1,899.0
16160,10811,16,1,3999.0
16161,10811,7,2,599.0
16162,10812,6,2,1499.0
16163,10813,26,1,999.0
16164,10814,18,1,899.0
16165,10815,27,2,599.0
16166,10816,5,1,999.0
16167,10817,23,1,399.0
16168,10818,8,1,2999.0
16169,10819,11,1,199.0
16170,10820,30,1,799.0
16171,10821,22,1,699.0
16172,10821,15,3,1199.0
16173,10822,3,1,3499.0
16174,10823,15,1,1199.0
16175,10824,1,1,2499.0
16176,10825,14,3,1599.0
16177,10826,14,1,1599.0
16178,10827,5,3,999.0
16179,10827,10,1,299.0
16180,10827,7,1,599.0
16181,10828,7,1,599.0
16182,10828,23,1,399.0
16183,10829,3,1,3499.0
16184,10830,11,1,199.0
16185,10830,19,1,4499.0
16186,10830,15,1,1199.0
16187,10831,3,3,3499.0
16188,10832,15,2,1199.0
16189,10833,6,3,1499.0
16190,10834,23,1,399.0
16191,10835,15,2,1199.0
16192,10836,15,1,1199.0
16193,10837,11,1,199.0
16194,10838,22,1,699.0
16195,10838,25,1,499.0
16196,10838,25,3,499.0
16197,10839,18,1,899.0
16198,10840,7,1,599.0
16199,10841,7,2,599.0
16200,10841,18,3,899.0
16201,10841,7,2,599.0
16202,10842,23,2,399.0
16203,10843,25,2,499.0
16204,10844,6,2,1499.0
16205,10844,29,1,1999.0
16206,10845,23,1,399.0
16207,10846,4,1,1299.0
16208,10847,17,1,4999.0
16209,10848,8,1,2999.0
16210,10849,19,1,4499.0
16211,10850,28,1,499.0
16212,10850,10,2,299.0
16213,10851,24,3,899.0
16214,10852,2,3,1799.0
16215,10853,18,1,899.0
16216,10854,26,2,999.0
16217,10855,11,1,199.0
16218,10856,17,1,4999.0
16219,10856,25,1,499.0
16220,10857,25,1,499.0
16221,10858,7,1,599.0
16222,10859,21,1,1099.0
16223,10860,20,1,3999.0
16224,10860,6,1,1499.0
16225,10861,5,1,999.0
16226,10861,21,1,1099.0
16227,10862,17,1,4999.0
16228,10863,3,1,3499.0
16229,10864,22,2,699.0
16230,10864,23,1,399.0
16231,10864,12,1,1299.0
16232,10865,11,1,199.0
16233,10866,24,1,899.0
16234,10866,20,1,3999.0
16235,10867,23,1,399.0
16236,10868,25,1,499.0
16237,10869,19,3,4499.0
16238,10869,20,1,3999.0
16239,10870,10,1,299.0
16240,10871,6,1,1499.0
16241,10872,25,2,499.0
16242,10873,18,1,899.0
16243,10874,3,1,3499.0
16244,10874,9,1,899.0
16245,10875,1,1,2499.0
16246,10876,3,1,3499.0
16247,10877,6,1,1499.0
16248,10878,23,1,399.0
16249,10879,11,2,199.0
16250,10880,27,1,599.0
16251,10881,8,1,2999.0
16252,10882,19,1,4499.0
16253,10882,20,2,3999.0
16254,10883,29,3,1999.0
16255,10883,4,1,1299.0
16256,10884,27,2,599.0
16257,10885,5,1,999.0
16258,10886,4,1,1299.0
16259,10886,4,3,1299.0
16260,10887,9,1,899.0
16261,10888,5,2,999.0
16262,10889,8,3,2999.0
16263,10889,20,1,3999.0
16264,10890,10,1,299.0
16265,10891,23,2,399.0
16266,10892,9,1,899.0
16267,10892,21,1,1099.0
16268,10893,24,1,899.0
16269,10893,6,1,1499.0
16270,10894,7,2,599.0
16271,10894,11,1,199.0
16272,10895,8,3,2999.0
16273,10896,13,1,799.0
16274,10897,17,1,4999.0
16275,10897,3,1,3499.0
16276,10898,19,1,4499.0
16277,10899,7,1,599.0
16278,10899,19,3,4499.0
16279,10900,11,1,199.0
16280,10901,19,1,4499.0
16281,10901,29,1,1999.0
16282,10902,30,1,799.0
16283,10903,23,1,399.0
16284,10904,1,1,2499.0
16285,10905,3,1,3499.0
16286,10906,7,1,599.0
16287,10907,11,1,199.0
16288,10907,24,3,899.0
16289,10907,11,2,199.0
16290,10908,15,1,1199.0
16291,10909,30,2,799.0
16292,10909,6,2,1499.0
16293,10910,20,1,3999.0
16294,10910,8,1,2999.0
16295,10911,14,1,1599.0
16296,10911,25,1,499.0
16297,10912,5,3,999.0
16298,10912,11,1,199.0
16299,10913,11,3,199.0
16300,10914,3,1,3499.0
16301,10914,10,1,299.0
16302,10915,1,2,2499.0
16303,10916,16,1,3999.0
16304,10917,13,1,799.0
16305,10918,27,2,599.0
16306,10918,21,2,1099.0
16307,10918,22,1,699.0
16308,10919,11,1,199.0
16309,10920,10,1,299.0
16310,10920,7,2,599.0
16311,10921,7,1,599.0
16312,10921,18,3,899.0
16313,10921,20,2,3999.0
16314,10922,26,3,999.0
16315,10922,11,2,199.0
16316,10923,12,1,1299.0
16317,10924,18,1,899.0
16318,10925,23,1,399.0
16319,10926,20,1,3999.0
16320,10926,27,1,599.0
16321,10927,30,1,799.0
16322,10928,23,1,399.0
16323,10929,24,1,899.0
16324,10929,21,2,1099.0
16325,10930,24,1,899.0
16326,10931,19,1,4499.0
16327,10932,24,1,899.0
16328,10932,30,2,799.0
16329,10933,10,2,299.0
16330,10934,25,1,499.0
16331,10934,26,1,999.0
16332,10935,17,1,4999.0
16333,10936,25,1,499.0
16334,10936,26,1,999.0
16335,10937,8,2,2999.0
16336,10937,10,1,299.0
16337,10938,11,1,199.0
16338,10938,4,1,1299.0
16339,10938,9,1,899.0
16340,10939,14,1,1599.0
16341,10940,3,2,3499.0
16342,10940,19,1,4499.0
16343,10940,4,2,1299.0
16344,10941,17,2,4999.0
16345,10942,29,1,1999.0
16346,10942,24,1,899.0
16347,10943,17,3,4999.0
16348,10944,4,1,1299.0
16349,10945,30,1,799.0
16350,10945,14,2,1599.0
16351,10945,30,3,799.0
16352,10946,3,1,3499.0
16353,10946,15,1,1199.0
16354,10947,15,1,1199.0
16355,10947,13,2,799.0
16356,10948,24,1,899.0
16357,10948,19,2,4499.0
16358,10949,7,3,599.0
16359,10950,8,1,2999.0
16360,10951,20,1,3999.0
16361,10952,21,2,1099.0
16362,10953,4,2,1299.0
16363,10954,15,3,1199.0
16364,10955,10,1,299.0
16365,10956,27,2,599.0
16366,10957,30,1,799.0
16367,10958,23,2,399.0
16368,10959,9,2,899.0
16369,10960,15,1,1199.0
16370,10960,27,2,599.0
16371,10961,30,3,799.0
16372,10962,15,2,1199.0
16373,10963,4,1,1299.0
16374,10963,17,1,4999.0
16375,10964,26,1,999.0
16376,10964,16,1,3999.0
16377,10965,24,3,899.0
16378,10965,28,2,499.0
16379,10966,13,1,799.0
16380,10967,25,1,499.0
16381,10968,29,2,1999.0
16382,10969,23,1,399.0
16383,10970,1,1,2499.0
16384,10970,26,1,999.0
16385,10970,5,1,999.0
16386,10971,29,1,1999.0
16387,10972,28,1,499.0
16388,10972,18,1,899.0
16389,10973,28,1,499.0
16390,10973,6,1,1499.0
16391,10973,20,1,3999.0
16392,10974,1,1,2499.0
16393,10975,15,2,1199.0
16394,10976,9,2,899.0
16395,10976,15,1,1199.0
16396,10977,25,2,499.0
16397,10978,19,1,4499.0
16398,10979,15,1,1199.0
16399,10979,4,1,1299.0
16400,10980,13,1,799.0
16401,10981,9,1,899.0
16402,10982,11,1,199.0
16403,10983,6,2,1499.0
16404,10984,13,2,799.0
16405,10984,21,2,1099.0
16406,10985,9,1,899.0
16407,10985,27,1,599.0
16408,10986,2,1,1799.0
16409,10987,11,2,199.0
16410,10988,4,1,1299.0
16411,10988,19,2,4499.0
16412,10989,24,1,899.0
16413,10989,7,1,599.0
16414,10990,4,1,1299.0
16415,10991,3,2,3499.0
16416,10992,4,2,1299.0
16417,10992,9,1,899.0
16418,10993,25,1,499.0
16419,10993,11,1,199.0
16420,10994,17,1,4999.0
16421,10995,25,3,499.0
16422,10995,26,1,999.0
16423,10996,8,1,2999.0
16424,10996,3,1,3499.0
16425,10996,25,1,499.0
16426,10997,13,1,799.0
16427,10997,8,2,2999.0
16428,10998,17,2,4999.0
16429,10999,11,1,199.0
16430,11000,22,1,699.0
16431,11000,5,1,999.0
16432,11001,21,1,1099.0
16433,11001,30,3,799.0
16434,11001,11,2,199.0
16435,11002,22,3,699.0
16436,11003,9,1,899.0
16437,11003,26,1,999.0
16438,11003,6,1,1499.0
16439,11004,9,1,899.0
16440,11005,25,1,499.0
16441,11005,26,1,999.0
16442,11006,11,1,199.0
16443,11006,29,1,1999.0
16444,11007,30,1,799.0
16445,11007,12,3,1299.0
16446,11008,2,1,1799.0
16447,11008,8,2,2999.0
16448,11009,23,1,399.0
16449,11009,29,1,1999.0
16450,11010,3,2,3499.0
16451,11011,5,1,999.0
16452,11012,27,1,599.0
16453,11012,20,1,3999.0
16454,11013,18,2,899.0
16455,11013,4,1,1299.0
16456,11013,21,1,1099.0
16457,11014,10,2,299.0
16458,11014,2,1,1799.0
16459,11015,9,1,899.0
16460,11015,8,1,2999.0
16461,11015,7,1,599.0
16462,11016,9,1,899.0
16463,11016,30,1,799.0
16464,11017,14,1,1599.0
16465,11018,28,2,499.0
16466,11019,17,1,4999.0
16467,11019,24,1,899.0
16468,11020,11,2,199.0
16469,11021,15,1,1199.0
16470,11021,30,1,799.0
16471,11022,17,1,4999.0
16472,11023,11,1,199.0
16473,11024,2,1,1799.0
16474,11025,7,1,599.0
16475,11026,29,1,1999.0
16476,11027,6,2,1499.0
16477,11027,7,1,599.0
16478,11027,30,1,799.0
16479,11028,18,1,899.0
16480,11029,9,1,899.0
16481,11029,15,1,1199.0
16482,11030,18,1,899.0
16483,11030,29,1,1999.0
16484,11031,21,1,1099.0
16485,11031,22,1,699.0
16486,11031,7,3,599.0
16487,11032,16,1,3999.0
16488,11032,24,1,899.0
16489,11033,17,1,4999.0
16490,11034,10,1,299.0
16491,11035,25,1,499.0
16492,11036,12,1,1299.0
16493,11037,28,1,499.0
16494,11038,25,1,499.0
16495,11039,1,1,2499.0
16496,11040,25,1,499.0
16497,11040,23,1,399.0
16498,11041,12,1,1299.0
16499,11041,11,1,199.0
16500,11042,22,3,699.0
16501,11043,30,1,799.0
16502,11044,3,1,3499.0
16503,11045,4,1,1299.0
16504,11045,22,1,699.0
16505,11046,9,2,899.0
16506,11046,23,2,399.0
16507,11047,18,3,899.0
16508,11047,23,2,399.0
16509,11047,14,1,1599.0
16510,11048,3,1,3499.0
16511,11049,3,1,3499.0
16512,11050,4,1,1299.0
16513,11051,9,1,899.0
16514,11052,11,2,199.0
16515,11052,19,1,4499.0
16516,11052,24,2,899.0
16517,11053,11,1,199.0
16518,11053,9,2,899.0
16519,11053,22,2,699.0
16520,11054,17,1,4999.0
16521,11055,2,1,1799.0
16522,11056,17,2,4999.0
16523,11057,3,1,3499.0
16524,11057,9,1,899.0
16525,11057,26,2,999.0
16526,11058,19,1,4499.0
16527,11058,2,1,1799.0
16528,11059,25,1,499.0
16529,11060,14,2,1599.0
16530,11061,9,1,899.0
16531,11061,18,1,899.0
16532,11061,1,3,2499.0
16533,11062,26,1,999.0
16534,11063,24,2,899.0
16535,11063,4,1,1299.0
16536,11063,18,3,899.0
16537,11064,22,1,699.0
16538,11064,19,1,4499.0
16539,11065,29,1,1999.0
16540,11065,8,1,2999.0
16541,11066,10,1,299.0
16542,11067,15,2,1199.0
16543,11068,7,2,599.0
16544,11068,30,2,799.0
16545,11069,3,1,3499.0
16546,11070,6,3,1499.0
16547,11070,14,2,1599.0
16548,11070,6,2,1499.0
16549,11071,20,1,3999.0
16550,11072,23,1,399.0
16551,11073,14,1,1599.0
16552,11074,13,1,799.0
16553,11075,11,2,199.0
16554,11076,15,3,1199.0
16555,11077,23,2,399.0
16556,11077,24,1,899.0
16557,11078,27,1,599.0
16558,11079,8,1,2999.0
16559,11080,12,2,1299.0
16560,11081,25,1,499.0
16561,11082,11,2,199.0
16562,11083,24,1,899.0
16563,11084,22,1,699.0
16564,11085,4,1,1299.0
16565,11086,6,1,1499.0
16566,11087,15,1,1199.0
16567,11088,6,1,1499.0
16568,11088,24,1,899.0
16569,11088,30,1,799.0
16570,11089,24,1,899.0
16571,11090,5,1,999.0
16572,11091,5,1,999.0
16573,11092,24,1,899.0
16574,11093,25,1,499.0
16575,11094,23,2,399.0
16576,11095,28,1,499.0
16577,11095,11,2,199.0
16578,11096,23,1,399.0
16579,11097,30,3,799.0
16580,11097,9,1,899.0
16581,11098,4,1,1299.0
16582,11099,4,1,1299.0
16583,11099,11,1,199.0
16584,11100,14,1,1599.0
16585,11100,13,3,799.0
16586,11101,28,2,499.0
16587,11101,2,1,1799.0
16588,11102,18,1,899.0
16589,11103,3,1,3499.0
16590,11103,22,3,699.0
16591,11104,25,2,499.0
16592,11105,22,1,699.0
16593,11105,18,2,899.0
16594,11105,17,2,4999.0
16595,11106,23,1,399.0
16596,11107,19,1,4499.0
16597,11108,24,1,899.0
16598,11108,26,1,999.0
16599,11108,3,1,3499.0
16600,11109,30,2,799.0
16601,11110,10,2,299.0
16602,11111,4,1,1299.0
16603,11112,21,1,1099.0
16604,11112,6,2,1499.0
16605,11113,17,2,4999.0
16606,11113,4,3,1299.0
16607,11114,21,1,1099.0
16608,11114,8,1,2999.0
16609,11115,13,2,799.0
16610,11116,3,1,3499.0
16611,11116,26,1,999.0
16612,11117,6,1,1499.0
16613,11118,8,1,2999.0
16614,11118,17,1,4999.0
16615,11119,30,1,799.0
16616,11120,17,1,4999.0
16617,11121,26,1,999.0
16618,11122,3,2,3499.0
16619,11123,28,1,499.0
16620,11124,29,1,1999.0
16621,11125,20,1,3999.0
16622,11125,21,1,1099.0
16623,11126,17,1,4999.0
16624,11126,15,2,1199.0
16625,11127,30,2,799.0
16626,11128,15,1,1199.0
16627,11128,16,1,3999.0
16628,11129,11,2,199.0
16629,11129,29,1,1999.0
16630,11130,29,2,1999.0
16631,11130,30,1,799.0
16632,11131,18,2,899.0
16633,11132,9,1,899.0
16634,11133,27,1,599.0
16635,11133,10,2,299.0
16636,11134,19,3,4499.0
16637,11135,10,1,299.0
16638,11136,1,1,2499.0
16639,11136,3,1,3499.0
16640,11136,30,1,799.0
16641,11137,4,2,1299.0
16642,11138,8,2,2999.0
16643,11138,24,2,899.0
16644,11139,17,2,4999.0
16645,11140,4,2,1299.0
16646,11141,6,3,1499.0
16647,11141,26,2,999.0
16648,11142,4,3,1299.0
16649,11142,28,2,499.0
16650,11143,7,2,599.0
16651,11144,13,1,799.0
16652,11145,24,1,899.0
16653,11146,21,1,1099.0
16654,11146,15,1,1199.0
16655,11146,7,1,599.0
16656,11147,30,1,799.0
16657,11148,16,1,3999.0
16658,11148,30,1,799.0
16659,11149,22,2,699.0
16660,11150,25,1,499.0
16661,11151,25,1,499.0
16662,11152,27,2,599.0
16663,11153,30,3,799.0
16664,11153,19,1,4499.0
16665,11154,29,1,1999.0
16666,11155,10,2,299.0
16667,11156,28,1,499.0
16668,11156,15,1,1199.0
16669,11157,27,3,599.0
16670,11158,15,1,1199.0
16671,11158,24,3,899.0
16672,11159,14,1,1599.0
16673,11160,30,3,799.0
16674,11161,11,1,199.0
16675,11162,9,3,899.0
16676,11163,14,1,1599.0
16677,11164,15,1,1199.0
16678,11165,16,2,3999.0
16679,11165,24,1,899.0
16680,11166,18,1,899.0
16681,11167,23,1,399.0
16682,11168,6,1,1499.0
16683,11168,1,1,2499.0
16684,11169,18,3,899.0
16685,11170,6,1,1499.0
16686,11170,6,1,1499.0
16687,11171,1,2,2499.0
16688,11171,29,1,1999.0
16689,11172,7,1,599.0
16690,11172,9,1,899.0
16691,11173,11,1,199.0
16692,11174,7,2,599.0
16693,11175,1,1,2499.0
16694,11175,6,3,1499.0
16695,11175,26,1,999.0
16696,11176,21,2,1099.0
16697,11177,15,2,1199.0
16698,11178,4,1,1299.0
16699,11179,29,1,1999.0
16700,11179,30,1,799.0
16701,11180,22,1,699.0
16702,11181,14,3,1599.0
16703,11181,8,2,2999.0
16704,11182,18,2,899.0
16705,11183,27,1,599.0
16706,11184,17,2,4999.0
16707,11185,18,1,899.0
16708,11185,12,1,1299.0
16709,11186,11,1,199.0
16710,11187,25,3,499.0
16711,11188,3,1,3499.0
16712,11188,5,2,999.0
16713,11189,23,1,399.0
16714,11189,23,1,399.0
16715,11190,16,1,3999.0
16716,11191,7,2,599.0
16717,11191,20,1,3999.0
16718,11192,23,1,399.0
16719,11193,6,1,1499.0
16720,11193,7,1,599.0
16721,11193,22,1,699.0
16722,11194,15,1,1199.0
16723,11194,15,1,1199.0
16724,11195,19,1,4499.0
16725,11196,20,1,3999.0
16726,11196,2,1,1799.0
16727,11196,15,1,1199.0
16728,11197,19,1,4499.0
16729,11198,30,3,799.0
16730,11198,4,1,1299.0
16731,11198,7,2,599.0
16732,11199,29,1,1999.0
16733,11200,21,1,1099.0
16734,11201,11,1,199.0
16735,11202,25,1,499.0
16736,11203,15,1,1199.0
16737,11204,26,1,999.0
16738,11204,24,1,899.0
16739,11205,19,1,4499.0
16740,11206,17,1,4999.0
16741,11207,18,1,899.0
16742,11207,22,2,699.0
16743,11208,22,1,699.0
16744,11209,30,1,799.0
16745,11209,14,3,1599.0
16746,11210,18,3,899.0
16747,11210,11,1,199.0
16748,11211,17,1,4999.0
16749,11212,3,1,3499.0
16750,11212,6,1,1499.0
16751,11212,28,1,499.0
16752,11213,5,1,999.0
16753,11214,4,3,1299.0
16754,11214,6,1,1499.0
16755,11215,23,2,399.0
16756,11215,26,1,999.0
16757,11216,18,1,899.0
16758,11217,24,2,899.0
16759,11218,15,3,1199.0
16760,11218,25,1,499.0
16761,11218,15,1,1199.0
16762,11219,18,1,899.0
16763,11220,2,2,1799.0
16764,11221,20,2,3999.0
16765,11222,15,2,1199.0
16766,11222,19,3,4499.0
16767,11223,17,1,4999.0
16768,11224,30,1,799.0
16769,11224,22,3,699.0
16770,11225,10,1,299.0
16771,11225,20,1,3999.0
16772,11226,25,1,499.0
16773,11227,19,1,4499.0
16774,11227,27,1,599.0
16775,11228,9,3,899.0
16776,11229,10,1,299.0
16777,11229,3,1,3499.0
16778,11230,10,1,299.0
16779,11231,25,1,499.0
16780,11232,1,2,2499.0
16781,11232,7,2,599.0
16782,11232,3,1,3499.0
16783,11233,28,1,499.0
16784,11234,27,1,599.0
16785,11235,3,1,3499.0
16786,11236,3,1,3499.0
16787,11236,5,1,999.0
16788,11237,19,3,4499.0
16789,11238,10,1,299.0
16790,11238,4,1,1299.0
16791,11238,30,1,799.0
16792,11239,17,1,4999.0
16793,11240,15,1,1199.0
16794,11240,5,1,999.0
16795,11241,9,1,899.0
16796,11241,27,2,599.0
16797,11242,3,3,3499.0
16798,11242,1,1,2499.0
16799,11243,18,1,899.0
16800,11243,11,1,199.0
16801,11244,17,1,4999.0
16802,11245,25,1,499.0
16803,11246,20,1,3999.0
16804,11247,6,2,1499.0
16805,11248,14,1,1599.0
16806,11249,19,1,4499.0
16807,11250,30,2,799.0
16808,11250,23,3,399.0
16809,11251,30,2,799.0
16810,11251,6,1,1499.0
16811,11252,17,1,4999.0
16812,11252,15,2,1199.0
16813,11253,10,1,299.0
16814,11253,11,1,199.0
16815,11254,4,1,1299.0
16816,11255,25,1,499.0
16817,11255,4,1,1299.0
16818,11256,24,1,899.0
16819,11257,10,3,299.0
16820,11257,8,2,2999.0
16821,11257,28,1,499.0
16822,11258,15,2,1199.0
16823,11259,9,1,899.0
16824,11260,30,2,799.0
16825,11260,3,2,3499.0
16826,11260,22,1,699.0
16827,11261,17,1,4999.0
16828,11262,19,1,4499.0
16829,11262,17,1,4999.0
16830,11263,6,2,1499.0
16831,11264,23,1,399.0
16832,11265,26,2,999.0
16833,11266,1,1,2499.0
16834,11266,6,1,1499.0
16835,11267,27,3,599.0
16836,11268,24,1,899.0
16837,11269,14,1,1599.0
16838,11270,23,2,399.0
16839,11270,10,1,299.0
16840,11271,7,2,599.0
16841,11272,17,1,4999.0
16842,11273,13,1,799.0
16843,11274,18,1,899.0
16844,11275,19,1,4499.0
16845,11275,23,1,399.0
16846,11276,28,1,499.0
16847,11277,19,2,4499.0
16848,11278,15,1,1199.0
16849,11278,19,2,4499.0
16850,11279,11,2,199.0
16851,11280,29,2,1999.0
16852,11281,12,3,1299.0
16853,11282,1,1,2499.0
16854,11283,18,1,899.0
16855,11284,3,1,3499.0
16856,11284,22,1,699.0
16857,11285,15,2,1199.0
16858,11286,9,1,899.0
16859,11286,19,1,4499.0
16860,11287,7,2,599.0
16861,11288,9,1,899.0
16862,11288,27,1,599.0
16863,11289,4,1,1299.0
16864,11290,25,2,499.0
16865,11291,3,1,3499.0
16866,11292,10,2,299.0
16867,11292,19,2,4499.0
16868,11293,28,1,499.0
16869,11293,1,1,2499.0
16870,11293,17,1,4999.0
16871,11294,23,1,399.0
16872,11295,17,2,4999.0
16873,11295,24,2,899.0
16874,11295,23,1,399.0
16875,11296,8,1,2999.0
16876,11297,9,1,899.0
16877,11297,26,3,999.0
16878,11297,19,1,4499.0
16879,11298,23,2,399.0
16880,11299,4,2,1299.0
16881,11300,30,1,799.0
16882,11301,19,1,4499.0
16883,11302,23,1,399.0
16884,11302,24,1,899.0
16885,11303,6,1,1499.0
16886,11304,4,1,1299.0
16887,11304,8,1,2999.0
16888,11304,6,2,1499.0
16889,11305,3,1,3499.0
16890,11306,23,1,399.0
16891,11306,4,2,1299.0
16892,11307,20,1,3999.0
16893,11308,19,2,4499.0
16894,11308,15,1,1199.0
16895,11309,6,1,1499.0
16896,11310,3,3,3499.0
16897,11311,11,2,199.0
16898,11311,4,1,1299.0
16899,11312,4,2,1299.0
16900,11312,21,1,1099.0
16901,11312,9,2,899.0
16902,11313,6,1,1499.0
16903,11314,27,1,599.0
16904,11314,30,1,799.0
16905,11315,15,1,1199.0
16906,11316,10,1,299.0
16907,11316,24,2,899.0
16908,11316,16,1,3999.0
16909,11317,7,1,599.0
16910,11318,24,1,899.0
16911,11318,18,1,899.0
16912,11319,4,1,1299.0
16913,11319,1,1,2499.0
16914,11320,26,1,999.0
16915,11320,23,1,399.0
16916,11321,6,1,1499.0
16917,11322,14,1,1599.0
16918,11323,10,1,299.0
16919,11324,11,2,199.0
16920,11325,30,1,799.0
16921,11325,4,1,1299.0
16922,11325,10,2,299.0
16923,11326,10,1,299.0
16924,11327,7,1,599.0
16925,11328,22,1,699.0
16926,11328,18,1,899.0
16927,11329,6,1,1499.0
16928,11330,25,1,499.0
16929,11330,20,1,3999.0
16930,11330,14,1,1599.0
16931,11331,30,3,799.0
16932,11331,22,3,699.0
16933,11332,27,1,599.0
16934,11333,28,2,499.0
16935,11333,18,1,899.0
16936,11334,21,1,1099.0
16937,11335,30,1,799.0
16938,11335,29,1,1999.0
16939,11336,7,3,599.0
16940,11337,1,3,2499.0
16941,11338,9,1,899.0
16942,11339,20,1,3999.0
16943,11339,9,2,899.0
16944,11340,6,3,1499.0
16945,11341,4,2,1299.0
16946,11342,22,1,699.0
16947,11343,4,1,1299.0
16948,11343,30,1,799.0
16949,11344,25,1,499.0
16950,11345,9,1,899.0
16951,11346,6,1,1499.0
16952,11347,3,1,3499.0
16953,11347,23,1,399.0
16954,11347,22,2,699.0
16955,11348,23,2,399.0
16956,11349,24,2,899.0
16957,11350,7,2,599.0
16958,11351,24,1,899.0
16959,11351,19,2,4499.0
16960,11351,23,1,399.0
16961,11352,16,1,3999.0
16962,11353,9,1,899.0
16963,11354,8,1,2999.0
16964,11355,17,1,4999.0
16965,11356,3,1,3499.0
16966,11357,21,1,1099.0
16967,11358,24,1,899.0
16968,11359,21,1,1099.0
16969,11359,7,1,599.0
16970,11360,16,2,3999.0
16971,11361,15,1,1199.0
16972,11361,3,1,3499.0
16973,11362,28,2,499.0
16974,11362,30,3,799.0
16975,11363,9,2,899.0
16976,11363,15,1,1199.0
16977,11363,27,2,599.0
16978,11364,5,1,999.0
16979,11364,3,1,3499.0
16980,11365,22,2,699.0
16981,11365,26,2,999.0
16982,11365,23,1,399.0
16983,11366,15,1,1199.0
16984,11367,7,1,599.0
16985,11367,15,1,1199.0
16986,11368,7,1,599.0
16987,11369,2,1,1799.0
16988,11370,17,2,4999.0
16989,11370,5,1,999.0
16990,11371,17,3,4999.0
16991,11372,3,1,3499.0
16992,11372,29,3,1999.0
16993,11373,23,1,399.0
16994,11374,18,1,899.0
16995,11374,18,1,899.0
16996,11375,3,1,3499.0
16997,11375,9,2,899.0
16998,11376,6,1,1499.0
16999,11377,9,1,899.0
17000,11378,29,1,1999.0
17001,11379,19,1,4499.0
17002,11379,29,2,1999.0
17003,11380,17,1,4999.0
17004,11381,2,1,1799.0
17005,11381,15,1,1199.0
17006,11382,25,3,499.0
17007,11383,25,1,499.0
17008,11384,4,1,1299.0
17009,11385,7,1,599.0
17010,11385,6,1,1499.0
17011,11386,29,1,1999.0
17012,11387,30,3,799.0
17013,11387,13,2,799.0
17014,11387,9,1,899.0
17015,11388,15,3,1199.0
17016,11389,24,3,899.0
17017,11389,23,1,399.0
17018,11390,10,3,299.0
17019,11391,8,2,2999.0
17020,11392,17,1,4999.0
17021,11392,19,1,4499.0
17022,11393,6,3,1499.0
17023,11393,24,1,899.0
17024,11394,4,2,1299.0
17025,11394,10,1,299.0
17026,11395,3,1,3499.0
17027,11396,25,1,499.0
17028,11396,25,1,499.0
17029,11397,18,1,899.0
17030,11398,3,1,3499.0
17031,11398,30,3,799.0
17032,11398,22,1,699.0
17033,11399,19,1,4499.0
17034,11399,25,1,499.0
17035,11399,19,1,4499.0
17036,11400,1,1,2499.0
17037,11401,21,3,1099.0
17038,11401,20,1,3999.0
17039,11402,21,1,1099.0
17040,11403,24,1,899.0
17041,11403,26,1,999.0
17042,11404,24,2,899.0
17043,11404,15,1,1199.0
17044,11405,6,3,1499.0
17045,11405,25,1,499.0
17046,11406,22,2,699.0
17047,11407,4,1,1299.0
17048,11408,8,1,2999.0
17049,11409,18,1,899.0
17050,11410,12,1,1299.0
17051,11411,3,2,3499.0
17052,11411,7,1,599.0
17053,11412,30,1,799.0
17054,11413,29,1,1999.0
17055,11413,21,2,1099.0
17056,11414,24,1,899.0
17057,11415,9,1,899.0
17058,11416,24,3,899.0
17059,11417,6,1,1499.0
17060,11418,4,1,1299.0
17061,11419,11,1,199.0
17062,11420,27,1,599.0
17063,11421,11,2,199.0
17064,11422,23,1,399.0
17065,11423,7,1,599.0
17066,11424,27,1,599.0
17067,11425,15,1,1199.0
17068,11426,15,3,1199.0
17069,11427,11,1,199.0
17070,11427,29,1,1999.0
17071,11427,8,1,2999.0
17072,11428,11,1,199.0
17073,11429,6,1,1499.0
17074,11430,22,2,699.0
17075,11430,5,1,999.0
17076,11431,22,2,699.0
17077,11432,23,1,399.0
17078,11432,20,2,3999.0
17079,11433,4,1,1299.0
17080,11434,8,1,2999.0
17081,11435,24,1,899.0
17082,11436,21,2,1099.0
17083,11436,3,1,3499.0
17084,11437,11,1,199.0
17085,11438,30,2,799.0
17086,11439,20,2,3999.0
17087,11440,3,1,3499.0
17088,11440,28,1,499.0
17089,11440,7,1,599.0
17090,11441,27,3,599.0
17091,11441,3,1,3499.0
17092,11442,3,1,3499.0
17093,11442,15,2,1199.0
17094,11443,11,1,199.0
17095,11444,8,1,2999.0
17096,11445,15,2,1199.0
17097,11446,6,2,1499.0
17098,11446,30,3,799.0
17099,11447,2,3,1799.0
17100,11447,17,1,4999.0
17101,11447,19,1,4499.0
17102,11448,17,1,4999.0
17103,11449,7,1,599.0
17104,11449,26,1,999.0
17105,11450,21,1,1099.0
17106,11451,11,1,199.0
17107,11452,13,1,799.0
17108,11452,17,1,4999.0
17109,11453,11,1,199.0
17110,11454,9,1,899.0
17111,11454,9,3,899.0
17112,11455,28,1,499.0
17113,11456,26,1,999.0
17114,11456,9,1,899.0
17115,11456,30,1,799.0
17116,11457,10,1,299.0
17117,11458,10,1,299.0
17118,11459,26,1,999.0
17119,11460,6,3,1499.0
17120,11461,30,1,799.0
17121,11461,23,1,399.0
17122,11461,3,2,3499.0
17123,11462,11,1,199.0
17124,11463,15,1,1199.0
17125,11464,7,1,599.0
17126,11464,5,1,999.0
17127,11465,30,1,799.0
17128,11466,3,1,3499.0
17129,11467,3,1,3499.0
17130,11468,20,1,3999.0
17131,11468,8,2,2999.0
17132,11468,3,1,3499.0
17133,11469,30,2,799.0
17134,11469,16,1,3999.0
17135,11470,23,2,399.0
17136,11471,2,1,1799.0
17137,11472,29,1,1999.0
17138,11472,9,1,899.0
17139,11473,20,3,3999.0
17140,11474,23,1,399.0
17141,11475,27,1,599.0
17142,11476,13,2,799.0
17143,11477,25,2,499.0
17144,11478,29,2,1999.0
17145,11478,30,2,799.0
17146,11478,7,3,599.0
17147,11479,30,1,799.0
17148,11480,13,1,799.0
17149,11481,11,2,199.0
17150,11481,1,1,2499.0
17151,11482,3,1,3499.0
17152,11483,25,3,499.0
17153,11483,23,1,399.0
17154,11484,18,1,899.0
17155,11485,9,1,899.0
17156,11485,29,1,1999.0
17157,11486,12,1,1299.0
17158,11486,12,2,1299.0
17159,11487,23,1,399.0
17160,11487,7,1,599.0
17161,11488,7,1,599.0
17162,11488,1,1,2499.0
17163,11488,24,1,899.0
17164,11489,25,1,499.0
17165,11490,19,2,4499.0
17166,11490,29,2,1999.0
17167,11491,5,1,999.0
17168,11492,15,1,1199.0
17169,11493,14,1,1599.0
17170,11493,2,1,1799.0
17171,11494,30,1,799.0
17172,11495,15,3,1199.0
17173,11496,19,1,4499.0
17174,11497,11,1,199.0
17175,11497,29,1,1999.0
17176,11498,8,1,2999.0
17177,11499,30,1,799.0
17178,11500,30,1,799.0
17179,11500,11,1,199.0
17180,11500,5,1,999.0
17181,11501,1,1,2499.0
17182,11502,6,1,1499.0
17183,11503,9,1,899.0
17184,11504,23,1,399.0
17185,11505,3,1,3499.0
17186,11506,13,2,799.0
17187,11507,15,1,1199.0
17188,11507,18,1,899.0
17189,11508,6,1,1499.0
17190,11509,5,1,999.0
17191,11510,10,3,299.0
17192,11511,19,3,4499.0
17193,11512,30,1,799.0
17194,11512,3,1,3499.0
17195,11513,24,1,899.0
17196,11513,7,1,599.0
17197,11513,27,1,599.0
17198,11514,17,2,4999.0
17199,11515,30,1,799.0
17200,11515,30,2,799.0
17201,11516,6,1,1499.0
17202,11517,9,1,899.0
17203,11518,1,1,2499.0
17204,11518,18,2,899.0
17205,11519,7,1,599.0
17206,11519,27,3,599.0
17207,11520,24,1,899.0
17208,11521,25,2,499.0
17209,11522,6,1,1499.0
17210,11522,26,2,999.0
17211,11523,23,1,399.0
17212,11523,24,1,899.0
17213,11524,6,1,1499.0
17214,11524,29,1,1999.0
17215,11525,4,1,1299.0
17216,11525,19,1,4499.0
17217,11525,30,2,799.0
17218,11526,11,1,199.0
17219,11526,6,1,1499.0
17220,11526,30,1,799.0
17221,11527,24,1,899.0
17222,11527,26,2,999.0
17223,11528,24,1,899.0
17224,11528,26,2,999.0
17225,11528,26,1,999.0
17226,11529,26,1,999.0
17227,11530,13,1,799.0
17228,11530,8,1,2999.0
17229,11531,27,1,599.0
17230,11532,19,1,4499.0
17231,11532,16,1,3999.0
17232,11533,11,3,199.0
17233,11534,6,2,1499.0
17234,11535,3,2,3499.0
17235,11536,11,1,199.0
17236,11536,27,1,599.0
17237,11537,11,2,199.0
17238,11538,7,1,599.0
17239,11539,26,1,999.0
17240,11540,24,1,899.0
17241,11541,22,1,699.0
17242,11541,2,1,1799.0
17243,11542,5,1,999.0
17244,11543,19,2,4499.0
17245,11544,29,1,1999.0
17246,11544,9,2,899.0
17247,11545,30,2,799.0
17248,11546,26,1,999.0
17249,11547,15,1,1199.0
17250,11547,26,1,999.0
17251,11547,16,1,3999.0
17252,11548,10,1,299.0
17253,11548,7,1,599.0
17254,11549,1,2,2499.0
17255,11549,26,3,999.0
17256,11550,23,1,399.0
17257,11550,9,1,899.0
17258,11551,26,2,999.0
17259,11552,19,1,4499.0
17260,11553,15,1,1199.0
17261,11553,7,1,599.0
17262,11554,6,1,1499.0
17263,11555,22,2,699.0
17264,11556,11,1,199.0
17265,11556,19,1,4499.0
17266,11557,16,2,3999.0
17267,11557,12,1,1299.0
17268,11558,8,2,2999.0
17269,11559,7,1,599.0
17270,11559,28,1,499.0
17271,11560,6,2,1499.0
17272,11561,5,3,999.0
17273,11562,17,1,4999.0
17274,11562,23,1,399.0
17275,11562,3,1,3499.0
17276,11563,25,1,499.0
17277,11564,7,1,599.0
17278,11565,15,1,1199.0
17279,11566,15,1,1199.0
17280,11566,8,1,2999.0
17281,11567,10,1,299.0
17282,11567,3,1,3499.0
17283,11568,7,1,599.0
17284,11569,15,1,1199.0
17285,11569,24,2,899.0
17286,11570,17,1,4999.0
17287,11571,26,3,999.0
17288,11572,19,1,4499.0
17289,11573,15,3,1199.0
17290,11574,6,1,1499.0
17291,11574,7,1,599.0
17292,11575,4,3,1299.0
17293,11576,19,2,4499.0
17294,11576,2,1,1799.0
17295,11576,14,1,1599.0
17296,11577,25,1,499.0
17297,11577,9,1,899.0
17298,11578,3,3,3499.0
17299,11578,23,2,399.0
17300,11579,23,1,399.0
17301,11580,8,2,2999.0
17302,11581,17,2,4999.0
17303,11581,19,2,4499.0
17304,11582,29,1,1999.0
17305,11582,24,2,899.0
17306,11583,23,2,399.0
17307,11584,30,1,799.0
17308,11585,4,3,1299.0
17309,11586,4,1,1299.0
17310,11586,13,1,799.0
17311,11587,23,1,399.0
17312,11588,6,1,1499.0
17313,11588,7,1,599.0
17314,11589,3,1,3499.0
17315,11589,3,1,3499.0
17316,11590,4,1,1299.0
17317,11590,15,1,1199.0
17318,11591,24,1,899.0
17319,11592,9,1,899.0
17320,11592,17,1,4999.0
17321,11593,20,2,3999.0
17322,11594,9,1,899.0
17323,11594,25,2,499.0
17324,11595,3,2,3499.0
17325,11595,19,1,4499.0
17326,11595,1,1,2499.0
17327,11596,3,1,3499.0
17328,11597,11,2,199.0
17329,11598,24,2,899.0
17330,11599,15,3,1199.0
17331,11600,29,2,1999.0
17332,11600,25,2,499.0
17333,11601,4,1,1299.0
17334,11602,9,1,899.0
17335,11603,18,2,899.0
17336,11604,23,1,399.0
17337,11605,7,1,599.0
17338,11606,27,1,599.0
17339,11607,2,1,1799.0
17340,11607,18,1,899.0
17341,11608,28,2,499.0
17342,11608,25,2,499.0
17343,11609,14,3,1599.0
17344,11610,1,1,2499.0
17345,11611,9,1,899.0
17346,11611,5,1,999.0
17347,11612,5,2,999.0
17348,11613,15,2,1199.0
17349,11614,30,1,799.0
17350,11615,27,1,599.0
17351,11616,24,1,899.0
17352,11617,6,1,1499.0
17353,11617,28,1,499.0
17354,11618,11,1,199.0
17355,11619,3,1,3499.0
17356,11620,6,1,1499.0
17357,11620,26,2,999.0
17358,11621,29,1,1999.0
17359,11621,12,3,1299.0
17360,11622,16,1,3999.0
17361,11623,11,1,199.0
17362,11624,13,1,799.0
17363,11625,23,1,399.0
17364,11625,11,1,199.0
17365,11626,15,1,1199.0
17366,11627,25,1,499.0
17367,11628,13,3,799.0
17368,11629,19,1,4499.0
17369,11629,19,2,4499.0
17370,11630,4,1,1299.0
17371,11630,25,1,499.0
17372,11631,30,1,799.0
17373,11631,15,1,1199.0
17374,11632,4,3,1299.0
17375,11633,11,1,199.0
17376,11633,12,3,1299.0
17377,11634,10,1,299.0
17378,11635,14,2,1599.0
17379,11635,3,1,3499.0
17380,11636,11,1,199.0
17381,11637,9,1,899.0
17382,11637,12,1,1299.0
17383,11637,26,3,999.0
17384,11638,19,2,4499.0
17385,11638,18,2,899.0
17386,11639,20,1,3999.0
17387,11640,21,1,1099.0
17388,11640,9,2,899.0
17389,11641,7,1,599.0
17390,11642,15,1,1199.0
17391,11643,29,1,1999.0
17392,11644,30,1,799.0
17393,11645,23,1,399.0
17394,11646,4,1,1299.0
17395,11647,30,2,799.0
17396,11648,13,1,799.0
17397,11648,8,2,2999.0
17398,11649,15,1,1199.0
17399,11650,10,1,299.0
17400,11650,2,1,1799.0
17401,11651,13,1,799.0
17402,11651,24,2,899.0
17403,11651,27,1,599.0
17404,11652,11,1,199.0
17405,11652,19,1,4499.0
17406,11652,11,2,199.0
17407,11653,17,1,4999.0
17408,11654,8,2,2999.0
17409,11655,18,3,899.0
17410,11656,3,1,3499.0
17411,11656,11,1,199.0
17412,11657,6,1,1499.0
17413,11658,9,1,899.0
17414,11658,1,1,2499.0
17415,11659,23,1,399.0
17416,11660,13,1,799.0
17417,11661,25,1,499.0
17418,11662,9,2,899.0
17419,11663,16,1,3999.0
17420,11663,6,1,1499.0
17421,11664,10,1,299.0
17422,11665,15,1,1199.0
17423,11665,26,1,999.0
17424,11666,26,1,999.0
17425,11666,11,2,199.0
17426,11666,23,1,399.0
17427,11667,3,1,3499.0
17428,11667,3,1,3499.0
17429,11668,6,1,1499.0
17430,11668,25,3,499.0
17431,11669,29,1,1999.0
17432,11669,9,1,899.0
17433,11670,30,1,799.0
17434,11671,9,1,899.0
17435,11672,19,2,4499.0
17436,11672,19,3,4499.0
17437,11673,5,1,999.0
17438,11674,9,1,899.0
17439,11675,24,1,899.0
17440,11676,6,1,1499.0
17441,11677,23,1,399.0
17442,11678,11,1,199.0
17443,11679,3,1,3499.0
17444,11679,21,1,1099.0
17445,11680,25,1,499.0
17446,11681,15,3,1199.0
17447,11682,3,3,3499.0
17448,11682,28,2,499.0
17449,11682,23,1,399.0
17450,11683,7,1,599.0
17451,11683,6,1,1499.0
17452,11684,19,1,4499.0
17453,11684,19,1,4499.0
17454,11685,17,2,4999.0
17455,11686,9,1,899.0
17456,11687,7,1,599.0
17457,11688,27,1,599.0
17458,11688,9,2,899.0
17459,11689,15,1,1199.0
17460,11689,19,1,4499.0
17461,11690,5,1,999.0
17462,11691,7,2,599.0
17463,11691,26,1,999.0
17464,11691,7,1,599.0
17465,11692,9,1,899.0
17466,11692,10,2,299.0
17467,11693,19,1,4499.0
17468,11693,8,1,2999.0
17469,11694,25,1,499.0
17470,11695,3,3,3499.0
17471,11695,6,1,1499.0
17472,11696,29,2,1999.0
17473,11697,15,1,1199.0
17474,11697,3,1,3499.0
17475,11698,23,1,399.0
17476,11699,14,1,1599.0
17477,11699,17,1,4999.0
17478,11699,9,1,899.0
17479,11700,9,2,899.0
17480,11701,21,1,1099.0
17481,11701,25,1,499.0
17482,11702,18,1,899.0
17483,11703,29,1,1999.0
17484,11703,3,1,3499.0
17485,11704,25,1,499.0
17486,11705,20,1,3999.0
17487,11706,6,1,1499.0
17488,11706,23,1,399.0
17489,11707,19,3,4499.0
17490,11708,14,1,1599.0
17491,11708,19,1,4499.0
17492,11709,22,1,699.0
17493,11710,17,1,4999.0
17494,11711,7,1,599.0
17495,11711,30,1,799.0
17496,11712,6,1,1499.0
17497,11713,8,1,2999.0
17498,11713,29,1,1999.0
17499,11714,26,1,999.0
17500,11715,25,1,499.0
17501,11716,3,3,3499.0
17502,11717,19,1,4499.0
17503,11717,1,1,2499.0
17504,11718,30,1,799.0
17505,11719,3,2,3499.0
17506,11720,17,1,4999.0
17507,11720,15,1,1199.0
17508,11721,15,1,1199.0
17509,11721,22,1,699.0
17510,11721,19,3,4499.0
17511,11722,21,1,1099.0
17512,11722,1,1,2499.0
17513,11722,25,1,499.0
17514,11723,27,1,599.0
17515,11723,3,1,3499.0
17516,11724,18,1,899.0
17517,11725,9,2,899.0
17518,11725,25,1,499.0
17519,11726,4,1,1299.0
17520,11727,4,1,1299.0
17521,11728,3,1,3499.0
17522,11728,4,1,1299.0
17523,11729,30,1,799.0
17524,11729,8,1,2999.0
17525,11730,3,1,3499.0
17526,11731,15,2,1199.0
17527,11731,16,1,3999.0
17528,11732,29,2,1999.0
17529,11732,25,1,499.0
17530,11733,11,2,199.0
17531,11733,20,1,3999.0
17532,11734,9,1,899.0
17533,11734,9,1,899.0
17534,11734,4,1,1299.0
17535,11735,8,3,2999.0
17536,11735,15,3,1199.0
17537,11736,2,1,1799.0
17538,11736,30,2,799.0
17539,11737,29,3,1999.0
17540,11738,14,3,1599.0
17541,11739,10,1,299.0
17542,11740,15,3,1199.0
17543,11741,10,1,299.0
17544,11742,5,1,999.0
17545,11742,9,1,899.0
17546,11743,15,1,1199.0
17547,11744,23,1,399.0
17548,11744,4,2,1299.0
17549,11744,20,1,3999.0
17550,11745,5,1,999.0
17551,11746,23,1,399.0
17552,11747,25,1,499.0
17553,11747,22,1,699.0
17554,11747,29,2,1999.0
17555,11748,21,1,1099.0
17556,11748,8,1,2999.0
17557,11749,19,1,4499.0
17558,11749,11,1,199.0
17559,11750,7,1,599.0
17560,11750,11,2,199.0
17561,11751,11,3,199.0
17562,11752,25,3,499.0
17563,11753,17,1,4999.0
17564,11754,20,1,3999.0
17565,11754,19,1,4499.0
17566,11755,22,3,699.0
17567,11756,3,1,3499.0
17568,11757,21,1,1099.0
17569,11757,19,1,4499.0
17570,11758,11,1,199.0
17571,11759,27,1,599.0
17572,11759,1,3,2499.0
17573,11760,5,1,999.0
17574,11760,6,2,1499.0
17575,11761,14,1,1599.0
17576,11762,13,2,799.0
17577,11763,15,2,1199.0
17578,11764,17,1,4999.0
17579,11764,6,2,1499.0
17580,11765,29,1,1999.0
17581,11766,23,1,399.0
17582,11767,23,2,399.0
17583,11768,2,2,1799.0
17584,11769,29,1,1999.0
17585,11769,26,1,999.0
17586,11770,16,1,3999.0
17587,11771,15,2,1199.0
17588,11771,2,1,1799.0
17589,11772,23,3,399.0
17590,11772,11,1,199.0
17591,11772,20,1,3999.0
17592,11773,7,1,599.0
17593,11774,6,3,1499.0
17594,11774,7,2,599.0
17595,11775,9,2,899.0
17596,11776,30,1,799.0
17597,11777,14,1,1599.0
17598,11777,11,1,199.0
17599,11778,28,1,499.0
17600,11778,19,1,4499.0
17601,11778,9,1,899.0
17602,11779,25,2,499.0
17603,11779,11,1,199.0
17604,11780,24,1,899.0
17605,11781,29,2,1999.0
17606,11782,4,1,1299.0
17607,11783,17,1,4999.0
17608,11784,30,2,799.0
17609,11784,17,1,4999.0
17610,11785,3,1,3499.0
17611,11785,29,2,1999.0
17612,11785,19,1,4499.0
17613,11786,19,1,4499.0
17614,11786,30,1,799.0
17615,11786,12,1,1299.0
17616,11787,17,1,4999.0
17617,11788,5,1,999.0
17618,11789,15,1,1199.0
17619,11790,29,2,1999.0
17620,11790,26,1,999.0
17621,11791,6,1,1499.0
17622,11792,16,2,3999.0
17623,11792,13,3,799.0
17624,11793,19,1,4499.0
17625,11794,3,1,3499.0
17626,11795,17,2,4999.0
17627,11795,1,2,2499.0
17628,11796,27,1,599.0
17629,11796,11,2,199.0
17630,11797,18,2,899.0
17631,11798,19,1,4499.0
17632,11799,26,1,999.0
17633,11800,2,1,1799.0
17634,11800,22,1,699.0
17635,11801,4,1,1299.0
17636,11802,27,1,599.0
17637,11803,30,3,799.0
17638,11804,7,1,599.0
17639,11804,8,1,2999.0
17640,11805,28,1,499.0
17641,11806,19,3,4499.0
17642,11807,11,2,199.0
17643,11807,30,2,799.0
17644,11808,3,1,3499.0
17645,11808,29,2,1999.0
17646,11809,19,1,4499.0
17647,11809,30,1,799.0
17648,11810,25,2,499.0
17649,11811,22,3,699.0
17650,11812,3,1,3499.0
17651,11813,25,1,499.0
17652,11814,24,1,899.0
17653,11815,28,3,499.0
17654,11816,16,1,3999.0
17655,11817,11,3,199.0
17656,11818,7,2,599.0
17657,11819,6,1,1499.0
17658,11820,15,1,1199.0
17659,11821,9,1,899.0
17660,11821,18,1,899.0
17661,11821,17,1,4999.0
17662,11822,13,2,799.0
17663,11823,7,3,599.0
17664,11824,11,2,199.0
17665,11825,3,2,3499.0
17666,11826,7,3,599.0
17667,11827,7,1,599.0
17668,11828,24,2,899.0
17669,11829,15,1,1199.0
17670,11830,19,2,4499.0
17671,11831,17,1,4999.0
17672,11832,30,1,799.0
17673,11833,28,1,499.0
17674,11834,8,1,2999.0
17675,11834,6,2,1499.0
17676,11835,30,3,799.0
17677,11835,11,2,199.0
17678,11835,10,1,299.0
17679,11836,10,3,299.0
17680,11837,19,1,4499.0
17681,11837,23,1,399.0
17682,11837,25,1,499.0
17683,11838,3,1,3499.0
17684,11839,18,2,899.0
17685,11840,21,1,1099.0
17686,11841,28,1,499.0
17687,11841,9,1,899.0
17688,11842,6,3,1499.0
17689,11843,2,1,1799.0
17690,11844,5,1,999.0
17691,11845,3,1,3499.0
17692,11845,6,1,1499.0
17693,11846,1,1,2499.0
17694,11847,10,1,299.0
17695,11848,7,1,599.0
17696,11848,19,1,4499.0
17697,11849,26,1,999.0
17698,11850,10,1,299.0
17699,11850,30,1,799.0
17700,11851,11,2,199.0
17701,11851,5,3,999.0
17702,11852,18,1,899.0
17703,11852,1,1,2499.0
17704,11853,19,1,4499.0
17705,11854,2,1,1799.0
17706,11855,11,1,199.0
17707,11856,4,1,1299.0
17708,11856,6,1,1499.0
17709,11856,26,1,999.0
17710,11857,30,1,799.0
17711,11857,13,1,799.0
17712,11857,25,1,499.0
17713,11858,23,1,399.0
17714,11859,17,2,4999.0
17715,11860,8,1,2999.0
17716,11860,30,1,799.0
17717,11861,9,3,899.0
17718,11862,19,2,4499.0
17719,11863,11,1,199.0
17720,11864,6,1,1499.0
17721,11865,19,1,4499.0
17722,11865,12,1,1299.0
17723,11866,13,2,799.0
17724,11866,15,2,1199.0
17725,11867,19,1,4499.0
17726,11868,1,2,2499.0
17727,11868,23,1,399.0
17728,11868,3,1,3499.0
17729,11869,25,1,499.0
17730,11869,12,3,1299.0
17731,11870,21,1,1099.0
17732,11871,23,1,399.0
17733,11872,3,3,3499.0
17734,11873,2,1,1799.0
17735,11873,26,1,999.0
17736,11874,18,1,899.0
17737,11874,20,1,3999.0
17738,11874,3,1,3499.0
17739,11875,12,1,1299.0
17740,11875,21,2,1099.0
17741,11876,27,2,599.0
17742,11877,25,1,499.0
17743,11878,24,1,899.0
17744,11879,19,1,4499.0
17745,11880,15,1,1199.0
17746,11881,4,1,1299.0
17747,11881,16,1,3999.0
17748,11882,7,2,599.0
17749,11883,14,1,1599.0
17750,11884,24,1,899.0
17751,11885,17,1,4999.0
17752,11886,30,1,799.0
17753,11886,30,1,799.0
17754,11887,14,1,1599.0
17755,11888,20,1,3999.0
17756,11889,26,2,999.0
17757,11890,9,2,899.0
17758,11891,8,2,2999.0
17759,11891,29,1,1999.0
17760,11892,30,2,799.0
17761,11893,6,1,1499.0
17762,11894,19,1,4499.0
17763,11894,1,1,2499.0
17764,11895,11,1,199.0
17765,11895,29,1,1999.0
17766,11896,7,1,599.0
17767,11897,22,1,699.0
17768,11897,3,1,3499.0
17769,11898,30,2,799.0
17770,11898,11,2,199.0
17771,11898,4,1,1299.0
17772,11899,7,1,599.0
17773,11900,25,2,499.0
17774,11900,3,1,3499.0
17775,11900,4,1,1299.0
17776,11901,6,1,1499.0
17777,11902,4,2,1299.0
17778,11903,2,3,1799.0
17779,11904,10,2,299.0
17780,11905,10,1,299.0
17781,11905,28,1,499.0
17782,11906,21,1,1099.0
17783,11906,7,1,599.0
17784,11907,7,3,599.0
17785,11908,8,1,2999.0
17786,11909,3,1,3499.0
17787,11909,26,2,999.0
17788,11910,10,1,299.0
17789,11911,6,1,1499.0
17790,11912,25,1,499.0
17791,11913,15,2,1199.0
17792,11913,7,1,599.0
17793,11914,30,1,799.0
17794,11915,30,1,799.0
17795,11915,2,3,1799.0
17796,11916,1,1,2499.0
17797,11917,3,1,3499.0
17798,11918,7,1,599.0
17799,11919,17,1,4999.0
17800,11919,6,1,1499.0
17801,11919,11,1,199.0
17802,11920,10,1,299.0
17803,11921,17,1,4999.0
17804,11922,18,1,899.0
17805,11922,12,1,1299.0
17806,11923,3,1,3499.0
17807,11924,24,1,899.0
17808,11925,8,1,2999.0
17809,11926,24,1,899.0
17810,11927,11,1,199.0
17811,11928,26,1,999.0
17812,11929,1,1,2499.0
17813,11930,16,1,3999.0
17814,11931,17,1,4999.0
17815,11932,21,3,1099.0
17816,11932,18,1,899.0
17817,11933,10,1,299.0
17818,11933,10,1,299.0
17819,11934,25,1,499.0
17820,11935,30,1,799.0
17821,11935,8,1,2999.0
17822,11936,19,1,4499.0
17823,11937,19,1,4499.0
17824,11938,19,1,4499.0
17825,11939,6,3,1499.0
17826,11940,7,1,599.0
17827,11941,7,1,599.0
17828,11942,1,2,2499.0
17829,11942,15,1,1199.0
17830,11943,18,3,899.0
17831,11944,12,1,1299.0
17832,11945,3,1,3499.0
17833,11946,30,1,799.0
17834,11947,2,1,1799.0
17835,11948,24,1,899.0
17836,11948,18,2,899.0
17837,11948,1,3,2499.0
17838,11949,23,2,399.0
17839,11950,7,2,599.0
17840,11950,15,1,1199.0
17841,11951,6,1,1499.0
17842,11951,29,3,1999.0
17843,11952,30,1,799.0
17844,11952,3,2,3499.0
17845,11953,3,1,3499.0
17846,11954,18,1,899.0
17847,11954,17,3,4999.0
17848,11955,30,1,799.0
17849,11956,1,1,2499.0
17850,11957,7,1,599.0
17851,11957,27,1,599.0
17852,11958,17,1,4999.0
17853,11958,10,1,299.0
17854,11959,20,1,3999.0
17855,11959,8,1,2999.0
17856,11959,15,3,1199.0
17857,11960,6,3,1499.0
17858,11960,29,1,1999.0
17859,11961,17,1,4999.0
17860,11961,10,3,299.0
17861,11962,17,1,4999.0
17862,11962,15,1,1199.0
17863,11963,4,3,1299.0
17864,11964,14,1,1599.0
17865,11965,24,1,899.0
17866,11966,17,1,4999.0
17867,11966,5,1,999.0
17868,11967,23,1,399.0
17869,11968,23,1,399.0
17870,11968,17,1,4999.0
17871,11968,4,2,1299.0
17872,11969,25,1,499.0
17873,11969,27,1,599.0
17874,11970,23,2,399.0
17875,11970,13,3,799.0
17876,11971,19,1,4499.0
17877,11972,25,1,499.0
17878,11973,3,2,3499.0
17879,11973,7,1,599.0
17880,11974,12,1,1299.0
17881,11975,24,2,899.0
17882,11975,23,2,399.0
17883,11976,3,1,3499.0
17884,11977,12,1,1299.0
17885,11978,17,2,4999.0
17886,11978,2,1,1799.0
17887,11979,26,1,999.0
17888,11980,3,1,3499.0
17889,11981,7,3,599.0
17890,11982,24,1,899.0
17891,11982,18,2,899.0
17892,11982,9,2,899.0
17893,11983,13,2,799.0
17894,11984,30,1,799.0
17895,11984,4,1,1299.0
17896,11984,16,1,3999.0
17897,11985,28,1,499.0
17898,11986,2,2,1799.0
17899,11987,30,1,799.0
17900,11988,23,1,399.0
17901,11988,7,2,599.0
17902,11989,23,1,399.0
17903,11990,6,1,1499.0
17904,11990,6,1,1499.0
17905,11991,11,1,199.0
17906,11991,9,3,899.0
17907,11992,15,1,1199.0
17908,11992,21,2,1099.0
17909,11992,8,1,2999.0
17910,11993,20,1,3999.0
17911,11993,7,2,599.0
17912,11994,13,3,799.0
17913,11994,12,1,1299.0
17914,11995,15,1,1199.0
17915,11995,8,2,2999.0
17916,11996,27,3,599.0
17917,11996,11,2,199.0
17918,11997,3,1,3499.0
17919,11998,27,1,599.0
17920,11999,21,1,1099.0
17921,11999,15,1,1199.0
17922,11999,23,1,399.0
17923,12000,11,1,199.0
17924,12001,23,3,399.0
17925,12002,17,1,4999.0
17926,12003,14,2,1599.0
17927,12003,30,1,799.0
17928,12004,3,3,3499.0
17929,12005,4,3,1299.0
17930,12006,27,1,599.0
17931,12006,1,2,2499.0
17932,12007,26,2,999.0
17933,12007,25,2,499.0
17934,12008,24,3,899.0
17935,12009,11,1,199.0
17936,12009,22,1,699.0
17937,12010,29,1,1999.0
17938,12011,14,1,1599.0
17939,12012,11,1,199.0
17940,12012,23,1,399.0
17941,12013,9,2,899.0
17942,12014,11,1,199.0
17943,12014,3,3,3499.0
17944,12015,4,1,1299.0
17945,12016,23,1,399.0
17946,12016,8,1,2999.0
17947,12017,24,1,899.0
17948,12018,4,2,1299.0
17949,12019,30,1,799.0
17950,12020,6,1,1499.0
17951,12021,3,3,3499.0
17952,12022,11,3,199.0
17953,12022,18,1,899.0
17954,12023,3,1,3499.0
17955,12023,17,2,4999.0
17956,12024,13,1,799.0
17957,12025,6,1,1499.0
17958,12026,15,2,1199.0
17959,12027,15,1,1199.0
17960,12028,19,1,4499.0
17961,12029,29,1,1999.0
17962,12030,4,1,1299.0
17963,12030,1,1,2499.0
17964,12031,19,1,4499.0
17965,12032,30,1,799.0
17966,12033,8,1,2999.0
17967,12034,3,1,3499.0
17968,12034,6,1,1499.0
17969,12035,23,2,399.0
17970,12035,11,1,199.0
17971,12036,24,1,899.0
17972,12037,24,1,899.0
17973,12037,12,3,1299.0
17974,12038,22,3,699.0
17975,12039,9,1,899.0
17976,12040,15,1,1199.0
17977,12041,4,1,1299.0
17978,12042,4,1,1299.0
17979,12042,21,2,1099.0
17980,12043,9,1,899.0
17981,12044,8,1,2999.0
17982,12044,14,2,1599.0
17983,12045,12,2,1299.0
17984,12046,15,1,1199.0
17985,12046,7,2,599.0
17986,12047,8,3,2999.0
17987,12047,3,1,3499.0
17988,12048,24,1,899.0
17989,12049,14,2,1599.0
17990,12050,3,1,3499.0
17991,12051,18,1,899.0
17992,12052,7,1,599.0
17993,12053,6,1,1499.0
17994,12053,7,1,599.0
17995,12054,8,2,2999.0
17996,12055,3,1,3499.0
17997,12056,20,1,3999.0
17998,12057,27,1,599.0
17999,12057,21,1,1099.0
18000,12058,21,1,1099.0
18001,12059,4,2,1299.0
18002,12060,24,1,899.0
18003,12060,19,1,4499.0
18004,12061,19,1,4499.0
18005,12061,4,1,1299.0
18006,12062,10,3,299.0
18007,12062,14,3,1599.0
18008,12063,24,3,899.0
18009,12063,23,2,399.0
18010,12064,8,2,2999.0
18011,12064,9,1,899.0
18012,12065,29,1,1999.0
18013,12066,6,1,1499.0
18014,12067,2,3,1799.0
18015,12068,5,1,999.0
18016,12069,4,1,1299.0
18017,12069,15,1,1199.0
18018,12070,15,1,1199.0
18019,12070,24,2,899.0
18020,12071,23,2,399.0
18021,12072,1,1,2499.0
18022,12073,9,1,899.0
18023,12074,21,1,1099.0
18024,12075,23,1,399.0
18025,12075,19,2,4499.0
18026,12076,12,1,1299.0
18027,12077,14,1,1599.0
18028,12078,23,1,399.0
18029,12079,15,2,1199.0
18030,12080,21,2,1099.0
18031,12080,21,2,1099.0
18032,12081,27,2,599.0
18033,12082,8,3,2999.0
18034,12083,26,1,999.0
18035,12084,29,1,1999.0
18036,12085,16,1,3999.0
18037,12085,24,2,899.0
18038,12085,17,1,4999.0
18039,12086,23,1,399.0
18040,12087,11,1,199.0
18041,12088,1,2,2499.0
18042,12089,2,1,1799.0
18043,12089,19,2,4499.0
18044,12090,18,1,899.0
18045,12090,19,1,4499.0
18046,12091,11,1,199.0
18047,12092,22,2,699.0
18048,12092,29,1,1999.0
18049,12093,19,1,4499.0
18050,12093,19,2,4499.0
18051,12094,19,1,4499.0
18052,12094,10,1,299.0
18053,12095,19,3,4499.0
18054,12096,2,1,1799.0
18055,12096,30,1,799.0
18056,12097,22,1,699.0
18057,12097,13,1,799.0
18058,12098,8,1,2999.0
18059,12098,9,2,899.0
18060,12098,9,1,899.0
18061,12099,10,3,299.0
18062,12100,1,1,2499.0
18063,12100,17,3,4999.0
18064,12101,23,3,399.0
18065,12102,23,1,399.0
18066,12103,2,1,1799.0
18067,12104,25,1,499.0
18068,12104,17,1,4999.0
18069,12105,16,3,3999.0
18070,12106,11,1,199.0
18071,12107,6,2,1499.0
18072,12108,10,3,299.0
18073,12109,15,1,1199.0
18074,12109,19,1,4499.0
18075,12109,10,1,299.0
18076,12110,25,1,499.0
18077,12110,11,1,199.0
18078,12110,25,1,499.0
18079,12111,17,1,4999.0
18080,12112,25,1,499.0
18081,12113,24,3,899.0
18082,12114,19,1,4499.0
18083,12115,11,1,199.0
18084,12115,7,1,599.0
18085,12116,11,1,199.0
18086,12117,19,1,4499.0
18087,12118,24,1,899.0
18088,12119,8,2,2999.0
18089,12120,15,3,1199.0
18090,12120,27,3,599.0
18091,12121,23,1,399.0
18092,12121,9,1,899.0
18093,12122,11,1,199.0
18094,12123,20,2,3999.0
18095,12124,30,1,799.0
18096,12125,15,1,1199.0
18097,12125,30,1,799.0
18098,12126,30,2,799.0
18099,12127,19,1,4499.0
18100,12128,1,1,2499.0
18101,12128,11,1,199.0
18102,12128,18,1,899.0
18103,12129,26,1,999.0
18104,12130,22,1,699.0
18105,12131,1,3,2499.0
18106,12132,12,1,1299.0
18107,12133,6,1,1499.0
18108,12134,30,1,799.0
18109,12134,7,1,599.0
18110,12135,20,1,3999.0
18111,12136,18,3,899.0
18112,12137,29,1,1999.0
18113,12138,4,1,1299.0
18114,12139,11,1,199.0
18115,12140,11,3,199.0
18116,12141,25,1,499.0
18117,12141,19,2,4499.0
18118,12141,15,1,1199.0
18119,12142,6,1,1499.0
18120,12143,3,3,3499.0
18121,12144,11,2,199.0
18122,12145,19,1,4499.0
18123,12146,11,1,199.0
18124,12147,30,1,799.0
18125,12147,4,1,1299.0
18126,12148,8,2,2999.0
18127,12148,19,1,4499.0
18128,12149,17,1,4999.0
18129,12149,7,1,599.0
18130,12150,9,2,899.0
18131,12151,11,1,199.0
18132,12151,3,1,3499.0
18133,12152,7,1,599.0
18134,12153,7,1,599.0
18135,12154,17,1,4999.0
18136,12155,25,1,499.0
18137,12156,24,2,899.0
18138,12156,8,2,2999.0
18139,12157,28,1,499.0
18140,12157,22,3,699.0
18141,12158,30,1,799.0
18142,12159,14,2,1599.0
18143,12159,11,1,199.0
18144,12160,14,1,1599.0
18145,12161,10,1,299.0
18146,12161,11,2,199.0
18147,12162,11,1,199.0
18148,12162,11,1,199.0
18149,12162,19,1,4499.0
18150,12163,15,2,1199.0
18151,12164,3,1,3499.0
18152,12165,26,2,999.0
18153,12165,25,1,499.0
18154,12166,1,1,2499.0
18155,12166,12,1,1299.0
18156,12166,22,3,699.0
18157,12167,19,3,4499.0
18158,12167,24,1,899.0
18159,12167,13,1,799.0
18160,12168,23,1,399.0
18161,12169,9,1,899.0
18162,12170,15,1,1199.0
18163,12171,6,1,1499.0
18164,12171,26,1,999.0
18165,12171,1,1,2499.0
18166,12172,9,1,899.0
18167,12173,25,1,499.0
18168,12173,25,2,499.0
18169,12174,11,1,199.0
18170,12174,9,1,899.0
18171,12174,23,1,399.0
18172,12175,27,1,599.0
18173,12176,15,1,1199.0
18174,12177,6,1,1499.0
18175,12178,19,2,4499.0
18176,12179,25,2,499.0
18177,12180,16,1,3999.0
18178,12181,2,1,1799.0
18179,12182,17,1,4999.0
18180,12183,21,3,1099.0
18181,12184,2,1,1799.0
18182,12185,30,1,799.0
18183,12186,1,1,2499.0
18184,12187,8,1,2999.0
18185,12188,5,1,999.0
18186,12188,19,2,4499.0
18187,12188,25,1,499.0
18188,12189,27,1,599.0
18189,12189,10,1,299.0
18190,12189,6,1,1499.0
18191,12190,17,1,4999.0
18192,12190,1,1,2499.0
18193,12190,18,1,899.0
18194,12191,4,1,1299.0
18195,12192,20,3,3999.0
18196,12192,6,1,1499.0
18197,12193,19,1,4499.0
18198,12193,1,1,2499.0
18199,12194,12,1,1299.0
18200,12194,17,1,4999.0
18201,12194,7,1,599.0
18202,12195,2,1,1799.0
18203,12196,11,1,199.0
18204,12197,26,1,999.0
18205,12197,9,1,899.0
18206,12197,17,2,4999.0
18207,12198,26,1,999.0
18208,12199,7,2,599.0
18209,12199,19,1,4499.0
18210,12199,27,2,599.0
18211,12200,23,3,399.0
18212,12200,25,2,499.0
18213,12201,26,2,999.0
18214,12202,1,3,2499.0
18215,12203,24,3,899.0
18216,12204,9,3,899.0
18217,12205,15,1,1199.0
18218,12205,15,2,1199.0
18219,12206,7,2,599.0
18220,12206,6,1,1499.0
18221,12207,12,1,1299.0
18222,12207,24,2,899.0
18223,12207,3,2,3499.0
18224,12208,23,1,399.0
18225,12209,11,1,199.0
18226,12210,30,2,799.0
18227,12211,19,1,4499.0
18228,12212,26,1,999.0
18229,12212,3,1,3499.0
18230,12212,19,1,4499.0
18231,12213,10,3,299.0
18232,12214,7,1,599.0
18233,12214,30,1,799.0
18234,12214,25,1,499.0
18235,12215,22,3,699.0
18236,12216,27,2,599.0
18237,12217,9,2,899.0
18238,12217,25,2,499.0
18239,12218,23,1,399.0
18240,12218,13,2,799.0
18241,12218,9,3,899.0
18242,12219,24,2,899.0
18243,12220,14,2,1599.0
18244,12221,22,1,699.0
18245,12222,29,1,1999.0
18246,12223,15,2,1199.0
18247,12224,26,1,999.0
18248,12225,24,1,899.0
18249,12226,18,2,899.0
18250,12226,21,1,1099.0
18251,12227,18,1,899.0
18252,12228,11,1,199.0
18253,12229,18,1,899.0
18254,12229,18,3,899.0
18255,12230,8,1,2999.0
18256,12231,11,1,199.0
18257,12232,25,1,499.0
18258,12233,27,1,599.0
18259,12233,11,1,199.0
18260,12234,9,1,899.0
18261,12235,17,1,4999.0
18262,12236,3,2,3499.0
18263,12237,23,1,399.0
18264,12238,23,2,399.0
18265,12238,19,2,4499.0
18266,12239,25,1,499.0
18267,12240,25,1,499.0
18268,12241,20,1,3999.0
18269,12241,14,1,1599.0
18270,12242,8,1,2999.0
18271,12243,30,1,799.0
18272,12243,24,1,899.0
18273,12244,23,1,399.0
18274,12244,6,1,1499.0
18275,12245,18,2,899.0
18276,12245,25,1,499.0
18277,12246,25,2,499.0
18278,12247,5,2,999.0
18279,12248,9,1,899.0
18280,12249,8,1,2999.0
18281,12249,18,1,899.0
18282,12249,17,2,4999.0
18283,12250,1,3,2499.0
18284,12251,12,1,1299.0
18285,12252,9,1,899.0
18286,12253,15,1,1199.0
18287,12254,24,1,899.0
18288,12255,24,2,899.0
18289,12255,15,1,1199.0
18290,12256,28,3,499.0
18291,12257,12,1,1299.0
18292,12257,16,1,3999.0
18293,12258,1,1,2499.0
18294,12259,8,2,2999.0
18295,12260,3,1,3499.0
18296,12261,7,2,599.0
18297,12261,19,1,4499.0
18298,12262,22,1,699.0
18299,12263,25,1,499.0
18300,12264,2,1,1799.0
18301,12265,4,2,1299.0
18302,12266,17,1,4999.0
18303,12266,18,1,899.0
18304,12266,14,1,1599.0
18305,12267,15,2,1199.0
18306,12267,24,2,899.0
18307,12268,26,2,999.0
18308,12269,15,2,1199.0
18309,12270,27,3,599.0
18310,12270,19,1,4499.0
18311,12271,17,1,4999.0
18312,12272,17,2,4999.0
18313,12273,25,1,499.0
18314,12273,20,3,3999.0
18315,12274,10,1,299.0
18316,12274,13,1,799.0
18317,12275,23,1,399.0
18318,12276,24,2,899.0
18319,12276,11,1,199.0
18320,12277,1,1,2499.0
18321,12277,7,1,599.0
18322,12277,5,2,999.0
18323,12278,15,1,1199.0
18324,12278,23,1,399.0
18325,12279,30,2,799.0
18326,12279,15,1,1199.0
18327,12280,20,1,3999.0
18328,12281,11,1,199.0
18329,12281,10,2,299.0
18330,12282,30,1,799.0
18331,12282,15,1,1199.0
18332,12283,18,2,899.0
18333,12284,7,3,599.0
18334,12285,24,1,899.0
18335,12286,25,1,499.0
18336,12287,12,2,1299.0
18337,12288,25,1,499.0
18338,12289,7,1,599.0
18339,12289,7,1,599.0
18340,12290,15,1,1199.0
18341,12291,26,2,999.0
18342,12292,18,1,899.0
18343,12292,7,1,599.0
18344,12293,1,1,2499.0
18345,12294,25,1,499.0
18346,12294,4,1,1299.0
18347,12295,30,1,799.0
18348,12296,12,1,1299.0
18349,12297,1,2,2499.0
18350,12297,3,1,3499.0
18351,12298,24,1,899.0
18352,12298,19,3,4499.0
18353,12299,26,1,999.0
18354,12300,4,1,1299.0
18355,12301,23,3,399.0
18356,12302,20,1,3999.0
18357,12303,29,2,1999.0
18358,12303,6,3,1499.0
18359,12304,24,1,899.0
18360,12305,7,2,599.0
18361,12306,5,1,999.0
18362,12306,23,1,399.0
18363,12307,21,2,1099.0
18364,12308,15,2,1199.0
18365,12309,18,1,899.0
18366,12310,9,1,899.0
18367,12310,6,3,1499.0
18368,12311,10,1,299.0
18369,12312,11,3,199.0
18370,12312,3,1,3499.0
18371,12313,9,1,899.0
18372,12314,15,1,1199.0
18373,12315,5,1,999.0
18374,12316,26,1,999.0
18375,12317,6,1,1499.0
18376,12318,10,1,299.0
18377,12319,4,1,1299.0
18378,12320,17,1,4999.0
18379,12320,18,1,899.0
18380,12321,11,1,199.0
18381,12322,11,3,199.0
18382,12322,4,3,1299.0
18383,12322,6,2,1499.0
18384,12323,16,1,3999.0
18385,12323,19,1,4499.0
18386,12324,27,1,599.0
18387,12325,1,1,2499.0
18388,12326,16,1,3999.0
18389,12327,20,1,3999.0
18390,12327,6,1,1499.0
18391,12328,26,1,999.0
18392,12328,5,1,999.0
18393,12329,23,1,399.0
18394,12329,22,2,699.0
18395,12330,2,2,1799.0
18396,12330,5,1,999.0
18397,12331,14,2,1599.0
18398,12331,1,1,2499.0
18399,12332,23,1,399.0
18400,12333,29,3,1999.0
18401,12333,29,2,1999.0
18402,12334,16,2,3999.0
18403,12335,10,1,299.0
18404,12336,22,2,699.0
18405,12336,19,1,4499.0
18406,12337,15,1,1199.0
18407,12338,10,1,299.0
18408,12339,4,2,1299.0
18409,12339,24,2,899.0
18410,12340,19,1,4499.0
18411,12340,24,1,899.0
18412,12341,11,1,199.0
18413,12342,17,1,4999.0
18414,12342,1,3,2499.0
18415,12343,4,2,1299.0
18416,12344,7,1,599.0
18417,12345,9,1,899.0
18418,12346,22,2,699.0
18419,12346,24,1,899.0
18420,12346,16,1,3999.0
18421,12347,3,1,3499.0
18422,12348,13,1,799.0
18423,12348,6,1,1499.0
18424,12349,30,2,799.0
18425,12350,22,2,699.0
18426,12350,8,1,2999.0
18427,12350,7,1,599.0
18428,12351,4,3,1299.0
18429,12352,11,2,199.0
18430,12353,25,1,499.0
18431,12353,11,1,199.0
18432,12354,23,1,399.0
18433,12355,25,1,499.0
18434,12356,10,1,299.0
18435,12357,18,1,899.0
18436,12358,8,1,2999.0
18437,12358,22,1,699.0
18438,12359,11,1,199.0
18439,12360,6,3,1499.0
18440,12361,8,2,2999.0
18441,12362,10,1,299.0
18442,12363,21,2,1099.0
18443,12364,17,1,4999.0
18444,12364,19,2,4499.0
18445,12365,30,1,799.0
18446,12366,11,1,199.0
18447,12367,11,1,199.0
18448,12367,17,1,4999.0
18449,12368,9,2,899.0
18450,12369,4,1,1299.0
18451,12370,8,1,2999.0
18452,12371,11,1,199.0
18453,12372,28,3,499.0
18454,12373,15,2,1199.0
18455,12373,6,2,1499.0
18456,12373,3,2,3499.0
18457,12374,19,1,4499.0
18458,12375,3,1,3499.0
18459,12376,3,1,3499.0
18460,12376,1,1,2499.0
18461,12377,26,2,999.0
18462,12378,6,1,1499.0
18463,12379,6,1,1499.0
18464,12379,12,1,1299.0
18465,12380,30,1,799.0
18466,12381,29,2,1999.0
18467,12382,23,1,399.0
18468,12382,13,1,799.0
18469,12383,30,1,799.0
18470,12384,23,2,399.0
18471,12384,13,1,799.0
18472,12385,20,1,3999.0
18473,12385,8,2,2999.0
18474,12386,29,1,1999.0
18475,12386,1,1,2499.0
18476,12387,25,1,499.0
18477,12388,13,2,799.0
18478,12388,23,1,399.0
18479,12388,8,1,2999.0
18480,12389,11,2,199.0
18481,12389,7,2,599.0
18482,12389,8,2,2999.0
18483,12390,16,1,3999.0
18484,12391,21,1,1099.0
18485,12391,8,1,2999.0
18486,12392,4,2,1299.0
18487,12393,18,2,899.0
18488,12394,1,2,2499.0
18489,12395,20,3,3999.0
18490,12396,7,2,599.0
18491,12396,20,2,3999.0
18492,12397,15,1,1199.0
18493,12398,18,2,899.0
18494,12398,3,2,3499.0
18495,12399,19,1,4499.0
18496,12399,4,1,1299.0
18497,12400,21,3,1099.0
18498,12401,21,2,1099.0
18499,12402,19,2,4499.0
18500,12403,7,2,599.0
18501,12404,12,2,1299.0
18502,12405,17,2,4999.0
18503,12405,2,1,1799.0
18504,12406,15,1,1199.0
18505,12407,27,1,599.0
18506,12407,20,2,3999.0
18507,12408,17,3,4999.0
18508,12409,4,1,1299.0
18509,12410,11,3,199.0
18510,12410,22,1,699.0
18511,12410,10,1,299.0
18512,12411,23,1,399.0
18513,12412,5,2,999.0
18514,12413,9,1,899.0
18515,12414,6,3,1499.0
18516,12415,19,1,4499.0
18517,12416,19,2,4499.0
18518,12417,4,3,1299.0
18519,12418,19,2,4499.0
18520,12419,11,1,199.0
18521,12420,4,1,1299.0
18522,12421,16,1,3999.0
18523,12421,14,2,1599.0
18524,12422,10,1,299.0
18525,12423,15,1,1199.0
18526,12424,1,1,2499.0
18527,12424,1,2,2499.0
18528,12425,10,1,299.0
18529,12426,4,2,1299.0
18530,12427,4,1,1299.0
18531,12428,8,1,2999.0
18532,12428,12,1,1299.0
18533,12428,19,1,4499.0
18534,12429,11,1,199.0
18535,12430,9,1,899.0
18536,12431,24,1,899.0
18537,12432,27,1,599.0
18538,12432,11,2,199.0
18539,12433,30,1,799.0
18540,12434,6,2,1499.0
18541,12435,7,1,599.0
18542,12436,15,2,1199.0
18543,12436,5,1,999.0
18544,12437,8,1,2999.0
18545,12438,16,1,3999.0
18546,12439,21,1,1099.0
18547,12440,3,2,3499.0
18548,12440,8,1,2999.0
18549,12441,30,2,799.0
18550,12442,26,1,999.0
18551,12443,3,1,3499.0
18552,12444,26,1,999.0
18553,12445,9,2,899.0
18554,12445,23,2,399.0
18555,12445,3,1,3499.0
18556,12446,1,1,2499.0
18557,12447,12,1,1299.0
18558,12448,11,3,199.0
18559,12449,12,3,1299.0
18560,12449,3,1,3499.0
18561,12450,26,2,999.0
18562,12451,6,2,1499.0
18563,12452,22,2,699.0
18564,12453,20,1,3999.0
18565,12454,20,2,3999.0
18566,12454,25,1,499.0
18567,12455,27,2,599.0
18568,12456,13,1,799.0
18569,12457,3,1,3499.0
18570,12458,14,1,1599.0
18571,12459,18,1,899.0
18572,12460,10,1,299.0
18573,12460,18,1,899.0
18574,12461,15,2,1199.0
18575,12462,20,1,3999.0
18576,12463,1,1,2499.0
18577,12463,24,2,899.0
18578,12464,3,1,3499.0
18579,12465,30,2,799.0
18580,12466,15,1,1199.0
18581,12467,22,1,699.0
18582,12468,11,1,199.0
18583,12469,7,1,599.0
18584,12470,6,1,1499.0
18585,12471,24,1,899.0
18586,12472,20,1,3999.0
18587,12472,3,1,3499.0
18588,12473,25,1,499.0
18589,12474,23,1,399.0
18590,12474,18,1,899.0
18591,12474,11,1,199.0
18592,12475,3,1,3499.0
18593,12476,29,3,1999.0
18594,12477,3,1,3499.0
18595,12478,18,2,899.0
18596,12479,6,1,1499.0
18597,12480,14,1,1599.0
18598,12480,27,2,599.0
18599,12481,23,1,399.0
18600,12481,20,1,3999.0
18601,12482,13,2,799.0
18602,12483,7,1,599.0
18603,12483,8,1,2999.0
18604,12484,2,1,1799.0
18605,12485,18,1,899.0
18606,12486,24,1,899.0
18607,12486,29,1,1999.0
18608,12486,4,1,1299.0
18609,12487,3,1,3499.0
18610,12488,3,2,3499.0
18611,12489,5,2,999.0
18612,12490,13,3,799.0
18613,12491,13,2,799.0
18614,12491,7,1,599.0
18615,12492,23,1,399.0
18616,12492,15,1,1199.0
18617,12493,6,1,1499.0
18618,12493,1,1,2499.0
18619,12493,3,2,3499.0
18620,12494,6,2,1499.0
18621,12494,28,3,499.0
18622,12495,29,2,1999.0
18623,12496,11,1,199.0
18624,12497,17,3,4999.0
18625,12498,1,1,2499.0
18626,12498,11,1,199.0
18627,12499,15,1,1199.0
18628,12500,17,1,4999.0
18629,12501,20,2,3999.0
18630,12502,26,1,999.0
18631,12503,2,2,1799.0
18632,12503,19,1,4499.0
18633,12504,6,1,1499.0
18634,12504,12,1,1299.0
18635,12505,1,1,2499.0
18636,12505,25,1,499.0
18637,12506,7,1,599.0
18638,12507,23,1,399.0
18639,12507,20,1,3999.0
18640,12507,19,1,4499.0
18641,12508,9,3,899.0
18642,12509,19,1,4499.0
18643,12509,10,1,299.0
18644,12510,3,1,3499.0
18645,12511,28,1,499.0
18646,12511,4,1,1299.0
18647,12512,23,2,399.0
18648,12512,15,3,1199.0
18649,12513,18,1,899.0
18650,12513,11,1,199.0
18651,12513,11,1,199.0
18652,12514,22,1,699.0
18653,12514,24,2,899.0
18654,12515,12,1,1299.0
18655,12516,4,1,1299.0
18656,12517,4,1,1299.0
18657,12518,9,3,899.0
18658,12519,19,1,4499.0
18659,12520,4,1,1299.0
18660,12521,4,2,1299.0
18661,12522,19,1,4499.0
18662,12523,8,1,2999.0
18663,12524,19,1,4499.0
18664,12524,7,1,599.0
18665,12525,15,1,1199.0
18666,12526,23,1,399.0
18667,12527,24,2,899.0
18668,12527,4,1,1299.0
18669,12528,4,3,1299.0
18670,12529,6,1,1499.0
18671,12529,9,1,899.0
18672,12530,28,1,499.0
18673,12531,28,1,499.0
18674,12531,9,2,899.0
18675,12532,3,1,3499.0
18676,12533,23,1,399.0
18677,12533,29,1,1999.0
18678,12534,22,2,699.0
18679,12534,2,3,1799.0
18680,12535,19,2,4499.0
18681,12535,14,2,1599.0
18682,12535,11,1,199.0
18683,12536,10,2,299.0
18684,12536,9,1,899.0
18685,12537,20,1,3999.0
18686,12537,17,1,4999.0
18687,12537,22,3,699.0
18688,12538,30,1,799.0
18689,12538,1,2,2499.0
18690,12539,15,1,1199.0
18691,12540,17,1,4999.0
18692,12541,9,1,899.0
18693,12542,30,1,799.0
18694,12543,15,1,1199.0
18695,12544,15,1,1199.0
18696,12544,9,1,899.0
18697,12545,24,1,899.0
18698,12545,4,2,1299.0
18699,12546,22,2,699.0
18700,12547,13,2,799.0
18701,12547,23,2,399.0
18702,12548,23,1,399.0
18703,12549,28,1,499.0
18704,12550,22,1,699.0
18705,12550,24,1,899.0
18706,12551,24,1,899.0
18707,12552,4,1,1299.0
18708,12552,15,1,1199.0
18709,12553,28,1,499.0
18710,12554,13,1,799.0
18711,12555,18,1,899.0
18712,12555,20,3,3999.0
18713,12556,26,1,999.0
18714,12557,29,3,1999.0
18715,12558,15,1,1199.0
18716,12558,3,1,3499.0
18717,12558,27,1,599.0
18718,12559,6,2,1499.0
18719,12560,12,3,1299.0
18720,12560,26,1,999.0
18721,12561,24,2,899.0
18722,12562,6,2,1499.0
18723,12562,19,1,4499.0
18724,12563,12,1,1299.0
18725,12564,27,3,599.0
18726,12565,5,2,999.0
18727,12566,15,2,1199.0
18728,12567,9,1,899.0
18729,12568,21,2,1099.0
18730,12569,9,1,899.0
18731,12569,21,1,1099.0
18732,12569,17,1,4999.0
18733,12570,23,1,399.0
18734,12570,11,1,199.0
18735,12571,14,2,1599.0
18736,12572,23,1,399.0
18737,12572,19,1,4499.0
18738,12573,7,1,599.0
18739,12574,24,1,899.0
18740,12575,25,1,499.0
18741,12575,26,1,999.0
18742,12576,7,1,599.0
18743,12577,7,2,599.0
18744,12578,3,1,3499.0
18745,12579,3,1,3499.0
18746,12579,18,1,899.0
18747,12580,10,1,299.0
18748,12581,12,1,1299.0
18749,12581,27,1,599.0
18750,12582,30,2,799.0
18751,12583,7,1,599.0
18752,12584,23,2,399.0
18753,12585,11,1,199.0
18754,12586,23,1,399.0
18755,12587,23,1,399.0
18756,12588,20,2,3999.0
18757,12588,30,1,799.0
18758,12589,12,1,1299.0
18759,12590,3,2,3499.0
18760,12590,17,1,4999.0
18761,12591,28,1,499.0
18762,12592,8,2,2999.0
18763,12593,24,1,899.0
18764,12594,9,3,899.0
18765,12595,13,1,799.0
18766,12595,1,1,2499.0
18767,12596,6,1,1499.0
18768,12597,3,1,3499.0
18769,12597,3,2,3499.0
18770,12598,18,1,899.0
18771,12598,5,1,999.0
18772,12599,27,1,599.0
18773,12600,17,2,4999.0
18774,12601,6,3,1499.0
18775,12602,3,2,3499.0
18776,12602,13,1,799.0
18777,12603,9,1,899.0
18778,12603,8,1,2999.0
18779,12604,8,1,2999.0
18780,12605,1,2,2499.0
18781,12606,1,1,2499.0
18782,12607,16,1,3999.0
18783,12608,24,3,899.0
18784,12608,19,1,4499.0
18785,12609,26,1,999.0
18786,12610,25,1,499.0
18787,12611,7,3,599.0
18788,12611,7,1,599.0
18789,12612,30,2,799.0
18790,12612,25,3,499.0
18791,12613,8,1,2999.0
18792,12614,11,1,199.0
18793,12614,6,1,1499.0
18794,12614,6,1,1499.0
18795,12615,8,1,2999.0
18796,12615,30,2,799.0
18797,12616,19,1,4499.0
18798,12617,8,2,2999.0
18799,12618,29,2,1999.0
18800,12618,29,1,1999.0
18801,12619,3,1,3499.0
18802,12619,5,3,999.0
18803,12619,16,1,3999.0
18804,12620,25,2,499.0
18805,12621,20,1,3999.0
18806,12622,6,1,1499.0
18807,12622,4,1,1299.0
18808,12623,7,1,599.0
18809,12624,15,2,1199.0
18810,12624,15,1,1199.0
18811,12625,11,2,199.0
18812,12625,24,3,899.0
18813,12626,27,1,599.0
18814,12626,23,1,399.0
18815,12627,17,1,4999.0
18816,12628,27,2,599.0
18817,12628,24,1,899.0
18818,12629,20,1,3999.0
18819,12630,10,3,299.0
18820,12631,27,1,599.0
18821,12632,15,1,1199.0
18822,12633,2,1,1799.0
18823,12634,30,1,799.0
18824,12634,30,1,799.0
18825,12635,3,1,3499.0
18826,12635,26,3,999.0
18827,12635,30,1,799.0
18828,12636,23,3,399.0
18829,12637,18,1,899.0
18830,12637,8,2,2999.0
18831,12638,6,3,1499.0
18832,12638,8,1,2999.0
18833,12639,15,1,1199.0
18834,12640,9,2,899.0
18835,12641,4,1,1299.0
18836,12642,3,1,3499.0
18837,12643,11,1,199.0
18838,12644,28,1,499.0
18839,12645,13,3,799.0
18840,12645,30,1,799.0
18841,12646,27,1,599.0
18842,12647,4,1,1299.0
18843,12648,8,1,2999.0
18844,12648,26,1,999.0
18845,12648,28,1,499.0
18846,12649,11,1,199.0
18847,12649,23,1,399.0
18848,12650,23,1,399.0
18849,12651,6,2,1499.0
18850,12652,24,1,899.0
18851,12652,26,1,999.0
18852,12653,7,1,599.0
18853,12654,6,1,1499.0
18854,12654,19,1,4499.0
18855,12655,30,1,799.0
18856,12655,17,1,4999.0
18857,12656,24,1,899.0
18858,12656,9,1,899.0
18859,12657,20,1,3999.0
18860,12658,24,1,899.0
18861,12658,9,1,899.0
18862,12659,13,1,799.0
18863,12660,20,1,3999.0
18864,12661,3,1,3499.0
18865,12661,12,1,1299.0
18866,12662,25,2,499.0
18867,12663,17,1,4999.0
18868,12663,18,1,899.0
18869,12664,3,1,3499.0
18870,12665,25,1,499.0
18871,12665,6,1,1499.0
18872,12666,11,1,199.0
18873,12666,7,1,599.0
18874,12666,29,1,1999.0
18875,12667,3,1,3499.0
18876,12667,15,3,1199.0
18877,12667,14,1,1599.0
18878,12668,22,1,699.0
18879,12668,24,1,899.0
18880,12669,7,2,599.0
18881,12670,21,1,1099.0
18882,12671,12,2,1299.0
18883,12672,30,3,799.0
18884,12673,27,2,599.0
18885,12674,22,1,699.0
18886,12675,24,1,899.0
18887,12675,8,1,2999.0
18888,12676,29,1,1999.0
18889,12677,21,1,1099.0
18890,12677,25,1,499.0
18891,12678,1,1,2499.0
18892,12679,10,1,299.0
18893,12679,29,1,1999.0
18894,12680,17,1,4999.0
18895,12681,10,1,299.0
18896,12682,5,3,999.0
18897,12683,6,1,1499.0
18898,12684,26,1,999.0
18899,12685,6,1,1499.0
18900,12686,23,1,399.0
18901,12687,27,1,599.0
18902,12688,1,1,2499.0
18903,12688,23,3,399.0
18904,12688,30,1,799.0
18905,12689,23,1,399.0
18906,12690,17,1,4999.0
18907,12690,7,1,599.0
18908,12690,4,1,1299.0
18909,12691,22,1,699.0
18910,12692,9,1,899.0
18911,12693,26,1,999.0
18912,12693,23,1,399.0
18913,12694,1,1,2499.0
18914,12694,21,1,1099.0
18915,12695,11,2,199.0
18916,12696,19,2,4499.0
18917,12697,17,1,4999.0
18918,12698,10,1,299.0
18919,12698,26,1,999.0
18920,12699,25,1,499.0
18921,12699,30,1,799.0
18922,12699,11,1,199.0
18923,12700,2,2,1799.0
18924,12700,11,1,199.0
18925,12700,23,1,399.0
18926,12701,4,1,1299.0
18927,12702,3,1,3499.0
18928,12703,11,1,199.0
18929,12703,8,1,2999.0
18930,12704,27,1,599.0
18931,12704,8,3,2999.0
18932,12705,30,1,799.0
18933,12705,19,1,4499.0
18934,12706,7,1,599.0
18935,12707,15,1,1199.0
18936,12707,14,1,1599.0
18937,12708,8,3,2999.0
18938,12709,7,1,599.0
18939,12710,20,2,3999.0
18940,12711,1,1,2499.0
18941,12711,12,1,1299.0
18942,12711,4,3,1299.0
18943,12712,12,1,1299.0
18944,12712,10,1,299.0
18945,12713,7,1,599.0
18946,12713,27,1,599.0
18947,12714,4,1,1299.0
18948,12714,16,2,3999.0
18949,12715,1,1,2499.0
18950,12716,23,3,399.0
18951,12717,30,1,799.0
18952,12718,24,1,899.0
18953,12718,23,1,399.0
18954,12719,4,1,1299.0
18955,12720,3,1,3499.0
18956,12721,14,1,1599.0
18957,12722,11,1,199.0
18958,12723,3,1,3499.0
18959,12724,16,1,3999.0
18960,12725,19,2,4499.0
18961,12725,11,1,199.0
18962,12725,5,2,999.0
18963,12726,25,1,499.0
18964,12727,23,1,399.0
18965,12728,30,3,799.0
18966,12729,19,1,4499.0
18967,12729,25,1,499.0
18968,12730,30,1,799.0
18969,12731,14,1,1599.0
18970,12731,27,1,599.0
18971,12732,17,1,4999.0
18972,12732,13,3,799.0
18973,12733,6,1,1499.0
18974,12734,21,1,1099.0
18975,12735,19,3,4499.0
18976,12736,22,1,699.0
18977,12736,7,1,599.0
18978,12736,16,1,3999.0
18979,12737,19,2,4499.0
18980,12738,19,2,4499.0
18981,12738,30,2,799.0
18982,12738,22,1,699.0
18983,12739,22,1,699.0
18984,12740,9,3,899.0
18985,12740,12,2,1299.0
18986,12741,29,1,1999.0
18987,12742,8,3,2999.0
18988,12742,6,1,1499.0
18989,12743,15,1,1199.0
18990,12743,6,2,1499.0
18991,12744,30,2,799.0
18992,12744,22,1,699.0
18993,12745,11,1,199.0
18994,12746,26,3,999.0
18995,12747,11,1,199.0
18996,12748,22,1,699.0
18997,12749,4,2,1299.0
18998,12750,29,1,1999.0
18999,12751,11,1,199.0
19000,12751,6,1,1499.0
19001,12751,3,1,3499.0
19002,12752,10,1,299.0
19003,12753,19,3,4499.0
19004,12753,29,1,1999.0
19005,12754,25,2,499.0
19006,12754,19,1,4499.0
19007,12755,23,1,399.0
19008,12756,13,1,799.0
19009,12757,25,1,499.0
19010,12758,6,1,1499.0
19011,12758,24,1,899.0
19012,12759,19,1,4499.0
19013,12760,13,1,799.0
19014,12760,6,1,1499.0
19015,12761,9,1,899.0
19016,12761,24,1,899.0
19017,12762,21,1,1099.0
19018,12763,17,1,4999.0
19019,12764,3,1,3499.0
19020,12765,24,1,899.0
19021,12766,12,3,1299.0
19022,12766,24,1,899.0
19023,12766,4,1,1299.0
19024,12767,9,3,899.0
19025,12768,23,3,399.0
19026,12769,18,1,899.0
19027,12769,9,1,899.0
19028,12770,7,1,599.0
19029,12770,10,1,299.0
19030,12771,3,1,3499.0
19031,12771,18,1,899.0
19032,12772,19,3,4499.0
19033,12773,6,2,1499.0
19034,12773,24,2,899.0
19035,12774,19,2,4499.0
19036,12774,1,1,2499.0
19037,12775,19,2,4499.0
19038,12776,24,1,899.0
19039,12776,16,2,3999.0
19040,12777,4,1,1299.0
19041,12778,12,1,1299.0
19042,12778,6,1,1499.0
19043,12779,6,3,1499.0
19044,12780,10,1,299.0
19045,12780,17,1,4999.0
19046,12781,9,1,899.0
19047,12782,22,1,699.0
19048,12782,1,1,2499.0
19049,12783,19,1,4499.0
19050,12784,9,3,899.0
19051,12784,11,1,199.0
19052,12785,3,2,3499.0
19053,12785,9,1,899.0
19054,12785,21,1,1099.0
19055,12786,13,1,799.0
19056,12787,21,1,1099.0
19057,12787,10,1,299.0
19058,12787,4,2,1299.0
19059,12788,11,1,199.0
19060,12788,3,2,3499.0
19061,12789,28,2,499.0
19062,12790,24,1,899.0
19063,12790,10,2,299.0
19064,12791,4,2,1299.0
19065,12792,6,1,1499.0
19066,12793,20,1,3999.0
19067,12794,9,1,899.0
19068,12794,4,1,1299.0
19069,12795,1,2,2499.0
19070,12796,22,1,699.0
19071,12797,25,1,499.0
19072,12798,6,1,1499.0
19073,12799,17,1,4999.0
19074,12799,19,1,4499.0
19075,12799,12,1,1299.0
19076,12800,25,1,499.0
19077,12800,22,1,699.0
19078,12801,11,3,199.0
19079,12801,6,1,1499.0
19080,12802,20,1,3999.0
19081,12802,11,1,199.0
19082,12802,23,2,399.0
19083,12803,14,1,1599.0
19084,12803,28,1,499.0
19085,12804,27,1,599.0
19086,12805,23,1,399.0
19087,12806,21,1,1099.0
19088,12807,7,2,599.0
19089,12808,27,1,599.0
19090,12808,11,1,199.0
19091,12809,17,1,4999.0
19092,12810,6,1,1499.0
19093,12811,5,2,999.0
19094,12811,19,3,4499.0
19095,12812,3,1,3499.0
19096,12812,25,1,499.0
19097,12812,24,2,899.0
19098,12813,8,1,2999.0
19099,12813,19,1,4499.0
19100,12814,13,2,799.0
19101,12815,15,1,1199.0
19102,12816,19,1,4499.0
19103,12816,8,1,2999.0
19104,12817,15,1,1199.0
19105,12818,25,1,499.0
19106,12819,10,1,299.0
19107,12819,25,1,499.0
19108,12820,11,1,199.0
19109,12821,8,1,2999.0
19110,12822,6,1,1499.0
19111,12823,25,1,499.0
19112,12823,13,3,799.0
19113,12823,10,1,299.0
19114,12824,1,1,2499.0
19115,12825,5,3,999.0
19116,12826,18,1,899.0
19117,12826,3,1,3499.0
19118,12827,3,1,3499.0
19119,12827,18,1,899.0
19120,12828,4,1,1299.0
19121,12829,13,2,799.0
19122,12830,11,1,199.0
19123,12830,1,1,2499.0
19124,12831,17,1,4999.0
19125,12831,30,1,799.0
19126,12832,9,3,899.0
19127,12833,10,3,299.0
19128,12833,17,3,4999.0
19129,12834,30,1,799.0
19130,12835,28,1,499.0
19131,12836,30,1,799.0
19132,12836,12,2,1299.0
19133,12837,14,1,1599.0
19134,12838,25,1,499.0
19135,12839,7,1,599.0
19136,12840,14,1,1599.0
19137,12840,24,1,899.0
19138,12841,4,3,1299.0
19139,12842,2,1,1799.0
19140,12842,6,1,1499.0
19141,12843,4,1,1299.0
19142,12844,10,1,299.0
19143,12845,16,2,3999.0
19144,12846,4,1,1299.0
19145,12847,7,1,599.0
19146,12848,21,2,1099.0
19147,12849,25,3,499.0
19148,12850,28,1,499.0
19149,12850,4,1,1299.0
19150,12850,27,2,599.0
19151,12851,23,2,399.0
19152,12852,4,1,1299.0
19153,12852,4,1,1299.0
19154,12852,25,1,499.0
19155,12853,19,2,4499.0
19156,12853,17,1,4999.0
19157,12854,7,2,599.0
19158,12855,17,1,4999.0
19159,12856,4,1,1299.0
19160,12857,18,1,899.0
19161,12858,8,1,2999.0
19162,12859,11,1,199.0
19163,12860,7,1,599.0
19164,12861,8,3,2999.0
19165,12862,27,3,599.0
19166,12863,3,1,3499.0
19167,12864,18,2,899.0
19168,12865,23,1,399.0
19169,12866,8,1,2999.0
19170,12866,23,1,399.0
19171,12867,27,2,599.0
19172,12867,1,1,2499.0
19173,12868,30,1,799.0
19174,12868,9,1,899.0
19175,12869,3,2,3499.0
19176,12869,2,1,1799.0
19177,12870,30,3,799.0
19178,12870,11,1,199.0
19179,12870,17,2,4999.0
19180,12871,3,1,3499.0
19181,12872,7,2,599.0
19182,12872,24,1,899.0
19183,12872,3,1,3499.0
19184,12873,18,2,899.0
19185,12873,11,1,199.0
19186,12873,3,1,3499.0
19187,12874,23,1,399.0
19188,12874,1,3,2499.0
19189,12875,7,1,599.0
19190,12876,7,3,599.0
19191,12876,26,1,999.0
19192,12877,7,1,599.0
19193,12878,7,1,599.0
19194,12879,27,1,599.0
19195,12880,9,1,899.0
19196,12880,5,2,999.0
19197,12881,12,1,1299.0
19198,12881,9,1,899.0
19199,12882,3,1,3499.0
19200,12883,10,2,299.0
19201,12884,24,1,899.0
19202,12885,6,2,1499.0
19203,12886,7,1,599.0
19204,12886,19,1,4499.0
19205,12887,3,1,3499.0
19206,12888,13,1,799.0
19207,12889,23,1,399.0
19208,12889,19,1,4499.0
19209,12890,3,3,3499.0
19210,12891,24,3,899.0
19211,12891,25,1,499.0
19212,12892,30,1,799.0
19213,12893,28,1,499.0
19214,12894,16,1,3999.0
19215,12894,11,1,199.0
19216,12895,22,1,699.0
19217,12896,24,1,899.0
19218,12896,6,1,1499.0
19219,12897,19,2,4499.0
19220,12898,8,1,2999.0
19221,12898,7,2,599.0
19222,12898,18,1,899.0
19223,12899,19,1,4499.0
19224,12900,9,1,899.0
19225,12901,17,1,4999.0
19226,12901,4,1,1299.0
19227,12902,22,2,699.0
19228,12903,17,1,4999.0
19229,12904,29,1,1999.0
19230,12905,8,1,2999.0
19231,12905,30,1,799.0
19232,12905,4,1,1299.0
19233,12906,19,1,4499.0
19234,12907,1,1,2499.0
19235,12908,8,2,2999.0
19236,12908,30,1,799.0
19237,12909,22,1,699.0
19238,12910,4,2,1299.0
19239,12910,17,1,4999.0
19240,12911,25,1,499.0
19241,12911,24,1,899.0
19242,12912,7,1,599.0
19243,12913,24,1,899.0
19244,12914,11,1,199.0
19245,12915,6,1,1499.0
19246,12915,28,1,499.0
19247,12916,11,2,199.0
19248,12917,15,1,1199.0
19249,12917,12,1,1299.0
19250,12917,27,1,599.0
19251,12918,3,2,3499.0
19252,12919,19,1,4499.0
19253,12919,24,2,899.0
19254,12919,6,1,1499.0
19255,12920,11,1,199.0
19256,12920,30,1,799.0
19257,12921,19,1,4499.0
19258,12921,2,1,1799.0
19259,12922,15,1,1199.0
19260,12923,9,1,899.0
19261,12924,17,1,4999.0
19262,12925,15,3,1199.0
19263,12925,1,1,2499.0
19264,12926,22,3,699.0
19265,12927,17,1,4999.0
19266,12927,26,1,999.0
19267,12928,12,2,1299.0
19268,12929,27,1,599.0
19269,12929,2,2,1799.0
19270,12929,21,1,1099.0
19271,12930,18,2,899.0
19272,12930,1,1,2499.0
19273,12931,11,3,199.0
19274,12932,20,1,3999.0
19275,12933,24,1,899.0
19276,12934,8,1,2999.0
19277,12935,25,1,499.0
19278,12936,8,1,2999.0
19279,12937,3,2,3499.0
19280,12938,17,1,4999.0
19281,12939,3,1,3499.0
19282,12939,8,1,2999.0
19283,12940,11,1,199.0
19284,12941,29,1,1999.0
19285,12942,15,2,1199.0
19286,12943,29,1,1999.0
19287,12943,7,1,599.0
19288,12943,15,2,1199.0
19289,12944,7,3,599.0
19290,12945,18,1,899.0
19291,12946,25,1,499.0
19292,12946,6,1,1499.0
19293,12947,18,1,899.0
19294,12948,4,2,1299.0
19295,12949,1,3,2499.0
19296,12950,4,1,1299.0
19297,12951,15,1,1199.0
19298,12951,17,1,4999.0
19299,12952,7,1,599.0
19300,12953,11,3,199.0
19301,12953,23,1,399.0
19302,12954,19,1,4499.0
19303,12954,19,1,4499.0
19304,12955,13,3,799.0
19305,12955,3,1,3499.0
19306,12956,6,3,1499.0
19307,12957,2,3,1799.0
19308,12957,19,1,4499.0
19309,12958,4,1,1299.0
19310,12958,4,1,1299.0
19311,12959,11,2,199.0
19312,12959,4,3,1299.0
19313,12960,11,1,199.0
19314,12961,6,1,1499.0
19315,12962,22,1,699.0
19316,12962,14,2,1599.0
19317,12962,13,1,799.0
19318,12963,7,1,599.0
19319,12964,18,1,899.0
19320,12965,8,1,2999.0
19321,12965,12,1,1299.0
19322,12966,11,3,199.0
19323,12966,27,1,599.0
19324,12966,8,1,2999.0
19325,12967,1,3,2499.0
19326,12968,17,1,4999.0
19327,12968,14,1,1599.0
19328,12969,7,1,599.0
19329,12969,25,1,499.0
19330,12970,6,1,1499.0
19331,12971,23,3,399.0
19332,12971,15,3,1199.0
19333,12972,11,2,199.0
19334,12972,7,1,599.0
19335,12973,15,1,1199.0
19336,12973,4,1,1299.0
19337,12974,17,1,4999.0
19338,12974,9,1,899.0
19339,12975,14,2,1599.0
19340,12976,23,2,399.0
19341,12977,18,1,899.0
19342,12978,1,1,2499.0
19343,12979,30,2,799.0
19344,12980,4,1,1299.0
19345,12980,10,1,299.0
19346,12981,25,1,499.0
19347,12982,24,1,899.0
19348,12982,24,3,899.0
19349,12983,22,2,699.0
19350,12984,19,1,4499.0
19351,12985,18,1,899.0
19352,12985,26,1,999.0
19353,12986,7,3,599.0
19354,12987,27,2,599.0
19355,12987,23,1,399.0
19356,12988,12,1,1299.0
19357,12989,8,1,2999.0
19358,12990,6,1,1499.0
19359,12991,8,1,2999.0
19360,12992,6,1,1499.0
19361,12993,3,1,3499.0
19362,12994,7,2,599.0
19363,12994,19,1,4499.0
19364,12995,22,2,699.0
19365,12995,15,3,1199.0
19366,12995,6,1,1499.0
19367,12996,7,2,599.0
19368,12997,13,1,799.0
19369,12998,23,1,399.0
19370,12998,27,2,599.0
19371,12998,3,1,3499.0
19372,12999,8,1,2999.0
19373,13000,1,1,2499.0
19374,13001,14,1,1599.0
19375,13002,18,1,899.0
19376,13003,4,1,1299.0
19377,13004,7,1,599.0
19378,13005,8,1,2999.0
19379,13006,15,1,1199.0
19380,13007,13,1,799.0
19381,13007,17,2,4999.0
19382,13008,6,1,1499.0
19383,13008,26,1,999.0
19384,13008,5,1,999.0
19385,13009,21,1,1099.0
19386,13010,23,1,399.0
19387,13010,7,1,599.0
19388,13010,15,1,1199.0
19389,13011,21,1,1099.0
19390,13012,30,1,799.0
19391,13013,5,1,999.0
19392,13014,26,1,999.0
19393,13015,16,2,3999.0
19394,13015,8,3,2999.0
19395,13016,19,1,4499.0
19396,13017,11,1,199.0
19397,13018,25,3,499.0
19398,13019,16,1,3999.0
19399,13020,25,1,499.0
19400,13020,25,2,499.0
19401,13021,6,2,1499.0
19402,13021,15,1,1199.0
19403,13022,6,1,1499.0
19404,13023,15,1,1199.0
19405,13024,29,2,1999.0
19406,13025,11,1,199.0
19407,13026,25,3,499.0
19408,13027,11,1,199.0
19409,13027,17,2,4999.0
19410,13027,21,1,1099.0
19411,13028,9,1,899.0
19412,13029,13,3,799.0
19413,13029,24,2,899.0
19414,13030,4,3,1299.0
19415,13031,5,1,999.0
19416,13032,25,1,499.0
19417,13032,16,3,3999.0
19418,13033,6,1,1499.0
19419,13034,12,1,1299.0
19420,13035,30,1,799.0
19421,13036,27,2,599.0
19422,13037,3,3,3499.0
19423,13038,24,1,899.0
19424,13039,30,1,799.0
19425,13039,9,1,899.0
19426,13040,11,1,199.0
19427,13040,15,1,1199.0
19428,13041,16,1,3999.0
19429,13042,24,1,899.0
19430,13042,7,1,599.0
19431,13043,20,1,3999.0
19432,13044,4,3,1299.0
19433,13044,21,2,1099.0
19434,13045,6,1,1499.0
19435,13046,22,3,699.0
19436,13047,11,2,199.0
19437,13047,30,3,799.0
19438,13048,19,2,4499.0
19439,13049,8,2,2999.0
19440,13050,23,3,399.0
19441,13051,29,1,1999.0
19442,13051,30,2,799.0
19443,13051,11,1,199.0
19444,13052,2,3,1799.0
19445,13053,11,1,199.0
19446,13054,22,1,699.0
19447,13055,19,3,4499.0
19448,13055,17,1,4999.0
19449,13056,23,1,399.0
19450,13057,10,1,299.0
19451,13057,6,1,1499.0
19452,13057,6,1,1499.0
19453,13058,13,1,799.0
19454,13058,30,2,799.0
19455,13059,7,1,599.0
19456,13059,11,3,199.0
19457,13060,29,1,1999.0
19458,13061,8,1,2999.0
19459,13062,27,1,599.0
19460,13063,4,1,1299.0
19461,13063,22,1,699.0
19462,13064,5,1,999.0
19463,13065,23,1,399.0
19464,13065,19,2,4499.0
19465,13066,25,1,499.0
19466,13067,25,1,499.0
19467,13068,7,1,599.0
19468,13069,30,1,799.0
19469,13069,27,1,599.0
19470,13070,11,1,199.0
19471,13071,7,1,599.0
19472,13071,18,1,899.0
19473,13072,11,1,199.0
19474,13073,23,3,399.0
19475,13074,26,2,999.0
19476,13075,18,1,899.0
19477,13075,22,1,699.0
19478,13076,17,1,4999.0
19479,13077,7,1,599.0
19480,13078,6,1,1499.0
19481,13079,3,3,3499.0
19482,13080,26,2,999.0
19483,13081,18,3,899.0
19484,13082,23,3,399.0
19485,13082,30,1,799.0
19486,13083,2,1,1799.0
19487,13083,14,1,1599.0
19488,13084,19,1,4499.0
19489,13084,23,2,399.0
19490,13085,25,1,499.0
19491,13085,2,2,1799.0
19492,13085,19,1,4499.0
19493,13086,29,2,1999.0
19494,13087,14,1,1599.0
19495,13088,6,1,1499.0
19496,13089,15,2,1199.0
19497,13090,15,1,1199.0
19498,13090,4,1,1299.0
19499,13091,17,1,4999.0
19500,13092,25,1,499.0
19501,13093,10,1,299.0
19502,13094,19,1,4499.0
19503,13094,15,1,1199.0
19504,13095,4,1,1299.0
19505,13095,7,1,599.0
19506,13096,23,1,399.0
19507,13096,2,3,1799.0
19508,13097,23,1,399.0
19509,13098,4,3,1299.0
19510,13099,11,2,199.0
19511,13100,20,1,3999.0
19512,13100,24,2,899.0
19513,13100,7,2,599.0
19514,13101,3,1,3499.0
19515,13102,27,1,599.0
19516,13103,12,1,1299.0
19517,13104,1,1,2499.0
19518,13105,1,2,2499.0
19519,13105,11,2,199.0
19520,13105,19,2,4499.0
19521,13106,9,1,899.0
19522,13106,12,2,1299.0
19523,13106,4,1,1299.0
19524,13107,7,2,599.0
19525,13108,17,2,4999.0
19526,13109,4,1,1299.0
19527,13110,22,1,699.0
19528,13110,9,1,899.0
19529,13110,11,2,199.0
19530,13111,14,2,1599.0
19531,13112,10,1,299.0
19532,13113,3,1,3499.0
19533,13114,24,1,899.0
19534,13115,14,1,1599.0
19535,13116,25,2,499.0
19536,13117,3,1,3499.0
19537,13117,23,1,399.0
19538,13117,24,1,899.0
19539,13118,25,1,499.0
19540,13118,13,1,799.0
19541,13119,7,1,599.0
19542,13120,2,1,1799.0
19543,13121,30,1,799.0
19544,13122,23,1,399.0
19545,13123,22,1,699.0
19546,13123,19,3,4499.0
19547,13124,21,1,1099.0
19548,13124,13,1,799.0
19549,13125,12,1,1299.0
19550,13125,24,1,899.0
19551,13126,13,1,799.0
19552,13127,27,2,599.0
19553,13128,15,1,1199.0
19554,13129,19,1,4499.0
19555,13130,24,1,899.0
19556,13131,13,1,799.0
19557,13132,24,2,899.0
19558,13132,3,1,3499.0
19559,13133,8,1,2999.0
19560,13134,9,2,899.0
19561,13135,17,2,4999.0
19562,13136,12,1,1299.0
19563,13137,21,2,1099.0
19564,13138,24,1,899.0
19565,13139,18,1,899.0
19566,13139,9,2,899.0
19567,13140,6,1,1499.0
19568,13141,22,2,699.0
19569,13141,6,2,1499.0
19570,13142,15,3,1199.0
19571,13142,10,1,299.0
19572,13143,18,1,899.0
19573,13144,10,1,299.0
19574,13145,7,2,599.0
19575,13145,28,1,499.0
19576,13146,17,1,4999.0
19577,13146,29,1,1999.0
19578,13147,13,3,799.0
19579,13147,11,1,199.0
19580,13148,10,1,299.0
19581,13149,14,1,1599.0
19582,13150,1,1,2499.0
19583,13151,26,1,999.0
19584,13152,24,2,899.0
19585,13152,21,1,1099.0
19586,13153,16,1,3999.0
19587,13153,20,2,3999.0
19588,13154,25,1,499.0
19589,13154,13,1,799.0
19590,13155,10,1,299.0
19591,13155,14,1,1599.0
19592,13156,8,1,2999.0
19593,13156,23,2,399.0
19594,13157,19,1,4499.0
19595,13158,9,1,899.0
19596,13158,24,1,899.0
19597,13158,19,1,4499.0
19598,13159,14,1,1599.0
19599,13159,9,1,899.0
19600,13159,8,1,2999.0
19601,13160,16,1,3999.0
19602,13160,24,1,899.0
19603,13161,15,1,1199.0
19604,13162,6,1,1499.0
19605,13162,9,1,899.0
19606,13162,14,1,1599.0
19607,13163,22,3,699.0
19608,13164,22,1,699.0
19609,13165,2,3,1799.0
19610,13165,29,3,1999.0
19611,13165,28,1,499.0
19612,13166,30,2,799.0
19613,13167,24,1,899.0
19614,13167,24,1,899.0
19615,13168,15,3,1199.0
19616,13169,27,1,599.0
19617,13170,21,3,1099.0
19618,13171,11,3,199.0
19619,13172,10,1,299.0
19620,13173,25,2,499.0
19621,13174,24,1,899.0
19622,13174,25,2,499.0
19623,13174,28,3,499.0
19624,13175,11,1,199.0
19625,13176,23,1,399.0
19626,13176,7,1,599.0
19627,13176,24,2,899.0
19628,13177,3,1,3499.0
19629,13178,25,2,499.0
19630,13178,24,1,899.0
19631,13179,3,2,3499.0
19632,13180,17,1,4999.0
19633,13181,17,2,4999.0
19634,13181,17,1,4999.0
19635,13182,13,1,799.0
19636,13183,27,1,599.0
19637,13184,4,1,1299.0
19638,13185,18,3,899.0
19639,13185,23,1,399.0
19640,13186,9,1,899.0
19641,13186,6,1,1499.0
19642,13187,3,1,3499.0
19643,13187,11,2,199.0
19644,13188,30,1,799.0
19645,13189,26,1,999.0
19646,13189,24,3,899.0
19647,13190,9,2,899.0
19648,13191,13,1,799.0
19649,13192,28,1,499.0
19650,13192,3,1,3499.0
19651,13193,11,1,199.0
19652,13194,1,1,2499.0
19653,13195,1,1,2499.0
19654,13195,24,3,899.0
19655,13196,20,1,3999.0
19656,13196,30,2,799.0
19657,13196,21,1,1099.0
19658,13197,17,1,4999.0
19659,13198,21,1,1099.0
19660,13199,3,1,3499.0
19661,13200,27,1,599.0
19662,13201,10,2,299.0
19663,13202,21,1,1099.0
19664,13203,10,1,299.0
19665,13204,9,3,899.0
19666,13205,9,1,899.0
19667,13206,29,1,1999.0
19668,13207,10,1,299.0
19669,13207,22,3,699.0
19670,13207,10,1,299.0
19671,13208,25,1,499.0
19672,13209,7,2,599.0
19673,13210,15,1,1199.0
19674,13210,19,1,4499.0
19675,13211,22,1,699.0
19676,13211,15,1,1199.0
19677,13212,17,3,4999.0
19678,13213,15,1,1199.0
19679,13214,22,1,699.0
19680,13214,5,1,999.0
19681,13215,8,1,2999.0
19682,13216,7,3,599.0
19683,13217,30,1,799.0
19684,13217,9,3,899.0
19685,13218,7,1,599.0
19686,13219,30,1,799.0
19687,13219,17,1,4999.0
19688,13219,18,2,899.0
19689,13220,4,1,1299.0
19690,13221,21,1,1099.0
19691,13221,1,1,2499.0
19692,13222,26,2,999.0
19693,13223,5,3,999.0
19694,13224,17,2,4999.0
19695,13225,13,1,799.0
19696,13226,7,3,599.0
19697,13226,15,1,1199.0
19698,13227,25,2,499.0
19699,13228,8,2,2999.0
19700,13228,9,1,899.0
19701,13229,6,1,1499.0
19702,13230,10,1,299.0
19703,13231,17,1,4999.0
19704,13231,11,1,199.0
19705,13232,15,1,1199.0
19706,13233,6,1,1499.0
19707,13234,25,1,499.0
19708,13234,5,1,999.0
19709,13234,24,1,899.0
19710,13235,19,2,4499.0
19711,13236,15,1,1199.0
19712,13236,29,1,1999.0
19713,13237,30,1,799.0
19714,13237,6,1,1499.0
19715,13238,17,1,4999.0
19716,13238,28,2,499.0
19717,13239,11,1,199.0
19718,13240,3,1,3499.0
19719,13240,19,2,4499.0
19720,13241,15,1,1199.0
19721,13241,15,1,1199.0
19722,13242,19,2,4499.0
19723,13243,20,1,3999.0
19724,13244,16,2,3999.0
19725,13244,18,1,899.0
19726,13244,27,1,599.0
19727,13245,23,1,399.0
19728,13246,4,2,1299.0
19729,13246,2,1,1799.0
19730,13247,28,1,499.0
19731,13247,10,3,299.0
19732,13247,6,1,1499.0
19733,13248,6,1,1499.0
19734,13249,19,1,4499.0
19735,13249,12,2,1299.0
19736,13250,3,1,3499.0
19737,13251,11,1,199.0
19738,13252,25,3,499.0
19739,13253,25,1,499.0
19740,13254,16,2,3999.0
19741,13255,24,1,899.0
19742,13256,28,1,499.0
19743,13256,6,1,1499.0
19744,13257,23,2,399.0
19745,13258,6,1,1499.0
19746,13259,1,1,2499.0
19747,13259,18,2,899.0
19748,13260,21,1,1099.0
19749,13260,17,2,4999.0
19750,13261,28,1,499.0
19751,13262,28,2,499.0
19752,13263,19,1,4499.0
19753,13263,26,1,999.0
19754,13264,25,1,499.0
19755,13265,6,2,1499.0
19756,13265,27,3,599.0
19757,13266,22,1,699.0
19758,13266,30,2,799.0
19759,13267,27,1,599.0
19760,13268,10,3,299.0
19761,13269,4,1,1299.0
19762,13270,18,3,899.0
19763,13271,11,1,199.0
19764,13272,16,3,3999.0
19765,13273,28,1,499.0
19766,13274,10,1,299.0
19767,13274,1,3,2499.0
19768,13275,2,1,1799.0
19769,13275,8,1,2999.0
19770,13276,19,1,4499.0
19771,13277,7,1,599.0
19772,13278,23,1,399.0
19773,13279,25,1,499.0
19774,13279,3,3,3499.0
19775,13280,3,1,3499.0
19776,13280,26,1,999.0
19777,13281,15,1,1199.0
19778,13281,8,3,2999.0
19779,13282,20,2,3999.0
19780,13282,9,1,899.0
19781,13283,9,2,899.0
19782,13284,25,1,499.0
19783,13285,30,1,799.0
19784,13286,3,1,3499.0
19785,13286,19,1,4499.0
19786,13286,13,1,799.0
19787,13287,23,1,399.0
19788,13287,12,1,1299.0
19789,13288,25,1,499.0
19790,13288,9,2,899.0
19791,13288,17,1,4999.0
19792,13289,16,1,3999.0
19793,13289,15,1,1199.0
19794,13290,18,1,899.0
19795,13291,7,1,599.0
19796,13292,7,1,599.0
19797,13293,15,1,1199.0
19798,13294,29,1,1999.0
19799,13294,8,1,2999.0
19800,13295,1,1,2499.0
19801,13295,7,2,599.0
19802,13296,22,3,699.0
19803,13297,6,1,1499.0
19804,13298,3,3,3499.0
19805,13299,22,1,699.0
19806,13300,25,1,499.0
19807,13301,26,1,999.0
19808,13302,30,1,799.0
19809,13303,19,1,4499.0
19810,13303,23,2,399.0
19811,13304,25,1,499.0
19812,13304,6,1,1499.0
19813,13305,4,1,1299.0
19814,13305,18,2,899.0
19815,13306,30,2,799.0
19816,13306,3,1,3499.0
19817,13307,28,2,499.0
19818,13307,3,1,3499.0
19819,13308,6,2,1499.0
19820,13309,9,1,899.0
19821,13310,9,3,899.0
19822,13310,23,3,399.0
19823,13311,6,1,1499.0
19824,13311,3,1,3499.0
19825,13312,18,1,899.0
19826,13312,19,1,4499.0
19827,13312,14,1,1599.0
19828,13313,16,1,3999.0
19829,13314,1,2,2499.0
19830,13315,6,1,1499.0
19831,13315,25,1,499.0
19832,13316,20,1,3999.0
19833,13316,8,1,2999.0
19834,13317,12,3,1299.0
19835,13317,11,3,199.0
19836,13318,17,1,4999.0
19837,13318,19,1,4499.0
19838,13319,18,2,899.0
19839,13320,27,1,599.0
19840,13320,16,1,3999.0
19841,13321,9,2,899.0
19842,13322,26,2,999.0
19843,13323,4,2,1299.0
19844,13324,23,2,399.0
19845,13325,15,1,1199.0
19846,13326,15,3,1199.0
19847,13326,21,2,1099.0
19848,13327,22,3,699.0
19849,13327,6,1,1499.0
19850,13327,23,2,399.0
19851,13328,14,3,1599.0
19852,13329,5,1,999.0
19853,13329,25,2,499.0
19854,13330,12,1,1299.0
19855,13330,23,1,399.0
19856,13331,8,1,2999.0
19857,13332,3,1,3499.0
19858,13332,1,1,2499.0
19859,13333,8,3,2999.0
19860,13333,19,1,4499.0
19861,13334,17,1,4999.0
19862,13335,13,1,799.0
19863,13336,10,2,299.0
19864,13337,11,1,199.0
19865,13338,1,1,2499.0
19866,13339,11,1,199.0
19867,13339,30,1,799.0
19868,13340,26,2,999.0
19869,13340,11,2,199.0
19870,13341,26,1,999.0
19871,13342,13,3,799.0
19872,13343,8,1,2999.0
19873,13344,24,1,899.0
19874,13344,17,1,4999.0
19875,13344,7,2,599.0
19876,13345,7,1,599.0
19877,13345,21,3,1099.0
19878,13345,15,1,1199.0
19879,13346,23,2,399.0
19880,13347,11,1,199.0
19881,13348,28,1,499.0
19882,13349,23,2,399.0
19883,13349,9,1,899.0
19884,13350,11,2,199.0
19885,13351,25,1,499.0
19886,13351,1,1,2499.0
19887,13351,6,3,1499.0
19888,13352,30,1,799.0
19889,13352,30,1,799.0
19890,13353,9,1,899.0
19891,13353,9,1,899.0
19892,13354,29,2,1999.0
19893,13354,7,2,599.0
19894,13354,15,1,1199.0
19895,13355,1,1,2499.0
19896,13356,6,1,1499.0
19897,13357,19,1,4499.0
19898,13358,17,1,4999.0
19899,13358,3,1,3499.0
19900,13358,25,1,499.0
19901,13359,30,3,799.0
19902,13360,19,2,4499.0
19903,13361,27,1,599.0
19904,13361,14,1,1599.0
19905,13362,6,2,1499.0
19906,13363,20,3,3999.0
19907,13364,10,2,299.0
19908,13365,30,1,799.0
19909,13366,19,2,4499.0
19910,13367,17,1,4999.0
19911,13367,30,1,799.0
19912,13368,30,1,799.0
19913,13369,7,1,599.0
19914,13369,12,1,1299.0
19915,13370,24,1,899.0
19916,13371,17,2,4999.0
19917,13371,3,1,3499.0
19918,13371,7,2,599.0
19919,13372,25,3,499.0
19920,13372,27,2,599.0
19921,13373,26,2,999.0
19922,13374,5,1,999.0
19923,13374,26,1,999.0
19924,13375,4,2,1299.0
19925,13375,23,1,399.0
19926,13376,25,1,499.0
19927,13377,9,1,899.0
19928,13377,25,2,499.0
19929,13378,27,1,599.0
19930,13379,9,2,899.0
19931,13379,22,3,699.0
19932,13379,6,1,1499.0
19933,13380,26,1,999.0
19934,13381,11,1,199.0
19935,13381,1,2,2499.0
19936,13382,19,1,4499.0
19937,13382,6,2,1499.0
19938,13383,24,1,899.0
19939,13384,6,2,1499.0
19940,13384,18,2,899.0
19941,13385,30,2,799.0
19942,13385,19,1,4499.0
19943,13386,15,1,1199.0
19944,13387,11,2,199.0
19945,13387,24,1,899.0
19946,13387,19,1,4499.0
19947,13388,22,1,699.0
19948,13388,6,1,1499.0
19949,13389,9,1,899.0
19950,13390,7,1,599.0
19951,13391,17,1,4999.0
19952,13392,11,1,199.0
19953,13392,9,1,899.0
19954,13392,16,3,3999.0
19955,13393,3,3,3499.0
19956,13394,3,1,3499.0
19957,13395,3,2,3499.0
19958,13395,28,1,499.0
19959,13396,30,2,799.0
19960,13397,16,2,3999.0
19961,13398,23,1,399.0
19962,13399,26,1,999.0
19963,13399,4,2,1299.0
19964,13399,9,1,899.0
19965,13400,25,1,499.0
19966,13400,5,1,999.0
19967,13401,28,2,499.0
19968,13401,25,1,499.0
19969,13402,8,3,2999.0
19970,13403,3,2,3499.0
19971,13404,21,2,1099.0
19972,13405,30,2,799.0
19973,13405,7,1,599.0
19974,13406,23,1,399.0
19975,13407,19,2,4499.0
19976,13407,21,3,1099.0
19977,13408,17,1,4999.0
19978,13408,8,2,2999.0
19979,13409,15,1,1199.0
19980,13409,25,2,499.0
19981,13409,6,1,1499.0
19982,13410,7,2,599.0
19983,13410,4,1,1299.0
19984,13411,16,1,3999.0
19985,13412,29,3,1999.0
19986,13413,1,1,2499.0
19987,13413,18,1,899.0
19988,13414,19,1,4499.0
19989,13414,14,3,1599.0
19990,13415,11,1,199.0
19991,13416,7,1,599.0
19992,13417,22,1,699.0
19993,13417,21,3,1099.0
19994,13418,3,2,3499.0
19995,13419,23,1,399.0
19996,13420,13,1,799.0
19997,13421,2,1,1799.0
19998,13422,27,1,599.0
19999,13423,18,1,899.0
20000,13423,25,1,499.0
20001,13424,18,2,899.0
20002,13424,6,1,1499.0
20003,13425,6,1,1499.0
20004,13426,28,1,499.0
20005,13427,21,2,1099.0
20006,13428,20,3,3999.0
20007,13428,14,3,1599.0
20008,13429,16,1,3999.0
20009,13429,10,1,299.0
20010,13430,17,3,4999.0
20011,13430,18,2,899.0
20012,13430,27,1,599.0
20013,13431,26,1,999.0
20014,13432,17,1,4999.0
20015,13433,25,2,499.0
20016,13433,8,3,2999.0
20017,13434,8,1,2999.0
20018,13435,24,1,899.0
20019,13435,4,2,1299.0
20020,13436,24,1,899.0
20021,13437,27,2,599.0
20022,13438,7,1,599.0
20023,13439,11,1,199.0
20024,13440,7,2,599.0
20025,13441,19,1,4499.0
20026,13442,22,1,699.0
20027,13442,18,2,899.0
20028,13443,1,3,2499.0
20029,13443,23,2,399.0
20030,13444,19,1,4499.0
20031,13445,23,1,399.0
20032,13445,3,1,3499.0
20033,13446,22,2,699.0
20034,13446,24,1,899.0
20035,13447,17,2,4999.0
20036,13447,11,1,199.0
20037,13448,27,1,599.0
20038,13449,18,1,899.0
20039,13449,25,1,499.0
20040,13450,12,1,1299.0
20041,13450,14,2,1599.0
20042,13450,19,2,4499.0
20043,13451,6,1,1499.0
20044,13451,3,1,3499.0
20045,13451,11,1,199.0
20046,13452,21,2,1099.0
20047,13453,30,1,799.0
20048,13454,3,1,3499.0
20049,13455,25,1,499.0
20050,13455,24,1,899.0
20051,13456,3,3,3499.0
20052,13456,26,2,999.0
20053,13457,24,3,899.0
20054,13458,12,1,1299.0
20055,13459,13,3,799.0
20056,13460,11,1,199.0
20057,13461,25,1,499.0
20058,13462,5,2,999.0
20059,13463,3,2,3499.0
20060,13463,23,2,399.0
20061,13464,19,1,4499.0
20062,13464,20,1,3999.0
20063,13465,27,2,599.0
20064,13465,4,1,1299.0
20065,13466,8,1,2999.0
20066,13466,14,1,1599.0
20067,13467,9,1,899.0
20068,13468,11,1,199.0
20069,13468,11,2,199.0
20070,13469,6,1,1499.0
20071,13469,9,1,899.0
20072,13469,23,1,399.0
20073,13470,22,1,699.0
20074,13471,23,1,399.0
20075,13472,25,1,499.0
20076,13473,30,1,799.0
20077,13474,14,1,1599.0
20078,13474,21,1,1099.0
20079,13475,24,1,899.0
20080,13476,19,2,4499.0
20081,13477,11,2,199.0
20082,13478,25,2,499.0
20083,13479,16,1,3999.0
20084,13480,24,1,899.0
20085,13480,9,1,899.0
20086,13481,16,1,3999.0
20087,13482,25,1,499.0
20088,13483,20,1,3999.0
20089,13484,19,1,4499.0
20090,13484,16,1,3999.0
20091,13485,7,1,599.0
20092,13485,7,1,599.0
20093,13486,22,1,699.0
20094,13486,29,1,1999.0
20095,13486,22,1,699.0
20096,13487,7,1,599.0
20097,13487,4,1,1299.0
20098,13488,23,1,399.0
20099,13489,12,1,1299.0
20100,13490,1,1,2499.0
20101,13491,30,1,799.0
20102,13492,24,2,899.0
20103,13493,9,1,899.0
20104,13493,25,2,499.0
20105,13493,19,1,4499.0
20106,13494,19,1,4499.0
20107,13494,19,1,4499.0
20108,13495,6,1,1499.0
20109,13496,4,1,1299.0
20110,13496,15,3,1199.0
20111,13497,21,1,1099.0
20112,13498,10,1,299.0
20113,13499,7,3,599.0
20114,13499,3,1,3499.0
20115,13500,12,1,1299.0
20116,13501,3,1,3499.0
20117,13501,11,1,199.0
20118,13502,26,1,999.0
20119,13502,8,3,2999.0
20120,13502,15,1,1199.0
20121,13503,19,1,4499.0
20122,13503,3,1,3499.0
20123,13504,5,1,999.0
20124,13505,30,2,799.0
20125,13505,6,1,1499.0
20126,13506,30,1,799.0
20127,13506,20,3,3999.0
20128,13507,26,1,999.0
20129,13508,17,1,4999.0
20130,13508,23,2,399.0
20131,13508,21,1,1099.0
20132,13509,10,2,299.0
20133,13509,9,3,899.0
20134,13510,16,1,3999.0
20135,13511,21,1,1099.0
20136,13511,20,1,3999.0
20137,13512,15,1,1199.0
20138,13513,15,1,1199.0
20139,13514,19,1,4499.0
20140,13515,26,1,999.0
20141,13516,23,1,399.0
20142,13517,19,1,4499.0
20143,13517,1,1,2499.0
20144,13518,3,1,3499.0
20145,13519,22,2,699.0
20146,13520,18,3,899.0
20147,13521,13,1,799.0
20148,13521,4,1,1299.0
20149,13522,30,1,799.0
20150,13522,15,1,1199.0
20151,13522,29,1,1999.0
20152,13523,26,1,999.0
20153,13524,12,1,1299.0
20154,13525,13,1,799.0
20155,13526,6,2,1499.0
20156,13527,4,1,1299.0
20157,13527,7,1,599.0
20158,13528,3,1,3499.0
20159,13529,24,1,899.0
20160,13529,6,1,1499.0
20161,13530,9,1,899.0
20162,13531,9,1,899.0
20163,13531,3,1,3499.0
20164,13531,17,1,4999.0
20165,13532,23,1,399.0
20166,13533,7,1,599.0
20167,13534,18,3,899.0
20168,13534,20,1,3999.0
20169,13534,1,1,2499.0
20170,13535,9,1,899.0
20171,13536,7,1,599.0
20172,13537,28,1,499.0
20173,13538,1,1,2499.0
20174,13539,7,2,599.0
20175,13540,18,1,899.0
20176,13541,23,1,399.0
20177,13541,27,1,599.0
20178,13542,19,1,4499.0
20179,13543,11,2,199.0
20180,13543,25,1,499.0
20181,13543,22,2,699.0
20182,13544,9,1,899.0
20183,13544,15,1,1199.0
20184,13545,23,1,399.0
20185,13546,19,2,4499.0
20186,13547,24,1,899.0
20187,13547,26,1,999.0
20188,13548,18,3,899.0
20189,13549,21,1,1099.0
20190,13550,7,3,599.0
20191,13550,6,2,1499.0
20192,13551,22,1,699.0
20193,13551,29,1,1999.0
20194,13552,7,2,599.0
20195,13552,1,1,2499.0
20196,13552,26,1,999.0
20197,13553,15,1,1199.0
20198,13554,4,1,1299.0
20199,13554,23,1,399.0
20200,13555,11,3,199.0
20201,13556,23,3,399.0
20202,13557,21,1,1099.0
20203,13558,22,2,699.0
20204,13559,4,1,1299.0
20205,13560,15,1,1199.0
20206,13561,26,2,999.0
20207,13561,15,1,1199.0
20208,13561,2,1,1799.0
20209,13562,23,1,399.0
20210,13562,24,3,899.0
20211,13563,11,1,199.0
20212,13564,4,1,1299.0
20213,13565,24,1,899.0
20214,13566,6,1,1499.0
20215,13567,4,2,1299.0
20216,13568,19,1,4499.0
20217,13569,1,2,2499.0
20218,13570,24,2,899.0
20219,13571,8,1,2999.0
20220,13571,9,2,899.0
20221,13572,11,1,199.0
20222,13573,30,1,799.0
20223,13573,27,1,599.0
20224,13574,15,1,1199.0
20225,13575,23,1,399.0
20226,13576,15,2,1199.0
20227,13576,19,1,4499.0
20228,13577,8,1,2999.0
20229,13577,10,1,299.0
20230,13578,21,2,1099.0
20231,13578,23,2,399.0
20232,13579,25,1,499.0
20233,13579,30,1,799.0
20234,13580,6,1,1499.0
20235,13581,11,1,199.0
20236,13582,11,2,199.0
20237,13583,7,1,599.0
20238,13584,21,3,1099.0
20239,13585,30,1,799.0
20240,13585,18,1,899.0
20241,13586,23,2,399.0
20242,13586,26,1,999.0
20243,13587,3,1,3499.0
20244,13587,20,1,3999.0
20245,13588,18,1,899.0
20246,13589,15,1,1199.0
20247,13590,19,1,4499.0
20248,13590,25,3,499.0
20249,13591,6,2,1499.0
20250,13592,8,1,2999.0
20251,13592,3,1,3499.0
20252,13593,30,1,799.0
20253,13594,4,1,1299.0
20254,13595,17,3,4999.0
20255,13596,13,1,799.0
20256,13596,4,1,1299.0
20257,13597,3,1,3499.0
20258,13597,3,2,3499.0
20259,13597,7,2,599.0
20260,13598,30,3,799.0
20261,13598,6,1,1499.0
20262,13598,3,2,3499.0
20263,13599,13,1,799.0
20264,13600,30,1,799.0
20265,13601,4,1,1299.0
20266,13602,12,2,1299.0
20267,13602,11,2,199.0
20268,13603,4,3,1299.0
20269,13604,22,1,699.0
20270,13605,6,1,1499.0
20271,13605,30,1,799.0
20272,13606,19,1,4499.0
20273,13606,27,1,599.0
20274,13607,16,3,3999.0
20275,13608,26,2,999.0
20276,13609,22,1,699.0
20277,13610,16,1,3999.0
20278,13611,15,2,1199.0
20279,13611,18,2,899.0
20280,13611,15,2,1199.0
20281,13612,9,1,899.0
20282,13613,8,1,2999.0
20283,13613,16,2,3999.0
20284,13614,8,1,2999.0
20285,13615,24,3,899.0
20286,13616,23,1,399.0
20287,13616,10,1,299.0
20288,13617,15,3,1199.0
20289,13617,27,2,599.0
20290,13618,7,2,599.0
20291,13619,8,1,2999.0
20292,13620,23,1,399.0
20293,13621,6,2,1499.0
20294,13621,7,1,599.0
20295,13622,6,1,1499.0
20296,13623,19,1,4499.0
20297,13623,27,1,599.0
20298,13624,1,1,2499.0
20299,13625,4,1,1299.0
20300,13625,24,1,899.0
20301,13626,3,1,3499.0
20302,13627,3,1,3499.0
20303,13627,25,1,499.0
20304,13628,30,1,799.0
20305,13629,18,1,899.0
20306,13629,15,1,1199.0
20307,13630,18,1,899.0
20308,13630,30,1,799.0
20309,13631,7,2,599.0
20310,13632,1,1,2499.0
20311,13632,3,2,3499.0
20312,13633,20,1,3999.0
20313,13634,9,1,899.0
20314,13635,25,1,499.0
20315,13635,9,1,899.0
20316,13636,24,2,899.0
20317,13637,4,3,1299.0
20318,13637,11,1,199.0
20319,13638,27,3,599.0
20320,13639,18,1,899.0
20321,13640,16,1,3999.0
20322,13641,15,1,1199.0
20323,13642,29,1,1999.0
20324,13643,4,1,1299.0
20325,13643,8,2,2999.0
20326,13644,2,1,1799.0
20327,13645,27,1,599.0
20328,13645,25,1,499.0
20329,13646,24,1,899.0
20330,13646,7,1,599.0
20331,13647,6,3,1499.0
20332,13647,30,1,799.0
20333,13647,24,1,899.0
20334,13648,10,1,299.0
20335,13649,7,2,599.0
20336,13650,29,1,1999.0
20337,13651,7,2,599.0
20338,13652,7,1,599.0
20339,13653,6,1,1499.0
20340,13653,25,1,499.0
20341,13654,6,3,1499.0
20342,13654,2,1,1799.0
20343,13654,20,1,3999.0
20344,13655,17,1,4999.0
20345,13655,6,2,1499.0
20346,13656,25,1,499.0
20347,13657,13,1,799.0
20348,13658,25,1,499.0
20349,13658,4,1,1299.0
20350,13659,26,2,999.0
20351,13659,2,1,1799.0
20352,13660,3,1,3499.0
20353,13660,23,1,399.0
20354,13661,2,2,1799.0
20355,13661,26,1,999.0
20356,13662,7,1,599.0
20357,13663,30,3,799.0
20358,13663,19,1,4499.0
20359,13664,19,2,4499.0
20360,13665,20,1,3999.0
20361,13666,29,1,1999.0
20362,13666,23,2,399.0
20363,13667,20,1,3999.0
20364,13668,23,1,399.0
20365,13668,19,1,4499.0
20366,13668,24,1,899.0
20367,13669,5,1,999.0
20368,13670,14,2,1599.0
20369,13671,3,1,3499.0
20370,13672,9,2,899.0
20371,13673,20,1,3999.0
20372,13673,24,3,899.0
20373,13674,25,1,499.0
20374,13674,18,2,899.0
20375,13675,23,2,399.0
20376,13676,11,3,199.0
20377,13677,11,3,199.0
20378,13678,8,1,2999.0
20379,13679,11,1,199.0
20380,13680,30,1,799.0
20381,13680,18,1,899.0
20382,13681,3,2,3499.0
20383,13682,15,1,1199.0
20384,13683,23,1,399.0
20385,13683,29,1,1999.0
20386,13684,22,1,699.0
20387,13684,11,2,199.0
20388,13685,9,2,899.0
20389,13685,9,1,899.0
20390,13686,21,1,1099.0
20391,13687,19,1,4499.0
20392,13688,3,1,3499.0
20393,13688,19,2,4499.0
20394,13688,25,1,499.0
20395,13689,24,2,899.0
20396,13689,13,1,799.0
20397,13690,4,1,1299.0
20398,13691,10,2,299.0
20399,13692,30,3,799.0
20400,13692,14,1,1599.0
20401,13693,7,1,599.0
20402,13694,17,1,4999.0
20403,13694,20,1,3999.0
20404,13694,9,2,899.0
20405,13695,13,1,799.0
20406,13695,4,1,1299.0
20407,13695,14,1,1599.0
20408,13696,29,1,1999.0
20409,13696,6,1,1499.0
20410,13697,24,1,899.0
20411,13698,1,1,2499.0
20412,13699,4,1,1299.0
20413,13699,7,1,599.0
20414,13700,11,2,199.0
20415,13700,29,1,1999.0
20416,13701,13,2,799.0
20417,13701,26,1,999.0
20418,13702,27,1,599.0
20419,13703,9,1,899.0
20420,13704,16,1,3999.0
20421,13704,13,1,799.0
20422,13705,28,1,499.0
20423,13706,1,1,2499.0
20424,13707,7,1,599.0
20425,13708,18,3,899.0
20426,13708,30,1,799.0
20427,13709,25,1,499.0
20428,13709,9,1,899.0
20429,13710,24,1,899.0
20430,13711,6,1,1499.0
20431,13712,6,1,1499.0
20432,13712,3,1,3499.0
20433,13713,13,2,799.0
20434,13714,4,1,1299.0
20435,13714,8,1,2999.0
20436,13714,5,1,999.0
20437,13715,15,1,1199.0
20438,13716,11,1,199.0
20439,13717,27,1,599.0
20440,13718,19,1,4499.0
20441,13719,24,1,899.0
20442,13719,16,1,3999.0
20443,13719,4,1,1299.0
20444,13720,12,1,1299.0
20445,13721,19,1,4499.0
20446,13722,11,1,199.0
20447,13723,16,2,3999.0
20448,13723,9,1,899.0
20449,13724,8,1,2999.0
20450,13725,4,2,1299.0
20451,13725,3,1,3499.0
20452,13726,20,1,3999.0
20453,13726,23,1,399.0
20454,13726,3,1,3499.0
20455,13727,25,1,499.0
20456,13727,15,3,1199.0
20457,13728,26,2,999.0
20458,13728,7,2,599.0
20459,13729,16,1,3999.0
20460,13730,22,1,699.0
20461,13730,23,2,399.0
20462,13731,13,1,799.0
20463,13732,10,1,299.0
20464,13733,1,1,2499.0
20465,13734,10,2,299.0
20466,13735,13,3,799.0
20467,13736,25,3,499.0
20468,13737,27,3,599.0
20469,13738,10,1,299.0
20470,13739,6,1,1499.0
20471,13739,28,1,499.0
20472,13740,24,3,899.0
20473,13741,22,1,699.0
20474,13742,6,1,1499.0
20475,13742,20,2,3999.0
20476,13743,17,1,4999.0
20477,13743,6,1,1499.0
20478,13744,11,1,199.0
20479,13745,7,1,599.0
20480,13746,10,2,299.0
20481,13746,24,2,899.0
20482,13746,23,1,399.0
20483,13747,15,1,1199.0
20484,13748,7,1,599.0
20485,13749,30,1,799.0
20486,13749,11,1,199.0
20487,13750,6,2,1499.0
20488,13750,6,2,1499.0
20489,13751,5,2,999.0
20490,13752,17,1,4999.0
20491,13753,10,1,299.0
20492,13754,18,1,899.0
20493,13755,8,1,2999.0
20494,13756,22,2,699.0
20495,13757,24,1,899.0
20496,13757,24,1,899.0
20497,13757,3,3,3499.0
20498,13758,12,3,1299.0
20499,13759,19,2,4499.0
20500,13759,7,1,599.0
20501,13759,29,3,1999.0
20502,13760,3,1,3499.0
20503,13761,11,1,199.0
20504,13762,16,2,3999.0
20505,13762,2,3,1799.0
20506,13763,26,3,999.0
20507,13763,15,1,1199.0
20508,13764,23,1,399.0
20509,13765,6,1,1499.0
20510,13766,10,1,299.0
20511,13767,15,1,1199.0
20512,13768,5,1,999.0
20513,13769,9,3,899.0
20514,13770,3,1,3499.0
20515,13771,9,2,899.0
20516,13771,10,1,299.0
20517,13772,18,2,899.0
20518,13773,14,1,1599.0
20519,13774,1,1,2499.0
20520,13774,12,1,1299.0
20521,13774,23,1,399.0
20522,13775,6,1,1499.0
20523,13775,1,1,2499.0
20524,13776,11,1,199.0
20525,13776,2,2,1799.0
20526,13777,15,1,1199.0
20527,13777,6,1,1499.0
20528,13778,19,3,4499.0
20529,13778,20,1,3999.0
20530,13779,21,2,1099.0
20531,13780,20,2,3999.0
20532,13781,21,2,1099.0
20533,13781,13,1,799.0
20534,13782,19,1,4499.0
20535,13783,11,1,199.0
20536,13783,3,1,3499.0
20537,13784,11,2,199.0
20538,13785,15,2,1199.0
20539,13785,4,1,1299.0
20540,13786,3,2,3499.0
20541,13787,6,1,1499.0
20542,13787,4,3,1299.0
20543,13788,15,1,1199.0
20544,13789,9,1,899.0
20545,13789,2,1,1799.0
20546,13790,15,1,1199.0
20547,13791,18,1,899.0
20548,13791,15,1,1199.0
20549,13792,26,1,999.0
20550,13793,15,2,1199.0
20551,13794,19,1,4499.0
20552,13795,5,1,999.0
20553,13796,24,1,899.0
20554,13796,15,1,1199.0
20555,13797,22,2,699.0
20556,13798,16,1,3999.0
20557,13798,14,1,1599.0
20558,13799,21,1,1099.0
20559,13800,25,1,499.0
20560,13801,18,3,899.0
20561,13801,6,1,1499.0
20562,13802,1,2,2499.0
20563,13803,24,2,899.0
20564,13804,3,2,3499.0
20565,13805,23,1,399.0
20566,13805,24,2,899.0
20567,13806,27,1,599.0
20568,13807,19,1,4499.0
20569,13808,3,3,3499.0
20570,13808,23,1,399.0
20571,13808,6,1,1499.0
20572,13809,26,1,999.0
20573,13809,16,1,3999.0
20574,13810,17,1,4999.0
20575,13811,21,1,1099.0
20576,13812,3,3,3499.0
20577,13813,7,3,599.0
20578,13814,26,1,999.0
20579,13815,22,1,699.0
20580,13815,6,1,1499.0
20581,13815,8,1,2999.0
20582,13816,21,1,1099.0
20583,13816,8,1,2999.0
20584,13817,6,1,1499.0
20585,13818,4,2,1299.0
20586,13819,18,1,899.0
20587,13820,6,1,1499.0
20588,13821,1,2,2499.0
20589,13822,12,1,1299.0
20590,13823,30,1,799.0
20591,13823,9,1,899.0
20592,13824,24,1,899.0
20593,13824,6,1,1499.0
20594,13825,1,1,2499.0
20595,13825,21,1,1099.0
20596,13826,17,1,4999.0
20597,13826,27,2,599.0
20598,13827,6,1,1499.0
20599,13828,24,2,899.0
20600,13828,8,1,2999.0
20601,13829,15,3,1199.0
20602,13829,19,1,4499.0
20603,13829,25,1,499.0
20604,13830,19,1,4499.0
20605,13831,12,1,1299.0
20606,13831,24,3,899.0
20607,13832,19,1,4499.0
20608,13833,14,2,1599.0
20609,13834,2,1,1799.0
20610,13834,6,1,1499.0
20611,13835,11,1,199.0
20612,13835,11,2,199.0
20613,13836,27,1,599.0
20614,13836,24,1,899.0
20615,13836,4,1,1299.0
20616,13837,6,1,1499.0
20617,13837,19,1,4499.0
20618,13838,22,2,699.0
20619,13838,7,2,599.0
20620,13838,4,1,1299.0
20621,13839,23,1,399.0
20622,13839,7,1,599.0
20623,13840,3,1,3499.0
20624,13841,20,1,3999.0
20625,13842,25,1,499.0
20626,13843,18,1,899.0
20627,13843,26,1,999.0
20628,13844,4,1,1299.0
20629,13845,30,1,799.0
20630,13845,1,1,2499.0
20631,13846,3,1,3499.0
20632,13846,9,1,899.0
20633,13847,22,2,699.0
20634,13847,26,1,999.0
20635,13847,9,1,899.0
20636,13848,17,2,4999.0
20637,13849,9,2,899.0
20638,13850,22,1,699.0
20639,13851,16,1,3999.0
20640,13852,30,2,799.0
20641,13853,24,1,899.0
20642,13854,11,1,199.0
20643,13855,21,1,1099.0
20644,13855,19,1,4499.0
20645,13855,7,3,599.0
20646,13856,6,1,1499.0
20647,13857,2,2,1799.0
20648,13858,28,3,499.0
20649,13858,24,1,899.0
20650,13859,6,1,1499.0
20651,13860,25,1,499.0
20652,13861,19,1,4499.0
20653,13862,12,1,1299.0
20654,13863,1,1,2499.0
20655,13863,11,1,199.0
20656,13864,19,1,4499.0
20657,13865,17,1,4999.0
20658,13865,11,1,199.0
20659,13866,26,1,999.0
20660,13866,11,1,199.0
20661,13867,4,1,1299.0
20662,13868,4,2,1299.0
20663,13868,6,1,1499.0
20664,13869,7,1,599.0
20665,13870,24,1,899.0
20666,13871,21,2,1099.0
20667,13872,10,3,299.0
20668,13872,4,1,1299.0
20669,13873,9,2,899.0
20670,13874,3,1,3499.0
20671,13874,14,1,1599.0
20672,13875,11,1,199.0
20673,13876,6,1,1499.0
20674,13876,27,1,599.0
20675,13877,22,1,699.0
20676,13878,10,1,299.0
20677,13879,15,1,1199.0
20678,13879,16,1,3999.0
20679,13880,3,3,3499.0
20680,13881,7,1,599.0
20681,13882,17,1,4999.0
20682,13883,2,1,1799.0
20683,13884,20,1,3999.0
20684,13885,29,1,1999.0
20685,13885,18,1,899.0
20686,13886,21,3,1099.0
20687,13887,25,2,499.0
20688,13888,28,1,499.0
20689,13888,11,1,199.0
20690,13888,8,1,2999.0
20691,13889,25,1,499.0
20692,13890,30,1,799.0
20693,13890,17,1,4999.0
20694,13891,11,1,199.0
20695,13891,26,2,999.0
20696,13892,17,2,4999.0
20697,13893,28,2,499.0
20698,13894,3,1,3499.0
20699,13895,6,1,1499.0
20700,13895,19,1,4499.0
20701,13896,3,1,3499.0
20702,13897,26,3,999.0
20703,13898,15,1,1199.0
20704,13899,19,2,4499.0
20705,13899,7,1,599.0
20706,13900,13,2,799.0
20707,13901,6,2,1499.0
20708,13902,23,1,399.0
20709,13902,3,1,3499.0
20710,13903,5,1,999.0
20711,13903,23,1,399.0
20712,13903,25,1,499.0
20713,13904,30,1,799.0
20714,13904,4,1,1299.0
20715,13905,25,2,499.0
20716,13906,19,1,4499.0
20717,13906,27,1,599.0
20718,13907,10,1,299.0
20719,13907,24,1,899.0
20720,13908,23,1,399.0
20721,13908,20,2,3999.0
20722,13909,11,1,199.0
20723,13910,21,1,1099.0
20724,13911,10,1,299.0
20725,13911,7,1,599.0
20726,13912,22,3,699.0
20727,13912,6,1,1499.0
20728,13913,23,3,399.0
20729,13914,24,1,899.0
20730,13915,21,1,1099.0
20731,13916,8,1,2999.0
20732,13917,28,1,499.0
20733,13917,6,1,1499.0
20734,13918,7,1,599.0
20735,13918,17,1,4999.0
20736,13919,27,1,599.0
20737,13920,23,2,399.0
20738,13920,8,1,2999.0
20739,13921,19,1,4499.0
20740,13922,10,2,299.0
20741,13923,24,1,899.0
20742,13924,6,1,1499.0
20743,13925,24,1,899.0
20744,13926,3,2,3499.0
20745,13926,17,1,4999.0
20746,13927,23,1,399.0
20747,13928,14,1,1599.0
20748,13928,4,1,1299.0
20749,13928,15,1,1199.0
20750,13929,2,1,1799.0
20751,13930,1,3,2499.0
20752,13930,19,1,4499.0
20753,13931,26,2,999.0
20754,13932,24,1,899.0
20755,13933,29,1,1999.0
20756,13933,29,1,1999.0
20757,13934,19,1,4499.0
20758,13934,1,1,2499.0
20759,13935,27,1,599.0
20760,13935,1,2,2499.0
20761,13936,3,1,3499.0
20762,13937,25,1,499.0
20763,13938,18,1,899.0
20764,13939,4,2,1299.0
20765,13939,7,1,599.0
20766,13940,6,1,1499.0
20767,13941,13,3,799.0
20768,13942,28,1,499.0
20769,13942,7,2,599.0
20770,13943,25,1,499.0
20771,13943,26,1,999.0
20772,13944,15,1,1199.0
20773,13945,17,1,4999.0
20774,13946,5,1,999.0
20775,13947,19,1,4499.0
20776,13948,12,2,1299.0
20777,13949,28,1,499.0
20778,13950,10,1,299.0
20779,13950,7,1,599.0
20780,13951,19,1,4499.0
20781,13951,11,1,199.0
20782,13952,9,1,899.0
20783,13953,30,2,799.0
20784,13954,4,1,1299.0
20785,13955,10,2,299.0
20786,13956,21,1,1099.0
20787,13956,8,1,2999.0
20788,13957,23,2,399.0
20789,13957,3,1,3499.0
20790,13958,19,2,4499.0
20791,13959,21,1,1099.0
20792,13960,7,1,599.0
20793,13961,30,1,799.0
20794,13962,11,1,199.0
20795,13962,30,1,799.0
20796,13963,26,1,999.0
20797,13964,21,1,1099.0
20798,13965,3,1,3499.0
20799,13966,24,2,899.0
20800,13966,23,1,399.0
20801,13966,11,2,199.0
20802,13967,13,1,799.0
20803,13968,6,1,1499.0
20804,13969,14,2,1599.0
20805,13969,3,1,3499.0
20806,13970,25,1,499.0
20807,13971,4,1,1299.0
20808,13972,4,1,1299.0
20809,13973,10,1,299.0
20810,13974,21,1,1099.0
20811,13974,30,1,799.0
20812,13975,11,2,199.0
20813,13976,3,1,3499.0
20814,13977,10,1,299.0
20815,13977,19,2,4499.0
20816,13978,21,1,1099.0
20817,13979,24,3,899.0
20818,13980,7,1,599.0
20819,13981,10,1,299.0
20820,13982,17,1,4999.0
20821,13982,4,3,1299.0
20822,13983,22,3,699.0
20823,13984,20,1,3999.0
20824,13985,10,1,299.0
20825,13985,12,1,1299.0
20826,13985,19,1,4499.0
20827,13986,7,1,599.0
20828,13987,9,1,899.0
20829,13988,15,1,1199.0
20830,13988,20,1,3999.0
20831,13989,16,1,3999.0
20832,13989,18,1,899.0
20833,13990,9,1,899.0
20834,13991,7,2,599.0
20835,13991,23,1,399.0
20836,13991,1,1,2499.0
20837,13992,12,2,1299.0
20838,13992,10,2,299.0
20839,13993,14,1,1599.0
20840,13994,24,1,899.0
20841,13995,28,2,499.0
20842,13996,23,1,399.0
20843,13996,4,1,1299.0
20844,13997,23,1,399.0
20845,13998,21,1,1099.0
20846,13998,24,1,899.0
20847,13999,29,1,1999.0
20848,13999,27,1,599.0
20849,14000,21,2,1099.0
20850,14001,17,3,4999.0
20851,14002,9,1,899.0
20852,14002,16,3,3999.0
20853,14002,17,1,4999.0
20854,14003,20,1,3999.0
20855,14004,23,1,399.0
20856,14004,11,1,199.0
20857,14005,20,1,3999.0
20858,14005,3,1,3499.0
20859,14006,25,1,499.0
20860,14007,23,1,399.0
20861,14008,25,1,499.0
20862,14008,3,1,3499.0
20863,14009,25,1,499.0
20864,14009,11,1,199.0
20865,14009,22,1,699.0
20866,14010,24,1,899.0
20867,14010,13,1,799.0
20868,14011,14,1,1599.0
20869,14011,11,1,199.0
20870,14012,6,2,1499.0
20871,14013,24,2,899.0
20872,14014,9,1,899.0
20873,14015,17,1,4999.0
20874,14015,18,2,899.0
20875,14015,27,1,599.0
20876,14016,23,3,399.0
20877,14017,27,2,599.0
20878,14017,2,1,1799.0
20879,14018,26,1,999.0
20880,14019,9,1,899.0
20881,14020,8,1,2999.0
20882,14020,23,1,399.0
20883,14020,17,3,4999.0
20884,14021,9,1,899.0
20885,14022,21,1,1099.0
20886,14023,25,1,499.0
20887,14024,3,2,3499.0
20888,14025,25,2,499.0
20889,14025,10,1,299.0
20890,14026,19,1,4499.0
20891,14027,24,1,899.0
20892,14027,26,1,999.0
20893,14027,21,3,1099.0
20894,14028,16,2,3999.0
20895,14029,25,1,499.0
20896,14030,23,1,399.0
20897,14031,23,1,399.0
20898,14032,3,2,3499.0
20899,14033,6,1,1499.0
20900,14034,4,1,1299.0
20901,14035,18,2,899.0
20902,14035,9,2,899.0
20903,14036,4,1,1299.0
20904,14036,30,1,799.0
20905,14037,30,1,799.0
20906,14038,16,1,3999.0
20907,14039,12,1,1299.0
20908,14039,17,1,4999.0
20909,14040,24,2,899.0
20910,14041,30,1,799.0
20911,14042,6,1,1499.0
20912,14042,28,1,499.0
20913,14043,4,1,1299.0
20914,14044,27,3,599.0
20915,14045,16,1,3999.0
20916,14046,10,1,299.0
20917,14046,25,1,499.0
20918,14046,6,1,1499.0
20919,14047,21,1,1099.0
20920,14047,21,1,1099.0
20921,14048,4,1,1299.0
20922,14048,27,1,599.0
20923,14049,11,3,199.0
20924,14050,6,1,1499.0
20925,14051,22,1,699.0
20926,14052,18,2,899.0
20927,14053,26,2,999.0
20928,14053,4,1,1299.0
20929,14054,18,1,899.0
20930,14055,22,1,699.0
20931,14056,1,2,2499.0
20932,14057,5,2,999.0
20933,14058,18,1,899.0
20934,14059,24,2,899.0
20935,14059,5,1,999.0
20936,14060,15,1,1199.0
20937,14061,19,1,4499.0
20938,14061,9,3,899.0
20939,14062,30,1,799.0
20940,14063,15,1,1199.0
20941,14063,26,2,999.0
20942,14063,5,1,999.0
20943,14064,25,1,499.0
20944,14065,11,1,199.0
20945,14066,15,2,1199.0
20946,14066,23,1,399.0
20947,14067,3,2,3499.0
20948,14067,3,1,3499.0
20949,14068,3,1,3499.0
20950,14069,23,1,399.0
20951,14070,12,1,1299.0
20952,14070,25,2,499.0
20953,14071,24,1,899.0
20954,14072,6,1,1499.0
20955,14072,29,1,1999.0
20956,14073,18,1,899.0
20957,14073,23,1,399.0
20958,14073,7,2,599.0
20959,14074,30,1,799.0
20960,14075,6,1,1499.0
20961,14075,28,1,499.0
20962,14075,11,1,199.0
20963,14076,10,3,299.0
20964,14077,30,2,799.0
20965,14077,4,2,1299.0
20966,14078,3,1,3499.0
20967,14078,20,1,3999.0
20968,14079,22,1,699.0
20969,14080,9,2,899.0
20970,14080,23,1,399.0
20971,14081,19,1,4499.0
20972,14081,18,1,899.0
20973,14081,19,2,4499.0
20974,14082,17,2,4999.0
20975,14082,18,1,899.0
20976,14083,23,2,399.0
20977,14084,19,1,4499.0
20978,14084,8,1,2999.0
20979,14085,6,1,1499.0
20980,14086,25,2,499.0
20981,14087,24,1,899.0
20982,14087,7,2,599.0
20983,14088,17,1,4999.0
20984,14088,13,3,799.0
20985,14089,13,1,799.0
20986,14090,23,1,399.0
20987,14091,23,3,399.0
20988,14092,3,1,3499.0
20989,14093,26,1,999.0
20990,14094,19,3,4499.0
20991,14095,19,1,4499.0
20992,14095,7,2,599.0
20993,14095,27,1,599.0
20994,14096,24,1,899.0
20995,14097,1,1,2499.0
20996,14098,24,1,899.0
20997,14099,15,2,1199.0
20998,14100,30,3,799.0
20999,14101,11,1,199.0
21000,14101,24,1,899.0
21001,14102,7,1,599.0
21002,14103,7,2,599.0
21003,14103,7,2,599.0
21004,14103,29,1,1999.0
21005,14104,10,1,299.0
21006,14104,25,2,499.0
21007,14105,9,1,899.0
21008,14105,28,1,499.0
21009,14105,5,3,999.0
21010,14106,15,1,1199.0
21011,14107,9,1,899.0
21012,14107,11,1,199.0
21013,14108,22,1,699.0
21014,14109,8,1,2999.0
21015,14110,8,1,2999.0
21016,14111,9,1,899.0
21017,14112,18,1,899.0
21018,14113,13,1,799.0
21019,14114,3,1,3499.0
21020,14114,30,2,799.0
21021,14115,18,1,899.0
21022,14115,4,1,1299.0
21023,14116,23,1,399.0
21024,14117,29,1,1999.0
21025,14118,27,1,599.0
21026,14119,15,1,1199.0
21027,14119,10,1,299.0
21028,14120,30,1,799.0
21029,14120,1,1,2499.0
21030,14120,1,1,2499.0
21031,14121,19,1,4499.0
21032,14121,11,2,199.0
21033,14122,19,1,4499.0
21034,14122,19,1,4499.0
21035,14123,20,3,3999.0
21036,14124,25,1,499.0
21037,14124,3,1,3499.0
21038,14125,25,1,499.0
21039,14125,3,1,3499.0
21040,14126,21,3,1099.0
21041,14127,23,1,399.0
21042,14128,28,1,499.0
21043,14129,7,1,599.0
21044,14130,27,1,599.0
21045,14130,6,1,1499.0
21046,14131,24,2,899.0
21047,14132,11,1,199.0
21048,14133,11,1,199.0
21049,14134,24,1,899.0
21050,14134,7,1,599.0
21051,14135,4,1,1299.0
21052,14136,6,1,1499.0
21053,14136,17,1,4999.0
21054,14136,30,1,799.0
21055,14137,22,1,699.0
21056,14138,14,2,1599.0
21057,14138,4,1,1299.0
21058,14139,19,1,4499.0
21059,14140,28,1,499.0
21060,14140,3,2,3499.0
21061,14141,23,1,399.0
21062,14141,8,2,2999.0
21063,14142,8,2,2999.0
21064,14143,30,1,799.0
21065,14144,27,1,599.0
21066,14145,19,3,4499.0
21067,14146,19,3,4499.0
21068,14147,16,1,3999.0
21069,14148,21,1,1099.0
21070,14149,29,2,1999.0
21071,14150,4,1,1299.0
21072,14150,11,2,199.0
21073,14151,1,2,2499.0
21074,14152,22,1,699.0
21075,14152,24,2,899.0
21076,14152,28,1,499.0
21077,14153,8,1,2999.0
21078,14154,24,1,899.0
21079,14154,11,1,199.0
21080,14155,24,1,899.0
21081,14155,9,1,899.0
21082,14156,7,3,599.0
21083,14156,14,1,1599.0
21084,14157,24,3,899.0
21085,14158,29,2,1999.0
21086,14158,15,1,1199.0
21087,14159,24,2,899.0
21088,14160,10,1,299.0
21089,14160,27,1,599.0
21090,14161,6,1,1499.0
21091,14162,26,1,999.0
21092,14162,8,3,2999.0
21093,14163,8,2,2999.0
21094,14164,1,2,2499.0
21095,14164,1,2,2499.0
21096,14165,7,3,599.0
21097,14166,24,1,899.0
21098,14166,3,2,3499.0
21099,14166,30,1,799.0
21100,14167,7,1,599.0
21101,14168,11,1,199.0
21102,14169,29,1,1999.0
21103,14170,7,1,599.0
21104,14171,3,1,3499.0
21105,14172,4,3,1299.0
21106,14173,20,1,3999.0
21107,14174,19,1,4499.0
21108,14175,27,1,599.0
21109,14175,5,2,999.0
21110,14176,11,2,199.0
21111,14177,13,1,799.0
21112,14178,26,3,999.0
21113,14179,21,1,1099.0
21114,14180,6,1,1499.0
21115,14180,11,1,199.0
21116,14180,10,1,299.0
21117,14181,26,1,999.0
21118,14182,23,1,399.0
21119,14183,12,1,1299.0
21120,14183,15,1,1199.0
21121,14184,17,1,4999.0
21122,14185,23,3,399.0
21123,14186,30,1,799.0
21124,14187,15,1,1199.0
21125,14188,18,1,899.0
21126,14189,1,1,2499.0
21127,14190,3,1,3499.0
21128,14191,13,1,799.0
21129,14191,6,1,1499.0
21130,14191,15,2,1199.0
21131,14192,24,1,899.0
21132,14193,11,2,199.0
21133,14194,10,2,299.0
21134,14195,24,1,899.0
21135,14196,9,1,899.0
21136,14197,20,1,3999.0
21137,14198,12,3,1299.0
21138,14199,17,1,4999.0
21139,14200,29,1,1999.0
21140,14201,3,1,3499.0
21141,14202,11,1,199.0
21142,14203,17,3,4999.0
21143,14203,21,1,1099.0
21144,14204,3,1,3499.0
21145,14205,7,1,599.0
21146,14206,15,1,1199.0
21147,14206,1,3,2499.0
21148,14207,26,1,999.0
21149,14207,7,1,599.0
21150,14207,3,1,3499.0
21151,14208,26,1,999.0
21152,14209,21,2,1099.0
21153,14210,29,2,1999.0
21154,14211,9,1,899.0
21155,14212,10,1,299.0
21156,14212,14,2,1599.0
21157,14213,20,1,3999.0
21158,14214,17,1,4999.0
21159,14215,8,1,2999.0
21160,14215,11,2,199.0
21161,14215,10,1,299.0
21162,14216,30,1,799.0
21163,14217,25,1,499.0
21164,14217,7,2,599.0
21165,14217,10,1,299.0
21166,14218,30,1,799.0
21167,14219,21,1,1099.0
21168,14220,1,1,2499.0
21169,14221,15,1,1199.0
21170,14221,27,3,599.0
21171,14222,6,2,1499.0
21172,14223,4,1,1299.0
21173,14223,29,1,1999.0
21174,14224,28,2,499.0
21175,14224,7,1,599.0
21176,14225,4,2,1299.0
21177,14226,10,1,299.0
21178,14226,22,1,699.0
21179,14227,18,1,899.0
21180,14228,23,1,399.0
21181,14228,28,2,499.0
21182,14229,25,2,499.0
21183,14230,11,1,199.0
21184,14231,13,1,799.0
21185,14231,23,3,399.0
21186,14231,17,2,4999.0
21187,14232,19,2,4499.0
21188,14232,11,1,199.0
21189,14233,23,1,399.0
21190,14233,6,1,1499.0
21191,14233,7,1,599.0
21192,14234,30,1,799.0
21193,14234,3,1,3499.0
21194,14234,5,1,999.0
21195,14235,29,1,1999.0
21196,14236,8,1,2999.0
21197,14237,1,1,2499.0
21198,14238,18,1,899.0
21199,14239,29,3,1999.0
21200,14239,19,3,4499.0
21201,14239,20,3,3999.0
21202,14240,9,1,899.0
21203,14241,17,1,4999.0
21204,14241,12,1,1299.0
21205,14242,19,1,4499.0
21206,14243,2,1,1799.0
21207,14244,23,3,399.0
21208,14244,9,2,899.0
21209,14245,4,2,1299.0
21210,14246,11,1,199.0
21211,14247,22,2,699.0
21212,14247,2,1,1799.0
21213,14248,1,1,2499.0
21214,14249,18,1,899.0
21215,14250,3,1,3499.0
21216,14250,15,2,1199.0
21217,14251,25,1,499.0
21218,14251,1,1,2499.0
21219,14252,3,2,3499.0
21220,14253,3,1,3499.0
21221,14254,5,2,999.0
21222,14255,17,1,4999.0
21223,14256,20,1,3999.0
21224,14256,17,2,4999.0
21225,14257,10,1,299.0
21226,14257,6,1,1499.0
21227,14257,26,3,999.0
21228,14258,30,1,799.0
21229,14258,24,1,899.0
21230,14259,4,2,1299.0
21231,14260,26,1,999.0
21232,14261,11,1,199.0
21233,14261,14,1,1599.0
21234,14262,9,2,899.0
21235,14263,23,1,399.0
21236,14263,23,1,399.0
21237,14263,10,1,299.0
21238,14264,30,1,799.0
21239,14265,15,3,1199.0
21240,14266,7,3,599.0
21241,14267,4,1,1299.0
21242,14268,3,2,3499.0
21243,14268,13,1,799.0
21244,14269,27,1,599.0
21245,14269,19,1,4499.0
21246,14270,12,1,1299.0
21247,14270,18,1,899.0
21248,14271,6,1,1499.0
21249,14271,4,3,1299.0
21250,14272,3,2,3499.0
21251,14273,27,2,599.0
21252,14274,21,3,1099.0
21253,14275,20,3,3999.0
21254,14276,25,2,499.0
21255,14277,6,1,1499.0
21256,14278,3,3,3499.0
21257,14279,27,1,599.0
21258,14280,23,1,399.0
21259,14281,30,3,799.0
21260,14282,14,2,1599.0
21261,14283,11,1,199.0
21262,14283,7,1,599.0
21263,14284,10,1,299.0
21264,14284,5,1,999.0
21265,14285,9,1,899.0
21266,14285,11,1,199.0
21267,14285,21,1,1099.0
21268,14286,8,1,2999.0
21269,14287,30,1,799.0
21270,14288,19,2,4499.0
21271,14289,1,2,2499.0
21272,14290,17,1,4999.0
21273,14291,30,1,799.0
21274,14292,25,1,499.0
21275,14292,10,1,299.0
21276,14293,7,2,599.0
21277,14294,6,3,1499.0
21278,14295,24,1,899.0
21279,14296,7,1,599.0
21280,14296,17,1,4999.0
21281,14297,10,1,299.0
21282,14298,23,1,399.0
21283,14298,22,1,699.0
21284,14299,4,2,1299.0
21285,14299,7,2,599.0
21286,14300,2,1,1799.0
21287,14301,30,1,799.0
21288,14302,8,2,2999.0
21289,14302,18,2,899.0
21290,14303,27,1,599.0
21291,14303,11,1,199.0
21292,14304,3,3,3499.0
21293,14305,9,1,899.0
21294,14305,10,2,299.0
21295,14306,24,2,899.0
21296,14306,9,2,899.0
21297,14306,8,2,2999.0
21298,14307,23,2,399.0
21299,14308,3,1,3499.0
21300,14308,28,2,499.0
21301,14309,10,1,299.0
21302,14310,18,1,899.0
21303,14311,2,1,1799.0
21304,14312,13,3,799.0
21305,14312,28,1,499.0
21306,14313,30,1,799.0
21307,14313,7,2,599.0
21308,14314,3,1,3499.0
21309,14314,9,1,899.0
21310,14314,30,2,799.0
21311,14315,9,1,899.0
21312,14316,10,3,299.0
21313,14316,30,1,799.0
21314,14317,3,1,3499.0
21315,14317,15,1,1199.0
21316,14317,26,1,999.0
21317,14318,17,1,4999.0
21318,14319,13,3,799.0
21319,14320,26,2,999.0
21320,14321,24,2,899.0
21321,14322,18,1,899.0
21322,14323,9,3,899.0
21323,14324,17,3,4999.0
21324,14325,1,3,2499.0
21325,14325,2,1,1799.0
21326,14326,3,1,3499.0
21327,14327,26,1,999.0
21328,14327,4,1,1299.0
21329,14328,19,1,4499.0
21330,14328,28,2,499.0
21331,14329,18,1,899.0
21332,14330,3,3,3499.0
21333,14331,4,2,1299.0
21334,14331,19,3,4499.0
21335,14332,7,1,599.0
21336,14333,25,1,499.0
21337,14334,26,1,999.0
21338,14334,15,1,1199.0
21339,14335,6,1,1499.0
21340,14336,28,1,499.0
21341,14337,13,2,799.0
21342,14337,25,1,499.0
21343,14338,21,2,1099.0
21344,14338,23,1,399.0
21345,14339,23,1,399.0
21346,14340,21,1,1099.0
21347,14341,1,1,2499.0
21348,14342,15,2,1199.0
21349,14343,9,2,899.0
21350,14344,23,2,399.0
21351,14345,27,1,599.0
21352,14346,11,2,199.0
21353,14347,9,1,899.0
21354,14348,21,1,1099.0
21355,14348,15,1,1199.0
21356,14349,6,2,1499.0
21357,14350,24,1,899.0
21358,14351,22,1,699.0
21359,14351,1,3,2499.0
21360,14351,11,1,199.0
21361,14352,18,1,899.0
21362,14353,9,1,899.0
21363,14353,2,1,1799.0
21364,14353,25,1,499.0
21365,14354,9,1,899.0
21366,14354,22,3,699.0
21367,14355,23,2,399.0
21368,14356,22,1,699.0
21369,14357,23,1,399.0
21370,14357,1,3,2499.0
21371,14358,28,1,499.0
21372,14359,9,1,899.0
21373,14360,13,1,799.0
21374,14361,15,3,1199.0
21375,14362,24,1,899.0
21376,14362,1,3,2499.0
21377,14363,19,1,4499.0
21378,14364,22,1,699.0
21379,14365,17,1,4999.0
21380,14365,17,2,4999.0
21381,14366,19,2,4499.0
21382,14367,10,1,299.0
21383,14367,16,3,3999.0
21384,14368,22,1,699.0
21385,14369,8,2,2999.0
21386,14369,9,1,899.0
21387,14370,4,1,1299.0
21388,14370,3,1,3499.0
21389,14370,17,2,4999.0
21390,14371,3,1,3499.0
21391,14372,7,1,599.0
21392,14372,28,2,499.0
21393,14372,12,2,1299.0
21394,14373,23,3,399.0
21395,14374,7,2,599.0
21396,14375,20,3,3999.0
21397,14376,25,1,499.0
21398,14377,27,1,599.0
21399,14378,23,1,399.0
21400,14378,7,3,599.0
21401,14379,20,1,3999.0
21402,14380,24,1,899.0
21403,14381,5,1,999.0
21404,14382,30,1,799.0
21405,14382,1,1,2499.0
21406,14383,28,3,499.0
21407,14384,6,1,1499.0
21408,14385,30,1,799.0
21409,14386,15,3,1199.0
21410,14386,19,1,4499.0
21411,14387,8,1,2999.0
21412,14387,2,2,1799.0
21413,14388,4,2,1299.0
21414,14388,3,2,3499.0
21415,14389,29,3,1999.0
21416,14390,18,1,899.0
21417,14391,2,1,1799.0
21418,14391,15,1,1199.0
21419,14392,19,1,4499.0
21420,14393,24,2,899.0
21421,14394,16,1,3999.0
21422,14395,30,1,799.0
21423,14396,25,2,499.0
21424,14397,7,1,599.0
21425,14397,14,1,1599.0
21426,14398,11,1,199.0
21427,14399,17,3,4999.0
21428,14400,25,1,499.0
21429,14400,2,1,1799.0
21430,14401,29,1,1999.0
21431,14402,30,1,799.0
21432,14402,27,1,599.0
21433,14403,4,3,1299.0
21434,14403,30,1,799.0
21435,14404,21,1,1099.0
21436,14405,10,1,299.0
21437,14405,10,1,299.0
21438,14406,3,1,3499.0
21439,14406,20,2,3999.0
21440,14407,13,1,799.0
21441,14408,4,2,1299.0
21442,14408,10,1,299.0
21443,14409,29,1,1999.0
21444,14410,5,1,999.0
21445,14411,4,1,1299.0
21446,14412,8,3,2999.0
21447,14412,24,1,899.0
21448,14413,23,1,399.0
21449,14414,3,1,3499.0
21450,14414,1,1,2499.0
21451,14415,25,1,499.0
21452,14416,3,1,3499.0
21453,14417,10,1,299.0
21454,14417,12,2,1299.0
21455,14418,22,1,699.0
21456,14418,14,3,1599.0
21457,14419,26,2,999.0
21458,14420,22,1,699.0
21459,14421,11,1,199.0
21460,14422,9,1,899.0
21461,14423,18,2,899.0
21462,14423,14,1,1599.0
21463,14424,18,1,899.0
21464,14425,27,1,599.0
21465,14426,11,1,199.0
21466,14427,5,1,999.0
21467,14427,3,1,3499.0
21468,14428,2,1,1799.0
21469,14428,15,1,1199.0
21470,14429,25,1,499.0
21471,14429,20,1,3999.0
21472,14429,9,1,899.0
21473,14430,11,1,199.0
21474,14430,17,1,4999.0
21475,14431,12,1,1299.0
21476,14432,25,1,499.0
21477,14432,11,1,199.0
21478,14432,15,2,1199.0
21479,14433,26,1,999.0
21480,14433,6,1,1499.0
21481,14434,8,1,2999.0
21482,14434,3,2,3499.0
21483,14434,5,1,999.0
21484,14435,9,1,899.0
21485,14436,23,1,399.0
21486,14437,8,3,2999.0
21487,14437,19,2,4499.0
21488,14438,3,1,3499.0
21489,14439,29,1,1999.0
21490,14439,19,1,4499.0
21491,14440,9,1,899.0
21492,14441,15,1,1199.0
21493,14441,3,1,3499.0
21494,14442,12,1,1299.0
21495,14443,2,3,1799.0
21496,14444,10,1,299.0
21497,14445,14,1,1599.0
21498,14445,8,1,2999.0
21499,14446,11,2,199.0
21500,14446,7,1,599.0
21501,14447,11,1,199.0
21502,14448,28,1,499.0
21503,14448,25,1,499.0
21504,14449,7,1,599.0
21505,14449,19,1,4499.0
21506,14449,19,2,4499.0
21507,14450,15,1,1199.0
21508,14451,15,1,1199.0
21509,14452,29,1,1999.0
21510,14453,26,1,999.0
21511,14454,6,1,1499.0
21512,14455,6,2,1499.0
21513,14456,9,1,899.0
21514,14457,27,2,599.0
21515,14458,29,1,1999.0
21516,14458,25,1,499.0
21517,14459,24,2,899.0
21518,14460,6,1,1499.0
21519,14461,3,2,3499.0
21520,14461,25,1,499.0
21521,14462,19,1,4499.0
21522,14463,22,1,699.0
21523,14464,8,1,2999.0
21524,14464,19,1,4499.0
21525,14464,30,1,799.0
21526,14465,28,2,499.0
21527,14466,9,1,899.0
21528,14466,24,3,899.0
21529,14467,28,1,499.0
21530,14468,8,1,2999.0
21531,14468,8,1,2999.0
21532,14469,17,2,4999.0
21533,14469,19,3,4499.0
21534,14470,23,1,399.0
21535,14470,3,1,3499.0
21536,14471,6,1,1499.0
21537,14471,7,3,599.0
21538,14472,13,1,799.0
21539,14472,14,2,1599.0
21540,14473,9,1,899.0
21541,14474,29,2,1999.0
21542,14474,11,1,199.0
21543,14474,25,2,499.0
21544,14475,24,1,899.0
21545,14476,4,1,1299.0
21546,14477,9,1,899.0
21547,14478,24,1,899.0
21548,14478,6,1,1499.0
21549,14479,22,2,699.0
21550,14479,14,2,1599.0
21551,14480,18,1,899.0
21552,14481,6,1,1499.0
21553,14482,25,3,499.0
21554,14482,23,1,399.0
21555,14483,24,1,899.0
21556,14484,20,1,3999.0
21557,14484,6,1,1499.0
21558,14485,8,1,2999.0
21559,14485,6,3,1499.0
21560,14486,11,1,199.0
21561,14486,15,3,1199.0
21562,14487,7,1,599.0
21563,14487,8,1,2999.0
21564,14488,10,1,299.0
21565,14489,3,1,3499.0
21566,14490,9,1,899.0
21567,14490,4,1,1299.0
21568,14491,25,1,499.0
21569,14492,9,2,899.0
21570,14493,7,2,599.0
21571,14494,18,3,899.0
21572,14494,13,2,799.0
21573,14495,1,1,2499.0
21574,14496,19,1,4499.0
21575,14497,28,1,499.0
21576,14498,19,1,4499.0
21577,14499,25,1,499.0
21578,14499,8,1,2999.0
21579,14500,30,1,799.0
21580,14501,14,1,1599.0
21581,14502,3,3,3499.0
21582,14503,8,1,2999.0
21583,14504,24,3,899.0
21584,14505,26,2,999.0
21585,14506,11,1,199.0
21586,14507,15,1,1199.0
21587,14507,5,1,999.0
21588,14508,23,1,399.0
21589,14509,5,1,999.0
21590,14509,24,1,899.0
21591,14509,20,1,3999.0
21592,14510,21,1,1099.0
21593,14510,6,1,1499.0
21594,14511,10,2,299.0
21595,14511,9,3,899.0
21596,14512,11,1,199.0
21597,14512,3,1,3499.0
21598,14513,21,1,1099.0
21599,14514,5,2,999.0
21600,14515,4,1,1299.0
21601,14516,21,2,1099.0
21602,14517,14,3,1599.0
21603,14517,4,1,1299.0
21604,14518,10,1,299.0
21605,14519,4,1,1299.0
21606,14519,7,1,599.0
21607,14519,7,3,599.0
21608,14520,20,1,3999.0
21609,14520,2,1,1799.0
21610,14521,24,1,899.0
21611,14521,17,1,4999.0
21612,14522,24,1,899.0
21613,14523,20,2,3999.0
21614,14523,19,1,4499.0
21615,14523,18,2,899.0
21616,14524,19,1,4499.0
21617,14524,10,3,299.0
21618,14525,27,1,599.0
21619,14525,24,1,899.0
21620,14526,10,2,299.0
21621,14526,24,2,899.0
21622,14527,14,3,1599.0
21623,14528,28,1,499.0
21624,14528,3,2,3499.0
21625,14528,19,1,4499.0
21626,14529,8,1,2999.0
21627,14529,14,1,1599.0
21628,14530,18,1,899.0
21629,14531,3,1,3499.0
21630,14532,23,1,399.0
21631,14532,9,2,899.0
21632,14532,22,2,699.0
21633,14533,7,1,599.0
21634,14534,13,2,799.0
21635,14535,26,1,999.0
21636,14535,27,1,599.0
21637,14536,28,1,499.0
21638,14537,1,1,2499.0
21639,14538,29,1,1999.0
21640,14539,14,2,1599.0
21641,14540,20,1,3999.0
21642,14540,15,1,1199.0
21643,14541,21,1,1099.0
21644,14542,13,1,799.0
21645,14543,14,2,1599.0
21646,14544,23,1,399.0
21647,14544,16,2,3999.0
21648,14545,3,1,3499.0
21649,14546,3,1,3499.0
21650,14547,18,1,899.0
21651,14547,23,2,399.0
21652,14548,28,1,499.0
21653,14549,6,3,1499.0
21654,14549,22,2,699.0
21655,14550,23,1,399.0
21656,14551,6,2,1499.0
21657,14552,1,1,2499.0
21658,14552,15,3,1199.0
21659,14553,7,1,599.0
21660,14554,25,1,499.0
21661,14555,21,1,1099.0
21662,14556,17,2,4999.0
21663,14556,25,2,499.0
21664,14557,7,1,599.0
21665,14557,24,1,899.0
21666,14558,24,1,899.0
21667,14559,3,1,3499.0
21668,14560,15,1,1199.0
21669,14560,7,3,599.0
21670,14561,26,2,999.0
21671,14561,21,1,1099.0
21672,14562,13,2,799.0
21673,14563,19,1,4499.0
21674,14563,18,1,899.0
21675,14564,23,2,399.0
21676,14564,1,1,2499.0
21677,14565,12,1,1299.0
21678,14566,7,2,599.0
21679,14566,6,1,1499.0
21680,14567,6,1,1499.0
21681,14568,6,2,1499.0
21682,14569,18,1,899.0
21683,14569,1,1,2499.0
21684,14570,12,1,1299.0
21685,14570,30,1,799.0
21686,14571,26,1,999.0
21687,14571,21,1,1099.0
21688,14572,15,2,1199.0
21689,14573,25,2,499.0
21690,14574,29,1,1999.0
21691,14574,14,1,1599.0
21692,14574,27,1,599.0
21693,14575,7,1,599.0
21694,14575,3,2,3499.0
21695,14575,12,1,1299.0
21696,14576,11,1,199.0
21697,14576,30,1,799.0
21698,14577,9,1,899.0
21699,14577,23,2,399.0
21700,14577,10,1,299.0
21701,14578,23,1,399.0
21702,14578,26,3,999.0
21703,14579,15,1,1199.0
21704,14580,24,3,899.0
21705,14580,9,2,899.0
21706,14581,6,2,1499.0
21707,14582,15,1,1199.0
21708,14582,22,1,699.0
21709,14583,8,1,2999.0
21710,14584,3,2,3499.0
21711,14584,16,1,3999.0
21712,14584,23,1,399.0
21713,14585,1,2,2499.0
21714,14586,28,1,499.0
21715,14587,17,2,4999.0
21716,14588,9,1,899.0
21717,14589,8,1,2999.0
21718,14589,6,1,1499.0
21719,14590,16,2,3999.0
21720,14590,7,2,599.0
21721,14591,15,1,1199.0
21722,14591,3,1,3499.0
21723,14592,16,2,3999.0
21724,14593,1,1,2499.0
21725,14594,11,2,199.0
21726,14595,7,1,599.0
21727,14596,23,3,399.0
21728,14597,27,1,599.0
21729,14598,22,1,699.0
21730,14599,7,1,599.0
21731,14600,4,1,1299.0
21732,14600,15,1,1199.0
21733,14601,7,2,599.0
21734,14602,23,1,399.0
21735,14603,6,1,1499.0
21736,14604,30,1,799.0
21737,14605,26,1,999.0
21738,14606,6,1,1499.0
21739,14607,7,1,599.0
21740,14608,3,2,3499.0
21741,14609,3,1,3499.0
21742,14610,26,1,999.0
21743,14611,23,2,399.0
21744,14611,3,1,3499.0
21745,14611,9,1,899.0
21746,14612,17,1,4999.0
21747,14613,1,3,2499.0
21748,14614,8,2,2999.0
21749,14615,18,1,899.0
21750,14616,21,1,1099.0
21751,14616,13,1,799.0
21752,14617,21,1,1099.0
21753,14617,5,3,999.0
21754,14618,8,2,2999.0
21755,14619,12,2,1299.0
21756,14620,13,1,799.0
21757,14621,27,1,599.0
21758,14621,7,1,599.0
21759,14621,26,3,999.0
21760,14622,11,1,199.0
21761,14623,1,1,2499.0
21762,14624,27,2,599.0
21763,14625,24,1,899.0
21764,14626,19,1,4499.0
21765,14627,19,1,4499.0
21766,14628,5,2,999.0
21767,14628,28,1,499.0
21768,14628,11,1,199.0
21769,14629,15,1,1199.0
21770,14630,10,1,299.0
21771,14631,3,1,3499.0
21772,14632,5,2,999.0
21773,14633,7,2,599.0
21774,14634,16,3,3999.0
21775,14635,3,1,3499.0
21776,14636,15,1,1199.0
21777,14637,29,1,1999.0
21778,14638,20,3,3999.0
21779,14638,22,1,699.0
21780,14639,17,2,4999.0
21781,14640,24,1,899.0
21782,14640,9,1,899.0
21783,14640,11,1,199.0
21784,14641,28,3,499.0
21785,14642,14,2,1599.0
21786,14642,9,1,899.0
21787,14643,9,3,899.0
21788,14644,28,1,499.0
21789,14645,10,2,299.0
21790,14645,11,1,199.0
21791,14646,23,2,399.0
21792,14647,18,1,899.0
21793,14648,28,2,499.0
21794,14649,21,2,1099.0
21795,14649,12,1,1299.0
21796,14650,23,1,399.0
21797,14651,7,3,599.0
21798,14651,5,1,999.0
21799,14652,19,2,4499.0
21800,14652,29,1,1999.0
21801,14653,19,1,4499.0
21802,14653,12,2,1299.0
21803,14654,17,1,4999.0
21804,14654,19,1,4499.0
21805,14655,1,1,2499.0
21806,14656,19,1,4499.0
21807,14657,8,1,2999.0
21808,14658,27,1,599.0
21809,14659,24,1,899.0
21810,14660,28,2,499.0
21811,14661,30,1,799.0
21812,14661,30,1,799.0
21813,14661,17,2,4999.0
21814,14662,21,3,1099.0
21815,14663,17,1,4999.0
21816,14664,27,2,599.0
21817,14665,4,1,1299.0
21818,14665,11,1,199.0
21819,14665,24,1,899.0
21820,14666,19,2,4499.0
21821,14666,3,1,3499.0
21822,14666,8,2,2999.0
21823,14667,11,1,199.0
21824,14667,19,1,4499.0
21825,14668,19,3,4499.0
21826,14669,27,1,599.0
21827,14670,22,1,699.0
21828,14670,7,1,599.0
21829,14670,3,1,3499.0
21830,14671,17,1,4999.0
21831,14671,14,3,1599.0
21832,14671,13,1,799.0
21833,14672,21,1,1099.0
21834,14673,26,1,999.0
21835,14674,27,1,599.0
21836,14674,6,1,1499.0
21837,14674,23,1,399.0
21838,14675,28,1,499.0
21839,14675,17,1,4999.0
21840,14676,18,1,899.0
21841,14676,23,2,399.0
21842,14677,30,1,799.0
21843,14678,21,1,1099.0
21844,14679,3,1,3499.0
21845,14680,19,1,4499.0
21846,14680,19,1,4499.0
21847,14681,18,1,899.0
21848,14681,11,1,199.0
21849,14682,25,1,499.0
21850,14683,17,2,4999.0
21851,14684,22,3,699.0
21852,14684,12,1,1299.0
21853,14685,4,1,1299.0
21854,14685,11,1,199.0
21855,14686,19,1,4499.0
21856,14686,15,1,1199.0
21857,14687,28,1,499.0
21858,14688,14,2,1599.0
21859,14688,15,1,1199.0
21860,14689,4,1,1299.0
21861,14689,27,2,599.0
21862,14690,6,1,1499.0
21863,14691,14,1,1599.0
21864,14691,16,3,3999.0
21865,14692,29,1,1999.0
21866,14692,24,1,899.0
21867,14693,17,1,4999.0
21868,14693,30,2,799.0
21869,14694,11,1,199.0
21870,14695,2,1,1799.0
21871,14696,24,1,899.0
21872,14697,25,1,499.0
21873,14697,7,2,599.0
21874,14697,11,1,199.0
21875,14698,17,1,4999.0
21876,14699,1,1,2499.0
21877,14700,9,2,899.0
21878,14701,7,2,599.0
21879,14702,19,3,4499.0
21880,14703,19,1,4499.0
21881,14703,7,1,599.0
21882,14704,9,2,899.0
21883,14704,10,2,299.0
21884,14705,17,1,4999.0
21885,14706,22,1,699.0
21886,14706,15,1,1199.0
21887,14706,19,2,4499.0
21888,14707,24,1,899.0
21889,14707,18,1,899.0
21890,14708,25,1,499.0
21891,14709,6,1,1499.0
21892,14710,25,3,499.0
21893,14711,13,1,799.0
21894,14712,1,1,2499.0
21895,14713,7,1,599.0
21896,14714,20,2,3999.0
21897,14715,4,1,1299.0
21898,14716,23,1,399.0
21899,14717,17,2,4999.0
21900,14717,3,2,3499.0
21901,14718,6,1,1499.0
21902,14718,30,1,799.0
21903,14719,8,2,2999.0
21904,14719,28,1,499.0
21905,14720,19,1,4499.0
21906,14720,8,1,2999.0
21907,14720,19,3,4499.0
21908,14721,3,1,3499.0
21909,14722,9,2,899.0
21910,14722,18,1,899.0
21911,14723,6,3,1499.0
21912,14723,10,1,299.0
21913,14724,6,3,1499.0
21914,14725,25,2,499.0
21915,14726,17,2,4999.0
21916,14727,24,1,899.0
21917,14728,17,1,4999.0
21918,14728,16,1,3999.0
21919,14729,11,1,199.0
21920,14730,3,3,3499.0
21921,14731,19,3,4499.0
21922,14731,18,3,899.0
21923,14731,30,1,799.0
21924,14732,8,1,2999.0
21925,14732,8,3,2999.0
21926,14733,1,1,2499.0
21927,14733,24,1,899.0
21928,14734,16,1,3999.0
21929,14735,24,1,899.0
21930,14736,2,3,1799.0
21931,14736,30,1,799.0
21932,14736,22,1,699.0
21933,14737,3,1,3499.0
21934,14738,1,3,2499.0
21935,14739,20,1,3999.0
21936,14740,9,1,899.0
21937,14741,3,1,3499.0
21938,14742,12,1,1299.0
21939,14743,18,2,899.0
21940,14743,10,1,299.0
21941,14743,22,1,699.0
21942,14744,7,1,599.0
21943,14744,6,3,1499.0
21944,14745,30,1,799.0
21945,14746,12,1,1299.0
21946,14747,4,1,1299.0
21947,14748,17,1,4999.0
21948,14748,21,3,1099.0
21949,14749,24,1,899.0
21950,14749,4,1,1299.0
21951,14749,25,1,499.0
21952,14750,18,2,899.0
21953,14751,11,2,199.0
21954,14751,10,1,299.0
21955,14752,19,1,4499.0
21956,14753,11,3,199.0
21957,14754,15,1,1199.0
21958,14755,19,1,4499.0
21959,14756,13,1,799.0
21960,14757,3,1,3499.0
21961,14758,3,1,3499.0
21962,14759,11,1,199.0
21963,14759,7,1,599.0
21964,14760,18,1,899.0
21965,14761,26,1,999.0
21966,14762,17,1,4999.0
21967,14763,2,1,1799.0
21968,14763,19,1,4499.0
21969,14764,1,1,2499.0
21970,14765,8,1,2999.0
21971,14766,19,2,4499.0
21972,14767,21,2,1099.0
21973,14768,17,1,4999.0
21974,14769,6,1,1499.0
21975,14770,27,1,599.0
21976,14770,12,1,1299.0
21977,14771,29,1,1999.0
21978,14772,10,1,299.0
21979,14773,15,1,1199.0
21980,14774,5,1,999.0
21981,14775,21,2,1099.0
21982,14775,5,3,999.0
21983,14776,27,1,599.0
21984,14777,6,2,1499.0
21985,14777,9,1,899.0
21986,14778,7,1,599.0
21987,14779,25,1,499.0
21988,14780,19,2,4499.0
21989,14780,28,1,499.0
21990,14780,6,1,1499.0
21991,14781,18,1,899.0
21992,14782,25,1,499.0
21993,14783,25,1,499.0
21994,14784,21,2,1099.0
21995,14785,8,3,2999.0
21996,14785,2,1,1799.0
21997,14786,11,1,199.0
21998,14787,6,1,1499.0
21999,14788,24,1,899.0
22000,14788,11,1,199.0
22001,14789,21,1,1099.0
22002,14790,1,1,2499.0
22003,14791,19,1,4499.0
22004,14791,7,1,599.0
22005,14791,24,1,899.0
22006,14792,19,2,4499.0
22007,14792,30,1,799.0
22008,14792,27,1,599.0
22009,14793,23,2,399.0
22010,14794,14,1,1599.0
22011,14794,25,1,499.0
22012,14794,24,2,899.0
22013,14795,20,1,3999.0
22014,14796,19,2,4499.0
22015,14797,9,3,899.0
22016,14798,15,3,1199.0
22017,14799,8,3,2999.0
22018,14799,7,2,599.0
22019,14800,11,2,199.0
22020,14800,30,3,799.0
22021,14800,9,1,899.0
22022,14801,8,1,2999.0
22023,14801,1,3,2499.0
22024,14802,4,1,1299.0
22025,14803,30,1,799.0
22026,14804,24,2,899.0
22027,14804,9,2,899.0
22028,14805,30,1,799.0
22029,14806,8,1,2999.0
22030,14806,18,1,899.0
22031,14807,18,2,899.0
22032,14808,4,3,1299.0
22033,14808,23,2,399.0
22034,14809,8,2,2999.0
22035,14810,19,2,4499.0
22036,14811,23,1,399.0
22037,14811,15,1,1199.0
22038,14812,22,1,699.0
22039,14813,11,1,199.0
22040,14813,9,1,899.0
22041,14814,11,1,199.0
22042,14815,25,1,499.0
22043,14815,8,1,2999.0
22044,14816,7,1,599.0
22045,14816,20,1,3999.0
22046,14817,14,2,1599.0
22047,14818,15,2,1199.0
22048,14819,3,2,3499.0
22049,14819,7,1,599.0
22050,14819,23,1,399.0
22051,14820,29,2,1999.0
22052,14820,3,1,3499.0
22053,14821,30,2,799.0
22054,14822,24,1,899.0
22055,14822,3,1,3499.0
22056,14823,18,2,899.0
22057,14824,20,1,3999.0
22058,14825,6,1,1499.0
22059,14826,30,1,799.0
22060,14827,13,1,799.0
22061,14827,6,1,1499.0
22062,14827,4,1,1299.0
22063,14828,28,1,499.0
22064,14829,11,1,199.0
22065,14830,9,1,899.0
22066,14830,2,1,1799.0
22067,14830,6,1,1499.0
22068,14831,10,1,299.0
22069,14831,28,2,499.0
22070,14831,9,1,899.0
22071,14832,19,1,4499.0
22072,14833,11,1,199.0
22073,14833,21,1,1099.0
22074,14834,13,1,799.0
22075,14834,26,1,999.0
22076,14835,11,1,199.0
22077,14836,9,1,899.0
22078,14837,23,1,399.0
22079,14837,3,1,3499.0
22080,14837,25,1,499.0
22081,14838,8,1,2999.0
22082,14839,26,2,999.0
22083,14840,4,1,1299.0
22084,14840,20,1,3999.0
22085,14841,21,1,1099.0
22086,14842,3,1,3499.0
22087,14842,22,1,699.0
22088,14843,13,1,799.0
22089,14844,19,1,4499.0
22090,14844,6,1,1499.0
22091,14844,5,2,999.0
22092,14845,1,1,2499.0
22093,14846,10,2,299.0
22094,14847,3,1,3499.0
22095,14848,11,1,199.0
22096,14848,19,1,4499.0
22097,14849,11,1,199.0
22098,14850,24,1,899.0
22099,14851,14,1,1599.0
22100,14852,22,1,699.0
22101,14853,6,1,1499.0
22102,14854,23,1,399.0
22103,14855,19,1,4499.0
22104,14856,29,2,1999.0
22105,14857,7,1,599.0
22106,14858,6,1,1499.0
22107,14859,25,2,499.0
22108,14859,25,1,499.0
22109,14860,6,2,1499.0
22110,14861,15,1,1199.0
22111,14862,21,1,1099.0
22112,14862,21,1,1099.0
22113,14863,18,1,899.0
22114,14863,22,1,699.0
22115,14863,9,2,899.0
22116,14864,2,1,1799.0
22117,14865,23,1,399.0
22118,14866,1,1,2499.0
22119,14867,19,2,4499.0
22120,14867,4,1,1299.0
22121,14868,13,2,799.0
22122,14868,7,1,599.0
22123,14869,3,2,3499.0
22124,14869,10,1,299.0
22125,14870,15,1,1199.0
22126,14871,7,1,599.0
22127,14871,11,1,199.0
22128,14872,17,1,4999.0
22129,14873,29,1,1999.0
22130,14874,25,2,499.0
22131,14875,12,1,1299.0
22132,14876,19,3,4499.0
22133,14877,11,1,199.0
22134,14878,26,1,999.0
22135,14878,14,3,1599.0
22136,14879,6,1,1499.0
22137,14880,25,2,499.0
22138,14881,30,2,799.0
22139,14882,17,2,4999.0
22140,14883,4,2,1299.0
22141,14883,26,1,999.0
22142,14884,23,2,399.0
22143,14885,17,3,4999.0
22144,14886,5,2,999.0
22145,14887,9,1,899.0
22146,14888,6,1,1499.0
22147,14888,29,2,1999.0
22148,14889,17,1,4999.0
22149,14889,23,2,399.0
22150,14890,6,2,1499.0
22151,14891,10,1,299.0
22152,14892,18,1,899.0
22153,14892,6,1,1499.0
22154,14892,8,2,2999.0
22155,14893,21,1,1099.0
22156,14893,29,1,1999.0
22157,14894,19,1,4499.0
22158,14894,15,1,1199.0
22159,14895,2,2,1799.0
22160,14895,27,1,599.0
22161,14895,7,1,599.0
22162,14896,29,2,1999.0
22163,14896,30,2,799.0
22164,14896,11,1,199.0
22165,14897,18,3,899.0
22166,14897,29,1,1999.0
22167,14898,18,1,899.0
22168,14899,24,1,899.0
22169,14899,16,1,3999.0
22170,14900,30,2,799.0
22171,14901,10,1,299.0
22172,14902,7,1,599.0
22173,14903,7,1,599.0
22174,14903,23,2,399.0
22175,14904,25,1,499.0
22176,14905,7,1,599.0
22177,14905,3,1,3499.0
22178,14906,15,1,1199.0
22179,14907,25,1,499.0
22180,14908,24,2,899.0
22181,14909,23,3,399.0
22182,14910,1,1,2499.0
22183,14911,17,1,4999.0
22184,14912,1,1,2499.0
22185,14913,14,2,1599.0
22186,14913,27,1,599.0
22187,14914,3,1,3499.0
22188,14915,9,1,899.0
22189,14916,30,2,799.0
22190,14917,21,1,1099.0
22191,14918,27,3,599.0
22192,14919,17,3,4999.0
22193,14920,22,1,699.0
22194,14921,14,1,1599.0
22195,14921,10,2,299.0
22196,14922,6,1,1499.0
22197,14923,4,1,1299.0
22198,14924,6,1,1499.0
22199,14925,13,2,799.0
22200,14925,24,1,899.0
22201,14926,3,1,3499.0
22202,14927,4,1,1299.0
22203,14927,15,1,1199.0
22204,14928,18,1,899.0
22205,14928,11,2,199.0
22206,14929,29,1,1999.0
22207,14930,6,1,1499.0
22208,14930,23,3,399.0
22209,14930,1,2,2499.0
22210,14931,23,1,399.0
22211,14932,27,1,599.0
22212,14933,23,1,399.0
22213,14933,23,1,399.0
22214,14933,22,2,699.0
22215,14934,29,1,1999.0
22216,14935,27,1,599.0
22217,14936,14,1,1599.0
22218,14936,12,2,1299.0
22219,14937,27,1,599.0
22220,14937,2,1,1799.0
22221,14938,10,1,299.0
22222,14938,14,1,1599.0
22223,14939,14,1,1599.0
22224,14940,1,2,2499.0
22225,14940,9,1,899.0
22226,14940,24,2,899.0
22227,14941,22,1,699.0
22228,14942,28,1,499.0
22229,14942,8,1,2999.0
22230,14942,5,1,999.0
22231,14943,1,1,2499.0
22232,14944,4,1,1299.0
22233,14945,3,1,3499.0
22234,14945,18,1,899.0
22235,14946,20,3,3999.0
22236,14946,24,1,899.0
22237,14947,3,2,3499.0
22238,14948,19,1,4499.0
22239,14948,30,1,799.0
22240,14948,24,1,899.0
22241,14949,3,1,3499.0
22242,14950,30,1,799.0
22243,14950,18,2,899.0
22244,14951,26,3,999.0
22245,14951,13,1,799.0
22246,14951,18,2,899.0
22247,14952,9,1,899.0
22248,14953,24,2,899.0
22249,14953,19,1,4499.0
22250,14954,11,1,199.0
22251,14954,9,3,899.0
22252,14955,5,1,999.0
22253,14955,19,1,4499.0
22254,14955,23,2,399.0
22255,14956,21,1,1099.0
22256,14956,20,2,3999.0
22257,14957,6,1,1499.0
22258,14958,24,2,899.0
22259,14959,18,1,899.0
22260,14960,7,1,599.0
22261,14960,4,1,1299.0
22262,14961,1,3,2499.0
22263,14962,22,1,699.0
22264,14963,19,1,4499.0
22265,14963,1,1,2499.0
22266,14964,18,1,899.0
22267,14965,9,2,899.0
22268,14966,3,3,3499.0
22269,14966,3,3,3499.0
22270,14967,8,3,2999.0
22271,14968,19,1,4499.0
22272,14969,25,1,499.0
22273,14970,25,2,499.0
22274,14970,6,2,1499.0
22275,14970,11,1,199.0
22276,14971,9,1,899.0
22277,14971,2,1,1799.0
22278,14972,11,2,199.0
22279,14973,28,2,499.0
22280,14974,18,1,899.0
22281,14975,17,1,4999.0
22282,14976,10,1,299.0
22283,14976,20,1,3999.0
22284,14976,3,1,3499.0
22285,14977,25,3,499.0
22286,14978,16,1,3999.0
22287,14979,21,1,1099.0
22288,14980,30,2,799.0
22289,14981,23,1,399.0
22290,14982,30,1,799.0
22291,14982,12,1,1299.0
22292,14982,8,1,2999.0
22293,14983,11,1,199.0
22294,14983,8,3,2999.0
22295,14984,16,1,3999.0
22296,14985,14,1,1599.0
22297,14986,10,2,299.0
22298,14987,24,1,899.0
22299,14988,19,1,4499.0
22300,14989,22,2,699.0
22301,14990,9,1,899.0
22302,14990,18,1,899.0
22303,14991,15,1,1199.0
22304,14992,12,1,1299.0
22305,14993,23,1,399.0
22306,14993,24,2,899.0
22307,14993,15,1,1199.0
22308,14994,21,1,1099.0
22309,14994,9,1,899.0
22310,14994,26,3,999.0
22311,14995,30,2,799.0
22312,14995,19,2,4499.0
22313,14996,9,1,899.0
22314,14996,24,1,899.0
22315,14996,22,1,699.0
22316,14997,1,1,2499.0
22317,14997,3,2,3499.0
22318,14998,13,1,799.0
22319,14999,24,2,899.0
22320,14999,20,1,3999.0
22321,15000,7,3,599.0
22322,15001,6,1,1499.0
22323,15001,11,1,199.0
22324,15002,20,1,3999.0
22325,15003,27,1,599.0
22326,15003,3,1,3499.0
22327,15004,23,1,399.0
22328,15004,7,3,599.0
22329,15005,8,1,2999.0
22330,15005,29,1,1999.0
22331,15005,8,1,2999.0
22332,15006,21,1,1099.0
22333,15006,27,1,599.0
22334,15007,16,1,3999.0
22335,15007,23,1,399.0
22336,15008,27,2,599.0
22337,15009,30,2,799.0
22338,15009,19,1,4499.0
22339,15010,17,1,4999.0
22340,15010,4,1,1299.0
22341,15010,21,1,1099.0
22342,15011,17,1,4999.0
22343,15011,19,1,4499.0
22344,15012,30,1,799.0
22345,15012,23,1,399.0
22346,15013,14,2,1599.0
22347,15014,19,1,4499.0
22348,15015,4,1,1299.0
22349,15016,6,1,1499.0
22350,15017,23,1,399.0
22351,15018,4,2,1299.0
22352,15018,6,1,1499.0
22353,15019,3,1,3499.0
22354,15019,26,2,999.0
22355,15019,3,1,3499.0
22356,15020,19,2,4499.0
22357,15020,10,1,299.0
22358,15021,6,1,1499.0
22359,15022,6,1,1499.0
22360,15022,9,2,899.0
22361,15022,3,2,3499.0
22362,15023,4,1,1299.0
22363,15024,4,1,1299.0
22364,15025,3,1,3499.0
22365,15025,27,1,599.0
22366,15025,4,2,1299.0
22367,15026,1,1,2499.0
22368,15026,4,3,1299.0
22369,15027,30,1,799.0
22370,15028,26,2,999.0
22371,15028,19,1,4499.0
22372,15029,7,1,599.0
22373,15029,7,1,599.0
22374,15030,9,1,899.0
22375,15030,5,1,999.0
22376,15031,21,1,1099.0
22377,15032,19,1,4499.0
22378,15033,19,3,4499.0
22379,15034,13,2,799.0
22380,15035,4,1,1299.0
22381,15035,28,1,499.0
22382,15035,3,1,3499.0
22383,15036,9,1,899.0
22384,15037,29,3,1999.0
22385,15038,18,1,899.0
22386,15038,20,1,3999.0
22387,15038,8,1,2999.0
22388,15039,6,1,1499.0
22389,15040,24,1,899.0
22390,15041,10,1,299.0
22391,15042,23,1,399.0
22392,15042,7,1,599.0
22393,15043,11,1,199.0
22394,15044,7,1,599.0
22395,15045,24,1,899.0
22396,15046,9,1,899.0
22397,15046,26,1,999.0
22398,15047,15,2,1199.0
22399,15047,3,2,3499.0
22400,15048,9,1,899.0
22401,15049,4,1,1299.0
22402,15049,28,1,499.0
22403,15050,1,1,2499.0
22404,15051,18,1,899.0
22405,15052,4,2,1299.0
22406,15053,7,1,599.0
22407,15054,3,1,3499.0
22408,15055,23,2,399.0
22409,15056,9,1,899.0
22410,15056,5,1,999.0
22411,15057,7,1,599.0
22412,15057,21,2,1099.0
22413,15058,22,2,699.0
22414,15058,16,2,3999.0
22415,15059,27,3,599.0
22416,15060,11,1,199.0
22417,15061,26,2,999.0
22418,15062,29,2,1999.0
22419,15063,1,1,2499.0
22420,15064,7,1,599.0
22421,15064,11,1,199.0
22422,15065,30,1,799.0
22423,15066,11,2,199.0
22424,15066,26,1,999.0
22425,15067,3,3,3499.0
22426,15068,9,1,899.0
22427,15068,28,1,499.0
22428,15068,21,1,1099.0
22429,15069,16,3,3999.0
22430,15069,1,3,2499.0
22431,15070,25,2,499.0
22432,15071,7,1,599.0
22433,15072,15,1,1199.0
22434,15073,24,1,899.0
22435,15074,4,1,1299.0
22436,15074,21,1,1099.0
22437,15074,20,2,3999.0
22438,15075,27,2,599.0
22439,15075,8,2,2999.0
22440,15075,11,1,199.0
22441,15076,19,2,4499.0
22442,15076,10,1,299.0
22443,15077,22,1,699.0
22444,15078,19,2,4499.0
22445,15079,10,2,299.0
22446,15080,10,1,299.0
22447,15081,8,1,2999.0
22448,15082,8,1,2999.0
22449,15082,30,2,799.0
22450,15083,3,1,3499.0
22451,15084,29,1,1999.0
22452,15085,1,1,2499.0
22453,15086,23,1,399.0
22454,15086,25,1,499.0
22455,15086,30,1,799.0
22456,15087,20,1,3999.0
22457,15088,24,1,899.0
22458,15089,4,1,1299.0
22459,15089,18,1,899.0
22460,15090,19,1,4499.0
22461,15091,9,1,899.0
22462,15092,21,1,1099.0
22463,15093,16,2,3999.0
22464,15094,1,1,2499.0
22465,15094,9,1,899.0
22466,15095,3,3,3499.0
22467,15096,4,1,1299.0
22468,15097,15,1,1199.0
22469,15098,1,1,2499.0
22470,15098,1,1,2499.0
22471,15098,4,3,1299.0
22472,15099,17,1,4999.0
22473,15100,10,1,299.0
22474,15100,19,1,4499.0
22475,15101,14,1,1599.0
22476,15101,7,1,599.0
22477,15102,9,2,899.0
22478,15102,24,1,899.0
22479,15103,3,2,3499.0
22480,15103,3,1,3499.0
22481,15104,6,1,1499.0
22482,15105,4,2,1299.0
22483,15105,24,3,899.0
22484,15105,3,1,3499.0
22485,15106,24,1,899.0
22486,15107,29,1,1999.0
22487,15108,26,1,999.0
22488,15109,17,2,4999.0
22489,15109,5,1,999.0
22490,15110,1,2,2499.0
22491,15110,20,1,3999.0
22492,15110,30,1,799.0
22493,15111,9,1,899.0
22494,15112,25,2,499.0
22495,15113,1,1,2499.0
22496,15113,26,1,999.0
22497,15114,19,1,4499.0
22498,15114,13,2,799.0
22499,15115,1,1,2499.0
22500,15115,7,2,599.0
22501,15116,14,1,1599.0
22502,15117,18,1,899.0
22503,15118,17,1,4999.0
22504,15118,26,1,999.0
22505,15119,21,1,1099.0
22506,15119,17,3,4999.0
22507,15120,2,1,1799.0
22508,15120,26,2,999.0
22509,15121,23,2,399.0
22510,15122,14,1,1599.0
22511,15123,11,1,199.0
22512,15123,26,3,999.0
22513,15124,20,1,3999.0
22514,15125,13,1,799.0
22515,15125,22,2,699.0
22516,15125,20,3,3999.0
22517,15126,23,1,399.0
22518,15126,21,1,1099.0
22519,15127,25,1,499.0
22520,15127,7,1,599.0
22521,15128,23,1,399.0
22522,15129,3,3,3499.0
22523,15130,30,3,799.0
22524,15131,4,1,1299.0
22525,15132,11,1,199.0
22526,15133,24,2,899.0
22527,15133,19,1,4499.0
22528,15133,17,1,4999.0
22529,15134,2,1,1799.0
22530,15135,30,1,799.0
22531,15135,19,2,4499.0
22532,15136,6,1,1499.0
22533,15137,23,1,399.0
22534,15138,19,2,4499.0
22535,15138,10,1,299.0
22536,15139,4,1,1299.0
22537,15139,4,1,1299.0
22538,15139,15,3,1199.0
22539,15140,14,3,1599.0
22540,15141,17,3,4999.0
22541,15141,29,1,1999.0
22542,15142,10,1,299.0
22543,15142,3,3,3499.0
22544,15143,27,1,599.0
22545,15143,3,1,3499.0
22546,15143,11,1,199.0
22547,15144,5,2,999.0
22548,15145,14,1,1599.0
22549,15145,24,1,899.0
22550,15145,9,1,899.0
22551,15146,28,3,499.0
22552,15147,7,1,599.0
22553,15147,3,2,3499.0
22554,15147,11,2,199.0
22555,15148,4,1,1299.0
22556,15149,4,1,1299.0
22557,15150,8,1,2999.0
22558,15151,11,1,199.0
22559,15152,24,1,899.0
22560,15152,11,1,199.0
22561,15153,14,1,1599.0
22562,15154,25,1,499.0
22563,15155,8,1,2999.0
22564,15156,3,1,3499.0
22565,15156,22,1,699.0
22566,15157,30,2,799.0
22567,15158,7,1,599.0
22568,15159,26,1,999.0
22569,15159,15,1,1199.0
22570,15160,8,1,2999.0
22571,15160,3,2,3499.0
22572,15160,19,2,4499.0
22573,15161,29,1,1999.0
22574,15162,18,2,899.0
22575,15163,6,2,1499.0
22576,15163,17,1,4999.0
22577,15164,30,2,799.0
22578,15165,20,1,3999.0
22579,15166,7,1,599.0
22580,15167,29,1,1999.0
22581,15168,11,2,199.0
22582,15168,23,1,399.0
22583,15169,12,1,1299.0
22584,15170,4,1,1299.0
22585,15170,25,3,499.0
22586,15171,15,2,1199.0
22587,15171,8,1,2999.0
22588,15172,15,2,1199.0
22589,15172,9,1,899.0
22590,15173,23,3,399.0
22591,15174,28,1,499.0
22592,15174,8,1,2999.0
22593,15175,24,1,899.0
22594,15175,9,1,899.0
22595,15176,15,1,1199.0
22596,15177,25,1,499.0
22597,15177,23,1,399.0
22598,15178,29,1,1999.0
22599,15179,10,1,299.0
22600,15180,6,1,1499.0
22601,15180,25,1,499.0
22602,15181,7,1,599.0
22603,15181,21,3,1099.0
22604,15182,15,2,1199.0
22605,15183,21,1,1099.0
22606,15184,11,1,199.0
22607,15184,26,2,999.0
22608,15185,21,1,1099.0
22609,15185,27,1,599.0
22610,15186,8,1,2999.0
22611,15186,10,3,299.0
22612,15187,4,1,1299.0
22613,15188,17,1,4999.0
22614,15189,8,1,2999.0
22615,15189,25,2,499.0
22616,15189,13,2,799.0
22617,15190,9,3,899.0
22618,15191,25,1,499.0
22619,15192,10,1,299.0
22620,15193,23,1,399.0
22621,15194,8,2,2999.0
22622,15195,27,1,599.0
22623,15196,26,1,999.0
22624,15197,19,1,4499.0
22625,15197,20,1,3999.0
22626,15198,24,2,899.0
22627,15199,24,1,899.0
22628,15199,7,1,599.0
22629,15199,15,3,1199.0
22630,15200,6,1,1499.0
22631,15201,3,3,3499.0
22632,15201,25,2,499.0
22633,15202,17,2,4999.0
22634,15202,3,1,3499.0
22635,15203,3,1,3499.0
22636,15203,29,1,1999.0
22637,15204,8,1,2999.0
22638,15204,15,2,1199.0
22639,15205,10,2,299.0
22640,15205,15,1,1199.0
22641,15206,4,1,1299.0
22642,15207,24,1,899.0
22643,15207,14,2,1599.0
22644,15208,23,1,399.0
22645,15209,20,2,3999.0
22646,15209,19,1,4499.0
22647,15210,11,1,199.0
22648,15211,7,1,599.0
22649,15211,20,3,3999.0
22650,15211,4,1,1299.0
22651,15212,22,1,699.0
22652,15213,7,1,599.0
22653,15214,11,1,199.0
22654,15215,7,1,599.0
22655,15216,17,2,4999.0
22656,15217,15,1,1199.0
22657,15217,20,1,3999.0
22658,15218,6,2,1499.0
22659,15219,24,1,899.0
22660,15219,7,1,599.0
22661,15219,7,1,599.0
22662,15220,30,1,799.0
22663,15220,3,1,3499.0
22664,15221,22,1,699.0
22665,15222,12,2,1299.0
22666,15223,25,1,499.0
22667,15224,27,1,599.0
22668,15225,6,1,1499.0
22669,15226,5,1,999.0
22670,15226,18,1,899.0
22671,15227,11,2,199.0
22672,15228,23,1,399.0
22673,15229,18,1,899.0
22674,15230,11,1,199.0
22675,15230,4,1,1299.0
22676,15231,7,1,599.0
22677,15231,11,1,199.0
22678,15232,13,2,799.0
22679,15232,3,1,3499.0
22680,15233,30,1,799.0
22681,15234,7,1,599.0
22682,15235,7,1,599.0
22683,15236,11,2,199.0
22684,15236,7,1,599.0
22685,15237,16,1,3999.0
22686,15238,9,1,899.0
22687,15239,18,2,899.0
22688,15240,9,1,899.0
22689,15241,11,1,199.0
22690,15242,7,1,599.0
22691,15242,24,1,899.0
22692,15243,11,1,199.0
22693,15244,29,1,1999.0
22694,15245,29,2,1999.0
22695,15246,15,1,1199.0
22696,15246,25,1,499.0
22697,15247,7,2,599.0
22698,15247,6,1,1499.0
22699,15247,7,2,599.0
22700,15248,14,1,1599.0
22701,15248,2,2,1799.0
22702,15249,6,1,1499.0
22703,15250,18,3,899.0
22704,15250,26,1,999.0
22705,15251,8,1,2999.0
22706,15252,10,2,299.0
22707,15253,19,1,4499.0
22708,15253,16,1,3999.0
22709,15254,20,2,3999.0
22710,15255,15,2,1199.0
22711,15256,14,1,1599.0
22712,15257,22,3,699.0
22713,15257,3,2,3499.0
22714,15258,9,1,899.0
22715,15259,22,3,699.0
22716,15260,11,2,199.0
22717,15261,25,1,499.0
22718,15262,30,1,799.0
22719,15263,18,1,899.0
22720,15264,19,2,4499.0
22721,15265,3,1,3499.0
22722,15265,21,1,1099.0
22723,15265,1,1,2499.0
22724,15266,3,1,3499.0
22725,15266,8,3,2999.0
22726,15267,1,1,2499.0
22727,15267,25,3,499.0
22728,15268,18,1,899.0
22729,15269,10,2,299.0
22730,15270,1,2,2499.0
22731,15270,9,1,899.0
22732,15271,8,1,2999.0
22733,15272,8,1,2999.0
22734,15272,11,1,199.0
22735,15273,30,1,799.0
22736,15274,11,1,199.0
22737,15274,14,3,1599.0
22738,15275,23,1,399.0
22739,15276,6,1,1499.0
22740,15277,25,1,499.0
22741,15278,18,1,899.0
22742,15279,12,1,1299.0
22743,15280,24,1,899.0
22744,15281,14,1,1599.0
22745,15281,4,1,1299.0
22746,15282,11,1,199.0
22747,15282,23,1,399.0
22748,15283,14,3,1599.0
22749,15283,18,3,899.0
22750,15283,30,1,799.0
22751,15284,4,3,1299.0
22752,15285,17,2,4999.0
22753,15286,18,3,899.0
22754,15287,3,1,3499.0
22755,15288,24,2,899.0
22756,15289,18,1,899.0
22757,15290,26,2,999.0
22758,15291,25,1,499.0
22759,15291,10,3,299.0
22760,15291,30,1,799.0
22761,15292,3,2,3499.0
22762,15293,4,1,1299.0
22763,15294,10,2,299.0
22764,15295,10,3,299.0
22765,15296,25,3,499.0
22766,15297,8,2,2999.0
22767,15298,10,1,299.0
22768,15299,3,1,3499.0
22769,15300,12,1,1299.0
22770,15300,16,1,3999.0
22771,15301,15,2,1199.0
22772,15301,11,1,199.0
22773,15302,11,1,199.0
22774,15302,8,2,2999.0
22775,15303,26,1,999.0
22776,15304,9,3,899.0
22777,15304,19,2,4499.0
22778,15304,19,1,4499.0
22779,15305,23,1,399.0
22780,15306,30,1,799.0
22781,15307,17,1,4999.0
22782,15308,11,1,199.0
22783,15308,11,1,199.0
22784,15309,22,1,699.0
22785,15310,19,1,4499.0
22786,15310,15,1,1199.0
22787,15311,25,2,499.0
22788,15311,11,1,199.0
22789,15312,3,3,3499.0
22790,15312,12,1,1299.0
22791,15312,8,2,2999.0
22792,15313,11,1,199.0
22793,15314,30,1,799.0
22794,15314,17,2,4999.0
22795,15315,10,1,299.0
22796,15315,24,1,899.0
22797,15316,11,1,199.0
22798,15317,28,1,499.0
22799,15317,18,1,899.0
22800,15318,9,1,899.0
22801,15319,11,1,199.0
22802,15319,24,1,899.0
22803,15319,23,2,399.0
22804,15320,12,1,1299.0
22805,15320,11,3,199.0
22806,15321,6,1,1499.0
22807,15322,30,1,799.0
22808,15323,11,1,199.0
22809,15324,15,3,1199.0
22810,15325,6,1,1499.0
22811,15326,6,1,1499.0
22812,15327,15,2,1199.0
22813,15328,4,3,1299.0
22814,15328,18,3,899.0
22815,15329,29,1,1999.0
22816,15330,7,2,599.0
22817,15331,19,1,4499.0
22818,15332,11,1,199.0
22819,15332,11,1,199.0
22820,15333,3,2,3499.0
22821,15334,9,1,899.0
22822,15334,7,1,599.0
22823,15334,23,1,399.0
22824,15335,12,1,1299.0
22825,15335,3,1,3499.0
22826,15336,5,2,999.0
22827,15337,22,1,699.0
22828,15338,9,1,899.0
22829,15338,24,1,899.0
22830,15338,9,1,899.0
22831,15339,26,1,999.0
22832,15340,9,2,899.0
22833,15341,19,1,4499.0
22834,15342,28,1,499.0
22835,15343,2,1,1799.0
22836,15344,9,1,899.0
22837,15345,7,1,599.0
22838,15345,5,1,999.0
22839,15346,11,1,199.0
22840,15347,20,1,3999.0
22841,15348,23,1,399.0
22842,15349,6,1,1499.0
22843,15350,7,2,599.0
22844,15350,21,1,1099.0
22845,15351,8,1,2999.0
22846,15352,30,1,799.0
22847,15353,19,1,4499.0
22848,15353,24,1,899.0
22849,15354,4,1,1299.0
22850,15355,12,1,1299.0
22851,15355,17,2,4999.0
22852,15356,24,1,899.0
22853,15356,10,1,299.0
22854,15357,14,1,1599.0
22855,15357,25,1,499.0
22856,15358,3,1,3499.0
22857,15359,7,1,599.0
22858,15360,5,2,999.0
22859,15361,24,1,899.0
22860,15362,24,1,899.0
22861,15363,19,2,4499.0
22862,15364,15,1,1199.0
22863,15365,26,1,999.0
22864,15366,17,1,4999.0
22865,15367,23,1,399.0
22866,15368,3,1,3499.0
22867,15368,22,1,699.0
22868,15369,15,1,1199.0
22869,15370,3,1,3499.0
22870,15370,23,1,399.0
22871,15370,9,1,899.0
22872,15371,24,2,899.0
22873,15372,25,2,499.0
22874,15373,25,1,499.0
22875,15374,4,2,1299.0
22876,15374,23,1,399.0
22877,15375,30,1,799.0
22878,15376,19,1,4499.0
22879,15376,29,1,1999.0
22880,15377,26,2,999.0
22881,15377,15,1,1199.0
22882,15378,7,3,599.0
22883,15379,8,1,2999.0
22884,15379,28,1,499.0
22885,15380,24,3,899.0
22886,15381,25,1,499.0
22887,15382,11,1,199.0
22888,15383,25,1,499.0
22889,15383,3,1,3499.0
22890,15384,11,3,199.0
22891,15385,2,2,1799.0
22892,15385,22,1,699.0
22893,15386,19,2,4499.0
22894,15387,30,2,799.0
22895,15387,12,1,1299.0
22896,15387,6,3,1499.0
22897,15388,19,1,4499.0
22898,15389,7,2,599.0
22899,15390,11,1,199.0
22900,15391,16,1,3999.0
22901,15391,15,1,1199.0
22902,15392,9,2,899.0
22903,15392,20,1,3999.0
22904,15393,5,1,999.0
22905,15393,1,1,2499.0
22906,15394,19,1,4499.0
22907,15395,19,1,4499.0
22908,15396,19,3,4499.0
22909,15396,29,1,1999.0
22910,15397,22,2,699.0
22911,15397,3,2,3499.0
22912,15398,4,1,1299.0
22913,15398,3,1,3499.0
22914,15399,8,1,2999.0
22915,15400,18,1,899.0
22916,15400,9,2,899.0
22917,15400,4,1,1299.0
22918,15401,7,1,599.0
22919,15402,11,3,199.0
22920,15402,12,2,1299.0
22921,15402,17,1,4999.0
22922,15403,26,3,999.0
22923,15404,26,1,999.0
22924,15404,7,1,599.0
22925,15404,20,2,3999.0
22926,15405,19,1,4499.0
22927,15405,18,3,899.0
22928,15405,7,2,599.0
22929,15406,22,1,699.0
22930,15406,15,1,1199.0
22931,15407,9,1,899.0
22932,15408,25,1,499.0
22933,15409,3,1,3499.0
22934,15410,18,1,899.0
22935,15411,18,1,899.0
22936,15412,1,2,2499.0
22937,15413,22,1,699.0
22938,15414,23,1,399.0
22939,15415,4,1,1299.0
22940,15415,4,1,1299.0
22941,15416,9,1,899.0
22942,15417,24,1,899.0
22943,15417,15,1,1199.0
22944,15418,12,1,1299.0
22945,15419,7,1,599.0
22946,15419,26,2,999.0
22947,15420,29,1,1999.0
22948,15420,23,1,399.0
22949,15421,2,1,1799.0
22950,15421,7,2,599.0
22951,15422,30,2,799.0
22952,15423,8,1,2999.0
22953,15423,11,1,199.0
22954,15423,21,1,1099.0
22955,15424,9,1,899.0
22956,15425,5,1,999.0
22957,15426,8,1,2999.0
22958,15426,3,1,3499.0
22959,15427,23,1,399.0
22960,15428,24,1,899.0
22961,15428,17,1,4999.0
22962,15429,6,1,1499.0
22963,15429,25,1,499.0
22964,15429,27,1,599.0
22965,15430,25,1,499.0
22966,15431,11,3,199.0
22967,15432,6,1,1499.0
22968,15432,5,1,999.0
22969,15433,17,1,4999.0
22970,15434,3,1,3499.0
22971,15435,29,1,1999.0
22972,15436,3,2,3499.0
22973,15437,3,1,3499.0
22974,15438,12,1,1299.0
22975,15438,8,2,2999.0
22976,15439,27,1,599.0
22977,15439,1,1,2499.0
22978,15439,7,1,599.0
22979,15440,23,1,399.0
22980,15441,23,1,399.0
22981,15442,29,3,1999.0
22982,15443,3,1,3499.0
22983,15443,28,3,499.0
22984,15444,11,2,199.0
22985,15444,3,1,3499.0
22986,15445,19,1,4499.0
22987,15445,17,3,4999.0
22988,15445,25,1,499.0
22989,15446,17,1,4999.0
22990,15447,9,1,899.0
22991,15447,17,1,4999.0
22992,15448,18,2,899.0
22993,15448,7,1,599.0
22994,15449,10,3,299.0
22995,15450,4,1,1299.0
22996,15451,23,1,399.0
22997,15451,3,1,3499.0
22998,15451,7,2,599.0
22999,15452,9,1,899.0
23000,15453,23,2,399.0
23001,15453,13,1,799.0
23002,15454,24,2,899.0
23003,15454,29,3,1999.0
23004,15454,1,1,2499.0
23005,15455,15,1,1199.0
23006,15456,9,1,899.0
23007,15457,30,1,799.0
23008,15458,15,1,1199.0
23009,15459,15,1,1199.0
23010,15459,15,2,1199.0
23011,15460,10,1,299.0
23012,15461,13,1,799.0
23013,15461,4,3,1299.0
23014,15462,7,1,599.0
23015,15463,28,2,499.0
23016,15464,6,1,1499.0
23017,15464,18,1,899.0
23018,15465,7,1,599.0
23019,15465,30,3,799.0
23020,15465,29,1,1999.0
23021,15466,24,2,899.0
23022,15466,27,1,599.0
23023,15467,19,2,4499.0
23024,15467,20,2,3999.0
23025,15468,2,2,1799.0
23026,15468,7,1,599.0
23027,15468,4,2,1299.0
23028,15469,17,1,4999.0
23029,15470,17,1,4999.0
23030,15471,24,1,899.0
23031,15471,14,1,1599.0
23032,15472,15,1,1199.0
23033,15473,4,1,1299.0
23034,15473,1,1,2499.0
23035,15473,27,1,599.0
23036,15474,6,2,1499.0
23037,15475,15,1,1199.0
23038,15476,2,3,1799.0
23039,15476,10,2,299.0
23040,15477,23,1,399.0
23041,15478,25,2,499.0
23042,15479,23,1,399.0
23043,15480,15,1,1199.0
23044,15481,6,2,1499.0
23045,15482,22,1,699.0
23046,15483,17,1,4999.0
23047,15484,11,3,199.0
23048,15484,9,1,899.0
23049,15485,10,2,299.0
23050,15486,24,3,899.0
23051,15487,10,1,299.0
23052,15488,23,2,399.0
23053,15489,23,1,399.0
23054,15490,24,3,899.0
23055,15491,21,1,1099.0
23056,15492,23,1,399.0
23057,15493,21,1,1099.0
23058,15494,29,1,1999.0
23059,15495,22,2,699.0
23060,15496,26,2,999.0
23061,15496,20,2,3999.0
23062,15496,10,2,299.0
23063,15497,3,2,3499.0
23064,15498,25,2,499.0
23065,15499,11,3,199.0
23066,15499,30,2,799.0
23067,15500,9,1,899.0
23068,15501,26,3,999.0
23069,15502,8,1,2999.0
23070,15503,12,3,1299.0
23071,15504,17,1,4999.0
23072,15505,23,1,399.0
23073,15506,7,1,599.0
23074,15507,7,1,599.0
23075,15507,4,1,1299.0
23076,15508,15,3,1199.0
23077,15509,8,1,2999.0
23078,15510,24,1,899.0
23079,15511,20,1,3999.0
23080,15511,29,3,1999.0
23081,15512,4,1,1299.0
23082,15513,30,1,799.0
23083,15513,17,1,4999.0
23084,15513,18,1,899.0
23085,15514,30,1,799.0
23086,15515,1,1,2499.0
23087,15516,12,1,1299.0
23088,15517,12,1,1299.0
23089,15517,3,1,3499.0
23090,15518,18,1,899.0
23091,15518,3,1,3499.0
23092,15518,15,2,1199.0
23093,15519,3,1,3499.0
23094,15520,7,2,599.0
23095,15520,17,1,4999.0
23096,15521,6,1,1499.0
23097,15522,24,1,899.0
23098,15523,23,1,399.0
23099,15524,9,1,899.0
23100,15524,7,1,599.0
23101,15525,5,2,999.0
23102,15526,16,1,3999.0
23103,15527,3,1,3499.0
23104,15528,29,1,1999.0
23105,15529,17,2,4999.0
23106,15529,19,3,4499.0
23107,15529,3,1,3499.0
23108,15530,24,1,899.0
23109,15530,6,1,1499.0
23110,15531,1,2,2499.0
23111,15531,13,1,799.0
23112,15531,30,1,799.0
23113,15532,10,1,299.0
23114,15532,9,1,899.0
23115,15533,15,1,1199.0
23116,15534,1,3,2499.0
23117,15535,10,1,299.0
23118,15536,29,2,1999.0
23119,15537,23,1,399.0
23120,15537,27,2,599.0
23121,15538,16,2,3999.0
23122,15539,3,1,3499.0
23123,15540,20,1,3999.0
23124,15541,20,1,3999.0
23125,15542,3,1,3499.0
23126,15543,3,1,3499.0
23127,15543,15,1,1199.0
23128,15544,20,2,3999.0
23129,15545,30,1,799.0
23130,15545,9,1,899.0
23131,15546,23,1,399.0
23132,15546,26,2,999.0
23133,15547,13,2,799.0
23134,15547,20,2,3999.0
23135,15548,13,2,799.0
23136,15548,19,3,4499.0
23137,15549,19,2,4499.0
23138,15550,30,1,799.0
23139,15550,21,2,1099.0
23140,15550,27,3,599.0
23141,15551,6,1,1499.0
23142,15551,28,1,499.0
23143,15552,12,1,1299.0
23144,15553,26,1,999.0
23145,15554,7,1,599.0
23146,15555,11,1,199.0
23147,15555,25,2,499.0
23148,15556,3,1,3499.0
23149,15556,30,1,799.0
23150,15557,26,1,999.0
23151,15558,15,1,1199.0
23152,15559,7,1,599.0
23153,15560,9,1,899.0
23154,15560,30,1,799.0
23155,15561,30,1,799.0
23156,15561,14,1,1599.0
23157,15561,2,1,1799.0
23158,15562,4,1,1299.0
23159,15562,1,1,2499.0
23160,15563,4,3,1299.0
23161,15564,19,2,4499.0
23162,15565,9,1,899.0
23163,15566,8,1,2999.0
23164,15567,17,2,4999.0
23165,15567,7,3,599.0
23166,15568,15,2,1199.0
23167,15568,7,1,599.0
23168,15569,23,1,399.0
23169,15570,11,2,199.0
23170,15570,11,1,199.0
23171,15571,20,3,3999.0
23172,15572,5,1,999.0
23173,15572,3,2,3499.0
23174,15572,23,1,399.0
23175,15573,19,1,4499.0
23176,15573,13,1,799.0
23177,15574,20,1,3999.0
23178,15575,1,3,2499.0
23179,15576,11,1,199.0
23180,15576,18,1,899.0
23181,15577,14,1,1599.0
23182,15577,5,1,999.0
23183,15578,3,1,3499.0
23184,15578,1,1,2499.0
23185,15579,21,1,1099.0
23186,15580,15,1,1199.0
23187,15581,6,2,1499.0
23188,15581,10,1,299.0
23189,15581,9,1,899.0
23190,15582,17,1,4999.0
23191,15583,14,2,1599.0
23192,15584,25,3,499.0
23193,15585,30,2,799.0
23194,15585,15,1,1199.0
23195,15586,4,1,1299.0
23196,15587,22,1,699.0
23197,15587,14,1,1599.0
23198,15588,23,1,399.0
23199,15589,17,1,4999.0
23200,15590,30,3,799.0
23201,15590,16,1,3999.0
23202,15591,20,2,3999.0
23203,15591,11,1,199.0
23204,15591,24,1,899.0
23205,15592,25,1,499.0
23206,15592,8,1,2999.0
23207,15593,3,2,3499.0
23208,15594,25,1,499.0
23209,15595,20,3,3999.0
23210,15596,27,2,599.0
23211,15597,19,1,4499.0
23212,15598,26,1,999.0
23213,15598,10,1,299.0
23214,15599,18,2,899.0
23215,15600,6,1,1499.0
23216,15600,22,2,699.0
23217,15601,3,1,3499.0
23218,15601,10,1,299.0
23219,15602,9,1,899.0
23220,15602,15,1,1199.0
23221,15602,17,1,4999.0
23222,15603,11,2,199.0
23223,15604,29,1,1999.0
23224,15605,19,1,4499.0
23225,15606,12,1,1299.0
23226,15606,23,2,399.0
23227,15607,19,2,4499.0
23228,15607,1,3,2499.0
23229,15607,15,1,1199.0
23230,15608,18,1,899.0
23231,15608,30,1,799.0
23232,15609,26,1,999.0
23233,15609,11,2,199.0
23234,15610,15,2,1199.0
23235,15610,1,1,2499.0
23236,15610,8,2,2999.0
23237,15611,17,3,4999.0
23238,15612,7,1,599.0
23239,15612,11,1,199.0
23240,15613,25,3,499.0
23241,15613,15,1,1199.0
23242,15613,26,1,999.0
23243,15614,6,2,1499.0
23244,15614,10,1,299.0
23245,15615,26,1,999.0
23246,15616,9,1,899.0
23247,15617,22,1,699.0
23248,15617,6,1,1499.0
23249,15618,16,1,3999.0
23250,15619,3,2,3499.0
23251,15620,24,1,899.0
23252,15621,24,1,899.0
23253,15622,20,1,3999.0
23254,15622,4,3,1299.0
23255,15622,7,1,599.0
23256,15623,22,3,699.0
23257,15624,24,3,899.0
23258,15625,3,2,3499.0
23259,15626,23,1,399.0
23260,15626,22,1,699.0
23261,15627,1,1,2499.0
23262,15628,17,2,4999.0
23263,15629,25,1,499.0
23264,15629,16,1,3999.0
23265,15630,29,1,1999.0
23266,15630,21,1,1099.0
23267,15631,8,1,2999.0
23268,15631,6,1,1499.0
23269,15631,2,3,1799.0
23270,15632,1,1,2499.0
23271,15632,17,2,4999.0
23272,15633,29,2,1999.0
23273,15634,19,1,4499.0
23274,15635,19,1,4499.0
23275,15636,8,1,2999.0
23276,15636,30,1,799.0
23277,15636,28,2,499.0
23278,15637,29,1,1999.0
23279,15637,7,1,599.0
23280,15638,17,2,4999.0
23281,15639,6,1,1499.0
23282,15640,10,1,299.0
23283,15641,29,1,1999.0
23284,15642,20,2,3999.0
23285,15643,29,2,1999.0
23286,15644,11,1,199.0
23287,15645,9,2,899.0
23288,15645,3,1,3499.0
23289,15645,11,1,199.0
23290,15646,18,1,899.0
23291,15647,28,3,499.0
23292,15647,29,2,1999.0
23293,15648,1,1,2499.0
23294,15649,11,3,199.0
23295,15649,19,2,4499.0
23296,15650,21,1,1099.0
23297,15651,27,1,599.0
23298,15652,3,1,3499.0
23299,15652,18,1,899.0
23300,15653,19,1,4499.0
23301,15654,19,1,4499.0
23302,15655,7,1,599.0
23303,15655,3,1,3499.0
23304,15655,7,2,599.0
23305,15656,23,3,399.0
23306,15657,26,1,999.0
23307,15658,12,2,1299.0
23308,15659,18,2,899.0
23309,15660,16,3,3999.0
23310,15661,15,1,1199.0
23311,15662,18,1,899.0
23312,15663,19,1,4499.0
23313,15663,6,2,1499.0
23314,15664,10,1,299.0
23315,15665,17,2,4999.0
23316,15665,16,1,3999.0
23317,15666,3,1,3499.0
23318,15667,14,1,1599.0
23319,15667,23,1,399.0
23320,15668,7,1,599.0
23321,15668,30,1,799.0
23322,15669,18,1,899.0
23323,15670,19,1,4499.0
23324,15670,21,1,1099.0
23325,15670,23,1,399.0
23326,15671,24,1,899.0
23327,15672,19,1,4499.0
23328,15673,6,2,1499.0
23329,15673,9,1,899.0
23330,15673,24,1,899.0
23331,15674,5,1,999.0
23332,15675,3,1,3499.0
23333,15676,7,1,599.0
23334,15676,4,1,1299.0
23335,15676,11,1,199.0
23336,15677,7,2,599.0
23337,15678,9,1,899.0
23338,15678,11,2,199.0
23339,15679,4,1,1299.0
23340,15680,25,1,499.0
23341,15681,11,3,199.0
23342,15682,30,1,799.0
23343,15683,13,1,799.0
23344,15684,22,1,699.0
23345,15685,22,3,699.0
23346,15686,12,3,1299.0
23347,15687,25,3,499.0
23348,15687,28,1,499.0
23349,15688,15,2,1199.0
23350,15689,16,3,3999.0
23351,15690,4,1,1299.0
23352,15690,11,1,199.0
23353,15691,18,1,899.0
23354,15692,9,1,899.0
23355,15692,5,1,999.0
23356,15693,8,3,2999.0
23357,15694,20,1,3999.0
23358,15694,13,1,799.0
23359,15695,4,1,1299.0
23360,15696,30,2,799.0
23361,15697,18,2,899.0
23362,15697,11,1,199.0
23363,15698,6,2,1499.0
23364,15699,9,1,899.0
23365,15700,10,2,299.0
23366,15700,6,1,1499.0
23367,15700,4,1,1299.0
23368,15701,13,2,799.0
23369,15701,2,1,1799.0
23370,15702,7,1,599.0
23371,15702,4,1,1299.0
23372,15702,3,1,3499.0
23373,15703,4,1,1299.0
23374,15704,29,1,1999.0
23375,15704,18,1,899.0
23376,15705,15,1,1199.0
23377,15706,14,1,1599.0
23378,15707,20,1,3999.0
23379,15708,6,1,1499.0
23380,15708,27,1,599.0
23381,15709,26,1,999.0
23382,15709,28,2,499.0
23383,15709,15,1,1199.0
23384,15710,28,1,499.0
23385,15711,25,3,499.0
23386,15711,14,1,1599.0
23387,15712,7,3,599.0
23388,15713,25,1,499.0
23389,15714,26,1,999.0
23390,15715,17,1,4999.0
23391,15715,16,1,3999.0
23392,15716,22,1,699.0
23393,15716,22,1,699.0
23394,15717,8,1,2999.0
23395,15718,6,1,1499.0
23396,15719,8,3,2999.0
23397,15720,18,1,899.0
23398,15721,15,1,1199.0
23399,15722,15,1,1199.0
23400,15722,9,1,899.0
23401,15723,15,3,1199.0
23402,15724,29,1,1999.0
23403,15725,28,1,499.0
23404,15726,24,1,899.0
23405,15726,14,1,1599.0
23406,15726,25,2,499.0
23407,15727,25,1,499.0
23408,15727,14,1,1599.0
23409,15728,19,1,4499.0
23410,15729,20,1,3999.0
23411,15730,4,2,1299.0
23412,15731,10,1,299.0
23413,15731,3,2,3499.0
23414,15732,8,1,2999.0
23415,15732,23,2,399.0
23416,15732,9,1,899.0
23417,15733,3,1,3499.0
23418,15734,17,1,4999.0
23419,15734,27,1,599.0
23420,15734,25,3,499.0
23421,15735,9,1,899.0
23422,15736,7,2,599.0
23423,15737,11,1,199.0
23424,15737,4,1,1299.0
23425,15737,18,3,899.0
23426,15738,26,1,999.0
23427,15739,14,2,1599.0
23428,15740,17,1,4999.0
23429,15740,24,1,899.0
23430,15740,8,1,2999.0
23431,15741,23,1,399.0
23432,15741,23,1,399.0
23433,15741,17,1,4999.0
23434,15742,7,1,599.0
23435,15742,29,1,1999.0
23436,15743,10,1,299.0
23437,15744,11,1,199.0
23438,15744,26,2,999.0
23439,15745,26,2,999.0
23440,15745,23,1,399.0
23441,15746,12,1,1299.0
23442,15747,6,1,1499.0
23443,15748,8,1,2999.0
23444,15748,26,1,999.0
23445,15749,8,1,2999.0
23446,15749,4,1,1299.0
23447,15750,11,1,199.0
23448,15750,9,1,899.0
23449,15750,4,2,1299.0
23450,15751,27,3,599.0
23451,15751,27,1,599.0
23452,15751,30,1,799.0
23453,15752,8,1,2999.0
23454,15753,1,1,2499.0
23455,15754,6,1,1499.0
23456,15755,2,1,1799.0
23457,15756,18,3,899.0
23458,15757,25,1,499.0
23459,15758,28,1,499.0
23460,15759,1,1,2499.0
23461,15760,11,1,199.0
23462,15761,28,3,499.0
23463,15762,9,1,899.0
23464,15763,12,2,1299.0
23465,15763,14,2,1599.0
23466,15764,3,3,3499.0
23467,15764,3,2,3499.0
23468,15765,11,1,199.0
23469,15766,8,1,2999.0
23470,15767,1,1,2499.0
23471,15768,8,1,2999.0
23472,15768,12,1,1299.0
23473,15769,7,1,599.0
23474,15770,23,1,399.0
23475,15771,24,1,899.0
23476,15772,30,2,799.0
23477,15773,25,1,499.0
23478,15774,8,1,2999.0
23479,15774,1,1,2499.0
23480,15775,3,1,3499.0
23481,15775,6,1,1499.0
23482,15776,8,3,2999.0
23483,15777,10,1,299.0
23484,15778,4,3,1299.0
23485,15778,27,1,599.0
23486,15778,9,1,899.0
23487,15779,4,1,1299.0
23488,15779,10,1,299.0
23489,15780,15,1,1199.0
23490,15781,18,3,899.0
23491,15782,18,1,899.0
23492,15782,11,1,199.0
23493,15783,14,1,1599.0
23494,15783,7,1,599.0
23495,15784,6,2,1499.0
23496,15784,19,3,4499.0
23497,15785,13,3,799.0
23498,15786,3,1,3499.0
23499,15787,4,1,1299.0
23500,15787,11,1,199.0
23501,15788,14,1,1599.0
23502,15789,7,3,599.0
23503,15789,3,1,3499.0
23504,15790,5,1,999.0
23505,15790,8,1,2999.0
23506,15791,7,1,599.0
23507,15791,3,1,3499.0
23508,15792,23,3,399.0
23509,15793,18,2,899.0
23510,15794,28,2,499.0
23511,15795,24,1,899.0
23512,15796,19,1,4499.0
23513,15797,5,1,999.0
23514,15798,19,1,4499.0
23515,15799,9,1,899.0
23516,15800,23,1,399.0
23517,15801,15,2,1199.0
23518,15802,8,1,2999.0
23519,15802,8,1,2999.0
23520,15803,27,1,599.0
23521,15803,6,2,1499.0
23522,15804,10,1,299.0
23523,15805,26,3,999.0
23524,15806,15,1,1199.0
23525,15807,26,1,999.0
23526,15807,3,1,3499.0
23527,15808,9,1,899.0
23528,15809,30,1,799.0
23529,15809,17,1,4999.0
23530,15810,18,2,899.0
23531,15811,3,1,3499.0
23532,15812,8,1,2999.0
23533,15812,26,2,999.0
23534,15813,25,1,499.0
23535,15814,8,2,2999.0
23536,15814,19,2,4499.0
23537,15815,21,1,1099.0
23538,15816,27,1,599.0
23539,15817,7,1,599.0
23540,15818,24,1,899.0
23541,15819,25,2,499.0
23542,15819,4,1,1299.0
23543,15819,16,1,3999.0
23544,15820,14,2,1599.0
23545,15821,24,1,899.0
23546,15822,24,1,899.0
23547,15823,2,2,1799.0
23548,15823,5,1,999.0
23549,15824,3,1,3499.0
23550,15825,18,2,899.0
23551,15826,1,2,2499.0
23552,15827,23,2,399.0
23553,15828,10,1,299.0
23554,15829,3,1,3499.0
23555,15830,26,3,999.0
23556,15831,6,1,1499.0
23557,15831,27,1,599.0
23558,15831,25,1,499.0
23559,15832,28,1,499.0
23560,15833,25,1,499.0
23561,15834,7,2,599.0
23562,15835,11,1,199.0
23563,15836,21,2,1099.0
23564,15837,4,1,1299.0
23565,15837,7,1,599.0
23566,15838,6,1,1499.0
23567,15839,7,1,599.0
23568,15840,11,2,199.0
23569,15841,30,2,799.0
23570,15842,17,1,4999.0
23571,15843,21,2,1099.0
23572,15844,13,1,799.0
23573,15844,1,1,2499.0
23574,15845,27,3,599.0
23575,15846,14,2,1599.0
23576,15847,2,1,1799.0
23577,15848,29,1,1999.0
23578,15848,15,1,1199.0
23579,15849,16,2,3999.0
23580,15850,11,3,199.0
23581,15851,24,3,899.0
23582,15851,11,1,199.0
23583,15852,29,1,1999.0
23584,15853,4,1,1299.0
23585,15854,5,1,999.0
23586,15854,3,1,3499.0
23587,15855,4,1,1299.0
23588,15856,10,1,299.0
23589,15857,16,1,3999.0
23590,15857,19,3,4499.0
23591,15858,3,1,3499.0
23592,15858,14,1,1599.0
23593,15859,22,1,699.0
23594,15860,24,1,899.0
23595,15860,15,1,1199.0
23596,15861,8,1,2999.0
23597,15861,10,2,299.0
23598,15861,15,1,1199.0
23599,15862,7,2,599.0
23600,15862,2,1,1799.0
23601,15862,6,3,1499.0
23602,15863,8,1,2999.0
23603,15863,23,1,399.0
23604,15863,8,1,2999.0
23605,15864,13,2,799.0
23606,15864,13,1,799.0
23607,15865,10,1,299.0
23608,15866,7,2,599.0
23609,15866,1,1,2499.0
23610,15867,30,1,799.0
23611,15868,8,3,2999.0
23612,15869,5,1,999.0
23613,15869,30,2,799.0
23614,15870,6,1,1499.0
23615,15870,29,1,1999.0
23616,15871,7,1,599.0
23617,15872,19,2,4499.0
23618,15873,11,1,199.0
23619,15874,6,1,1499.0
23620,15874,9,1,899.0
23621,15875,13,1,799.0
23622,15875,3,1,3499.0
23623,15875,5,1,999.0
23624,15876,17,1,4999.0
23625,15877,23,1,399.0
23626,15877,3,2,3499.0
23627,15878,3,1,3499.0
23628,15878,3,1,3499.0
23629,15879,6,1,1499.0
23630,15879,19,1,4499.0
23631,15879,28,2,499.0
23632,15880,10,1,299.0
23633,15881,10,1,299.0
23634,15882,11,1,199.0
23635,15882,30,1,799.0
23636,15883,1,1,2499.0
23637,15884,8,3,2999.0
23638,15885,14,1,1599.0
23639,15885,21,1,1099.0
23640,15886,18,1,899.0
23641,15887,18,1,899.0
23642,15887,17,1,4999.0
23643,15888,30,1,799.0
23644,15889,12,2,1299.0
23645,15890,13,1,799.0
23646,15891,4,1,1299.0
23647,15892,26,1,999.0
23648,15893,26,3,999.0
23649,15894,12,1,1299.0
23650,15894,11,2,199.0
23651,15895,1,1,2499.0
23652,15896,6,1,1499.0
23653,15897,4,1,1299.0
23654,15897,7,1,599.0
23655,15898,17,1,4999.0
23656,15898,6,1,1499.0
23657,15898,19,1,4499.0
23658,15899,23,3,399.0
23659,15899,29,1,1999.0
23660,15900,23,1,399.0
23661,15900,17,1,4999.0
23662,15900,21,3,1099.0
23663,15901,23,1,399.0
23664,15901,30,1,799.0
23665,15902,23,2,399.0
23666,15902,9,3,899.0
23667,15903,13,2,799.0
23668,15903,13,1,799.0
23669,15904,25,3,499.0
23670,15905,17,1,4999.0
23671,15905,29,1,1999.0
23672,15906,17,2,4999.0
23673,15907,21,1,1099.0
23674,15908,11,1,199.0
23675,15908,22,1,699.0
23676,15909,21,1,1099.0
23677,15910,11,1,199.0
23678,15911,19,1,4499.0
23679,15912,11,1,199.0
23680,15912,24,3,899.0
23681,15913,11,1,199.0
23682,15914,26,1,999.0
23683,15915,1,1,2499.0
23684,15916,8,2,2999.0
23685,15917,19,1,4499.0
23686,15918,24,1,899.0
23687,15918,30,1,799.0
23688,15918,16,3,3999.0
23689,15919,17,1,4999.0
23690,15920,7,1,599.0
23691,15920,25,1,499.0
23692,15920,21,1,1099.0
23693,15921,11,3,199.0
23694,15922,19,3,4499.0
23695,15922,30,2,799.0
23696,15922,11,1,199.0
23697,15923,26,1,999.0
23698,15924,24,1,899.0
23699,15924,13,1,799.0
23700,15925,17,3,4999.0
23701,15926,9,1,899.0
23702,15926,5,2,999.0
23703,15926,25,1,499.0
23704,15927,4,1,1299.0
23705,15928,25,3,499.0
23706,15929,7,1,599.0
23707,15929,8,1,2999.0
23708,15930,18,1,899.0
23709,15930,19,1,4499.0
23710,15931,6,3,1499.0
23711,15932,3,2,3499.0
23712,15933,30,3,799.0
23713,15934,7,1,599.0
23714,15934,19,1,4499.0
23715,15934,30,1,799.0
23716,15935,17,1,4999.0
23717,15936,9,2,899.0
23718,15937,20,1,3999.0
23719,15937,3,2,3499.0
23720,15938,30,1,799.0
23721,15939,18,1,899.0
23722,15940,23,1,399.0
23723,15940,11,1,199.0
23724,15941,10,1,299.0
23725,15942,17,2,4999.0
23726,15943,6,1,1499.0
23727,15944,3,1,3499.0
23728,15945,27,2,599.0
23729,15946,17,1,4999.0
23730,15947,17,1,4999.0
23731,15948,4,1,1299.0
23732,15949,18,2,899.0
23733,15950,12,1,1299.0
23734,15951,18,3,899.0
23735,15952,10,1,299.0
23736,15953,23,1,399.0
23737,15954,11,2,199.0
23738,15955,11,1,199.0
23739,15955,1,1,2499.0
23740,15956,22,1,699.0
23741,15957,15,3,1199.0
23742,15957,7,1,599.0
23743,15958,8,2,2999.0
23744,15958,30,2,799.0
23745,15958,9,1,899.0
23746,15959,7,1,599.0
23747,15959,11,1,199.0
23748,15959,20,2,3999.0
23749,15960,11,1,199.0
23750,15961,9,1,899.0
23751,15962,27,2,599.0
23752,15963,19,1,4499.0
23753,15964,6,2,1499.0
23754,15965,22,2,699.0
23755,15966,25,1,499.0
23756,15966,19,1,4499.0
23757,15967,20,1,3999.0
23758,15967,20,1,3999.0
23759,15968,3,1,3499.0
23760,15969,18,1,899.0
23761,15970,19,2,4499.0
23762,15971,6,1,1499.0
23763,15972,24,2,899.0
23764,15973,7,1,599.0
23765,15973,9,1,899.0
23766,15974,9,2,899.0
23767,15974,9,2,899.0
23768,15974,21,2,1099.0
23769,15975,13,1,799.0
23770,15976,25,2,499.0
23771,15976,24,1,899.0
23772,15976,15,1,1199.0
23773,15977,2,1,1799.0
23774,15977,9,1,899.0
23775,15978,19,1,4499.0
23776,15978,28,2,499.0
23777,15979,7,1,599.0
23778,15979,6,1,1499.0
23779,15980,19,1,4499.0
23780,15980,8,3,2999.0
23781,15980,17,2,4999.0
23782,15981,3,1,3499.0
23783,15982,19,1,4499.0
23784,15983,10,2,299.0
23785,15983,21,1,1099.0
23786,15984,19,1,4499.0
23787,15985,19,1,4499.0
23788,15985,17,1,4999.0
23789,15986,11,3,199.0
23790,15987,26,1,999.0
23791,15988,6,2,1499.0
23792,15988,22,1,699.0
23793,15989,22,2,699.0
23794,15989,16,1,3999.0
23795,15990,8,3,2999.0
23796,15991,3,3,3499.0
23797,15992,24,2,899.0
23798,15993,8,1,2999.0
23799,15994,29,2,1999.0
23800,15995,22,1,699.0
23801,15995,12,1,1299.0
23802,15996,23,2,399.0
23803,15997,14,1,1599.0
23804,15997,6,3,1499.0
23805,15998,10,3,299.0
23806,15998,21,1,1099.0
23807,15999,30,1,799.0
23808,16000,25,3,499.0
23809,16000,13,1,799.0
23810,16001,30,1,799.0
23811,16002,4,1,1299.0
23812,16003,25,3,499.0
23813,16003,29,1,1999.0
23814,16004,21,1,1099.0
23815,16004,7,1,599.0
23816,16005,30,1,799.0
23817,16006,19,1,4499.0
23818,16006,21,1,1099.0
23819,16007,4,2,1299.0
23820,16008,17,1,4999.0
23821,16008,19,1,4499.0
23822,16009,29,3,1999.0
23823,16009,10,1,299.0
23824,16009,4,2,1299.0
23825,16010,19,2,4499.0
23826,16010,4,1,1299.0
23827,16011,22,3,699.0
23828,16012,8,1,2999.0
23829,16012,18,1,899.0
23830,16013,1,1,2499.0
23831,16013,1,1,2499.0
23832,16014,30,1,799.0
23833,16014,6,1,1499.0
23834,16015,22,1,699.0
23835,16016,11,1,199.0
23836,16016,7,1,599.0
23837,16016,19,1,4499.0
23838,16017,22,2,699.0
23839,16018,27,1,599.0
23840,16019,7,1,599.0
23841,16020,27,1,599.0
23842,16020,7,2,599.0
23843,16021,15,1,1199.0
23844,16021,25,1,499.0
23845,16022,6,1,1499.0
23846,16022,17,2,4999.0
23847,16022,24,1,899.0
23848,16023,19,2,4499.0
23849,16023,26,1,999.0
23850,16023,13,1,799.0
23851,16024,23,1,399.0
23852,16025,15,1,1199.0
23853,16026,5,1,999.0
23854,16027,20,1,3999.0
23855,16028,23,1,399.0
23856,16028,3,1,3499.0
23857,16029,26,1,999.0
23858,16029,23,1,399.0
23859,16030,18,1,899.0
23860,16030,16,1,3999.0
23861,16031,25,1,499.0
23862,16031,7,1,599.0
23863,16032,20,2,3999.0
23864,16032,8,1,2999.0
23865,16033,17,1,4999.0
23866,16034,6,1,1499.0
23867,16035,11,1,199.0
23868,16035,6,1,1499.0
23869,16036,26,1,999.0
23870,16036,15,2,1199.0
23871,16037,17,1,4999.0
23872,16038,8,1,2999.0
23873,16038,20,1,3999.0
23874,16039,7,1,599.0
23875,16039,22,1,699.0
23876,16040,29,1,1999.0
23877,16040,1,1,2499.0
23878,16041,24,1,899.0
23879,16041,23,1,399.0
23880,16041,24,1,899.0
23881,16042,5,1,999.0
23882,16042,25,2,499.0
23883,16043,4,2,1299.0
23884,16044,3,3,3499.0
23885,16045,7,2,599.0
23886,16046,13,1,799.0
23887,16047,25,3,499.0
23888,16048,11,1,199.0
23889,16049,17,2,4999.0
23890,16050,10,3,299.0
23891,16051,19,1,4499.0
23892,16051,14,1,1599.0
23893,16052,8,3,2999.0
23894,16053,25,1,499.0
23895,16054,15,1,1199.0
23896,16055,6,1,1499.0
23897,16056,8,1,2999.0
23898,16057,21,2,1099.0
23899,16057,30,1,799.0
23900,16058,9,2,899.0
23901,16058,7,1,599.0
23902,16059,3,2,3499.0
23903,16060,23,1,399.0
23904,16061,11,1,199.0
23905,16061,3,3,3499.0
23906,16062,15,1,1199.0
23907,16063,10,1,299.0
23908,16063,7,1,599.0
23909,16064,4,1,1299.0
23910,16065,4,2,1299.0
23911,16066,13,2,799.0
23912,16066,19,2,4499.0
23913,16067,29,1,1999.0
23914,16068,5,1,999.0
23915,16069,28,2,499.0
23916,16069,6,1,1499.0
23917,16070,6,1,1499.0
23918,16070,8,1,2999.0
23919,16070,4,1,1299.0
23920,16071,10,2,299.0
23921,16071,11,1,199.0
23922,16072,19,2,4499.0
23923,16073,3,2,3499.0
23924,16073,17,3,4999.0
23925,16074,13,1,799.0
23926,16075,1,1,2499.0
23927,16076,19,2,4499.0
23928,16077,22,1,699.0
23929,16078,25,1,499.0
23930,16078,1,2,2499.0
23931,16079,3,3,3499.0
23932,16080,24,1,899.0
23933,16081,7,1,599.0
23934,16082,7,1,599.0
23935,16083,19,1,4499.0
23936,16084,15,1,1199.0
23937,16084,9,1,899.0
23938,16084,15,1,1199.0
23939,16085,18,1,899.0
23940,16086,5,1,999.0
23941,16086,29,1,1999.0
23942,16087,11,1,199.0
23943,16088,25,2,499.0
23944,16088,8,2,2999.0
23945,16088,22,1,699.0
23946,16089,30,1,799.0
23947,16089,9,1,899.0
23948,16090,11,1,199.0
23949,16090,6,1,1499.0
23950,16090,25,3,499.0
23951,16091,3,1,3499.0
23952,16092,28,1,499.0
23953,16092,1,1,2499.0
23954,16092,13,1,799.0
23955,16093,22,1,699.0
23956,16093,17,1,4999.0
23957,16094,30,3,799.0
23958,16095,15,1,1199.0
23959,16095,12,2,1299.0
23960,16096,3,2,3499.0
23961,16097,26,1,999.0
23962,16097,11,2,199.0
23963,16098,26,2,999.0
23964,16098,30,1,799.0
23965,16098,9,1,899.0
23966,16099,24,1,899.0
23967,16100,1,1,2499.0
23968,16101,15,1,1199.0
23969,16102,19,1,4499.0
23970,16103,7,1,599.0
23971,16104,19,1,4499.0
23972,16105,5,1,999.0
23973,16105,11,3,199.0
23974,16106,9,1,899.0
23975,16106,30,1,799.0
23976,16106,11,3,199.0
23977,16107,11,2,199.0
23978,16107,24,2,899.0
23979,16108,23,1,399.0
23980,16109,24,1,899.0
23981,16110,1,2,2499.0
23982,16110,23,1,399.0
23983,16111,17,1,4999.0
23984,16112,3,1,3499.0
23985,16113,17,2,4999.0
23986,16114,30,1,799.0
23987,16115,2,3,1799.0
23988,16116,27,3,599.0
23989,16117,8,3,2999.0
23990,16118,17,2,4999.0
23991,16119,9,2,899.0
23992,16120,8,1,2999.0
23993,16121,8,2,2999.0
23994,16122,6,1,1499.0
23995,16123,28,3,499.0
23996,16124,27,1,599.0
23997,16125,7,1,599.0
23998,16126,6,1,1499.0
23999,16126,26,1,999.0
24000,16126,21,1,1099.0
24001,16127,3,1,3499.0
24002,16127,22,1,699.0
24003,16128,3,1,3499.0
24004,16128,4,2,1299.0
24005,16129,30,1,799.0
24006,16129,18,1,899.0
24007,16130,18,1,899.0
24008,16131,24,2,899.0
24009,16131,26,1,999.0
24010,16132,27,1,599.0
24011,16133,19,1,4499.0
24012,16134,7,1,599.0
24013,16134,24,1,899.0
24014,16135,24,1,899.0
24015,16136,16,1,3999.0
24016,16137,29,3,1999.0
24017,16138,1,1,2499.0
24018,16139,6,3,1499.0
24019,16139,13,1,799.0
24020,16140,17,2,4999.0
24021,16140,17,2,4999.0
24022,16141,30,1,799.0
24023,16141,7,1,599.0
24024,16142,23,1,399.0
24025,16142,15,1,1199.0
24026,16142,29,2,1999.0
24027,16143,10,3,299.0
24028,16143,18,1,899.0
24029,16143,23,2,399.0
24030,16144,19,2,4499.0
24031,16145,10,2,299.0
24032,16146,30,2,799.0
24033,16146,15,1,1199.0
24034,16147,11,1,199.0
24035,16148,3,2,3499.0
24036,16149,30,1,799.0
24037,16150,6,3,1499.0
24038,16151,18,1,899.0
24039,16151,30,1,799.0
24040,16152,14,2,1599.0
24041,16152,22,1,699.0
24042,16153,29,3,1999.0
24043,16153,23,1,399.0
24044,16153,21,1,1099.0
24045,16154,26,2,999.0
24046,16154,3,1,3499.0
24047,16155,3,1,3499.0
24048,16155,21,1,1099.0
24049,16156,6,1,1499.0
24050,16157,9,1,899.0
24051,16158,3,1,3499.0
24052,16159,3,2,3499.0
24053,16160,16,2,3999.0
24054,16160,27,1,599.0
24055,16160,21,1,1099.0
24056,16161,1,1,2499.0
24057,16162,6,1,1499.0
24058,16163,5,1,999.0
24059,16164,4,1,1299.0
24060,16165,11,1,199.0
24061,16165,7,3,599.0
24062,16166,30,1,799.0
24063,16167,21,1,1099.0
24064,16167,7,1,599.0
24065,16168,10,1,299.0
24066,16168,6,2,1499.0
24067,16168,3,1,3499.0
24068,16169,22,1,699.0
24069,16169,11,1,199.0
24070,16169,9,1,899.0
24071,16170,11,2,199.0
24072,16171,14,2,1599.0
24073,16171,25,1,499.0
24074,16172,11,1,199.0
24075,16173,23,3,399.0
24076,16173,29,1,1999.0
24077,16173,3,1,3499.0
24078,16174,3,1,3499.0
24079,16174,1,2,2499.0
24080,16175,11,1,199.0
24081,16176,8,1,2999.0
24082,16176,12,1,1299.0
24083,16176,24,1,899.0
24084,16177,8,1,2999.0
24085,16177,19,1,4499.0
24086,16178,6,1,1499.0
24087,16179,25,2,499.0
24088,16179,9,1,899.0
24089,16180,15,2,1199.0
24090,16181,7,1,599.0
24091,16181,24,3,899.0
24092,16182,19,1,4499.0
24093,16182,9,1,899.0
24094,16183,4,1,1299.0
24095,16184,13,1,799.0
24096,16184,26,1,999.0
24097,16185,7,1,599.0
24098,16186,24,1,899.0
24099,16187,1,1,2499.0
24100,16187,16,2,3999.0
24101,16187,10,1,299.0
24102,16188,6,1,1499.0
24103,16189,27,1,599.0
24104,16189,11,1,199.0
24105,16190,24,1,899.0
24106,16190,15,2,1199.0
24107,16191,14,1,1599.0
24108,16191,6,1,1499.0
24109,16191,2,1,1799.0
24110,16192,28,3,499.0
24111,16193,26,2,999.0
24112,16194,15,1,1199.0
24113,16195,26,2,999.0
24114,16196,25,1,499.0
24115,16197,12,1,1299.0
24116,16197,23,1,399.0
24117,16198,21,2,1099.0
24118,16199,25,1,499.0
24119,16200,15,2,1199.0
24120,16200,25,1,499.0
24121,16201,7,1,599.0
24122,16201,18,1,899.0
24123,16202,1,1,2499.0
24124,16203,6,1,1499.0
24125,16203,17,1,4999.0
24126,16204,8,1,2999.0
24127,16205,30,1,799.0
24128,16206,17,1,4999.0
24129,16207,1,1,2499.0
24130,16208,28,1,499.0
24131,16208,13,1,799.0
24132,16209,12,1,1299.0
24133,16210,17,1,4999.0
24134,16211,6,1,1499.0
24135,16212,24,2,899.0
24136,16212,3,1,3499.0
24137,16212,23,2,399.0
24138,16213,7,1,599.0
24139,16213,26,1,999.0
24140,16214,27,1,599.0
24141,16214,30,3,799.0
24142,16215,23,1,399.0
24143,16215,1,1,2499.0
24144,16216,22,1,699.0
24145,16216,4,2,1299.0
24146,16217,19,1,4499.0
24147,16217,23,2,399.0
24148,16218,11,2,199.0
24149,16219,9,1,899.0
24150,16220,21,1,1099.0
24151,16221,23,2,399.0
24152,16221,19,1,4499.0
24153,16222,4,1,1299.0
24154,16223,9,3,899.0
24155,16224,11,2,199.0
24156,16225,19,1,4499.0
24157,16226,15,1,1199.0
24158,16227,19,1,4499.0
24159,16227,27,1,599.0
24160,16227,11,1,199.0
24161,16228,6,1,1499.0
24162,16229,22,1,699.0
24163,16230,3,1,3499.0
24164,16230,27,1,599.0
24165,16231,20,2,3999.0
24166,16232,1,1,2499.0
24167,16232,11,1,199.0
24168,16233,28,2,499.0
24169,16234,27,1,599.0
24170,16234,8,1,2999.0
24171,16234,24,1,899.0
24172,16235,4,1,1299.0
24173,16236,25,2,499.0
24174,16236,30,3,799.0
24175,16236,4,1,1299.0
24176,16237,7,1,599.0
24177,16238,4,1,1299.0
24178,16239,27,1,599.0
24179,16240,24,1,899.0
24180,16241,4,1,1299.0
24181,16242,13,3,799.0
24182,16242,26,2,999.0
24183,16243,27,1,599.0
24184,16244,4,1,1299.0
24185,16244,19,1,4499.0
24186,16244,3,3,3499.0
24187,16245,9,1,899.0
24188,16246,27,1,599.0
24189,16247,21,1,1099.0
24190,16247,30,1,799.0
24191,16247,25,1,499.0
24192,16248,19,1,4499.0
24193,16249,30,1,799.0
24194,16250,2,1,1799.0
24195,16251,7,3,599.0
24196,16252,11,2,199.0
24197,16253,23,2,399.0
24198,16254,23,1,399.0
24199,16254,6,2,1499.0
24200,16254,18,3,899.0
24201,16255,20,1,3999.0
24202,16256,23,1,399.0
24203,16256,8,2,2999.0
24204,16257,19,1,4499.0
24205,16258,24,2,899.0
24206,16258,27,1,599.0
24207,16258,30,1,799.0
24208,16259,22,2,699.0
24209,16259,24,1,899.0
24210,16260,4,2,1299.0
24211,16261,25,1,499.0
24212,16261,20,2,3999.0
24213,16262,24,2,899.0
24214,16263,29,3,1999.0
24215,16264,5,3,999.0
24216,16265,4,1,1299.0
24217,16266,9,2,899.0
24218,16266,24,1,899.0
24219,16267,21,1,1099.0
24220,16268,21,1,1099.0
24221,16268,23,1,399.0
24222,16269,30,2,799.0
24223,16270,23,1,399.0
24224,16271,23,1,399.0
24225,16272,25,2,499.0
24226,16273,7,1,599.0
24227,16274,26,1,999.0
24228,16275,23,2,399.0
24229,16276,1,1,2499.0
24230,16276,11,2,199.0
24231,16277,15,1,1199.0
24232,16278,2,1,1799.0
24233,16278,10,1,299.0
24234,16279,23,3,399.0
24235,16279,30,1,799.0
24236,16279,17,2,4999.0
24237,16280,24,3,899.0
24238,16281,10,1,299.0
24239,16281,8,1,2999.0
24240,16281,24,1,899.0
24241,16282,30,3,799.0
24242,16282,6,1,1499.0
24243,16283,1,1,2499.0
24244,16284,10,1,299.0
24245,16285,16,2,3999.0
24246,16286,25,1,499.0
24247,16287,18,1,899.0
24248,16288,10,1,299.0
24249,16289,14,3,1599.0
24250,16289,11,1,199.0
24251,16290,30,1,799.0
24252,16290,23,1,399.0
24253,16291,20,1,3999.0
24254,16292,18,1,899.0
24255,16293,10,1,299.0
24256,16293,20,1,3999.0
24257,16294,28,2,499.0
24258,16295,3,3,3499.0
24259,16295,18,1,899.0
24260,16296,9,3,899.0
24261,16297,18,1,899.0
24262,16297,10,1,299.0
24263,16298,13,1,799.0
24264,16298,8,1,2999.0
24265,16299,30,1,799.0
24266,16299,16,1,3999.0
24267,16300,24,3,899.0
24268,16300,6,2,1499.0
24269,16301,18,1,899.0
24270,16302,22,1,699.0
24271,16303,17,1,4999.0
24272,16304,15,1,1199.0
24273,16305,30,1,799.0
24274,16306,24,1,899.0
24275,16307,25,2,499.0
24276,16308,6,1,1499.0
24277,16309,11,1,199.0
24278,16310,18,3,899.0
24279,16311,1,1,2499.0
24280,16311,12,2,1299.0
24281,16312,8,1,2999.0
24282,16313,10,1,299.0
24283,16314,3,1,3499.0
24284,16315,24,1,899.0
24285,16315,17,1,4999.0
24286,16316,29,1,1999.0
24287,16316,25,1,499.0
24288,16317,22,1,699.0
24289,16318,8,1,2999.0
24290,16318,11,1,199.0
24291,16319,15,1,1199.0
24292,16319,6,2,1499.0
24293,16320,26,1,999.0
24294,16320,9,3,899.0
24295,16321,21,1,1099.0
24296,16322,2,3,1799.0
24297,16322,21,2,1099.0
24298,16323,9,1,899.0
24299,16324,23,1,399.0
24300,16325,3,1,3499.0
24301,16325,24,2,899.0
24302,16326,7,2,599.0
24303,16327,18,3,899.0
24304,16327,9,1,899.0
24305,16328,24,1,899.0
24306,16328,14,1,1599.0
24307,16329,11,1,199.0
24308,16329,22,1,699.0
24309,16330,22,1,699.0
24310,16331,23,3,399.0
24311,16332,7,2,599.0
24312,16333,15,2,1199.0
24313,16334,25,3,499.0
24314,16334,9,2,899.0
24315,16334,6,1,1499.0
24316,16335,19,1,4499.0
24317,16336,9,1,899.0
24318,16336,5,2,999.0
24319,16336,18,1,899.0
24320,16337,4,1,1299.0
24321,16337,3,1,3499.0
24322,16338,23,1,399.0
24323,16339,29,1,1999.0
24324,16340,7,1,599.0
24325,16341,3,1,3499.0
24326,16341,25,2,499.0
24327,16342,20,1,3999.0
24328,16343,30,1,799.0
24329,16343,7,1,599.0
24330,16344,16,1,3999.0
24331,16345,25,1,499.0
24332,16346,23,1,399.0
24333,16347,25,1,499.0
24334,16348,19,1,4499.0
24335,16349,30,3,799.0
24336,16349,6,3,1499.0
24337,16350,25,1,499.0
24338,16350,22,1,699.0
24339,16350,17,2,4999.0
24340,16351,25,1,499.0
24341,16352,21,1,1099.0
24342,16353,25,1,499.0
24343,16353,16,1,3999.0
24344,16354,23,1,399.0
24345,16355,30,1,799.0
24346,16356,16,1,3999.0
24347,16356,2,3,1799.0
24348,16357,24,3,899.0
24349,16358,18,1,899.0
24350,16359,7,2,599.0
24351,16360,7,3,599.0
24352,16361,20,1,3999.0
24353,16361,7,1,599.0
24354,16362,21,1,1099.0
24355,16363,24,1,899.0
24356,16364,15,2,1199.0
24357,16365,3,1,3499.0
24358,16366,2,2,1799.0
24359,16366,13,2,799.0
24360,16366,25,1,499.0
24361,16367,1,1,2499.0
24362,16367,15,2,1199.0
24363,16367,24,1,899.0
24364,16368,3,1,3499.0
24365,16369,8,1,2999.0
24366,16369,4,3,1299.0
24367,16370,7,1,599.0
24368,16371,30,1,799.0
24369,16372,1,3,2499.0
24370,16372,15,1,1199.0
24371,16373,23,1,399.0
24372,16374,6,1,1499.0
24373,16375,8,1,2999.0
24374,16376,10,2,299.0
24375,16377,20,1,3999.0
24376,16377,18,2,899.0
24377,16378,12,2,1299.0
24378,16379,10,1,299.0
24379,16380,23,1,399.0
24380,16380,15,1,1199.0
24381,16380,29,1,1999.0
24382,16381,27,1,599.0
24383,16381,17,2,4999.0
24384,16382,11,1,199.0
24385,16383,28,1,499.0
24386,16384,15,2,1199.0
24387,16385,17,1,4999.0
24388,16386,11,2,199.0
24389,16386,23,1,399.0
24390,16387,6,1,1499.0
24391,16387,8,1,2999.0
24392,16388,9,1,899.0
24393,16389,3,1,3499.0
24394,16389,1,3,2499.0
24395,16390,7,3,599.0
24396,16390,6,1,1499.0
24397,16391,23,2,399.0
24398,16391,4,1,1299.0
24399,16391,19,1,4499.0
24400,16392,29,1,1999.0
24401,16392,30,1,799.0
24402,16392,15,2,1199.0
24403,16393,23,3,399.0
24404,16394,30,1,799.0
24405,16394,10,1,299.0
24406,16395,3,2,3499.0
24407,16395,1,1,2499.0
24408,16395,6,3,1499.0
24409,16396,8,1,2999.0
24410,16396,9,3,899.0
24411,16397,26,1,999.0
24412,16398,24,3,899.0
24413,16399,30,3,799.0
24414,16400,18,1,899.0
24415,16401,8,1,2999.0
24416,16402,11,1,199.0
24417,16403,30,2,799.0
24418,16404,1,3,2499.0
24419,16404,5,1,999.0
24420,16404,17,1,4999.0
24421,16405,21,1,1099.0
24422,16405,16,1,3999.0
24423,16405,4,1,1299.0
24424,16406,11,1,199.0
24425,16406,30,1,799.0
24426,16407,19,2,4499.0
24427,16408,1,1,2499.0
24428,16408,4,1,1299.0
24429,16409,4,1,1299.0
24430,16409,25,1,499.0
24431,16409,5,2,999.0
24432,16410,10,1,299.0
24433,16411,6,1,1499.0
24434,16411,24,3,899.0
24435,16412,23,1,399.0
24436,16412,25,1,499.0
24437,16413,16,1,3999.0
24438,16413,15,1,1199.0
24439,16414,24,2,899.0
24440,16415,9,1,899.0
24441,16415,3,1,3499.0
24442,16416,1,1,2499.0
24443,16417,26,2,999.0
24444,16418,15,3,1199.0
24445,16419,8,2,2999.0
24446,16419,19,2,4499.0
24447,16420,17,1,4999.0
24448,16421,12,3,1299.0
24449,16422,5,1,999.0
24450,16423,22,2,699.0
24451,16424,3,3,3499.0
24452,16425,3,3,3499.0
24453,16425,1,1,2499.0
24454,16426,28,1,499.0
24455,16426,26,1,999.0
24456,16426,3,1,3499.0
24457,16427,27,1,599.0
24458,16427,16,1,3999.0
24459,16428,6,2,1499.0
24460,16429,11,1,199.0
24461,16429,26,1,999.0
24462,16429,6,1,1499.0
24463,16430,6,2,1499.0
24464,16430,27,2,599.0
24465,16431,3,1,3499.0
24466,16432,22,1,699.0
24467,16433,18,1,899.0
24468,16433,19,2,4499.0
24469,16434,27,3,599.0
24470,16434,16,1,3999.0
24471,16435,22,1,699.0
24472,16436,11,1,199.0
24473,16437,11,1,199.0
24474,16438,17,1,4999.0
24475,16439,11,1,199.0
24476,16439,15,1,1199.0
24477,16440,15,2,1199.0
24478,16440,5,1,999.0
24479,16440,26,1,999.0
24480,16441,29,1,1999.0
24481,16442,25,1,499.0
24482,16443,9,1,899.0
24483,16444,22,1,699.0
24484,16445,22,1,699.0
24485,16446,1,1,2499.0
24486,16446,15,1,1199.0
24487,16446,6,2,1499.0
24488,16447,3,3,3499.0
24489,16447,1,2,2499.0
24490,16448,6,1,1499.0
24491,16449,17,2,4999.0
24492,16449,20,1,3999.0
24493,16450,1,1,2499.0
24494,16451,28,2,499.0
24495,16451,11,1,199.0
24496,16451,20,1,3999.0
24497,16452,25,1,499.0
24498,16452,7,1,599.0
24499,16453,4,2,1299.0
24500,16454,15,1,1199.0
24501,16455,26,1,999.0
24502,16456,26,1,999.0
24503,16457,21,1,1099.0
24504,16457,7,1,599.0
24505,16458,5,1,999.0
24506,16459,26,1,999.0
24507,16459,25,1,499.0
24508,16460,11,1,199.0
24509,16460,25,3,499.0
24510,16461,25,2,499.0
24511,16461,17,2,4999.0
24512,16462,6,1,1499.0
24513,16463,6,1,1499.0
24514,16463,6,1,1499.0
24515,16463,24,1,899.0
24516,16464,4,1,1299.0
24517,16465,14,1,1599.0
24518,16466,8,1,2999.0
24519,16467,4,1,1299.0
24520,16468,17,3,4999.0
24521,16468,23,1,399.0
24522,16468,23,1,399.0
24523,16469,17,1,4999.0
24524,16469,20,1,3999.0
24525,16470,29,1,1999.0
24526,16471,8,3,2999.0
24527,16471,23,2,399.0
24528,16472,13,1,799.0
24529,16473,3,1,3499.0
24530,16474,28,1,499.0
24531,16474,15,1,1199.0
24532,16474,26,1,999.0
24533,16475,9,2,899.0
24534,16476,8,2,2999.0
24535,16477,24,1,899.0
24536,16478,22,1,699.0
24537,16478,15,1,1199.0
24538,16479,25,2,499.0
24539,16480,23,1,399.0
24540,16480,12,1,1299.0
24541,16481,23,2,399.0
24542,16482,17,1,4999.0
24543,16483,7,1,599.0
24544,16484,7,1,599.0
24545,16484,1,1,2499.0
24546,16485,15,1,1199.0
24547,16486,11,1,199.0
24548,16486,19,2,4499.0
24549,16487,19,1,4499.0
24550,16487,4,1,1299.0
24551,16488,28,1,499.0
24552,16489,9,1,899.0
24553,16490,6,1,1499.0
24554,16491,7,1,599.0
24555,16492,24,1,899.0
24556,16493,25,1,499.0
24557,16494,9,3,899.0
24558,16495,23,1,399.0
24559,16495,27,2,599.0
24560,16496,7,2,599.0
24561,16497,12,1,1299.0
24562,16497,12,1,1299.0
24563,16497,12,1,1299.0
24564,16498,11,1,199.0
24565,16499,15,1,1199.0
24566,16500,11,3,199.0
24567,16501,21,2,1099.0
24568,16502,10,2,299.0
24569,16503,1,1,2499.0
24570,16503,6,1,1499.0
24571,16504,22,1,699.0
24572,16505,3,1,3499.0
24573,16506,17,1,4999.0
24574,16506,19,1,4499.0
24575,16507,5,2,999.0
24576,16508,28,1,499.0
24577,16508,10,1,299.0
24578,16509,25,1,499.0
24579,16510,2,1,1799.0
24580,16510,15,2,1199.0
24581,16511,6,3,1499.0
24582,16512,4,3,1299.0
24583,16513,7,1,599.0
24584,16513,10,3,299.0
24585,16514,24,3,899.0
24586,16514,18,1,899.0
24587,16514,21,1,1099.0
24588,16515,13,2,799.0
24589,16516,5,2,999.0
24590,16517,30,1,799.0
24591,16518,13,2,799.0
24592,16518,21,1,1099.0
24593,16519,9,2,899.0
24594,16520,24,2,899.0
24595,16520,10,1,299.0
24596,16521,7,2,599.0
24597,16521,6,3,1499.0
24598,16522,28,1,499.0
24599,16523,15,1,1199.0
24600,16523,25,2,499.0
24601,16524,4,1,1299.0
24602,16525,13,1,799.0
24603,16526,8,1,2999.0
24604,16527,3,1,3499.0
24605,16527,6,1,1499.0
24606,16528,7,1,599.0
24607,16528,30,2,799.0
24608,16529,12,3,1299.0
24609,16529,9,1,899.0
24610,16529,7,3,599.0
24611,16530,6,1,1499.0
24612,16531,10,1,299.0
24613,16532,7,1,599.0
24614,16533,9,1,899.0
24615,16534,25,1,499.0
24616,16535,30,1,799.0
24617,16536,24,3,899.0
24618,16536,22,1,699.0
24619,16536,26,1,999.0
24620,16537,12,2,1299.0
24621,16538,26,1,999.0
24622,16539,19,1,4499.0
24623,16539,12,2,1299.0
24624,16540,21,1,1099.0
24625,16541,18,1,899.0
24626,16542,22,1,699.0
24627,16543,1,1,2499.0
24628,16544,24,1,899.0
24629,16544,4,3,1299.0
24630,16544,4,2,1299.0
24631,16545,19,3,4499.0
24632,16546,8,2,2999.0
24633,16547,3,1,3499.0
24634,16548,25,3,499.0
24635,16548,29,1,1999.0
24636,16548,19,1,4499.0
24637,16549,9,3,899.0
24638,16549,8,3,2999.0
24639,16550,11,1,199.0
24640,16550,11,1,199.0
24641,16550,19,1,4499.0
24642,16551,7,1,599.0
24643,16552,25,1,499.0
24644,16553,24,1,899.0
24645,16554,9,1,899.0
24646,16555,8,1,2999.0
24647,16556,11,1,199.0
24648,16556,12,1,1299.0
24649,16557,16,3,3999.0
24650,16558,8,1,2999.0
24651,16558,30,2,799.0
24652,16559,16,1,3999.0
24653,16559,7,1,599.0
24654,16560,6,3,1499.0
24655,16560,19,2,4499.0
24656,16561,3,1,3499.0
24657,16562,4,1,1299.0
24658,16562,4,1,1299.0
24659,16562,18,2,899.0
24660,16563,1,1,2499.0
24661,16564,20,2,3999.0
24662,16564,27,1,599.0
24663,16564,24,1,899.0
24664,16565,17,1,4999.0
24665,16566,19,1,4499.0
24666,16567,7,3,599.0
24667,16567,5,1,999.0
24668,16568,22,1,699.0
24669,16569,8,1,2999.0
24670,16569,22,3,699.0
24671,16569,20,1,3999.0
24672,16570,6,2,1499.0
24673,16571,7,1,599.0
24674,16572,1,3,2499.0
24675,16573,21,3,1099.0
24676,16573,18,1,899.0
24677,16574,25,1,499.0
24678,16575,29,1,1999.0
24679,16576,21,1,1099.0
24680,16576,23,1,399.0
24681,16577,4,1,1299.0
24682,16577,25,1,499.0
24683,16578,12,1,1299.0
24684,16579,5,1,999.0
24685,16579,28,2,499.0
24686,16580,7,1,599.0
24687,16581,29,1,1999.0
24688,16581,7,2,599.0
24689,16582,8,1,2999.0
24690,16582,26,1,999.0
24691,16583,19,1,4499.0
24692,16583,20,2,3999.0
24693,16584,3,1,3499.0
24694,16585,24,1,899.0
24695,16585,8,1,2999.0
24696,16586,21,1,1099.0
24697,16587,4,1,1299.0
24698,16587,27,1,599.0
24699,16587,10,1,299.0
24700,16588,25,3,499.0
24701,16589,8,1,2999.0
24702,16590,1,1,2499.0
24703,16590,17,3,4999.0
24704,16590,22,2,699.0
24705,16591,27,3,599.0
24706,16592,20,3,3999.0
24707,16593,27,1,599.0
24708,16594,10,1,299.0
24709,16595,16,1,3999.0
24710,16596,14,3,1599.0
24711,16597,16,1,3999.0
24712,16598,17,1,4999.0
24713,16599,3,1,3499.0
24714,16599,8,1,2999.0
24715,16599,19,1,4499.0
24716,16600,30,2,799.0
24717,16601,3,1,3499.0
24718,16601,24,1,899.0
24719,16601,15,1,1199.0
24720,16602,26,2,999.0
24721,16603,1,1,2499.0
24722,16603,16,2,3999.0
24723,16604,16,3,3999.0
24724,16605,5,1,999.0
24725,16606,9,3,899.0
24726,16607,4,1,1299.0
24727,16608,25,1,499.0
24728,16609,30,1,799.0
24729,16610,20,1,3999.0
24730,16611,2,1,1799.0
24731,16611,13,3,799.0
24732,16611,15,2,1199.0
24733,16612,4,1,1299.0
24734,16612,21,1,1099.0
24735,16613,23,1,399.0
24736,16613,11,1,199.0
24737,16614,4,1,1299.0
24738,16614,24,1,899.0
24739,16615,29,1,1999.0
24740,16616,16,3,3999.0
24741,16617,6,2,1499.0
24742,16617,9,1,899.0
24743,16618,5,1,999.0
24744,16618,4,2,1299.0
24745,16619,8,2,2999.0
24746,16620,7,1,599.0
24747,16621,6,1,1499.0
24748,16621,5,1,999.0
24749,16621,26,1,999.0
24750,16622,29,2,1999.0
24751,16623,6,1,1499.0
24752,16623,5,1,999.0
24753,16624,19,1,4499.0
24754,16624,24,1,899.0
24755,16625,27,1,599.0
24756,16625,29,1,1999.0
24757,16626,4,2,1299.0
24758,16627,6,1,1499.0
24759,16627,30,1,799.0
24760,16628,28,1,499.0
24761,16628,3,1,3499.0
24762,16628,24,1,899.0
24763,16629,1,1,2499.0
24764,16630,23,1,399.0
24765,16631,4,2,1299.0
24766,16632,9,3,899.0
24767,16633,19,2,4499.0
24768,16634,4,1,1299.0
24769,16635,18,3,899.0
24770,16636,29,2,1999.0
24771,16636,10,1,299.0
24772,16637,24,3,899.0
24773,16637,8,1,2999.0
24774,16638,12,3,1299.0
24775,16638,10,1,299.0
24776,16639,19,3,4499.0
24777,16639,7,1,599.0
24778,16640,21,2,1099.0
24779,16640,3,1,3499.0
24780,16640,11,2,199.0
24781,16641,25,1,499.0
24782,16642,11,1,199.0
24783,16643,19,1,4499.0
24784,16644,19,1,4499.0
24785,16644,4,1,1299.0
24786,16645,25,2,499.0
24787,16646,6,1,1499.0
24788,16646,6,3,1499.0
24789,16647,8,1,2999.0
24790,16647,6,1,1499.0
24791,16648,23,2,399.0
24792,16649,3,1,3499.0
24793,16649,25,2,499.0
24794,16650,3,1,3499.0
24795,16650,24,1,899.0
24796,16650,23,1,399.0
24797,16651,5,1,999.0
24798,16651,15,3,1199.0
24799,16652,1,1,2499.0
24800,16653,26,1,999.0
24801,16654,20,3,3999.0
24802,16654,9,2,899.0
24803,16655,24,1,899.0
24804,16656,24,1,899.0
24805,16656,18,1,899.0
24806,16657,25,1,499.0
24807,16658,9,1,899.0
24808,16658,1,3,2499.0
24809,16659,29,1,1999.0
24810,16659,10,3,299.0
24811,16660,23,1,399.0
24812,16660,22,1,699.0
24813,16660,7,2,599.0
24814,16661,7,3,599.0
24815,16662,10,2,299.0
24816,16663,5,1,999.0
24817,16664,2,2,1799.0
24818,16664,25,1,499.0
24819,16665,15,2,1199.0
24820,16666,20,1,3999.0
24821,16667,8,2,2999.0
24822,16668,29,1,1999.0
24823,16669,7,2,599.0
24824,16670,20,1,3999.0
24825,16671,30,2,799.0
24826,16672,17,2,4999.0
24827,16673,12,2,1299.0
24828,16674,13,1,799.0
24829,16675,12,1,1299.0
24830,16675,30,1,799.0
24831,16676,8,1,2999.0
24832,16676,15,3,1199.0
24833,16677,23,2,399.0
24834,16678,21,1,1099.0
24835,16679,10,3,299.0
24836,16679,10,1,299.0
24837,16680,16,1,3999.0
24838,16680,3,3,3499.0
24839,16681,16,2,3999.0
24840,16682,23,2,399.0
24841,16682,6,2,1499.0
24842,16682,18,2,899.0
24843,16683,28,1,499.0
24844,16683,6,1,1499.0
24845,16684,19,1,4499.0
24846,16685,24,2,899.0
24847,16686,19,2,4499.0
24848,16686,8,1,2999.0
24849,16686,26,1,999.0
24850,16687,25,2,499.0
24851,16688,25,3,499.0
24852,16688,4,1,1299.0
24853,16689,14,1,1599.0
24854,16690,11,2,199.0
24855,16691,11,1,199.0
24856,16692,7,1,599.0
24857,16693,3,1,3499.0
24858,16694,25,1,499.0
24859,16695,11,1,199.0
24860,16696,19,2,4499.0
24861,16696,20,1,3999.0
24862,16697,11,1,199.0
24863,16698,11,1,199.0
24864,16698,5,1,999.0
24865,16699,9,1,899.0
24866,16699,26,1,999.0
24867,16700,7,1,599.0
24868,16700,27,1,599.0
24869,16701,6,2,1499.0
24870,16701,19,1,4499.0
24871,16702,25,1,499.0
24872,16702,4,1,1299.0
24873,16703,30,1,799.0
24874,16703,12,3,1299.0
24875,16704,22,1,699.0
24876,16705,14,1,1599.0
24877,16706,23,1,399.0
24878,16706,30,1,799.0
24879,16707,18,2,899.0
24880,16707,9,1,899.0
24881,16708,25,1,499.0
24882,16708,15,3,1199.0
24883,16709,28,1,499.0
24884,16710,9,1,899.0
24885,16711,9,1,899.0
24886,16712,27,3,599.0
24887,16712,7,1,599.0
24888,16713,11,2,199.0
24889,16713,24,1,899.0
24890,16714,9,2,899.0
24891,16714,8,2,2999.0
24892,16715,3,2,3499.0
24893,16716,11,1,199.0
24894,16716,14,2,1599.0
24895,16717,11,2,199.0
24896,16718,6,1,1499.0
24897,16718,17,3,4999.0
24898,16719,11,1,199.0
24899,16720,6,1,1499.0
24900,16721,6,1,1499.0
24901,16722,7,3,599.0
24902,16723,29,1,1999.0
24903,16724,29,3,1999.0
24904,16724,16,1,3999.0
24905,16724,15,1,1199.0
24906,16725,8,1,2999.0
24907,16726,23,2,399.0
24908,16726,26,1,999.0
24909,16727,15,1,1199.0
24910,16728,26,1,999.0
24911,16729,4,1,1299.0
24912,16729,8,2,2999.0
24913,16730,10,1,299.0
24914,16731,19,1,4499.0
24915,16732,23,1,399.0
24916,16733,23,3,399.0
24917,16734,30,1,799.0
24918,16735,21,1,1099.0
24919,16735,11,1,199.0
24920,16735,18,1,899.0
24921,16736,29,1,1999.0
24922,16737,5,1,999.0
24923,16738,7,1,599.0
24924,16739,4,2,1299.0
24925,16740,24,2,899.0
24926,16741,30,2,799.0
24927,16742,16,2,3999.0
24928,16742,20,1,3999.0
24929,16743,18,3,899.0
24930,16744,8,1,2999.0
24931,16744,29,1,1999.0
24932,16745,19,1,4499.0
24933,16745,15,3,1199.0
24934,16746,27,1,599.0
24935,16746,13,2,799.0
24936,16747,25,1,499.0
24937,16748,19,1,4499.0
24938,16749,18,1,899.0
24939,16750,3,1,3499.0
24940,16751,11,1,199.0
24941,16752,8,1,2999.0
24942,16753,8,1,2999.0
24943,16753,1,2,2499.0
24944,16753,28,2,499.0
24945,16754,11,1,199.0
24946,16755,5,1,999.0
24947,16755,19,2,4499.0
24948,16755,30,1,799.0
24949,16756,4,1,1299.0
24950,16756,23,1,399.0
24951,16757,10,1,299.0
24952,16758,25,1,499.0
24953,16758,15,1,1199.0
24954,16759,22,1,699.0
24955,16760,24,1,899.0
24956,16761,18,2,899.0
24957,16762,8,3,2999.0
24958,16763,28,1,499.0
24959,16764,30,1,799.0
24960,16765,30,1,799.0
24961,16766,3,1,3499.0
24962,16766,17,3,4999.0
24963,16767,3,1,3499.0
24964,16768,4,2,1299.0
24965,16768,23,1,399.0
24966,16769,20,2,3999.0
24967,16770,25,2,499.0
24968,16770,10,1,299.0
24969,16771,8,1,2999.0
24970,16771,11,1,199.0
24971,16772,29,3,1999.0
24972,16773,24,3,899.0
24973,16774,28,1,499.0
24974,16775,23,1,399.0
24975,16776,8,2,2999.0
24976,16777,19,1,4499.0
24977,16778,3,2,3499.0
24978,16778,8,1,2999.0
24979,16778,30,1,799.0
24980,16779,5,1,999.0
24981,16779,9,1,899.0
24982,16780,22,2,699.0
24983,16780,9,1,899.0
24984,16781,3,2,3499.0
24985,16781,19,1,4499.0
24986,16782,23,2,399.0
24987,16783,4,2,1299.0
24988,16784,24,1,899.0
24989,16785,11,1,199.0
24990,16786,9,1,899.0
24991,16787,19,1,4499.0
24992,16787,30,3,799.0
24993,16788,4,2,1299.0
24994,16789,17,1,4999.0
24995,16790,6,1,1499.0
24996,16791,26,1,999.0
24997,16792,25,1,499.0
24998,16792,6,1,1499.0
24999,16793,24,2,899.0
25000,16794,14,1,1599.0
25001,16795,19,1,4499.0
25002,16796,13,1,799.0
25003,16797,24,1,899.0
25004,16797,3,2,3499.0
25005,16798,27,1,599.0
25006,16799,8,3,2999.0
25007,16799,10,1,299.0
25008,16800,18,1,899.0
25009,16800,27,1,599.0
25010,16801,17,1,4999.0
25011,16802,25,2,499.0
25012,16802,26,2,999.0
25013,16803,23,1,399.0
25014,16804,17,2,4999.0
25015,16805,9,1,899.0
25016,16806,17,1,4999.0
25017,16806,24,1,899.0
25018,16807,3,3,3499.0
25019,16807,18,1,899.0
25020,16808,25,1,499.0
25021,16809,3,1,3499.0
25022,16810,17,1,4999.0
25023,16811,22,1,699.0
25024,16812,13,2,799.0
25025,16813,14,1,1599.0
25026,16814,16,1,3999.0
25027,16814,11,1,199.0
25028,16815,17,1,4999.0
25029,16816,8,1,2999.0
25030,16816,11,1,199.0
25031,16816,6,1,1499.0
25032,16817,7,1,599.0
25033,16818,17,1,4999.0
25034,16819,28,1,499.0
25035,16820,10,1,299.0
25036,16821,25,1,499.0
25037,16822,28,1,499.0
25038,16822,23,1,399.0
25039,16823,13,1,799.0
25040,16824,6,1,1499.0
25041,16825,26,1,999.0
25042,16826,23,2,399.0
25043,16826,3,1,3499.0
25044,16826,4,1,1299.0
25045,16827,23,2,399.0
25046,16828,2,1,1799.0
25047,16828,30,1,799.0
25048,16829,14,1,1599.0
25049,16829,30,1,799.0
25050,16829,12,1,1299.0
25051,16830,16,2,3999.0
25052,16830,8,1,2999.0
25053,16830,19,1,4499.0
25054,16831,15,1,1199.0
25055,16832,30,3,799.0
25056,16833,27,1,599.0
25057,16834,30,1,799.0
25058,16834,27,2,599.0
25059,16835,14,1,1599.0
25060,16835,10,1,299.0
25061,16836,22,1,699.0
25062,16837,28,1,499.0
25063,16838,26,1,999.0
25064,16838,4,1,1299.0
25065,16839,9,1,899.0
25066,16840,11,1,199.0
25067,16841,7,1,599.0
25068,16842,26,1,999.0
25069,16843,21,1,1099.0
25070,16843,9,2,899.0
25071,16844,30,1,799.0
25072,16844,18,1,899.0
25073,16845,23,1,399.0
25074,16846,2,2,1799.0
25075,16847,26,3,999.0
25076,16847,3,1,3499.0
25077,16848,19,1,4499.0
25078,16848,6,1,1499.0
25079,16848,8,1,2999.0
25080,16849,22,1,699.0
25081,16850,4,2,1299.0
25082,16850,7,1,599.0
25083,16850,15,1,1199.0
25084,16851,22,1,699.0
25085,16852,2,1,1799.0
25086,16853,20,2,3999.0
25087,16853,4,3,1299.0
25088,16853,9,1,899.0
25089,16854,21,1,1099.0
25090,16855,11,1,199.0
25091,16855,6,1,1499.0
25092,16856,23,1,399.0
25093,16857,25,1,499.0
25094,16858,3,1,3499.0
25095,16858,30,1,799.0
25096,16858,24,1,899.0
25097,16859,7,3,599.0
25098,16859,13,3,799.0
25099,16860,26,1,999.0
25100,16861,26,1,999.0
25101,16862,28,1,499.0
25102,16863,4,1,1299.0
25103,16863,9,1,899.0
25104,16863,24,1,899.0
25105,16864,28,2,499.0
25106,16864,24,1,899.0
25107,16865,20,3,3999.0
25108,16866,16,1,3999.0
25109,16866,19,2,4499.0
25110,16867,10,1,299.0
25111,16867,3,1,3499.0
25112,16867,2,1,1799.0
25113,16868,30,3,799.0
25114,16868,7,1,599.0
25115,16869,19,3,4499.0
25116,16869,18,1,899.0
25117,16869,17,1,4999.0
25118,16870,12,2,1299.0
25119,16871,28,1,499.0
25120,16872,1,1,2499.0
25121,16873,16,1,3999.0
25122,16874,26,1,999.0
25123,16875,23,1,399.0
25124,16875,19,3,4499.0
25125,16875,11,1,199.0
25126,16876,18,1,899.0
25127,16877,13,2,799.0
25128,16878,26,1,999.0
25129,16878,17,1,4999.0
25130,16879,16,1,3999.0
25131,16879,11,1,199.0
25132,16880,1,1,2499.0
25133,16880,23,1,399.0
25134,16881,23,1,399.0
25135,16882,28,2,499.0
25136,16883,8,1,2999.0
25137,16883,30,2,799.0
25138,16884,11,2,199.0
25139,16885,9,1,899.0
25140,16886,14,1,1599.0
25141,16887,14,3,1599.0
25142,16887,1,1,2499.0
25143,16888,18,1,899.0
25144,16888,2,3,1799.0
25145,16889,26,2,999.0
25146,16890,9,1,899.0
25147,16891,8,1,2999.0
25148,16892,9,1,899.0
25149,16893,14,3,1599.0
25150,16894,20,1,3999.0
25151,16895,13,2,799.0
25152,16896,22,1,699.0
25153,16897,3,2,3499.0
25154,16897,12,1,1299.0
25155,16898,10,3,299.0
25156,16899,28,1,499.0
25157,16899,4,3,1299.0
25158,16900,21,1,1099.0
25159,16900,24,2,899.0
25160,16900,12,3,1299.0
25161,16901,20,2,3999.0
25162,16901,23,1,399.0
25163,16902,10,1,299.0
25164,16903,15,3,1199.0
25165,16904,2,1,1799.0
25166,16905,25,1,499.0
25167,16906,12,2,1299.0
25168,16907,8,1,2999.0
25169,16908,11,1,199.0
25170,16909,9,1,899.0
25171,16910,3,2,3499.0
25172,16911,8,1,2999.0
25173,16912,4,1,1299.0
25174,16913,25,1,499.0
25175,16913,3,1,3499.0
25176,16914,2,1,1799.0
25177,16915,23,1,399.0
25178,16916,29,1,1999.0
25179,16917,8,1,2999.0
25180,16918,2,3,1799.0
25181,16919,5,1,999.0
25182,16919,6,1,1499.0
25183,16919,29,2,1999.0
25184,16920,14,1,1599.0
25185,16920,17,1,4999.0
25186,16921,24,1,899.0
25187,16922,3,1,3499.0
25188,16923,23,1,399.0
25189,16924,27,1,599.0
25190,16925,23,2,399.0
25191,16926,3,1,3499.0
25192,16927,19,1,4499.0
25193,16927,21,1,1099.0
25194,16928,3,1,3499.0
25195,16929,11,1,199.0
25196,16929,23,2,399.0
25197,16929,14,2,1599.0
25198,16930,11,2,199.0
25199,16930,8,2,2999.0
25200,16931,10,1,299.0
25201,16932,21,1,1099.0
25202,16933,24,2,899.0
25203,16934,2,1,1799.0
25204,16935,5,2,999.0
25205,16936,28,1,499.0
25206,16937,13,1,799.0
25207,16937,19,1,4499.0
25208,16938,3,1,3499.0
25209,16938,17,1,4999.0
25210,16939,22,1,699.0
25211,16939,3,1,3499.0
25212,16940,26,1,999.0
25213,16940,8,2,2999.0
25214,16941,8,2,2999.0
25215,16941,27,1,599.0
25216,16942,19,1,4499.0
25217,16942,10,3,299.0
25218,16943,6,1,1499.0
25219,16944,6,1,1499.0
25220,16945,7,1,599.0
25221,16945,24,3,899.0
25222,16945,9,2,899.0
25223,16946,10,1,299.0
25224,16947,17,2,4999.0
25225,16947,1,1,2499.0
25226,16948,3,2,3499.0
25227,16948,15,1,1199.0
25228,16949,11,1,199.0
25229,16949,4,1,1299.0
25230,16950,26,1,999.0
25231,16951,3,1,3499.0
25232,16952,25,2,499.0
25233,16952,19,1,4499.0
25234,16953,30,1,799.0
25235,16954,8,1,2999.0
25236,16955,29,1,1999.0
25237,16956,3,1,3499.0
25238,16956,23,1,399.0
25239,16956,25,1,499.0
25240,16957,1,3,2499.0
25241,16958,2,1,1799.0
25242,16959,23,2,399.0
25243,16960,8,1,2999.0
25244,16961,17,2,4999.0
25245,16962,17,1,4999.0
25246,16963,24,1,899.0
25247,16964,25,2,499.0
25248,16965,4,3,1299.0
25249,16966,9,1,899.0
25250,16966,15,1,1199.0
25251,16967,21,2,1099.0
25252,16968,16,1,3999.0
25253,16969,11,1,199.0
25254,16970,16,1,3999.0
25255,16970,24,1,899.0
25256,16971,28,1,499.0
25257,16971,1,1,2499.0
25258,16972,20,1,3999.0
25259,16972,7,1,599.0
25260,16972,19,1,4499.0
25261,16973,10,1,299.0
25262,16974,22,1,699.0
25263,16975,24,2,899.0
25264,16975,19,2,4499.0
25265,16976,6,1,1499.0
25266,16977,7,1,599.0
25267,16978,27,1,599.0
25268,16979,19,1,4499.0
25269,16980,17,2,4999.0
25270,16981,19,1,4499.0
25271,16982,15,1,1199.0
25272,16983,30,1,799.0
25273,16984,25,1,499.0
25274,16985,4,1,1299.0
25275,16986,22,1,699.0
25276,16986,25,2,499.0
25277,16987,11,1,199.0
25278,16988,23,1,399.0
25279,16989,15,1,1199.0
25280,16989,18,3,899.0
25281,16990,16,3,3999.0
25282,16991,3,1,3499.0
25283,16991,23,1,399.0
25284,16992,10,2,299.0
25285,16993,25,1,499.0
25286,16993,15,1,1199.0
25287,16994,19,1,4499.0
25288,16994,14,2,1599.0
25289,16995,18,2,899.0
25290,16995,3,1,3499.0
25291,16996,6,2,1499.0
25292,16996,1,1,2499.0
25293,16997,2,1,1799.0
25294,16997,7,2,599.0
25295,16997,14,1,1599.0
25296,16998,14,1,1599.0
25297,16999,26,1,999.0
25298,17000,2,2,1799.0
25299,17001,19,1,4499.0
25300,17002,4,2,1299.0
25301,17002,11,2,199.0
25302,17002,22,3,699.0
25303,17003,11,3,199.0
25304,17004,8,1,2999.0
25305,17004,30,2,799.0
25306,17005,5,2,999.0
25307,17005,17,1,4999.0
25308,17005,7,3,599.0
25309,17006,22,1,699.0
25310,17006,30,1,799.0
25311,17007,9,3,899.0
25312,17008,19,1,4499.0
25313,17008,1,1,2499.0
25314,17008,18,1,899.0
25315,17009,6,1,1499.0
25316,17009,4,1,1299.0
25317,17010,25,1,499.0
25318,17011,6,1,1499.0
25319,17012,23,1,399.0
25320,17013,3,3,3499.0
25321,17014,30,1,799.0
25322,17015,11,1,199.0
25323,17015,25,1,499.0
25324,17015,25,1,499.0
25325,17016,10,1,299.0
25326,17016,4,1,1299.0
25327,17017,24,1,899.0
25328,17017,10,1,299.0
25329,17018,18,1,899.0
25330,17019,30,1,799.0
25331,17020,27,1,599.0
25332,17021,7,1,599.0
25333,17022,24,2,899.0
25334,17023,23,2,399.0
25335,17024,10,3,299.0
25336,17024,24,2,899.0
25337,17025,19,1,4499.0
25338,17026,21,1,1099.0
25339,17027,19,1,4499.0
25340,17028,22,1,699.0
25341,17028,15,1,1199.0
25342,17029,4,1,1299.0
25343,17029,3,1,3499.0
25344,17030,12,1,1299.0
25345,17030,14,1,1599.0
25346,17031,22,1,699.0
25347,17032,18,1,899.0
25348,17033,16,2,3999.0
25349,17034,23,1,399.0
25350,17034,5,1,999.0
25351,17034,21,2,1099.0
25352,17035,24,1,899.0
25353,17036,4,1,1299.0
25354,17037,29,2,1999.0
25355,17038,15,3,1199.0
25356,17039,1,1,2499.0
25357,17039,10,1,299.0
25358,17040,20,1,3999.0
25359,17040,16,2,3999.0
25360,17040,24,1,899.0
25361,17041,3,3,3499.0
25362,17042,1,3,2499.0
25363,17043,4,1,1299.0
25364,17044,9,1,899.0
25365,17045,8,1,2999.0
25366,17045,11,2,199.0
25367,17045,25,1,499.0
25368,17046,4,2,1299.0
25369,17047,3,1,3499.0
25370,17047,4,3,1299.0
25371,17048,1,1,2499.0
25372,17048,28,1,499.0
25373,17049,12,1,1299.0
25374,17049,7,1,599.0
25375,17050,14,1,1599.0
25376,17051,17,3,4999.0
25377,17052,10,1,299.0
25378,17053,11,1,199.0
25379,17054,25,1,499.0
25380,17054,11,3,199.0
25381,17055,8,1,2999.0
25382,17056,3,2,3499.0
25383,17056,18,2,899.0
25384,17057,8,1,2999.0
25385,17057,6,1,1499.0
25386,17057,23,2,399.0
25387,17058,3,2,3499.0
25388,17058,25,2,499.0
25389,17059,19,2,4499.0
25390,17059,21,1,1099.0
25391,17060,20,1,3999.0
25392,17061,1,1,2499.0
25393,17062,6,1,1499.0
25394,17063,7,1,599.0
25395,17063,24,1,899.0
25396,17064,15,1,1199.0
25397,17065,23,1,399.0
25398,17066,11,2,199.0
25399,17067,20,1,3999.0
25400,17067,30,1,799.0
25401,17067,20,2,3999.0
25402,17068,7,2,599.0
25403,17068,10,1,299.0
25404,17069,6,1,1499.0
25405,17069,27,1,599.0
25406,17070,11,1,199.0
25407,17070,10,1,299.0
25408,17071,10,1,299.0
25409,17071,29,1,1999.0
25410,17072,25,1,499.0
25411,17073,5,1,999.0
25412,17074,21,1,1099.0
25413,17075,9,1,899.0
25414,17076,17,1,4999.0
25415,17076,8,1,2999.0
25416,17077,15,2,1199.0
25417,17078,1,2,2499.0
25418,17079,5,1,999.0
25419,17080,11,2,199.0
25420,17081,17,1,4999.0
25421,17081,27,1,599.0
25422,17082,22,3,699.0
25423,17083,10,1,299.0
25424,17083,14,1,1599.0
25425,17084,4,1,1299.0
25426,17085,11,1,199.0
25427,17085,4,1,1299.0
25428,17086,24,3,899.0
25429,17086,25,1,499.0
25430,17086,24,2,899.0
25431,17087,3,1,3499.0
25432,17088,6,1,1499.0
25433,17088,22,1,699.0
25434,17089,4,1,1299.0
25435,17090,17,1,4999.0
25436,17091,24,1,899.0
25437,17091,23,1,399.0
25438,17092,9,1,899.0
25439,17092,1,2,2499.0
25440,17093,7,1,599.0
25441,17094,11,1,199.0
25442,17095,10,3,299.0
25443,17096,8,2,2999.0
25444,17097,30,1,799.0
25445,17098,7,1,599.0
25446,17099,19,1,4499.0
25447,17099,6,2,1499.0
25448,17100,19,1,4499.0
25449,17101,30,1,799.0
25450,17102,26,1,999.0
25451,17103,16,3,3999.0
25452,17104,17,1,4999.0
25453,17104,9,1,899.0
25454,17105,17,1,4999.0
25455,17106,19,3,4499.0
25456,17106,20,1,3999.0
25457,17107,2,2,1799.0
25458,17107,19,1,4499.0
25459,17108,27,2,599.0
25460,17109,24,3,899.0
25461,17110,26,1,999.0
25462,17110,29,1,1999.0
25463,17111,5,1,999.0
25464,17111,19,1,4499.0
25465,17112,19,1,4499.0
25466,17113,12,1,1299.0
25467,17113,4,3,1299.0
25468,17113,7,2,599.0
25469,17114,8,1,2999.0
25470,17115,23,1,399.0
25471,17116,27,1,599.0
25472,17117,13,1,799.0
25473,17117,21,1,1099.0
25474,17118,26,1,999.0
25475,17119,20,2,3999.0
25476,17119,2,1,1799.0
25477,17120,1,2,2499.0
25478,17120,26,1,999.0
25479,17121,21,2,1099.0
25480,17122,6,1,1499.0
25481,17122,4,1,1299.0
25482,17122,16,1,3999.0
25483,17123,15,1,1199.0
25484,17124,6,1,1499.0
25485,17125,25,2,499.0
25486,17126,3,3,3499.0
25487,17127,15,1,1199.0
25488,17128,12,2,1299.0
25489,17129,11,2,199.0
25490,17130,7,1,599.0
25491,17131,15,1,1199.0
25492,17131,23,1,399.0
25493,17132,24,1,899.0
25494,17133,3,1,3499.0
25495,17134,5,1,999.0
25496,17134,28,3,499.0
25497,17135,11,1,199.0
25498,17135,7,3,599.0
25499,17136,15,2,1199.0
25500,17136,7,1,599.0
25501,17136,11,1,199.0
25502,17137,22,3,699.0
25503,17137,17,3,4999.0
25504,17137,19,1,4499.0
25505,17138,13,1,799.0
25506,17138,4,1,1299.0
25507,17139,15,1,1199.0
25508,17140,30,1,799.0
25509,17141,3,1,3499.0
25510,17142,3,1,3499.0
25511,17143,4,1,1299.0
25512,17144,26,1,999.0
25513,17145,3,1,3499.0
25514,17145,2,1,1799.0
25515,17145,15,1,1199.0
25516,17146,1,1,2499.0
25517,17147,8,3,2999.0
25518,17148,3,1,3499.0
25519,17149,12,1,1299.0
25520,17150,25,1,499.0
25521,17150,8,2,2999.0
25522,17151,10,1,299.0
25523,17152,4,1,1299.0
25524,17152,7,2,599.0
25525,17153,24,2,899.0
25526,17153,6,2,1499.0
25527,17154,15,1,1199.0
25528,17155,1,1,2499.0
25529,17155,23,1,399.0
25530,17156,14,1,1599.0
25531,17156,11,1,199.0
25532,17156,12,3,1299.0
25533,17157,10,1,299.0
25534,17158,8,2,2999.0
25535,17159,11,2,199.0
25536,17160,27,1,599.0
25537,17161,4,1,1299.0
25538,17161,15,2,1199.0
25539,17162,23,1,399.0
25540,17162,27,1,599.0
25541,17163,11,1,199.0
25542,17164,14,2,1599.0
25543,17164,27,2,599.0
25544,17165,9,1,899.0
25545,17165,8,1,2999.0
25546,17165,13,1,799.0
25547,17166,2,1,1799.0
25548,17167,4,1,1299.0
25549,17168,15,1,1199.0
25550,17168,6,1,1499.0
25551,17168,27,1,599.0
25552,17169,22,1,699.0
25553,17169,17,2,4999.0
25554,17170,3,3,3499.0
25555,17171,25,1,499.0
25556,17172,24,2,899.0
25557,17173,7,2,599.0
25558,17174,6,2,1499.0
25559,17174,10,1,299.0
25560,17175,7,1,599.0
25561,17176,3,1,3499.0
25562,17177,24,1,899.0
25563,17178,27,1,599.0
25564,17179,19,1,4499.0
25565,17180,7,1,599.0
25566,17181,15,2,1199.0
25567,17181,24,1,899.0
25568,17181,27,1,599.0
25569,17182,21,1,1099.0
25570,17183,1,1,2499.0
25571,17183,9,2,899.0
25572,17184,19,1,4499.0
25573,17185,15,1,1199.0
25574,17186,9,2,899.0
25575,17186,4,2,1299.0
25576,17186,19,1,4499.0
25577,17187,12,1,1299.0
25578,17187,11,1,199.0
25579,17187,9,1,899.0
25580,17188,9,1,899.0
25581,17189,17,1,4999.0
25582,17190,7,1,599.0
25583,17190,19,1,4499.0
25584,17191,22,2,699.0
25585,17192,2,1,1799.0
25586,17193,4,2,1299.0
25587,17194,14,1,1599.0
25588,17195,6,3,1499.0
25589,17196,2,1,1799.0
25590,17197,11,1,199.0
25591,17197,25,1,499.0
25592,17198,11,1,199.0
25593,17198,5,2,999.0
25594,17199,2,3,1799.0
25595,17200,25,3,499.0
25596,17201,23,1,399.0
25597,17202,3,1,3499.0
25598,17202,11,1,199.0
25599,17203,26,1,999.0
25600,17203,24,1,899.0
25601,17204,11,1,199.0
25602,17204,6,1,1499.0
25603,17204,19,1,4499.0
25604,17205,17,1,4999.0
25605,17206,26,2,999.0
25606,17206,21,1,1099.0
25607,17207,19,1,4499.0
25608,17208,9,1,899.0
25609,17209,7,1,599.0
25610,17210,7,1,599.0
25611,17211,26,1,999.0
25612,17212,6,2,1499.0
25613,17213,28,3,499.0
25614,17213,13,2,799.0
25615,17214,30,1,799.0
25616,17215,3,1,3499.0
25617,17215,6,1,1499.0
25618,17216,21,1,1099.0
25619,17216,26,1,999.0
25620,17217,10,2,299.0
25621,17218,29,1,1999.0
25622,17219,24,2,899.0
25623,17220,27,1,599.0
25624,17220,29,2,1999.0
25625,17220,24,1,899.0
25626,17221,15,2,1199.0
25627,17222,15,2,1199.0
25628,17223,23,1,399.0
25629,17224,18,1,899.0
25630,17224,14,1,1599.0
25631,17224,29,1,1999.0
25632,17225,21,1,1099.0
25633,17226,21,1,1099.0
25634,17227,11,1,199.0
25635,17227,25,1,499.0
25636,17228,29,1,1999.0
25637,17228,7,2,599.0
25638,17229,24,1,899.0
25639,17230,27,1,599.0
25640,17230,11,1,199.0
25641,17231,16,1,3999.0
25642,17232,20,1,3999.0
25643,17233,30,3,799.0
25644,17233,19,1,4499.0
25645,17234,19,3,4499.0
25646,17234,22,1,699.0
25647,17235,20,1,3999.0
25648,17236,15,1,1199.0
25649,17237,17,2,4999.0
25650,17237,5,2,999.0
25651,17238,30,1,799.0
25652,17239,11,1,199.0
25653,17239,26,1,999.0
25654,17240,5,1,999.0
25655,17240,13,1,799.0
25656,17241,15,1,1199.0
25657,17242,30,1,799.0
25658,17243,7,1,599.0
25659,17244,6,1,1499.0
25660,17244,17,2,4999.0
25661,17245,7,1,599.0
25662,17246,4,2,1299.0
25663,17247,7,1,599.0
25664,17248,7,1,599.0
25665,17248,2,2,1799.0
25666,17249,15,1,1199.0
25667,17249,24,1,899.0
25668,17250,12,1,1299.0
25669,17251,23,2,399.0
25670,17252,2,1,1799.0
25671,17252,6,1,1499.0
25672,17253,22,1,699.0
25673,17254,23,1,399.0
25674,17254,17,1,4999.0
25675,17255,30,2,799.0
25676,17256,4,1,1299.0
25677,17256,25,3,499.0
25678,17256,19,1,4499.0
25679,17257,30,1,799.0
25680,17258,25,1,499.0
25681,17259,19,1,4499.0
25682,17260,5,2,999.0
25683,17260,30,1,799.0
25684,17261,29,1,1999.0
25685,17262,13,1,799.0
25686,17262,17,2,4999.0
25687,17262,25,2,499.0
25688,17263,28,1,499.0
25689,17264,7,1,599.0
25690,17265,3,1,3499.0
25691,17266,6,1,1499.0
25692,17267,15,1,1199.0
25693,17268,18,2,899.0
25694,17268,23,1,399.0
25695,17269,7,1,599.0
25696,17269,3,2,3499.0
25697,17270,13,1,799.0
25698,17271,27,1,599.0
25699,17272,3,3,3499.0
25700,17273,19,1,4499.0
25701,17274,3,2,3499.0
25702,17275,11,2,199.0
25703,17275,23,2,399.0
25704,17276,11,1,199.0
25705,17276,17,1,4999.0
25706,17277,4,1,1299.0
25707,17278,24,1,899.0
25708,17278,23,2,399.0
25709,17279,29,2,1999.0
25710,17280,9,1,899.0
25711,17281,8,1,2999.0
25712,17282,7,1,599.0
25713,17282,9,1,899.0
25714,17282,14,1,1599.0
25715,17283,12,2,1299.0
25716,17284,23,1,399.0
25717,17285,5,2,999.0
25718,17286,26,1,999.0
25719,17287,8,1,2999.0
25720,17288,20,1,3999.0
25721,17288,20,2,3999.0
25722,17289,20,1,3999.0
25723,17289,6,1,1499.0
25724,17289,27,1,599.0
25725,17290,27,1,599.0
25726,17291,22,1,699.0
25727,17292,10,2,299.0
25728,17293,24,1,899.0
25729,17293,29,1,1999.0
25730,17293,3,2,3499.0
25731,17294,19,1,4499.0
25732,17294,30,1,799.0
25733,17295,16,1,3999.0
25734,17296,4,2,1299.0
25735,17297,3,2,3499.0
25736,17298,6,1,1499.0
25737,17298,7,1,599.0
25738,17299,23,1,399.0
25739,17299,4,3,1299.0
25740,17300,4,1,1299.0
25741,17300,11,1,199.0
25742,17301,17,1,4999.0
25743,17302,12,1,1299.0
25744,17303,23,2,399.0
25745,17303,27,2,599.0
25746,17304,11,1,199.0
25747,17304,22,1,699.0
25748,17305,7,1,599.0
25749,17306,25,2,499.0
25750,17307,15,1,1199.0
25751,17308,14,1,1599.0
25752,17309,19,1,4499.0
25753,17310,7,2,599.0
25754,17311,8,1,2999.0
25755,17311,15,1,1199.0
25756,17312,30,1,799.0
25757,17312,28,1,499.0
25758,17313,24,1,899.0
25759,17314,23,1,399.0
25760,17315,23,1,399.0
25761,17315,6,2,1499.0
25762,17316,19,1,4499.0
25763,17317,15,1,1199.0
25764,17318,17,1,4999.0
25765,17318,4,2,1299.0
25766,17319,10,1,299.0
25767,17319,22,2,699.0
25768,17320,7,1,599.0
25769,17321,11,3,199.0
25770,17322,4,2,1299.0
25771,17323,21,1,1099.0
25772,17323,23,1,399.0
25773,17324,19,1,4499.0
25774,17324,30,3,799.0
25775,17325,11,2,199.0
25776,17326,4,3,1299.0
25777,17326,5,2,999.0
25778,17327,17,1,4999.0
25779,17328,3,1,3499.0
25780,17329,3,1,3499.0
25781,17330,15,2,1199.0
25782,17331,22,1,699.0
25783,17332,11,3,199.0
25784,17332,25,1,499.0
25785,17332,27,2,599.0
25786,17333,15,1,1199.0
25787,17333,18,1,899.0
25788,17334,18,3,899.0
25789,17334,23,2,399.0
25790,17334,25,1,499.0
25791,17335,25,1,499.0
25792,17336,13,3,799.0
25793,17337,19,3,4499.0
25794,17338,3,1,3499.0
25795,17338,11,1,199.0
25796,17338,22,1,699.0
25797,17339,19,3,4499.0
25798,17339,15,2,1199.0
25799,17340,9,1,899.0
25800,17341,24,1,899.0
25801,17341,6,2,1499.0
25802,17342,17,2,4999.0
25803,17343,19,1,4499.0
25804,17343,8,2,2999.0
25805,17344,6,1,1499.0
25806,17345,19,2,4499.0
25807,17345,29,3,1999.0
25808,17345,14,1,1599.0
25809,17346,6,1,1499.0
25810,17347,4,1,1299.0
25811,17347,3,1,3499.0
25812,17348,15,1,1199.0
25813,17349,24,1,899.0
25814,17350,8,1,2999.0
25815,17351,17,1,4999.0
25816,17352,10,1,299.0
25817,17353,9,1,899.0
25818,17354,17,1,4999.0
25819,17354,24,1,899.0
25820,17355,27,2,599.0
25821,17355,25,1,499.0
25822,17356,4,2,1299.0
25823,17357,20,1,3999.0
25824,17358,9,2,899.0
25825,17358,9,1,899.0
25826,17359,26,1,999.0
25827,17359,6,1,1499.0
25828,17360,27,1,599.0
25829,17361,9,2,899.0
25830,17362,8,2,2999.0
25831,17363,20,1,3999.0
25832,17363,24,3,899.0
25833,17364,6,1,1499.0
25834,17364,7,3,599.0
25835,17365,18,1,899.0
25836,17366,15,1,1199.0
25837,17366,14,3,1599.0
25838,17367,27,1,599.0
25839,17368,30,2,799.0
25840,17369,12,3,1299.0
25841,17370,29,1,1999.0
25842,17370,18,1,899.0
25843,17371,30,1,799.0
25844,17371,3,1,3499.0
25845,17372,24,2,899.0
25846,17372,24,1,899.0
25847,17372,7,2,599.0
25848,17373,9,2,899.0
25849,17374,13,2,799.0
25850,17374,21,1,1099.0
25851,17374,10,1,299.0
25852,17375,15,1,1199.0
25853,17375,9,1,899.0
25854,17376,27,3,599.0
25855,17377,18,1,899.0
25856,17378,9,1,899.0
25857,17378,9,1,899.0
25858,17378,22,2,699.0
25859,17379,24,1,899.0
25860,17380,19,1,4499.0
25861,17381,4,1,1299.0
25862,17382,3,1,3499.0
25863,17383,9,1,899.0
25864,17383,4,2,1299.0
25865,17384,7,1,599.0
25866,17385,25,1,499.0
25867,17386,18,1,899.0
25868,17387,6,1,1499.0
25869,17388,18,1,899.0
25870,17389,15,2,1199.0
25871,17389,6,1,1499.0
25872,17390,25,1,499.0
25873,17391,11,3,199.0
25874,17392,18,2,899.0
25875,17393,8,1,2999.0
25876,17394,19,3,4499.0
25877,17395,16,1,3999.0
25878,17395,8,3,2999.0
25879,17396,18,1,899.0
25880,17396,5,1,999.0
25881,17397,18,1,899.0
25882,17397,8,2,2999.0
25883,17398,19,2,4499.0
25884,17399,19,2,4499.0
25885,17400,30,3,799.0
25886,17401,19,1,4499.0
25887,17401,23,2,399.0
25888,17402,18,1,899.0
25889,17402,30,1,799.0
25890,17402,19,1,4499.0
25891,17403,4,1,1299.0
25892,17403,1,1,2499.0
25893,17404,23,1,399.0
25894,17405,20,1,3999.0
25895,17406,16,1,3999.0
25896,17406,14,1,1599.0
25897,17407,7,3,599.0
25898,17407,19,1,4499.0
25899,17408,12,2,1299.0
25900,17408,3,1,3499.0
25901,17408,6,1,1499.0
25902,17409,28,1,499.0
25903,17409,9,1,899.0
25904,17410,18,1,899.0
25905,17411,6,1,1499.0
25906,17412,30,1,799.0
25907,17413,15,1,1199.0
25908,17414,4,1,1299.0
25909,17415,11,1,199.0
25910,17416,20,1,3999.0
25911,17417,10,2,299.0
25912,17418,30,2,799.0
25913,17419,13,1,799.0
25914,17419,11,1,199.0
25915,17419,19,1,4499.0
25916,17420,9,3,899.0
25917,17421,23,1,399.0
25918,17421,19,3,4499.0
25919,17422,4,1,1299.0
25920,17422,23,1,399.0
25921,17422,3,1,3499.0
25922,17423,24,1,899.0
25923,17424,7,1,599.0
25924,17425,15,1,1199.0
25925,17426,21,1,1099.0
25926,17426,29,3,1999.0
25927,17427,22,1,699.0
25928,17428,9,1,899.0
25929,17429,30,2,799.0
25930,17430,23,1,399.0
25931,17431,28,1,499.0
25932,17431,6,1,1499.0
25933,17432,19,1,4499.0
25934,17433,15,1,1199.0
25935,17434,7,1,599.0
25936,17435,28,3,499.0
25937,17436,6,1,1499.0
25938,17437,18,1,899.0
25939,17437,26,1,999.0
25940,17437,8,1,2999.0
25941,17438,10,1,299.0
25942,17439,17,1,4999.0
25943,17439,26,1,999.0
25944,17440,4,1,1299.0
25945,17441,29,1,1999.0
25946,17442,10,1,299.0
25947,17443,19,1,4499.0
25948,17444,16,1,3999.0
25949,17445,27,1,599.0
25950,17446,25,2,499.0
25951,17447,7,2,599.0
25952,17448,15,1,1199.0
25953,17449,11,1,199.0
25954,17450,8,1,2999.0
25955,17450,22,3,699.0
25956,17451,4,1,1299.0
25957,17452,10,1,299.0
25958,17452,8,1,2999.0
25959,17453,12,1,1299.0
25960,17454,10,1,299.0
25961,17454,17,1,4999.0
25962,17454,25,1,499.0
25963,17455,2,1,1799.0
25964,17455,25,1,499.0
25965,17455,3,2,3499.0
25966,17456,4,2,1299.0
25967,17457,3,1,3499.0
25968,17458,23,2,399.0
25969,17458,19,1,4499.0
25970,17458,10,1,299.0
25971,17459,26,1,999.0
25972,17459,15,1,1199.0
25973,17460,10,1,299.0
25974,17461,25,2,499.0
25975,17461,3,3,3499.0
25976,17462,23,1,399.0
25977,17463,26,1,999.0
25978,17464,5,1,999.0
25979,17464,17,1,4999.0
25980,17465,30,1,799.0
25981,17466,3,1,3499.0
25982,17466,6,1,1499.0
25983,17467,30,1,799.0
25984,17468,30,2,799.0
25985,17469,25,1,499.0
25986,17470,7,1,599.0
25987,17471,4,1,1299.0
25988,17471,4,1,1299.0
25989,17471,21,1,1099.0
25990,17472,13,3,799.0
25991,17472,2,2,1799.0
25992,17473,20,1,3999.0
25993,17473,10,2,299.0
25994,17474,11,3,199.0
25995,17475,16,1,3999.0
25996,17476,17,2,4999.0
25997,17477,6,1,1499.0
25998,17478,8,1,2999.0
25999,17478,22,3,699.0
26000,17479,8,2,2999.0
26001,17479,3,1,3499.0
26002,17480,30,1,799.0
26003,17481,12,1,1299.0
26004,17482,18,3,899.0
26005,17482,24,1,899.0
26006,17483,11,1,199.0
26007,17483,6,2,1499.0
26008,17484,15,1,1199.0
26009,17484,26,1,999.0
26010,17484,11,1,199.0
26011,17485,21,1,1099.0
26012,17486,13,1,799.0
26013,17486,15,1,1199.0
26014,17487,19,1,4499.0
26015,17488,6,1,1499.0
26016,17489,20,1,3999.0
26017,17490,24,1,899.0
26018,17490,11,2,199.0
26019,17491,23,2,399.0
26020,17491,9,1,899.0
26021,17492,17,1,4999.0
26022,17493,6,1,1499.0
26023,17493,11,1,199.0
26024,17494,7,2,599.0
26025,17495,11,1,199.0
26026,17495,25,2,499.0
26027,17495,7,2,599.0
26028,17496,10,2,299.0
26029,17496,27,1,599.0
26030,17496,30,1,799.0
26031,17497,5,1,999.0
26032,17498,3,1,3499.0
26033,17499,8,3,2999.0
26034,17499,30,3,799.0
26035,17500,7,1,599.0
26036,17501,15,1,1199.0
26037,17501,13,3,799.0
26038,17502,3,1,3499.0
26039,17503,22,2,699.0
26040,17504,14,1,1599.0
26041,17504,22,1,699.0
26042,17505,17,1,4999.0
26043,17505,6,3,1499.0
26044,17506,15,2,1199.0
26045,17507,8,2,2999.0
26046,17508,9,3,899.0
26047,17508,24,1,899.0
26048,17509,30,1,799.0
26049,17510,17,1,4999.0
26050,17511,28,1,499.0
26051,17512,11,1,199.0
26052,17512,15,1,1199.0
26053,17513,8,1,2999.0
26054,17513,30,1,799.0
26055,17514,28,1,499.0
26056,17515,25,2,499.0
26057,17515,26,3,999.0
26058,17516,4,1,1299.0
26059,17516,28,1,499.0
26060,17517,30,2,799.0
26061,17517,21,1,1099.0
26062,17517,19,1,4499.0
26063,17518,25,1,499.0
26064,17518,26,3,999.0
26065,17519,11,1,199.0
26066,17519,4,1,1299.0
26067,17520,13,2,799.0
26068,17520,25,1,499.0
26069,17521,21,1,1099.0
26070,17522,24,2,899.0
26071,17522,16,1,3999.0
26072,17523,8,3,2999.0
26073,17524,11,1,199.0
26074,17525,17,1,4999.0
26075,17526,14,1,1599.0
26076,17527,17,1,4999.0
26077,17527,14,1,1599.0
26078,17528,6,1,1499.0
26079,17529,12,2,1299.0
26080,17529,25,3,499.0
26081,17530,6,1,1499.0
26082,17530,10,1,299.0
26083,17530,10,1,299.0
26084,17531,25,1,499.0
26085,17532,3,1,3499.0
26086,17532,6,2,1499.0
26087,17533,24,1,899.0
26088,17533,14,2,1599.0
26089,17533,9,2,899.0
26090,17534,26,1,999.0
26091,17534,9,2,899.0
26092,17535,30,2,799.0
26093,17536,18,1,899.0
26094,17537,22,1,699.0
26095,17537,1,1,2499.0
26096,17537,15,1,1199.0
26097,17538,29,1,1999.0
26098,17538,9,1,899.0
26099,17538,26,1,999.0
26100,17539,22,1,699.0
26101,17540,4,3,1299.0
26102,17541,23,3,399.0
26103,17542,14,2,1599.0
26104,17543,19,1,4499.0
26105,17544,30,1,799.0
26106,17545,30,1,799.0
26107,17546,3,3,3499.0
26108,17547,27,1,599.0
26109,17548,30,1,799.0
26110,17548,14,1,1599.0
26111,17548,4,1,1299.0
26112,17549,4,1,1299.0
26113,17550,19,3,4499.0
26114,17551,7,1,599.0
26115,17551,10,1,299.0
26116,17551,2,1,1799.0
26117,17552,4,1,1299.0
26118,17553,12,1,1299.0
26119,17554,19,1,4499.0
26120,17555,7,1,599.0
26121,17555,6,1,1499.0
26122,17556,11,1,199.0
26123,17557,18,1,899.0
26124,17558,10,2,299.0
26125,17558,19,3,4499.0
26126,17559,10,2,299.0
26127,17560,23,3,399.0
26128,17561,3,1,3499.0
26129,17562,27,1,599.0
26130,17563,20,1,3999.0
26131,17563,12,1,1299.0
26132,17564,25,1,499.0
26133,17565,10,1,299.0
26134,17565,18,1,899.0
26135,17566,6,2,1499.0
26136,17566,7,1,599.0
26137,17567,8,1,2999.0
26138,17568,7,1,599.0
26139,17569,17,1,4999.0
26140,17569,7,1,599.0
26141,17569,5,1,999.0
26142,17570,15,1,1199.0
26143,17571,10,1,299.0
26144,17571,11,1,199.0
26145,17571,17,3,4999.0
26146,17572,9,1,899.0
26147,17573,25,1,499.0
26148,17574,13,1,799.0
26149,17575,26,1,999.0
26150,17576,26,3,999.0
26151,17576,22,2,699.0
26152,17577,6,3,1499.0
26153,17578,25,2,499.0
26154,17579,20,1,3999.0
26155,17580,9,3,899.0
26156,17580,13,1,799.0
26157,17580,18,1,899.0
26158,17581,19,1,4499.0
26159,17582,28,1,499.0
26160,17583,29,1,1999.0
26161,17583,25,2,499.0
26162,17583,23,1,399.0
26163,17584,11,1,199.0
26164,17585,24,3,899.0
26165,17586,4,1,1299.0
26166,17587,27,2,599.0
26167,17587,22,1,699.0
26168,17588,25,1,499.0
26169,17588,12,1,1299.0
26170,17589,4,1,1299.0
26171,17590,23,1,399.0
26172,17591,24,1,899.0
26173,17591,10,2,299.0
26174,17592,9,1,899.0
26175,17593,26,3,999.0
26176,17594,10,1,299.0
26177,17594,15,1,1199.0
26178,17595,12,1,1299.0
26179,17595,23,2,399.0
26180,17596,12,2,1299.0
26181,17597,7,1,599.0
26182,17598,21,1,1099.0
26183,17598,28,1,499.0
26184,17598,25,1,499.0
26185,17599,15,2,1199.0
26186,17600,28,1,499.0
26187,17601,8,1,2999.0
26188,17601,15,1,1199.0
26189,17602,16,1,3999.0
26190,17603,17,1,4999.0
26191,17604,25,2,499.0
26192,17604,18,2,899.0
26193,17605,28,3,499.0
26194,17605,3,3,3499.0
26195,17605,2,1,1799.0
26196,17606,25,2,499.0
26197,17607,24,2,899.0
26198,17607,23,1,399.0
26199,17608,7,1,599.0
26200,17608,20,1,3999.0
26201,17609,5,1,999.0
26202,17610,6,1,1499.0
26203,17611,2,1,1799.0
26204,17612,6,1,1499.0
26205,17612,10,2,299.0
26206,17613,24,1,899.0
26207,17614,24,1,899.0
26208,17614,6,1,1499.0
26209,17615,25,1,499.0
26210,17616,4,2,1299.0
26211,17616,3,1,3499.0
26212,17617,8,1,2999.0
26213,17617,6,1,1499.0
26214,17617,6,2,1499.0
26215,17618,25,1,499.0
26216,17619,15,1,1199.0
26217,17620,6,1,1499.0
26218,17621,16,2,3999.0
26219,17621,7,3,599.0
26220,17622,7,1,599.0
26221,17622,16,1,3999.0
26222,17623,22,1,699.0
26223,17624,25,1,499.0
26224,17625,23,3,399.0
26225,17625,22,1,699.0
26226,17626,19,2,4499.0
26227,17627,23,1,399.0
26228,17627,4,2,1299.0
26229,17627,27,1,599.0
26230,17628,19,1,4499.0
26231,17629,14,1,1599.0
26232,17630,13,1,799.0
26233,17630,1,1,2499.0
26234,17631,12,2,1299.0
26235,17632,23,1,399.0
26236,17633,30,1,799.0
26237,17634,18,1,899.0
26238,17634,3,3,3499.0
26239,17634,9,1,899.0
26240,17635,14,2,1599.0
26241,17635,19,2,4499.0
26242,17636,30,1,799.0
26243,17636,23,1,399.0
26244,17637,8,2,2999.0
26245,17637,9,1,899.0
26246,17638,13,1,799.0
26247,17638,7,3,599.0
26248,17639,17,2,4999.0
26249,17640,29,1,1999.0
26250,17641,11,1,199.0
26251,17641,9,1,899.0
26252,17642,3,1,3499.0
26253,17643,15,3,1199.0
26254,17643,24,1,899.0
26255,17644,20,1,3999.0
26256,17645,27,1,599.0
26257,17645,27,2,599.0
26258,17646,30,1,799.0
26259,17647,30,1,799.0
26260,17648,15,1,1199.0
26261,17648,30,1,799.0
26262,17649,18,1,899.0
26263,17649,3,1,3499.0
26264,17650,3,1,3499.0
26265,17651,23,2,399.0
26266,17651,19,3,4499.0
26267,17652,5,3,999.0
26268,17653,7,1,599.0
26269,17654,7,1,599.0
26270,17654,24,1,899.0
26271,17655,11,2,199.0
26272,17656,23,1,399.0
26273,17656,23,1,399.0
26274,17656,30,1,799.0
26275,17657,8,1,2999.0
26276,17657,10,1,299.0
26277,17658,9,2,899.0
26278,17659,22,2,699.0
26279,17660,26,1,999.0
26280,17660,30,2,799.0
26281,17661,4,1,1299.0
26282,17662,11,1,199.0
26283,17662,4,3,1299.0
26284,17662,11,2,199.0
26285,17663,22,1,699.0
26286,17664,24,1,899.0
26287,17665,7,1,599.0
26288,17666,20,1,3999.0
26289,17666,4,1,1299.0
26290,17667,9,2,899.0
26291,17668,27,1,599.0
26292,17669,23,1,399.0
26293,17670,17,1,4999.0
26294,17671,8,2,2999.0
26295,17672,29,1,1999.0
26296,17673,30,2,799.0
26297,17673,11,1,199.0
26298,17674,15,2,1199.0
26299,17675,14,2,1599.0
26300,17675,8,2,2999.0
26301,17676,12,1,1299.0
26302,17676,4,1,1299.0
26303,17677,30,2,799.0
26304,17678,9,2,899.0
26305,17678,16,3,3999.0
26306,17679,22,1,699.0
26307,17680,18,1,899.0
26308,17681,6,1,1499.0
26309,17682,25,2,499.0
26310,17682,22,1,699.0
26311,17682,6,1,1499.0
26312,17683,17,1,4999.0
26313,17683,4,1,1299.0
26314,17684,3,3,3499.0
26315,17684,17,2,4999.0
26316,17685,24,1,899.0
26317,17686,19,1,4499.0
26318,17687,26,1,999.0
26319,17687,3,3,3499.0
26320,17688,16,3,3999.0
26321,17688,9,1,899.0
26322,17689,18,2,899.0
26323,17689,15,1,1199.0
26324,17690,6,1,1499.0
26325,17690,8,3,2999.0
26326,17691,19,1,4499.0
26327,17692,28,2,499.0
26328,17693,26,1,999.0
26329,17694,16,2,3999.0
26330,17695,8,1,2999.0
26331,17696,3,1,3499.0
26332,17697,9,1,899.0
26333,17697,19,2,4499.0
26334,17698,17,1,4999.0
26335,17699,16,1,3999.0
26336,17700,23,2,399.0
26337,17701,12,1,1299.0
26338,17702,25,2,499.0
26339,17703,20,1,3999.0
26340,17703,15,3,1199.0
26341,17704,13,2,799.0
26342,17704,27,1,599.0
26343,17705,9,2,899.0
26344,17705,3,1,3499.0
26345,17706,20,3,3999.0
26346,17706,11,1,199.0
26347,17706,3,1,3499.0
26348,17707,9,2,899.0
26349,17708,10,1,299.0
26350,17708,17,1,4999.0
26351,17708,4,1,1299.0
26352,17709,9,1,899.0
26353,17709,11,1,199.0
26354,17710,1,2,2499.0
26355,17711,23,2,399.0
26356,17711,21,1,1099.0
26357,17712,9,2,899.0
26358,17712,3,1,3499.0
26359,17713,3,1,3499.0
26360,17713,20,1,3999.0
26361,17714,28,1,499.0
26362,17714,16,1,3999.0
26363,17715,24,2,899.0
26364,17716,11,1,199.0
26365,17716,21,1,1099.0
26366,17717,15,2,1199.0
26367,17718,6,2,1499.0
26368,17719,11,2,199.0
26369,17720,10,1,299.0
26370,17720,18,1,899.0
26371,17721,3,1,3499.0
26372,17722,10,2,299.0
26373,17722,27,2,599.0
26374,17723,3,1,3499.0
26375,17723,21,2,1099.0
26376,17724,3,3,3499.0
26377,17724,7,2,599.0
26378,17725,25,1,499.0
26379,17726,16,1,3999.0
26380,17727,4,1,1299.0
26381,17728,18,1,899.0
26382,17729,26,1,999.0
26383,17729,12,2,1299.0
26384,17730,17,1,4999.0
26385,17731,13,1,799.0
26386,17732,25,1,499.0
26387,17732,3,1,3499.0
26388,17733,23,1,399.0
26389,17734,30,1,799.0
26390,17735,11,3,199.0
26391,17735,18,3,899.0
26392,17736,29,1,1999.0
26393,17737,19,1,4499.0
26394,17737,23,1,399.0
26395,17737,18,1,899.0
26396,17738,7,1,599.0
26397,17739,29,1,1999.0
26398,17740,17,1,4999.0
26399,17741,17,1,4999.0
26400,17742,25,1,499.0
26401,17742,7,1,599.0
26402,17743,24,1,899.0
26403,17744,22,1,699.0
26404,17744,3,2,3499.0
26405,17744,7,1,599.0
26406,17745,9,2,899.0
26407,17745,7,1,599.0
26408,17746,3,1,3499.0
26409,17747,4,1,1299.0
26410,17748,15,3,1199.0
26411,17748,9,3,899.0
26412,17749,26,1,999.0
26413,17750,11,1,199.0
26414,17751,14,1,1599.0
26415,17751,29,1,1999.0
26416,17752,8,1,2999.0
26417,17752,22,1,699.0
26418,17753,30,1,799.0
26419,17754,15,2,1199.0
26420,17755,26,1,999.0
26421,17755,10,1,299.0
26422,17756,11,1,199.0
26423,17756,8,1,2999.0
26424,17757,7,1,599.0
26425,17758,25,1,499.0
26426,17759,28,1,499.0
26427,17760,19,1,4499.0
26428,17760,11,1,199.0
26429,17760,6,2,1499.0
26430,17761,9,2,899.0
26431,17762,25,1,499.0
26432,17763,17,2,4999.0
26433,17763,25,1,499.0
26434,17763,9,2,899.0
26435,17764,24,1,899.0
26436,17764,29,1,1999.0
26437,17765,15,2,1199.0
26438,17766,9,1,899.0
26439,17767,12,1,1299.0
26440,17768,7,1,599.0
26441,17769,9,1,899.0
26442,17769,4,3,1299.0
26443,17769,15,1,1199.0
26444,17770,11,2,199.0
26445,17771,3,1,3499.0
26446,17772,19,1,4499.0
26447,17773,3,1,3499.0
26448,17773,2,2,1799.0
26449,17773,28,1,499.0
26450,17774,26,1,999.0
26451,17775,5,1,999.0
26452,17776,10,2,299.0
26453,17777,29,3,1999.0
26454,17777,30,1,799.0
26455,17778,19,2,4499.0
26456,17779,22,1,699.0
26457,17779,16,1,3999.0
26458,17780,30,2,799.0
26459,17781,25,1,499.0
26460,17781,22,2,699.0
26461,17782,1,2,2499.0
26462,17783,27,1,599.0
26463,17784,22,2,699.0
26464,17785,30,1,799.0
26465,17786,14,1,1599.0
26466,17786,9,1,899.0
26467,17787,28,3,499.0
26468,17788,21,1,1099.0
26469,17788,1,1,2499.0
26470,17789,4,1,1299.0
26471,17790,30,2,799.0
26472,17791,6,1,1499.0
26473,17792,4,2,1299.0
26474,17793,19,1,4499.0
26475,17794,15,1,1199.0
26476,17795,7,1,599.0
26477,17795,26,3,999.0
26478,17796,28,1,499.0
26479,17797,16,2,3999.0
26480,17798,18,2,899.0
26481,17799,18,1,899.0
26482,17799,19,1,4499.0
26483,17799,17,1,4999.0
26484,17800,27,1,599.0
26485,17800,6,1,1499.0
26486,17801,7,2,599.0
26487,17802,3,1,3499.0
26488,17802,9,2,899.0
26489,17803,6,1,1499.0
26490,17804,6,1,1499.0
26491,17805,6,1,1499.0
26492,17806,6,1,1499.0
26493,17806,24,1,899.0
26494,17807,15,1,1199.0
26495,17808,20,1,3999.0
26496,17809,6,1,1499.0
26497,17810,23,2,399.0
26498,17811,10,1,299.0
26499,17812,6,2,1499.0
26500,17813,19,1,4499.0
26501,17814,4,1,1299.0
26502,17814,6,1,1499.0
26503,17815,3,1,3499.0
26504,17816,17,2,4999.0
26505,17817,23,2,399.0
26506,17818,16,1,3999.0
26507,17819,21,2,1099.0
26508,17820,19,1,4499.0
26509,17821,18,2,899.0
26510,17822,24,1,899.0
26511,17822,27,3,599.0
26512,17822,29,1,1999.0
26513,17823,3,3,3499.0
26514,17824,18,3,899.0
26515,17824,8,2,2999.0
26516,17825,7,1,599.0
26517,17826,24,2,899.0
26518,17826,30,1,799.0
26519,17827,7,1,599.0
26520,17828,12,1,1299.0
26521,17828,25,1,499.0
26522,17829,21,2,1099.0
26523,17829,7,1,599.0
26524,17830,15,1,1199.0
26525,17831,7,1,599.0
26526,17832,29,1,1999.0
26527,17832,22,3,699.0
26528,17832,12,1,1299.0
26529,17833,20,2,3999.0
26530,17834,7,1,599.0
26531,17835,27,1,599.0
26532,17836,3,1,3499.0
26533,17837,11,1,199.0
26534,17837,17,2,4999.0
26535,17838,15,2,1199.0
26536,17839,18,1,899.0
26537,17839,15,3,1199.0
26538,17840,3,1,3499.0
26539,17840,21,2,1099.0
26540,17840,25,1,499.0
26541,17841,7,2,599.0
26542,17842,8,1,2999.0
26543,17843,9,1,899.0
26544,17844,15,1,1199.0
26545,17844,23,1,399.0
26546,17845,11,1,199.0
26547,17846,23,1,399.0
26548,17846,18,1,899.0
26549,17847,12,1,1299.0
26550,17847,24,2,899.0
26551,17848,27,2,599.0
26552,17848,7,1,599.0
26553,17849,24,1,899.0
26554,17850,12,1,1299.0
26555,17851,20,1,3999.0
26556,17851,11,1,199.0
26557,17852,23,1,399.0
26558,17853,18,1,899.0
26559,17853,30,1,799.0
26560,17853,28,1,499.0
26561,17854,24,2,899.0
26562,17855,3,1,3499.0
26563,17856,25,1,499.0
26564,17856,15,1,1199.0
26565,17857,30,2,799.0
26566,17858,17,1,4999.0
26567,17858,29,1,1999.0
26568,17858,25,1,499.0
26569,17859,15,2,1199.0
26570,17859,30,1,799.0
26571,17860,6,2,1499.0
26572,17861,3,1,3499.0
26573,17862,18,1,899.0
26574,17863,11,1,199.0
26575,17864,30,3,799.0
26576,17864,11,1,199.0
26577,17865,30,1,799.0
26578,17866,25,3,499.0
26579,17867,9,1,899.0
26580,17868,29,1,1999.0
26581,17869,9,1,899.0
26582,17870,15,1,1199.0
26583,17871,4,3,1299.0
26584,17872,4,1,1299.0
26585,17873,12,1,1299.0
26586,17874,12,1,1299.0
26587,17874,25,3,499.0
26588,17875,9,1,899.0
26589,17875,17,1,4999.0
26590,17875,28,2,499.0
26591,17876,21,1,1099.0
26592,17877,7,1,599.0
26593,17877,30,2,799.0
26594,17878,3,1,3499.0
26595,17879,17,1,4999.0
26596,17880,10,2,299.0
26597,17880,15,1,1199.0
26598,17881,17,1,4999.0
26599,17881,19,2,4499.0
26600,17882,5,1,999.0
26601,17882,4,2,1299.0
26602,17883,28,2,499.0
26603,17884,11,1,199.0
26604,17885,6,1,1499.0
26605,17886,9,2,899.0
26606,17887,25,2,499.0
26607,17888,6,2,1499.0
26608,17888,28,1,499.0
26609,17889,11,1,199.0
26610,17890,23,1,399.0
26611,17890,3,1,3499.0
26612,17890,8,2,2999.0
26613,17891,5,1,999.0
26614,17891,4,1,1299.0
26615,17892,19,2,4499.0
26616,17892,24,1,899.0
26617,17892,4,1,1299.0
26618,17893,14,1,1599.0
26619,17893,23,1,399.0
26620,17893,14,1,1599.0
26621,17894,8,1,2999.0
26622,17894,4,1,1299.0
26623,17895,6,1,1499.0
26624,17896,30,2,799.0
26625,17896,8,2,2999.0
26626,17897,12,1,1299.0
26627,17897,3,3,3499.0
26628,17898,15,3,1199.0
26629,17898,7,1,599.0
26630,17898,19,2,4499.0
26631,17899,11,1,199.0
26632,17899,4,2,1299.0
26633,17900,20,1,3999.0
26634,17900,21,1,1099.0
26635,17901,20,1,3999.0
26636,17902,30,2,799.0
26637,17903,25,1,499.0
26638,17903,14,1,1599.0
26639,17904,22,2,699.0
26640,17904,23,2,399.0
26641,17904,25,3,499.0
26642,17905,25,1,499.0
26643,17905,15,2,1199.0
26644,17906,17,3,4999.0
26645,17906,20,3,3999.0
26646,17907,16,1,3999.0
26647,17907,22,3,699.0
26648,17908,24,3,899.0
26649,17908,17,2,4999.0
26650,17908,19,1,4499.0
26651,17909,3,2,3499.0
26652,17909,17,3,4999.0
26653,17910,8,1,2999.0
26654,17911,8,1,2999.0
26655,17911,17,1,4999.0
26656,17912,21,2,1099.0
26657,17913,29,1,1999.0
26658,17914,24,3,899.0
26659,17914,3,3,3499.0
26660,17915,30,2,799.0
26661,17916,26,1,999.0
26662,17917,7,1,599.0
26663,17917,25,1,499.0
26664,17918,15,2,1199.0
26665,17918,11,1,199.0
26666,17919,10,1,299.0
26667,17920,24,2,899.0
26668,17921,19,1,4499.0
26669,17922,26,1,999.0
26670,17923,15,1,1199.0
26671,17923,30,1,799.0
26672,17924,13,1,799.0
26673,17924,19,3,4499.0
26674,17925,21,1,1099.0
26675,17925,11,2,199.0
26676,17926,21,1,1099.0
26677,17926,26,1,999.0
26678,17927,27,1,599.0
26679,17928,25,1,499.0
26680,17929,23,1,399.0
26681,17929,17,2,4999.0
26682,17930,6,1,1499.0
26683,17930,15,1,1199.0
26684,17931,17,2,4999.0
26685,17932,15,1,1199.0
26686,17933,3,1,3499.0
26687,17933,27,1,599.0
26688,17934,11,1,199.0
26689,17934,15,3,1199.0
26690,17935,2,1,1799.0
26691,17935,7,1,599.0
26692,17936,11,1,199.0
26693,17937,3,1,3499.0
26694,17938,7,1,599.0
26695,17939,3,1,3499.0
26696,17939,30,2,799.0
26697,17940,18,1,899.0
26698,17941,16,1,3999.0
26699,17941,25,1,499.0
26700,17942,24,2,899.0
26701,17943,25,1,499.0
26702,17944,9,1,899.0
26703,17944,4,1,1299.0
26704,17944,12,1,1299.0
26705,17945,14,2,1599.0
26706,17946,11,1,199.0
26707,17946,17,1,4999.0
26708,17947,25,2,499.0
26709,17947,23,1,399.0
26710,17948,9,1,899.0
26711,17949,8,1,2999.0
26712,17949,11,2,199.0
26713,17950,16,1,3999.0
26714,17950,2,1,1799.0
26715,17951,11,1,199.0
26716,17952,30,1,799.0
26717,17952,10,1,299.0
26718,17953,10,1,299.0
26719,17953,4,1,1299.0
26720,17953,19,2,4499.0
26721,17954,24,1,899.0
26722,17955,3,1,3499.0
26723,17956,24,2,899.0
26724,17957,11,3,199.0
26725,17958,15,1,1199.0
26726,17958,3,1,3499.0
26727,17959,29,2,1999.0
26728,17960,8,1,2999.0
26729,17960,21,1,1099.0
26730,17961,29,3,1999.0
26731,17962,3,3,3499.0
26732,17963,28,1,499.0
26733,17964,24,1,899.0
26734,17965,2,1,1799.0
26735,17965,5,1,999.0
26736,17965,6,1,1499.0
26737,17966,4,1,1299.0
26738,17966,18,1,899.0
26739,17967,9,1,899.0
26740,17967,17,1,4999.0
26741,17967,19,1,4499.0
26742,17968,9,1,899.0
26743,17969,8,1,2999.0
26744,17970,12,1,1299.0
26745,17970,11,1,199.0
26746,17971,6,2,1499.0
26747,17971,19,1,4499.0
26748,17972,8,2,2999.0
26749,17972,10,1,299.0
26750,17973,30,1,799.0
26751,17974,25,1,499.0
26752,17975,6,1,1499.0
26753,17976,10,1,299.0
26754,17977,11,1,199.0
26755,17978,15,1,1199.0
26756,17979,6,3,1499.0
26757,17979,8,1,2999.0
26758,17980,18,2,899.0
26759,17980,19,1,4499.0
26760,17981,22,1,699.0
26761,17981,4,1,1299.0
26762,17981,18,1,899.0
26763,17982,3,1,3499.0
26764,17983,18,2,899.0
26765,17984,8,1,2999.0
26766,17985,30,2,799.0
26767,17986,22,2,699.0
26768,17987,30,3,799.0
26769,17987,23,1,399.0
26770,17987,7,2,599.0
26771,17988,8,1,2999.0
26772,17989,13,3,799.0
26773,17990,19,3,4499.0
26774,17991,17,1,4999.0
26775,17991,17,1,4999.0
26776,17992,4,2,1299.0
26777,17992,22,2,699.0
26778,17993,8,1,2999.0
26779,17993,26,1,999.0
26780,17994,23,3,399.0
26781,17995,17,1,4999.0
26782,17995,17,1,4999.0
26783,17995,8,2,2999.0
26784,17996,6,1,1499.0
26785,17996,11,2,199.0
26786,17996,11,1,199.0
26787,17997,6,1,1499.0
26788,17998,27,1,599.0
26789,17998,9,3,899.0
26790,17999,11,2,199.0
26791,18000,14,1,1599.0
26792,18001,7,1,599.0
26793,18002,20,1,3999.0
26794,18002,19,2,4499.0
26795,18002,11,1,199.0
26796,18003,13,3,799.0
26797,18003,5,1,999.0
26798,18004,28,1,499.0
26799,18005,21,1,1099.0
26800,18006,7,2,599.0
26801,18007,19,1,4499.0
26802,18008,13,2,799.0
26803,18009,11,2,199.0
26804,18009,2,1,1799.0
26805,18010,16,1,3999.0
26806,18011,6,1,1499.0
26807,18012,22,1,699.0
26808,18013,30,3,799.0
26809,18013,19,2,4499.0
26810,18013,10,3,299.0
26811,18014,22,1,699.0
26812,18014,13,3,799.0
26813,18015,11,1,199.0
26814,18015,25,2,499.0
26815,18015,3,1,3499.0
26816,18016,6,1,1499.0
26817,18017,5,1,999.0
26818,18018,15,1,1199.0
26819,18019,25,1,499.0
26820,18020,2,1,1799.0
26821,18020,7,1,599.0
26822,18021,27,1,599.0
26823,18022,30,2,799.0
26824,18022,2,1,1799.0
26825,18023,19,1,4499.0
26826,18023,4,3,1299.0
26827,18024,27,1,599.0
26828,18024,15,1,1199.0
26829,18025,11,3,199.0
26830,18026,24,1,899.0
26831,18027,3,2,3499.0
26832,18027,20,1,3999.0
26833,18027,29,1,1999.0
26834,18028,7,1,599.0
26835,18029,8,1,2999.0
26836,18030,19,3,4499.0
26837,18030,17,1,4999.0
26838,18031,5,1,999.0
26839,18032,19,3,4499.0
26840,18033,29,2,1999.0
26841,18033,18,1,899.0
26842,18033,19,1,4499.0
26843,18034,23,1,399.0
26844,18034,27,2,599.0
26845,18035,3,2,3499.0
26846,18035,12,1,1299.0
26847,18036,3,2,3499.0
26848,18037,29,2,1999.0
26849,18038,24,1,899.0
26850,18039,1,1,2499.0
26851,18040,9,1,899.0
26852,18040,11,1,199.0
26853,18041,29,1,1999.0
26854,18042,11,1,199.0
26855,18043,30,1,799.0
26856,18043,17,1,4999.0
26857,18043,26,1,999.0
26858,18044,11,1,199.0
26859,18045,8,1,2999.0
26860,18045,24,1,899.0
26861,18045,30,1,799.0
26862,18046,12,1,1299.0
26863,18046,16,1,3999.0
26864,18047,6,2,1499.0
26865,18047,8,1,2999.0
26866,18048,15,1,1199.0
26867,18049,6,2,1499.0
26868,18049,15,1,1199.0
26869,18049,7,1,599.0
26870,18050,17,2,4999.0
26871,18050,9,1,899.0
26872,18051,11,1,199.0
26873,18052,4,1,1299.0
26874,18053,13,1,799.0
26875,18053,30,1,799.0
26876,18053,24,1,899.0
26877,18054,25,2,499.0
26878,18055,18,1,899.0
26879,18056,19,1,4499.0
26880,18057,2,1,1799.0
26881,18058,6,1,1499.0
26882,18058,3,3,3499.0
26883,18059,13,3,799.0
26884,18060,16,1,3999.0
26885,18061,1,2,2499.0
26886,18062,5,1,999.0
26887,18062,13,1,799.0
26888,18063,20,1,3999.0
26889,18064,19,1,4499.0
26890,18064,3,1,3499.0
26891,18065,11,1,199.0
26892,18066,24,2,899.0
26893,18066,20,1,3999.0
26894,18067,18,1,899.0
26895,18067,18,1,899.0
26896,18068,14,1,1599.0
26897,18068,11,1,199.0
26898,18068,29,1,1999.0
26899,18069,19,1,4499.0
26900,18069,16,1,3999.0
26901,18069,7,1,599.0
26902,18070,6,1,1499.0
26903,18070,4,1,1299.0
26904,18070,15,1,1199.0
26905,18071,10,1,299.0
26906,18072,18,1,899.0
26907,18073,17,1,4999.0
26908,18073,2,1,1799.0
26909,18074,25,2,499.0
26910,18074,13,1,799.0
26911,18075,16,1,3999.0
26912,18076,8,2,2999.0
26913,18076,7,1,599.0
26914,18077,18,1,899.0
26915,18077,28,1,499.0
26916,18078,15,3,1199.0
26917,18079,24,1,899.0
26918,18080,19,1,4499.0
26919,18081,19,3,4499.0
26920,18081,23,1,399.0
26921,18082,30,2,799.0
26922,18083,8,1,2999.0
26923,18084,30,1,799.0
26924,18085,17,1,4999.0
26925,18086,11,1,199.0
26926,18087,25,1,499.0
26927,18087,26,1,999.0
26928,18088,3,1,3499.0
26929,18089,3,2,3499.0
26930,18089,27,1,599.0
26931,18089,15,2,1199.0
26932,18090,9,2,899.0
26933,18090,7,1,599.0
26934,18091,30,1,799.0
26935,18092,10,1,299.0
26936,18093,11,1,199.0
26937,18093,11,2,199.0
26938,18094,24,1,899.0
26939,18094,23,2,399.0
26940,18094,6,3,1499.0
26941,18095,7,2,599.0
26942,18096,19,3,4499.0
26943,18097,16,1,3999.0
26944,18097,17,1,4999.0
26945,18098,20,1,3999.0
26946,18099,9,1,899.0
26947,18100,8,1,2999.0
26948,18100,10,1,299.0
26949,18101,8,3,2999.0
26950,18101,18,1,899.0
26951,18102,19,1,4499.0
26952,18103,17,1,4999.0
26953,18104,29,2,1999.0
26954,18104,16,1,3999.0
26955,18105,29,1,1999.0
26956,18106,24,1,899.0
26957,18106,8,1,2999.0
26958,18107,19,3,4499.0
26959,18108,30,1,799.0
26960,18109,27,1,599.0
26961,18110,30,1,799.0
26962,18110,19,2,4499.0
26963,18111,8,2,2999.0
26964,18112,8,1,2999.0
26965,18113,11,1,199.0
26966,18113,18,1,899.0
26967,18113,3,1,3499.0
26968,18114,4,1,1299.0
26969,18115,15,1,1199.0
26970,18115,11,3,199.0
26971,18116,17,1,4999.0
26972,18116,24,2,899.0
26973,18117,13,1,799.0
26974,18118,19,2,4499.0
26975,18119,6,1,1499.0
26976,18120,9,1,899.0
26977,18120,10,1,299.0
26978,18121,18,1,899.0
26979,18121,4,2,1299.0
26980,18121,19,1,4499.0
26981,18122,7,1,599.0
26982,18123,24,2,899.0
26983,18124,21,1,1099.0
26984,18125,15,1,1199.0
26985,18125,8,1,2999.0
26986,18126,23,1,399.0
26987,18127,19,2,4499.0
26988,18128,17,1,4999.0
26989,18129,24,1,899.0
26990,18129,16,1,3999.0
26991,18130,3,1,3499.0
26992,18131,3,2,3499.0
26993,18131,2,1,1799.0
26994,18132,23,1,399.0
26995,18133,19,1,4499.0
26996,18133,21,1,1099.0
26997,18134,6,3,1499.0
26998,18134,14,2,1599.0
26999,18134,22,2,699.0
27000,18135,5,2,999.0
27001,18136,4,1,1299.0
27002,18137,30,1,799.0
27003,18137,19,1,4499.0
27004,18138,15,1,1199.0
27005,18138,15,1,1199.0
27006,18139,5,3,999.0
27007,18140,3,3,3499.0
27008,18140,23,1,399.0
27009,18141,30,2,799.0
27010,18142,27,1,599.0
27011,18143,13,1,799.0
27012,18143,11,1,199.0
27013,18144,23,1,399.0
27014,18144,8,1,2999.0
27015,18144,7,1,599.0
27016,18145,23,1,399.0
27017,18146,7,1,599.0
27018,18147,7,2,599.0
27019,18148,4,2,1299.0
27020,18148,10,2,299.0
27021,18149,29,1,1999.0
27022,18149,11,1,199.0
27023,18150,19,2,4499.0
27024,18151,30,1,799.0
27025,18152,19,1,4499.0
27026,18153,17,2,4999.0
27027,18153,15,1,1199.0
27028,18154,23,1,399.0
27029,18154,28,1,499.0
27030,18155,30,1,799.0
27031,18156,30,1,799.0
27032,18157,29,1,1999.0
27033,18157,5,1,999.0
27034,18158,16,3,3999.0
27035,18159,23,1,399.0
27036,18159,23,1,399.0
27037,18160,17,1,4999.0
27038,18161,19,1,4499.0
27039,18161,18,1,899.0
27040,18162,29,1,1999.0
27041,18163,20,1,3999.0
27042,18163,19,1,4499.0
27043,18164,29,3,1999.0
27044,18165,24,1,899.0
27045,18166,9,1,899.0
27046,18167,22,1,699.0
27047,18168,8,1,2999.0
27048,18169,10,2,299.0
27049,18169,6,1,1499.0
27050,18170,15,1,1199.0
27051,18171,21,1,1099.0
27052,18172,25,1,499.0
27053,18172,10,1,299.0
27054,18172,19,1,4499.0
27055,18173,20,1,3999.0
27056,18174,26,1,999.0
27057,18174,23,1,399.0
27058,18175,6,1,1499.0
27059,18176,3,1,3499.0
27060,18177,24,1,899.0
27061,18178,20,1,3999.0
27062,18178,2,1,1799.0
27063,18179,21,1,1099.0
27064,18179,7,1,599.0
27065,18180,29,1,1999.0
27066,18180,22,3,699.0
27067,18180,11,3,199.0
27068,18181,27,1,599.0
27069,18182,15,1,1199.0
27070,18182,12,3,1299.0
27071,18183,11,1,199.0
27072,18183,28,1,499.0
27073,18184,15,2,1199.0
27074,18185,9,2,899.0
27075,18185,23,3,399.0
27076,18185,24,1,899.0
27077,18186,24,1,899.0
27078,18187,9,2,899.0
27079,18187,14,1,1599.0
27080,18188,15,1,1199.0
27081,18189,3,2,3499.0
27082,18189,11,1,199.0
27083,18190,15,1,1199.0
27084,18190,14,1,1599.0
27085,18190,12,3,1299.0
27086,18191,7,1,599.0
27087,18192,30,1,799.0
27088,18193,30,1,799.0
27089,18194,8,2,2999.0
27090,18194,9,1,899.0
27091,18195,17,3,4999.0
27092,18196,17,1,4999.0
27093,18196,7,1,599.0
27094,18197,5,1,999.0
27095,18198,8,1,2999.0
27096,18199,25,2,499.0
27097,18200,7,2,599.0
27098,18201,19,3,4499.0
27099,18201,11,1,199.0
27100,18202,4,1,1299.0
27101,18202,16,2,3999.0
27102,18203,19,1,4499.0
27103,18204,8,1,2999.0
27104,18204,8,1,2999.0
27105,18204,15,2,1199.0
27106,18205,24,2,899.0
27107,18206,18,2,899.0
27108,18207,3,1,3499.0
27109,18208,27,2,599.0
27110,18209,3,2,3499.0
27111,18209,23,1,399.0
27112,18210,3,1,3499.0
27113,18210,19,3,4499.0
27114,18211,15,1,1199.0
27115,18212,30,2,799.0
27116,18213,10,2,299.0
27117,18213,30,1,799.0
27118,18214,18,1,899.0
27119,18214,23,1,399.0
27120,18215,18,3,899.0
27121,18216,23,2,399.0
27122,18216,15,3,1199.0
27123,18216,28,2,499.0
27124,18217,1,1,2499.0
27125,18217,18,1,899.0
27126,18218,27,2,599.0
27127,18219,17,1,4999.0
27128,18219,15,1,1199.0
27129,18220,2,1,1799.0
27130,18220,6,1,1499.0
27131,18220,21,2,1099.0
27132,18221,9,1,899.0
27133,18222,7,2,599.0
27134,18223,18,1,899.0
27135,18224,30,1,799.0
27136,18225,21,2,1099.0
27137,18225,24,1,899.0
27138,18226,10,1,299.0
27139,18227,16,1,3999.0
27140,18228,11,1,199.0
27141,18229,23,1,399.0
27142,18230,19,1,4499.0
27143,18231,19,1,4499.0
27144,18232,6,2,1499.0
27145,18233,24,3,899.0
27146,18233,4,1,1299.0
27147,18234,29,1,1999.0
27148,18234,15,1,1199.0
27149,18235,3,1,3499.0
27150,18236,6,1,1499.0
27151,18237,25,1,499.0
27152,18238,21,1,1099.0
27153,18238,3,1,3499.0
27154,18238,17,1,4999.0
27155,18239,2,1,1799.0
27156,18240,30,1,799.0
27157,18240,15,2,1199.0
27158,18241,28,1,499.0
27159,18242,17,1,4999.0
27160,18243,16,3,3999.0
27161,18243,30,3,799.0
27162,18244,12,1,1299.0
27163,18245,4,1,1299.0
27164,18246,7,1,599.0
27165,18246,3,3,3499.0
27166,18247,8,3,2999.0
27167,18248,21,1,1099.0
27168,18248,21,1,1099.0
27169,18248,8,1,2999.0
27170,18249,13,1,799.0
27171,18250,28,1,499.0
27172,18251,19,1,4499.0
27173,18251,15,1,1199.0
27174,18252,24,1,899.0
27175,18253,2,1,1799.0
27176,18253,9,1,899.0
27177,18254,12,2,1299.0
27178,18255,18,1,899.0
27179,18256,19,1,4499.0
27180,18256,4,1,1299.0
27181,18257,22,1,699.0
27182,18258,21,2,1099.0
27183,18259,22,1,699.0
27184,18259,3,1,3499.0
27185,18260,25,1,499.0
27186,18260,18,1,899.0
27187,18261,4,1,1299.0
27188,18262,16,1,3999.0
27189,18262,3,2,3499.0
27190,18263,24,1,899.0
27191,18264,24,1,899.0
27192,18265,14,3,1599.0
27193,18266,11,2,199.0
27194,18267,15,1,1199.0
27195,18268,27,3,599.0
27196,18269,5,1,999.0
27197,18269,30,1,799.0
27198,18270,15,3,1199.0
27199,18270,21,1,1099.0
27200,18271,24,1,899.0
27201,18272,28,2,499.0
27202,18272,22,1,699.0
27203,18272,18,1,899.0
27204,18273,29,3,1999.0
27205,18274,3,1,3499.0
27206,18275,6,1,1499.0
27207,18275,22,2,699.0
27208,18276,27,1,599.0
27209,18276,27,3,599.0
27210,18277,18,1,899.0
27211,18277,17,1,4999.0
27212,18277,10,1,299.0
27213,18278,17,2,4999.0
27214,18278,3,1,3499.0
27215,18278,16,1,3999.0
27216,18279,19,1,4499.0
27217,18280,24,1,899.0
27218,18281,7,1,599.0
27219,18281,22,1,699.0
27220,18282,17,1,4999.0
27221,18282,19,1,4499.0
27222,18283,10,1,299.0
27223,18284,25,1,499.0
27224,18285,4,1,1299.0
27225,18286,19,1,4499.0
27226,18287,15,3,1199.0
27227,18288,3,1,3499.0
27228,18289,25,1,499.0
27229,18290,17,2,4999.0
27230,18290,11,1,199.0
27231,18291,29,2,1999.0
27232,18292,8,1,2999.0
27233,18292,24,1,899.0
27234,18293,6,2,1499.0
27235,18293,20,1,3999.0
27236,18294,30,1,799.0
27237,18295,21,1,1099.0
27238,18296,11,1,199.0
27239,18297,24,1,899.0
27240,18298,11,1,199.0
27241,18298,29,2,1999.0
27242,18299,18,1,899.0
27243,18300,22,1,699.0
27244,18301,12,2,1299.0
27245,18302,24,3,899.0
27246,18303,4,3,1299.0
27247,18304,30,1,799.0
27248,18304,24,1,899.0
27249,18305,18,1,899.0
27250,18305,18,1,899.0
27251,18306,15,1,1199.0
27252,18307,26,1,999.0
27253,18308,6,1,1499.0
27254,18308,19,1,4499.0
27255,18309,18,1,899.0
27256,18310,21,1,1099.0
27257,18310,6,1,1499.0
27258,18310,9,2,899.0
27259,18311,9,1,899.0
27260,18311,11,1,199.0
27261,18312,19,1,4499.0
27262,18313,22,3,699.0
27263,18314,16,1,3999.0
27264,18314,18,1,899.0
27265,18314,24,1,899.0
27266,18315,22,1,699.0
27267,18315,3,1,3499.0
27268,18316,25,2,499.0
27269,18317,29,1,1999.0
27270,18318,7,1,599.0
27271,18319,23,1,399.0
27272,18319,18,1,899.0
27273,18319,26,1,999.0
27274,18320,17,1,4999.0
27275,18320,4,2,1299.0
27276,18321,7,1,599.0
27277,18322,17,1,4999.0
27278,18323,18,1,899.0
27279,18324,29,1,1999.0
27280,18325,19,1,4499.0
27281,18325,9,1,899.0
27282,18326,19,1,4499.0
27283,18326,26,1,999.0
27284,18327,17,1,4999.0
27285,18328,11,2,199.0
27286,18329,30,1,799.0
27287,18329,24,1,899.0
27288,18330,19,1,4499.0
27289,18331,20,1,3999.0
27290,18331,9,2,899.0
27291,18332,7,2,599.0
27292,18333,15,1,1199.0
27293,18333,21,1,1099.0
27294,18334,17,1,4999.0
27295,18335,17,1,4999.0
27296,18335,6,1,1499.0
27297,18336,13,3,799.0
27298,18337,7,2,599.0
27299,18337,16,1,3999.0
27300,18338,9,1,899.0
27301,18339,20,1,3999.0
27302,18340,2,1,1799.0
27303,18341,15,1,1199.0
27304,18342,7,1,599.0
27305,18343,3,2,3499.0
27306,18344,20,1,3999.0
27307,18345,5,1,999.0
27308,18345,30,2,799.0
27309,18345,2,3,1799.0
27310,18346,17,1,4999.0
27311,18347,28,1,499.0
27312,18347,28,1,499.0
27313,18348,3,1,3499.0
27314,18349,15,1,1199.0
27315,18350,7,2,599.0
27316,18351,9,1,899.0
27317,18352,6,1,1499.0
27318,18353,28,1,499.0
27319,18353,12,2,1299.0
27320,18353,8,1,2999.0
27321,18354,3,1,3499.0
27322,18355,30,1,799.0
27323,18356,15,1,1199.0
27324,18357,8,1,2999.0
27325,18357,11,1,199.0
27326,18358,3,3,3499.0
27327,18359,9,1,899.0
27328,18360,13,1,799.0
27329,18360,25,1,499.0
27330,18360,4,1,1299.0
27331,18361,18,1,899.0
27332,18362,7,2,599.0
27333,18363,4,1,1299.0
27334,18364,30,2,799.0
27335,18364,15,2,1199.0
27336,18365,15,3,1199.0
27337,18366,30,2,799.0
27338,18366,19,1,4499.0
27339,18366,21,2,1099.0
27340,18367,21,1,1099.0
27341,18368,19,3,4499.0
27342,18369,6,1,1499.0
27343,18369,24,2,899.0
27344,18369,24,3,899.0
27345,18370,11,1,199.0
27346,18370,27,2,599.0
27347,18370,8,1,2999.0
27348,18371,23,2,399.0
27349,18372,4,3,1299.0
27350,18373,29,1,1999.0
27351,18373,6,2,1499.0
27352,18373,26,1,999.0
27353,18374,19,1,4499.0
27354,18374,6,2,1499.0
27355,18375,18,1,899.0
27356,18375,19,1,4499.0
27357,18376,23,2,399.0
27358,18376,6,1,1499.0
27359,18377,20,1,3999.0
27360,18378,1,1,2499.0
27361,18378,7,1,599.0
27362,18379,12,1,1299.0
27363,18379,26,1,999.0
27364,18380,3,1,3499.0
27365,18381,1,1,2499.0
27366,18382,15,1,1199.0
27367,18382,21,1,1099.0
27368,18382,2,3,1799.0
27369,18383,5,1,999.0
27370,18384,14,2,1599.0
27371,18385,4,2,1299.0
27372,18386,30,2,799.0
27373,18386,4,1,1299.0
27374,18387,12,1,1299.0
27375,18387,19,1,4499.0
27376,18388,18,1,899.0
27377,18388,22,3,699.0
27378,18389,15,1,1199.0
27379,18389,25,1,499.0
27380,18390,9,2,899.0
27381,18390,3,1,3499.0
27382,18390,18,1,899.0
27383,18391,3,1,3499.0
27384,18392,2,1,1799.0
27385,18393,23,1,399.0
27386,18393,23,2,399.0
27387,18394,8,1,2999.0
27388,18395,9,3,899.0
27389,18395,24,1,899.0
27390,18396,17,1,4999.0
27391,18397,6,1,1499.0
27392,18398,25,3,499.0
27393,18398,15,1,1199.0
27394,18399,24,1,899.0
27395,18400,17,2,4999.0
27396,18401,17,1,4999.0
27397,18401,20,1,3999.0
27398,18402,7,1,599.0
27399,18403,19,2,4499.0
27400,18403,4,1,1299.0
27401,18403,4,1,1299.0
27402,18404,19,1,4499.0
27403,18405,27,2,599.0
27404,18405,3,1,3499.0
27405,18406,19,1,4499.0
27406,18406,25,1,499.0
27407,18406,22,1,699.0
27408,18407,7,1,599.0
27409,18408,13,2,799.0
27410,18408,11,1,199.0
27411,18409,6,1,1499.0
27412,18410,7,1,599.0
27413,18411,17,1,4999.0
27414,18412,23,3,399.0
27415,18413,7,1,599.0
27416,18413,19,1,4499.0
27417,18414,22,2,699.0
27418,18415,17,2,4999.0
27419,18415,24,1,899.0
27420,18416,14,1,1599.0
27421,18417,19,2,4499.0
27422,18418,27,1,599.0
27423,18418,5,1,999.0
27424,18419,7,1,599.0
27425,18419,30,1,799.0
27426,18420,3,2,3499.0
27427,18421,6,1,1499.0
27428,18422,20,1,3999.0
27429,18423,18,2,899.0
27430,18424,15,1,1199.0
27431,18425,7,3,599.0
27432,18426,11,2,199.0
27433,18427,10,2,299.0
27434,18428,18,3,899.0
27435,18428,23,2,399.0
27436,18429,29,1,1999.0
27437,18430,25,3,499.0
27438,18431,21,1,1099.0
27439,18432,11,1,199.0
27440,18433,24,3,899.0
27441,18434,18,1,899.0
27442,18434,24,3,899.0
27443,18435,17,2,4999.0
27444,18436,7,1,599.0
27445,18436,30,1,799.0
27446,18437,11,1,199.0
27447,18438,9,1,899.0
27448,18439,11,2,199.0
27449,18440,23,1,399.0
27450,18441,19,1,4499.0
27451,18441,30,1,799.0
27452,18442,11,1,199.0
27453,18443,8,1,2999.0
27454,18444,9,1,899.0
27455,18444,3,2,3499.0
27456,18445,19,3,4499.0
27457,18446,24,1,899.0
27458,18446,4,1,1299.0
27459,18446,11,1,199.0
27460,18447,25,2,499.0
27461,18448,8,1,2999.0
27462,18448,9,1,899.0
27463,18448,21,2,1099.0
27464,18449,11,2,199.0
27465,18450,9,3,899.0
27466,18450,3,2,3499.0
27467,18451,18,1,899.0
27468,18451,24,1,899.0
27469,18452,4,1,1299.0
27470,18452,27,1,599.0
27471,18453,24,1,899.0
27472,18454,8,2,2999.0
27473,18455,22,3,699.0
27474,18455,3,2,3499.0
27475,18456,6,3,1499.0
27476,18456,23,2,399.0
27477,18456,10,1,299.0
27478,18457,8,1,2999.0
27479,18457,24,1,899.0
27480,18458,12,1,1299.0
27481,18459,21,3,1099.0
27482,18459,10,2,299.0
27483,18459,21,1,1099.0
27484,18460,20,1,3999.0
27485,18461,21,3,1099.0
27486,18462,4,2,1299.0
27487,18462,26,1,999.0
27488,18463,21,1,1099.0
27489,18463,15,1,1199.0
27490,18464,12,1,1299.0
27491,18464,18,1,899.0
27492,18465,17,1,4999.0
27493,18465,15,1,1199.0
27494,18466,5,1,999.0
27495,18466,22,1,699.0
27496,18467,15,1,1199.0
27497,18467,24,2,899.0
27498,18467,15,1,1199.0
27499,18468,10,1,299.0
27500,18469,6,1,1499.0
27501,18470,3,2,3499.0
27502,18471,7,3,599.0
27503,18471,29,1,1999.0
27504,18472,23,3,399.0
27505,18472,15,1,1199.0
27506,18473,30,1,799.0
27507,18473,30,1,799.0
27508,18474,23,1,399.0
27509,18475,14,1,1599.0
27510,18476,3,1,3499.0
27511,18476,22,1,699.0
27512,18476,24,2,899.0
27513,18477,16,1,3999.0
27514,18477,2,3,1799.0
27515,18477,9,1,899.0
27516,18478,18,1,899.0
27517,18479,6,1,1499.0
27518,18479,9,1,899.0
27519,18480,15,1,1199.0
27520,18480,20,1,3999.0
27521,18481,22,1,699.0
27522,18482,13,1,799.0
27523,18483,22,3,699.0
27524,18484,25,1,499.0
27525,18485,1,1,2499.0
27526,18486,22,1,699.0
27527,18486,8,2,2999.0
27528,18486,12,1,1299.0
27529,18487,11,1,199.0
27530,18488,17,1,4999.0
27531,18489,7,1,599.0
27532,18490,15,1,1199.0
27533,18491,18,2,899.0
27534,18492,29,1,1999.0
27535,18493,3,1,3499.0
27536,18494,13,1,799.0
27537,18495,21,2,1099.0
27538,18496,8,1,2999.0
27539,18496,4,1,1299.0
27540,18497,23,1,399.0
27541,18498,25,1,499.0
27542,18499,26,3,999.0
27543,18500,30,1,799.0
27544,18501,4,3,1299.0
27545,18502,19,1,4499.0
27546,18502,6,2,1499.0
27547,18503,26,1,999.0
27548,18503,9,3,899.0
27549,18504,10,2,299.0
27550,18505,24,1,899.0
27551,18506,29,1,1999.0
27552,18506,3,1,3499.0
27553,18507,28,1,499.0
27554,18507,8,3,2999.0
27555,18508,9,3,899.0
27556,18508,8,2,2999.0
27557,18509,3,1,3499.0
27558,18510,8,1,2999.0
27559,18510,7,2,599.0
27560,18511,19,1,4499.0
27561,18511,17,3,4999.0
27562,18511,25,2,499.0
27563,18512,4,1,1299.0
27564,18513,11,1,199.0
27565,18513,28,2,499.0
27566,18514,2,2,1799.0
27567,18515,19,1,4499.0
27568,18515,26,1,999.0
27569,18516,26,2,999.0
27570,18517,4,1,1299.0
27571,18517,24,1,899.0
27572,18517,18,1,899.0
27573,18518,23,1,399.0
27574,18518,2,1,1799.0
27575,18519,22,1,699.0
27576,18519,23,3,399.0
27577,18520,7,2,599.0
27578,18520,17,3,4999.0
27579,18521,15,1,1199.0
27580,18521,15,1,1199.0
27581,18521,8,1,2999.0
27582,18522,17,1,4999.0
27583,18523,6,1,1499.0
27584,18524,24,1,899.0
27585,18524,22,3,699.0
27586,18524,23,1,399.0
27587,18525,6,1,1499.0
27588,18526,5,1,999.0
27589,18527,28,3,499.0
27590,18528,17,2,4999.0
27591,18528,26,2,999.0
27592,18529,30,1,799.0
27593,18530,22,2,699.0
27594,18530,22,1,699.0
27595,18531,15,3,1199.0
27596,18532,30,1,799.0
27597,18533,12,1,1299.0
27598,18534,30,2,799.0
27599,18534,8,1,2999.0
27600,18534,17,1,4999.0
27601,18535,10,1,299.0
27602,18536,5,2,999.0
27603,18537,15,1,1199.0
27604,18538,15,1,1199.0
27605,18539,11,1,199.0
27606,18539,19,3,4499.0
27607,18539,10,1,299.0
27608,18540,26,2,999.0
27609,18541,24,1,899.0
27610,18542,3,2,3499.0
27611,18542,23,2,399.0
27612,18543,7,1,599.0
27613,18544,21,1,1099.0
27614,18545,9,3,899.0
27615,18546,21,2,1099.0
27616,18546,4,3,1299.0
27617,18547,15,1,1199.0
27618,18547,11,1,199.0
27619,18547,14,1,1599.0
27620,18548,22,2,699.0
27621,18549,23,3,399.0
27622,18549,15,1,1199.0
27623,18550,7,2,599.0
27624,18550,25,1,499.0
27625,18551,20,2,3999.0
27626,18552,3,1,3499.0
27627,18552,23,1,399.0
27628,18553,8,1,2999.0
27629,18553,24,2,899.0
27630,18554,24,1,899.0
27631,18555,24,2,899.0
27632,18555,3,1,3499.0
27633,18556,9,1,899.0
27634,18557,25,2,499.0
27635,18557,14,1,1599.0
27636,18557,9,2,899.0
27637,18558,23,1,399.0
27638,18558,7,1,599.0
27639,18559,9,1,899.0
27640,18559,17,1,4999.0
27641,18560,6,1,1499.0
27642,18561,30,2,799.0
27643,18562,5,1,999.0
27644,18563,8,1,2999.0
27645,18564,17,1,4999.0
27646,18565,30,1,799.0
27647,18566,7,1,599.0
27648,18567,24,2,899.0
27649,18568,19,1,4499.0
27650,18569,29,1,1999.0
27651,18570,25,1,499.0
27652,18570,25,2,499.0
27653,18571,15,1,1199.0
27654,18572,29,2,1999.0
27655,18572,19,1,4499.0
27656,18573,18,1,899.0
27657,18574,17,2,4999.0
27658,18574,20,2,3999.0
27659,18574,21,2,1099.0
27660,18575,18,1,899.0
27661,18575,10,1,299.0
27662,18575,11,2,199.0
27663,18576,4,1,1299.0
27664,18576,26,1,999.0
27665,18577,7,1,599.0
27666,18577,29,2,1999.0
27667,18578,26,2,999.0
27668,18579,17,2,4999.0
27669,18580,29,1,1999.0
27670,18580,6,2,1499.0
27671,18581,24,2,899.0
27672,18581,11,2,199.0
27673,18582,11,1,199.0
27674,18583,20,1,3999.0
27675,18584,6,1,1499.0
27676,18585,22,1,699.0
27677,18586,21,1,1099.0
27678,18586,9,1,899.0
27679,18586,20,2,3999.0
27680,18587,23,1,399.0
27681,18588,24,1,899.0
27682,18589,6,1,1499.0
27683,18590,17,2,4999.0
27684,18590,29,1,1999.0
27685,18590,17,1,4999.0
27686,18591,27,1,599.0
27687,18591,7,2,599.0
27688,18592,23,1,399.0
27689,18593,14,1,1599.0
27690,18593,4,1,1299.0
27691,18594,8,1,2999.0
27692,18594,28,1,499.0
27693,18595,11,1,199.0
27694,18596,10,1,299.0
27695,18597,12,1,1299.0
27696,18597,13,1,799.0
27697,18598,16,2,3999.0
27698,18598,2,2,1799.0
27699,18598,18,1,899.0
27700,18599,6,2,1499.0
27701,18600,9,1,899.0
27702,18600,8,2,2999.0
27703,18601,9,1,899.0
27704,18601,3,1,3499.0
27705,18601,9,1,899.0
27706,18602,28,2,499.0
27707,18602,23,2,399.0
27708,18603,27,1,599.0
27709,18603,18,2,899.0
27710,18604,30,1,799.0
27711,18605,26,1,999.0
27712,18606,4,1,1299.0
27713,18607,15,2,1199.0
27714,18607,30,1,799.0
27715,18607,13,2,799.0
27716,18608,18,1,899.0
27717,18608,7,3,599.0
27718,18609,14,1,1599.0
27719,18610,6,3,1499.0
27720,18611,30,1,799.0
27721,18612,11,1,199.0
27722,18612,11,1,199.0
27723,18612,6,1,1499.0
27724,18613,24,3,899.0
27725,18614,10,1,299.0
27726,18615,26,1,999.0
27727,18616,4,1,1299.0
27728,18616,19,1,4499.0
27729,18617,7,1,599.0
27730,18618,18,1,899.0
27731,18618,27,1,599.0
27732,18619,23,1,399.0
27733,18619,13,1,799.0
27734,18620,15,1,1199.0
27735,18621,7,1,599.0
27736,18621,15,2,1199.0
27737,18622,15,2,1199.0
27738,18623,19,2,4499.0
27739,18623,23,1,399.0
27740,18624,20,1,3999.0
27741,18624,7,1,599.0
27742,18625,24,1,899.0
27743,18626,11,1,199.0
27744,18627,4,1,1299.0
27745,18628,10,1,299.0
27746,18629,25,1,499.0
27747,18630,18,1,899.0
27748,18630,24,1,899.0
27749,18631,30,1,799.0
27750,18632,7,2,599.0
27751,18633,12,1,1299.0
27752,18633,3,1,3499.0
27753,18634,11,1,199.0
27754,18634,8,2,2999.0
27755,18635,19,1,4499.0
27756,18635,26,1,999.0
27757,18636,24,1,899.0
27758,18637,30,1,799.0
27759,18637,30,3,799.0
27760,18638,15,1,1199.0
27761,18638,25,1,499.0
27762,18638,21,1,1099.0
27763,18639,24,1,899.0
27764,18640,13,1,799.0
27765,18641,9,1,899.0
27766,18641,17,1,4999.0
27767,18642,4,1,1299.0
27768,18643,7,3,599.0
27769,18644,4,1,1299.0
27770,18645,21,1,1099.0
27771,18646,4,1,1299.0
27772,18646,26,1,999.0
27773,18647,11,1,199.0
27774,18647,19,2,4499.0
27775,18648,5,1,999.0
27776,18648,19,1,4499.0
27777,18649,4,2,1299.0
27778,18650,29,1,1999.0
27779,18651,30,1,799.0
27780,18652,18,2,899.0
27781,18653,17,2,4999.0
27782,18654,15,1,1199.0
27783,18654,3,1,3499.0
27784,18655,8,1,2999.0
27785,18656,21,2,1099.0
27786,18657,30,1,799.0
27787,18658,18,2,899.0
27788,18659,25,1,499.0
27789,18659,6,1,1499.0
27790,18659,23,1,399.0
27791,18660,23,1,399.0
27792,18660,25,1,499.0
27793,18661,17,1,4999.0
27794,18662,18,1,899.0
27795,18662,17,1,4999.0
27796,18663,18,1,899.0
27797,18663,11,1,199.0
27798,18663,22,2,699.0
27799,18664,9,1,899.0
27800,18665,22,1,699.0
27801,18665,11,1,199.0
27802,18666,3,1,3499.0
27803,18667,7,1,599.0
27804,18668,3,1,3499.0
27805,18668,19,1,4499.0
27806,18669,22,1,699.0
27807,18669,20,1,3999.0
27808,18670,26,1,999.0
27809,18671,6,1,1499.0
27810,18671,28,1,499.0
27811,18671,22,1,699.0
27812,18672,9,1,899.0
27813,18673,30,1,799.0
27814,18674,3,1,3499.0
27815,18675,9,3,899.0
27816,18675,22,3,699.0
27817,18676,20,1,3999.0
27818,18677,6,1,1499.0
27819,18677,18,1,899.0
27820,18678,9,3,899.0
27821,18679,24,1,899.0
27822,18679,5,2,999.0
27823,18679,21,1,1099.0
27824,18680,27,1,599.0
27825,18681,9,1,899.0
27826,18681,3,1,3499.0
27827,18681,24,2,899.0
27828,18682,21,2,1099.0
27829,18683,3,1,3499.0
27830,18683,11,2,199.0
27831,18684,5,3,999.0
27832,18685,19,1,4499.0
27833,18685,17,1,4999.0
27834,18686,8,3,2999.0
27835,18686,7,1,599.0
27836,18687,23,1,399.0
27837,18688,30,1,799.0
27838,18688,28,3,499.0
27839,18689,7,1,599.0
27840,18690,10,1,299.0
27841,18691,19,1,4499.0
27842,18691,10,1,299.0
27843,18692,16,2,3999.0
27844,18693,30,1,799.0
27845,18693,30,1,799.0
27846,18694,27,1,599.0
27847,18695,3,1,3499.0
27848,18696,10,1,299.0
27849,18697,20,1,3999.0
27850,18698,12,1,1299.0
27851,18699,30,1,799.0
27852,18699,20,1,3999.0
27853,18700,18,1,899.0
27854,18701,7,1,599.0
27855,18702,11,1,199.0
27856,18702,18,1,899.0
27857,18703,6,1,1499.0
27858,18704,19,1,4499.0
27859,18705,21,3,1099.0
27860,18706,7,2,599.0
27861,18707,7,3,599.0
27862,18707,17,3,4999.0
27863,18707,17,3,4999.0
27864,18708,15,3,1199.0
27865,18708,24,1,899.0
27866,18709,8,1,2999.0
27867,18710,21,3,1099.0
27868,18710,8,1,2999.0
27869,18710,27,3,599.0
27870,18711,21,1,1099.0
27871,18711,10,2,299.0
27872,18712,12,2,1299.0
27873,18713,26,2,999.0
27874,18714,28,1,499.0
27875,18715,23,1,399.0
27876,18715,19,1,4499.0
27877,18716,6,1,1499.0
27878,18716,2,2,1799.0
27879,18717,6,3,1499.0
27880,18717,3,1,3499.0
27881,18718,30,2,799.0
27882,18719,15,3,1199.0
27883,18719,2,1,1799.0
27884,18720,26,1,999.0
27885,18720,11,1,199.0
27886,18720,30,1,799.0
27887,18721,15,1,1199.0
27888,18721,7,2,599.0
27889,18722,19,1,4499.0
27890,18723,22,3,699.0
27891,18724,8,1,2999.0
27892,18725,24,1,899.0
27893,18726,29,2,1999.0
27894,18726,14,1,1599.0
27895,18727,2,3,1799.0
27896,18728,23,3,399.0
27897,18728,13,1,799.0
27898,18729,15,1,1199.0
27899,18730,5,1,999.0
27900,18731,6,1,1499.0
27901,18731,8,2,2999.0
27902,18732,24,1,899.0
27903,18732,12,2,1299.0
27904,18733,25,2,499.0
27905,18733,21,3,1099.0
27906,18734,30,3,799.0
27907,18734,6,1,1499.0
27908,18735,19,3,4499.0
27909,18736,19,1,4499.0
27910,18736,24,1,899.0
27911,18736,18,3,899.0
27912,18737,14,1,1599.0
27913,18738,9,3,899.0
27914,18739,18,2,899.0
27915,18740,7,1,599.0
27916,18741,15,1,1199.0
27917,18741,22,2,699.0
27918,18741,15,1,1199.0
27919,18742,23,1,399.0
27920,18742,11,1,199.0
27921,18743,4,2,1299.0
27922,18744,6,1,1499.0
27923,18745,24,2,899.0
27924,18746,28,2,499.0
27925,18747,7,1,599.0
27926,18747,4,1,1299.0
27927,18748,7,3,599.0
27928,18749,1,1,2499.0
27929,18750,3,3,3499.0
27930,18751,27,1,599.0
27931,18752,1,3,2499.0
27932,18753,25,2,499.0
27933,18753,6,3,1499.0
27934,18754,15,1,1199.0
27935,18755,11,3,199.0
27936,18756,2,1,1799.0
27937,18757,23,1,399.0
27938,18758,24,1,899.0
27939,18758,30,1,799.0
27940,18759,15,1,1199.0
27941,18759,24,1,899.0
27942,18759,24,2,899.0
27943,18760,4,1,1299.0
27944,18761,23,3,399.0
27945,18761,30,1,799.0
27946,18761,1,2,2499.0
27947,18762,1,1,2499.0
27948,18763,14,1,1599.0
27949,18764,28,2,499.0
27950,18764,19,1,4499.0
27951,18765,23,1,399.0
27952,18766,15,1,1199.0
27953,18767,3,1,3499.0
27954,18767,23,1,399.0
27955,18768,18,1,899.0
27956,18768,2,1,1799.0
27957,18769,15,2,1199.0
27958,18769,1,1,2499.0
27959,18769,23,2,399.0
27960,18770,18,1,899.0
27961,18771,15,1,1199.0
27962,18772,1,1,2499.0
27963,18773,25,2,499.0
27964,18774,22,1,699.0
27965,18775,7,1,599.0
27966,18776,9,1,899.0
27967,18776,29,2,1999.0
27968,18777,6,1,1499.0
27969,18777,9,1,899.0
27970,18777,15,1,1199.0
27971,18778,25,2,499.0
27972,18779,6,1,1499.0
27973,18780,15,2,1199.0
27974,18781,20,1,3999.0
27975,18782,6,2,1499.0
27976,18782,10,1,299.0
27977,18782,20,2,3999.0
27978,18783,2,1,1799.0
27979,18783,3,1,3499.0
27980,18783,28,2,499.0
27981,18784,21,1,1099.0
27982,18785,19,1,4499.0
27983,18786,6,1,1499.0
27984,18786,3,1,3499.0
27985,18786,8,1,2999.0
27986,18787,29,1,1999.0
27987,18787,22,3,699.0
27988,18788,16,3,3999.0
27989,18788,4,2,1299.0
27990,18788,20,1,3999.0
27991,18789,16,1,3999.0
27992,18790,18,1,899.0
27993,18791,8,1,2999.0
27994,18792,4,1,1299.0
27995,18792,9,1,899.0
27996,18793,23,3,399.0
27997,18794,15,1,1199.0
27998,18794,1,1,2499.0
27999,18794,29,2,1999.0
28000,18795,19,1,4499.0
28001,18796,6,3,1499.0
28002,18797,10,1,299.0
28003,18797,2,1,1799.0
28004,18797,21,1,1099.0
28005,18798,6,1,1499.0
28006,18799,18,1,899.0
28007,18800,28,1,499.0
28008,18801,24,1,899.0
28009,18801,10,3,299.0
28010,18802,24,1,899.0
28011,18802,8,1,2999.0
28012,18803,15,1,1199.0
28013,18804,7,2,599.0
28014,18805,15,1,1199.0
28015,18806,26,2,999.0
28016,18806,25,1,499.0
28017,18807,14,1,1599.0
28018,18808,20,3,3999.0
28019,18808,20,2,3999.0
28020,18809,18,2,899.0
28021,18810,14,1,1599.0
28022,18810,3,1,3499.0
28023,18811,15,3,1199.0
28024,18811,21,3,1099.0
28025,18812,6,1,1499.0
28026,18813,3,3,3499.0
28027,18813,24,2,899.0
28028,18813,18,2,899.0
28029,18814,3,3,3499.0
28030,18814,28,1,499.0
28031,18814,9,1,899.0
28032,18815,18,3,899.0
28033,18816,3,1,3499.0
28034,18817,7,1,599.0
28035,18818,24,1,899.0
28036,18819,13,2,799.0
28037,18819,9,1,899.0
28038,18820,22,2,699.0
28039,18821,23,1,399.0
28040,18822,6,1,1499.0
28041,18822,3,1,3499.0
28042,18822,1,2,2499.0
28043,18823,9,2,899.0
28044,18823,6,2,1499.0
28045,18824,4,1,1299.0
28046,18825,6,3,1499.0
28047,18826,16,1,3999.0
28048,18827,25,1,499.0
28049,18827,1,1,2499.0
28050,18828,15,2,1199.0
28051,18829,8,2,2999.0
28052,18830,30,1,799.0
28053,18831,3,1,3499.0
28054,18831,17,3,4999.0
28055,18832,6,2,1499.0
28056,18832,9,2,899.0
28057,18833,11,2,199.0
28058,18834,3,1,3499.0
28059,18835,5,2,999.0
28060,18835,7,2,599.0
28061,18835,16,1,3999.0
28062,18836,4,1,1299.0
28063,18836,21,1,1099.0
28064,18837,21,2,1099.0
28065,18838,24,1,899.0
28066,18839,24,1,899.0
28067,18840,30,1,799.0
28068,18841,22,2,699.0
28069,18842,3,3,3499.0
28070,18842,2,1,1799.0
28071,18843,15,2,1199.0
28072,18843,2,1,1799.0
28073,18844,17,1,4999.0
28074,18845,25,1,499.0
28075,18845,11,1,199.0
28076,18846,22,1,699.0
28077,18847,13,2,799.0
28078,18847,2,1,1799.0
28079,18848,25,3,499.0
28080,18849,2,1,1799.0
28081,18850,21,1,1099.0
28082,18850,7,1,599.0
28083,18851,15,1,1199.0
28084,18852,30,1,799.0
28085,18852,11,2,199.0
28086,18853,20,2,3999.0
28087,18854,25,1,499.0
28088,18855,29,1,1999.0
28089,18855,15,1,1199.0
28090,18856,8,1,2999.0
28091,18856,15,2,1199.0
28092,18857,4,1,1299.0
28093,18858,17,1,4999.0
28094,18859,4,1,1299.0
28095,18860,23,1,399.0
28096,18860,21,2,1099.0
28097,18861,15,1,1199.0
28098,18861,16,3,3999.0
28099,18861,5,1,999.0
28100,18862,15,1,1199.0
28101,18862,24,1,899.0
28102,18862,26,2,999.0
28103,18863,22,1,699.0
28104,18864,23,1,399.0
28105,18864,20,1,3999.0
28106,18865,11,2,199.0
28107,18866,1,1,2499.0
28108,18866,25,1,499.0
28109,18867,6,1,1499.0
28110,18868,10,1,299.0
28111,18869,10,2,299.0
28112,18869,9,1,899.0
28113,18870,3,1,3499.0
28114,18870,5,2,999.0
28115,18871,3,2,3499.0
28116,18871,6,1,1499.0
28117,18872,17,1,4999.0
28118,18873,17,2,4999.0
28119,18874,30,2,799.0
28120,18875,28,2,499.0
28121,18876,29,1,1999.0
28122,18877,17,1,4999.0
28123,18878,6,3,1499.0
28124,18879,17,2,4999.0
28125,18879,11,2,199.0
28126,18879,23,1,399.0
28127,18880,8,1,2999.0
28128,18881,17,2,4999.0
28129,18882,6,2,1499.0
28130,18883,8,3,2999.0
28131,18883,7,2,599.0
28132,18883,3,1,3499.0
28133,18884,11,1,199.0
28134,18884,23,1,399.0
28135,18885,14,1,1599.0
28136,18886,11,2,199.0
28137,18887,8,3,2999.0
28138,18887,11,1,199.0
28139,18888,23,1,399.0
28140,18888,19,1,4499.0
28141,18889,26,3,999.0
28142,18889,9,2,899.0
28143,18890,14,1,1599.0
28144,18891,17,2,4999.0
28145,18892,24,2,899.0
28146,18893,9,1,899.0
28147,18894,14,3,1599.0
28148,18894,6,1,1499.0
28149,18895,25,1,499.0
28150,18896,22,1,699.0
28151,18896,16,1,3999.0
28152,18897,3,1,3499.0
28153,18898,15,1,1199.0
28154,18899,23,1,399.0
28155,18900,26,1,999.0
28156,18900,15,1,1199.0
28157,18901,28,2,499.0
28158,18902,22,3,699.0
28159,18903,23,2,399.0
28160,18904,19,1,4499.0
28161,18904,29,1,1999.0
28162,18904,6,1,1499.0
28163,18905,15,1,1199.0
28164,18905,25,1,499.0
28165,18906,28,1,499.0
28166,18907,16,3,3999.0
28167,18907,10,1,299.0
28168,18908,11,2,199.0
28169,18909,4,1,1299.0
28170,18909,15,1,1199.0
28171,18910,20,1,3999.0
28172,18911,23,1,399.0
28173,18912,30,1,799.0
28174,18912,2,1,1799.0
28175,18912,15,1,1199.0
28176,18913,30,3,799.0
28177,18914,25,1,499.0
28178,18914,15,1,1199.0
28179,18915,27,1,599.0
28180,18916,19,2,4499.0
28181,18916,21,2,1099.0
28182,18917,6,1,1499.0
28183,18918,4,1,1299.0
28184,18919,24,1,899.0
28185,18920,11,1,199.0
28186,18921,6,1,1499.0
28187,18921,4,1,1299.0
28188,18922,24,2,899.0
28189,18922,6,2,1499.0
28190,18923,15,1,1199.0
28191,18924,17,1,4999.0
28192,18925,20,1,3999.0
28193,18925,18,1,899.0
28194,18925,22,1,699.0
28195,18926,30,2,799.0
28196,18927,12,2,1299.0
28197,18928,16,1,3999.0
28198,18929,27,2,599.0
28199,18929,1,1,2499.0
28200,18929,7,2,599.0
28201,18930,30,1,799.0
28202,18931,24,1,899.0
28203,18932,10,1,299.0
28204,18932,27,1,599.0
28205,18933,29,1,1999.0
28206,18934,6,3,1499.0
28207,18935,24,1,899.0
28208,18936,19,1,4499.0
28209,18937,7,1,599.0
28210,18938,7,2,599.0
28211,18939,24,3,899.0
28212,18940,3,3,3499.0
28213,18940,1,2,2499.0
28214,18941,1,1,2499.0
28215,18941,26,2,999.0
28216,18942,15,1,1199.0
28217,18942,6,2,1499.0
28218,18943,15,2,1199.0
28219,18944,21,1,1099.0
28220,18944,24,1,899.0
28221,18945,11,1,199.0
28222,18946,20,3,3999.0
28223,18947,18,1,899.0
28224,18947,13,1,799.0
28225,18948,24,1,899.0
28226,18949,11,1,199.0
28227,18950,4,3,1299.0
28228,18950,1,1,2499.0
28229,18950,15,1,1199.0
28230,18951,20,1,3999.0
28231,18952,19,1,4499.0
28232,18952,24,1,899.0
28233,18953,3,1,3499.0
28234,18954,8,1,2999.0
28235,18954,18,1,899.0
28236,18955,4,1,1299.0
28237,18956,1,1,2499.0
28238,18956,26,1,999.0
28239,18957,15,1,1199.0
28240,18957,11,1,199.0
28241,18958,3,3,3499.0
28242,18959,28,2,499.0
28243,18960,27,1,599.0
28244,18960,10,1,299.0
28245,18961,13,2,799.0
28246,18962,4,1,1299.0
28247,18963,15,2,1199.0
28248,18964,17,1,4999.0
28249,18965,18,1,899.0
28250,18965,19,1,4499.0
28251,18965,23,3,399.0
28252,18966,28,1,499.0
28253,18966,7,1,599.0
28254,18967,29,1,1999.0
28255,18968,12,1,1299.0
28256,18969,20,1,3999.0
28257,18970,1,2,2499.0
28258,18971,21,2,1099.0
28259,18972,4,1,1299.0
28260,18973,19,1,4499.0
28261,18974,14,2,1599.0
28262,18974,14,1,1599.0
28263,18975,11,1,199.0
28264,18976,15,3,1199.0
28265,18977,23,2,399.0
28266,18978,24,3,899.0
28267,18978,24,1,899.0
28268,18979,6,1,1499.0
28269,18979,11,1,199.0
28270,18980,30,1,799.0
28271,18980,29,1,1999.0
28272,18981,26,3,999.0
28273,18982,29,2,1999.0
28274,18983,18,3,899.0
28275,18984,30,1,799.0
28276,18984,11,2,199.0
28277,18985,5,2,999.0
28278,18986,23,1,399.0
28279,18987,4,3,1299.0
28280,18988,19,1,4499.0
28281,18989,21,1,1099.0
28282,18989,10,1,299.0
28283,18990,24,1,899.0
28284,18990,4,1,1299.0
28285,18991,9,1,899.0
28286,18992,28,1,499.0
28287,18993,29,1,1999.0
28288,18993,23,2,399.0
28289,18994,3,1,3499.0
28290,18994,25,2,499.0
28291,18995,3,3,3499.0
28292,18995,9,3,899.0
28293,18996,18,1,899.0
28294,18997,22,1,699.0
28295,18998,25,1,499.0
28296,18999,23,1,399.0
28297,19000,7,1,599.0
28298,19001,4,1,1299.0
28299,19002,9,2,899.0
28300,19003,22,1,699.0
28301,19004,7,2,599.0
28302,19004,27,2,599.0
28303,19004,24,1,899.0
28304,19005,15,1,1199.0
28305,19006,24,1,899.0
28306,19007,13,1,799.0
28307,19008,13,1,799.0
28308,19009,1,1,2499.0
28309,19009,10,1,299.0
28310,19010,24,1,899.0
28311,19011,9,1,899.0
28312,19012,19,3,4499.0
28313,19013,4,1,1299.0
28314,19014,29,1,1999.0
28315,19015,22,3,699.0
28316,19016,13,1,799.0
28317,19017,8,1,2999.0
28318,19017,19,1,4499.0
28319,19018,22,1,699.0
28320,19019,1,2,2499.0
28321,19020,21,1,1099.0
28322,19020,6,1,1499.0
28323,19021,6,2,1499.0
28324,19022,11,1,199.0
28325,19023,18,1,899.0
28326,19024,15,1,1199.0
28327,19024,4,1,1299.0
28328,19025,7,2,599.0
28329,19026,23,3,399.0
28330,19027,5,2,999.0
28331,19028,6,1,1499.0
28332,19029,27,1,599.0
28333,19029,3,1,3499.0
28334,19030,30,1,799.0
28335,19030,3,2,3499.0
28336,19031,27,1,599.0
28337,19031,3,1,3499.0
28338,19032,9,1,899.0
28339,19033,23,3,399.0
28340,19034,11,1,199.0
28341,19035,25,1,499.0
28342,19036,24,1,899.0
28343,19037,25,1,499.0
28344,19037,13,3,799.0
28345,19037,23,1,399.0
28346,19038,7,1,599.0
28347,19039,30,1,799.0
28348,19040,19,2,4499.0
28349,19040,7,1,599.0
28350,19041,3,1,3499.0
28351,19041,4,1,1299.0
28352,19041,22,1,699.0
28353,19042,9,1,899.0
28354,19043,7,1,599.0
28355,19043,1,1,2499.0
28356,19044,9,1,899.0
28357,19044,14,1,1599.0
28358,19045,1,1,2499.0
28359,19045,5,1,999.0
28360,19046,17,1,4999.0
28361,19046,9,3,899.0
28362,19047,12,1,1299.0
28363,19047,7,1,599.0
28364,19048,18,1,899.0
28365,19048,19,2,4499.0
28366,19049,7,1,599.0
28367,19049,18,2,899.0
28368,19050,1,1,2499.0
28369,19051,7,1,599.0
28370,19051,17,1,4999.0
28371,19052,14,2,1599.0
28372,19053,13,1,799.0
28373,19054,3,1,3499.0
28374,19055,27,1,599.0
28375,19056,13,3,799.0
28376,19056,9,1,899.0
28377,19057,19,2,4499.0
28378,19058,10,3,299.0
28379,19058,24,1,899.0
28380,19059,11,1,199.0
28381,19060,2,1,1799.0
28382,19061,23,1,399.0
28383,19062,10,1,299.0
28384,19063,30,2,799.0
28385,19063,8,1,2999.0
28386,19063,8,1,2999.0
28387,19064,30,1,799.0
28388,19065,30,1,799.0
28389,19066,14,3,1599.0
28390,19067,30,2,799.0
28391,19067,25,1,499.0
28392,19068,11,3,199.0
28393,19069,22,3,699.0
28394,19069,11,1,199.0
28395,19069,22,2,699.0
28396,19070,11,1,199.0
28397,19070,9,2,899.0
28398,19071,12,1,1299.0
28399,19072,19,2,4499.0
28400,19073,20,1,3999.0
28401,19073,17,1,4999.0
28402,19073,14,1,1599.0
28403,19074,23,1,399.0
28404,19074,8,1,2999.0
28405,19074,24,3,899.0
28406,19075,15,1,1199.0
28407,19075,30,2,799.0
28408,19076,16,1,3999.0
28409,19076,16,1,3999.0
28410,19077,23,1,399.0
28411,19077,11,1,199.0
28412,19078,2,1,1799.0
28413,19079,20,1,3999.0
28414,19080,28,2,499.0
28415,19080,25,1,499.0
28416,19080,17,1,4999.0
28417,19081,18,1,899.0
28418,19082,30,1,799.0
28419,19083,25,2,499.0
28420,19084,20,2,3999.0
28421,19085,30,1,799.0
28422,19086,25,1,499.0
28423,19086,25,1,499.0
28424,19087,21,1,1099.0
28425,19087,12,1,1299.0
28426,19088,10,3,299.0
28427,19088,5,2,999.0
28428,19088,23,3,399.0
28429,19089,28,1,499.0
28430,19090,7,1,599.0
28431,19090,6,1,1499.0
28432,19091,4,1,1299.0
28433,19092,5,1,999.0
28434,19093,9,1,899.0
28435,19093,4,3,1299.0
28436,19094,23,3,399.0
28437,19095,9,2,899.0
28438,19096,19,1,4499.0
28439,19097,18,1,899.0
28440,19098,15,1,1199.0
28441,19099,6,2,1499.0
28442,19100,7,2,599.0
28443,19101,7,1,599.0
28444,19101,23,1,399.0
28445,19102,19,1,4499.0
28446,19102,10,1,299.0
28447,19103,27,3,599.0
28448,19104,7,1,599.0
28449,19105,24,1,899.0
28450,19105,20,1,3999.0
28451,19106,24,2,899.0
28452,19106,17,2,4999.0
28453,19107,10,1,299.0
28454,19108,23,2,399.0
28455,19108,2,1,1799.0
28456,19108,17,1,4999.0
28457,19109,25,2,499.0
28458,19110,9,1,899.0
28459,19110,13,1,799.0
28460,19111,25,2,499.0
28461,19112,7,1,599.0
28462,19112,4,1,1299.0
28463,19113,3,1,3499.0
28464,19114,1,1,2499.0
28465,19115,16,1,3999.0
28466,19116,19,1,4499.0
28467,19117,19,1,4499.0
28468,19118,18,1,899.0
28469,19118,9,2,899.0
28470,19119,27,1,599.0
28471,19119,19,2,4499.0
28472,19120,4,2,1299.0
28473,19121,22,3,699.0
28474,19121,9,1,899.0
28475,19122,24,1,899.0
28476,19122,28,1,499.0
28477,19123,15,2,1199.0
28478,19124,7,3,599.0
28479,19125,14,1,1599.0
28480,19126,6,3,1499.0
28481,19127,15,1,1199.0
28482,19127,21,1,1099.0
28483,19128,27,1,599.0
28484,19129,11,1,199.0
28485,19130,4,3,1299.0
28486,19131,26,3,999.0
28487,19131,27,1,599.0
28488,19132,21,1,1099.0
28489,19132,20,1,3999.0
28490,19133,25,1,499.0
28491,19134,1,1,2499.0
28492,19135,19,1,4499.0
28493,19136,30,2,799.0
28494,19136,6,1,1499.0
28495,19136,19,1,4499.0
28496,19137,19,1,4499.0
28497,19137,3,1,3499.0
28498,19138,20,1,3999.0
28499,19138,14,2,1599.0
28500,19138,15,3,1199.0
28501,19139,23,2,399.0
28502,19140,21,2,1099.0
28503,19140,22,1,699.0
28504,19141,17,2,4999.0
28505,19142,21,1,1099.0
28506,19142,14,1,1599.0
28507,19143,3,1,3499.0
28508,19143,30,1,799.0
28509,19144,19,2,4499.0
28510,19145,24,1,899.0
28511,19146,3,2,3499.0
28512,19147,9,2,899.0
28513,19148,7,1,599.0
28514,19148,6,3,1499.0
28515,19149,19,1,4499.0
28516,19149,30,1,799.0
28517,19149,18,1,899.0
28518,19150,26,1,999.0
28519,19150,3,1,3499.0
28520,19151,20,2,3999.0
28521,19152,3,2,3499.0
28522,19153,2,2,1799.0
28523,19154,10,2,299.0
28524,19154,4,1,1299.0
28525,19155,10,1,299.0
28526,19155,1,1,2499.0
28527,19156,3,1,3499.0
28528,19157,25,2,499.0
28529,19158,19,1,4499.0
28530,19159,27,1,599.0
28531,19160,1,1,2499.0
28532,19160,6,1,1499.0
28533,19160,9,2,899.0
28534,19161,19,2,4499.0
28535,19162,11,2,199.0
28536,19163,11,1,199.0
28537,19164,7,1,599.0
28538,19165,6,1,1499.0
28539,19166,15,1,1199.0
28540,19166,25,2,499.0
28541,19167,9,2,899.0
28542,19167,15,2,1199.0
28543,19168,19,1,4499.0
28544,19168,5,1,999.0
28545,19168,25,1,499.0
28546,19169,6,2,1499.0
28547,19170,23,1,399.0
28548,19171,14,1,1599.0
28549,19172,17,3,4999.0
28550,19173,15,1,1199.0
28551,19174,15,1,1199.0
28552,19174,15,1,1199.0
28553,19175,24,1,899.0
28554,19176,24,1,899.0
28555,19177,19,2,4499.0
28556,19178,15,1,1199.0
28557,19179,27,1,599.0
28558,19180,29,1,1999.0
28559,19181,8,1,2999.0
28560,19182,13,1,799.0
28561,19182,17,1,4999.0
28562,19183,8,1,2999.0
28563,19184,24,1,899.0
28564,19185,23,1,399.0
28565,19186,7,1,599.0
28566,19187,15,1,1199.0
28567,19188,25,2,499.0
28568,19189,5,1,999.0
28569,19190,25,1,499.0
28570,19191,30,1,799.0
28571,19192,1,1,2499.0
28572,19193,7,1,599.0
28573,19193,15,1,1199.0
28574,19194,21,2,1099.0
28575,19195,15,1,1199.0
28576,19196,25,1,499.0
28577,19197,10,1,299.0
28578,19197,4,1,1299.0
28579,19198,1,1,2499.0
28580,19199,25,1,499.0
28581,19200,23,2,399.0
28582,19200,22,1,699.0
28583,19201,19,2,4499.0
28584,19202,1,3,2499.0
28585,19203,21,2,1099.0
28586,19204,7,1,599.0
28587,19205,6,1,1499.0
28588,19205,10,1,299.0
28589,19206,20,2,3999.0
28590,19207,8,1,2999.0
28591,19207,3,1,3499.0
28592,19207,26,1,999.0
28593,19208,3,1,3499.0
28594,19209,21,1,1099.0
28595,19209,13,1,799.0
28596,19210,17,1,4999.0
28597,19210,26,1,999.0
28598,19210,24,1,899.0
28599,19211,4,1,1299.0
28600,19212,27,1,599.0
28601,19213,19,1,4499.0
28602,19213,13,1,799.0
28603,19214,30,2,799.0
28604,19214,18,1,899.0
28605,19215,19,1,4499.0
28606,19215,17,1,4999.0
28607,19215,19,2,4499.0
28608,19216,13,1,799.0
28609,19217,12,1,1299.0
28610,19218,17,1,4999.0
28611,19219,10,2,299.0
28612,19219,21,1,1099.0
28613,19220,24,2,899.0
28614,19221,13,1,799.0
28615,19222,6,1,1499.0
28616,19222,6,1,1499.0
28617,19222,10,1,299.0
28618,19223,15,1,1199.0
28619,19224,1,1,2499.0
28620,19225,15,2,1199.0
28621,19226,15,2,1199.0
28622,19226,28,2,499.0
28623,19227,28,1,499.0
28624,19228,23,1,399.0
28625,19229,19,1,4499.0
28626,19229,29,2,1999.0
28627,19230,30,2,799.0
28628,19230,30,3,799.0
28629,19230,1,1,2499.0
28630,19231,28,2,499.0
28631,19231,3,1,3499.0
28632,19231,1,2,2499.0
28633,19232,18,1,899.0
28634,19233,21,1,1099.0
28635,19234,14,1,1599.0
28636,19234,9,1,899.0
28637,19235,22,1,699.0
28638,19235,28,1,499.0
28639,19236,6,1,1499.0
28640,19236,19,2,4499.0
28641,19237,1,3,2499.0
28642,19238,21,1,1099.0
28643,19239,5,1,999.0
28644,19239,29,1,1999.0
28645,19240,20,1,3999.0
28646,19240,19,2,4499.0
28647,19241,25,1,499.0
28648,19242,4,1,1299.0
28649,19243,24,1,899.0
28650,19243,8,1,2999.0
28651,19244,30,1,799.0
28652,19245,14,3,1599.0
28653,19246,20,1,3999.0
28654,19246,27,1,599.0
28655,19247,20,1,3999.0
28656,19247,11,1,199.0
28657,19248,22,1,699.0
28658,19249,17,1,4999.0
28659,19249,6,2,1499.0
28660,19250,17,1,4999.0
28661,19250,3,1,3499.0
28662,19251,12,1,1299.0
28663,19251,4,1,1299.0
28664,19252,6,1,1499.0
28665,19253,24,1,899.0
28666,19254,2,1,1799.0
28667,19254,22,1,699.0
28668,19255,14,1,1599.0
28669,19256,14,3,1599.0
28670,19256,18,1,899.0
28671,19257,9,1,899.0
28672,19257,27,1,599.0
28673,19258,17,3,4999.0
28674,19259,18,2,899.0
28675,19259,18,1,899.0
28676,19260,20,1,3999.0
28677,19261,24,1,899.0
28678,19262,11,1,199.0
28679,19263,18,2,899.0
28680,19264,4,1,1299.0
28681,19264,20,1,3999.0
28682,19264,8,1,2999.0
28683,19265,9,1,899.0
28684,19265,6,1,1499.0
28685,19265,4,1,1299.0
28686,19266,12,1,1299.0
28687,19266,7,1,599.0
28688,19266,23,1,399.0
28689,19267,30,2,799.0
28690,19267,4,1,1299.0
28691,19268,11,1,199.0
28692,19269,13,1,799.0
28693,19270,12,3,1299.0
28694,19270,11,1,199.0
28695,19271,4,1,1299.0
28696,19271,7,1,599.0
28697,19272,9,1,899.0
28698,19272,30,1,799.0
28699,19273,15,1,1199.0
28700,19273,16,3,3999.0
28701,19273,3,1,3499.0
28702,19274,10,1,299.0
28703,19275,15,2,1199.0
28704,19276,17,3,4999.0
28705,19276,13,1,799.0
28706,19276,14,1,1599.0
28707,19277,24,2,899.0
28708,19278,15,2,1199.0
28709,19279,29,3,1999.0
28710,19280,22,1,699.0
28711,19281,18,2,899.0
28712,19281,11,2,199.0
28713,19281,30,1,799.0
28714,19282,11,1,199.0
28715,19282,16,1,3999.0
28716,19282,2,2,1799.0
28717,19283,30,1,799.0
28718,19284,8,2,2999.0
28719,19284,22,1,699.0
28720,19285,4,1,1299.0
28721,19286,10,1,299.0
28722,19286,7,1,599.0
28723,19287,23,1,399.0
28724,19288,30,1,799.0
28725,19289,14,2,1599.0
28726,19290,30,1,799.0
28727,19291,1,1,2499.0
28728,19291,20,3,3999.0
28729,19292,12,1,1299.0
28730,19293,17,2,4999.0
28731,19294,21,1,1099.0
28732,19294,19,1,4499.0
28733,19295,8,1,2999.0
28734,19295,25,1,499.0
28735,19295,17,1,4999.0
28736,19296,16,1,3999.0
28737,19297,27,1,599.0
28738,19298,18,1,899.0
28739,19298,18,1,899.0
28740,19299,27,1,599.0
28741,19299,25,1,499.0
28742,19300,6,1,1499.0
28743,19300,11,1,199.0
28744,19301,13,3,799.0
28745,19301,10,1,299.0
28746,19301,3,1,3499.0
28747,19302,13,1,799.0
28748,19303,18,1,899.0
28749,19303,23,1,399.0
28750,19303,6,1,1499.0
28751,19304,17,1,4999.0
28752,19305,2,1,1799.0
28753,19305,16,1,3999.0
28754,19306,24,3,899.0
28755,19307,30,1,799.0
28756,19308,13,2,799.0
28757,19309,8,2,2999.0
28758,19310,4,1,1299.0
28759,19311,18,1,899.0
28760,19312,30,1,799.0
28761,19313,16,1,3999.0
28762,19314,30,1,799.0
28763,19314,5,1,999.0
28764,19314,15,2,1199.0
28765,19315,23,1,399.0
28766,19316,7,1,599.0
28767,19316,11,1,199.0
28768,19317,25,1,499.0
28769,19318,9,1,899.0
28770,19318,6,1,1499.0
28771,19318,23,1,399.0
28772,19319,12,1,1299.0
28773,19319,24,1,899.0
28774,19320,7,1,599.0
28775,19320,23,1,399.0
28776,19321,9,2,899.0
28777,19321,9,1,899.0
28778,19321,24,2,899.0
28779,19322,19,1,4499.0
28780,19323,8,1,2999.0
28781,19323,24,1,899.0
28782,19324,2,2,1799.0
28783,19325,9,3,899.0
28784,19325,5,1,999.0
28785,19326,14,1,1599.0
28786,19327,8,1,2999.0
28787,19327,21,1,1099.0
28788,19328,6,1,1499.0
28789,19329,15,3,1199.0
28790,19329,24,3,899.0
28791,19330,6,1,1499.0
28792,19331,17,1,4999.0
28793,19332,1,1,2499.0
28794,19332,17,2,4999.0
28795,19332,2,1,1799.0
28796,19333,8,2,2999.0
28797,19333,25,1,499.0
28798,19334,1,1,2499.0
28799,19334,8,2,2999.0
28800,19334,4,1,1299.0
28801,19335,21,2,1099.0
28802,19336,7,2,599.0
28803,19337,9,2,899.0
28804,19337,18,2,899.0
28805,19338,9,1,899.0
28806,19339,11,2,199.0
28807,19340,22,1,699.0
28808,19341,27,1,599.0
28809,19341,4,1,1299.0
28810,19342,9,1,899.0
28811,19343,30,1,799.0
28812,19344,8,2,2999.0
28813,19345,30,1,799.0
28814,19345,3,1,3499.0
28815,19346,12,2,1299.0
28816,19347,15,2,1199.0
28817,19347,8,1,2999.0
28818,19348,13,2,799.0
28819,19348,23,1,399.0
28820,19349,6,1,1499.0
28821,19350,24,1,899.0
28822,19350,25,1,499.0
28823,19351,25,2,499.0
28824,19352,10,1,299.0
28825,19352,27,1,599.0
28826,19353,22,3,699.0
28827,19354,25,2,499.0
28828,19355,20,1,3999.0
28829,19356,9,1,899.0
28830,19356,15,1,1199.0
28831,19357,19,1,4499.0
28832,19357,8,1,2999.0
28833,19358,22,1,699.0
28834,19358,28,1,499.0
28835,19358,9,1,899.0
28836,19359,24,1,899.0
28837,19360,3,2,3499.0
28838,19360,14,1,1599.0
28839,19361,26,2,999.0
28840,19362,26,1,999.0
28841,19363,24,3,899.0
28842,19364,6,1,1499.0
28843,19365,6,1,1499.0
28844,19365,11,3,199.0
28845,19365,13,1,799.0
28846,19366,15,1,1199.0
28847,19367,6,1,1499.0
28848,19367,1,1,2499.0
28849,19368,29,1,1999.0
28850,19368,13,1,799.0
28851,19369,24,1,899.0
28852,19370,24,1,899.0
28853,19370,15,1,1199.0
28854,19370,8,2,2999.0
28855,19371,26,1,999.0
28856,19371,13,1,799.0
28857,19372,1,2,2499.0
28858,19373,10,3,299.0
28859,19373,10,1,299.0
28860,19374,23,1,399.0
28861,19374,15,2,1199.0
28862,19375,24,2,899.0
28863,19376,25,3,499.0
28864,19377,19,1,4499.0
28865,19377,19,1,4499.0
28866,19377,23,1,399.0
28867,19378,4,1,1299.0
28868,19379,8,1,2999.0
28869,19379,6,1,1499.0
28870,19379,7,1,599.0
28871,19380,18,1,899.0
28872,19380,28,1,499.0
28873,19381,9,1,899.0
28874,19382,24,2,899.0
28875,19382,23,3,399.0
28876,19382,30,2,799.0
28877,19383,21,2,1099.0
28878,19384,3,1,3499.0
28879,19385,11,3,199.0
28880,19386,3,1,3499.0
28881,19387,4,1,1299.0
28882,19388,19,3,4499.0
28883,19388,17,1,4999.0
28884,19389,5,1,999.0
28885,19390,26,1,999.0
28886,19391,19,1,4499.0
28887,19392,24,1,899.0
28888,19392,24,1,899.0
28889,19393,6,1,1499.0
28890,19394,25,1,499.0
28891,19394,11,3,199.0
28892,19394,12,1,1299.0
28893,19395,9,3,899.0
28894,19395,8,2,2999.0
28895,19395,10,1,299.0
28896,19396,24,1,899.0
28897,19397,25,1,499.0
28898,19398,2,1,1799.0
28899,19399,26,2,999.0
28900,19399,15,1,1199.0
28901,19400,1,1,2499.0
28902,19400,1,1,2499.0
28903,19401,21,1,1099.0
28904,19402,21,1,1099.0
28905,19402,7,1,599.0
28906,19403,7,1,599.0
28907,19404,1,1,2499.0
28908,19405,10,1,299.0
28909,19406,3,1,3499.0
28910,19407,22,1,699.0
28911,19408,3,1,3499.0
28912,19409,19,1,4499.0
28913,19410,13,1,799.0
28914,19410,17,1,4999.0
28915,19411,6,3,1499.0
28916,19411,20,3,3999.0
28917,19412,13,1,799.0
28918,19413,3,3,3499.0
28919,19413,25,3,499.0
28920,19414,15,1,1199.0
28921,19415,16,3,3999.0
28922,19416,18,1,899.0
28923,19417,3,1,3499.0
28924,19418,2,2,1799.0
28925,19419,20,1,3999.0
28926,19420,29,2,1999.0
28927,19421,25,1,499.0
28928,19421,17,1,4999.0
28929,19421,4,2,1299.0
28930,19422,11,3,199.0
28931,19423,26,2,999.0
28932,19423,12,1,1299.0
28933,19424,6,1,1499.0
28934,19425,4,1,1299.0
28935,19426,12,1,1299.0
28936,19426,7,2,599.0
28937,19427,3,3,3499.0
28938,19428,5,1,999.0
28939,19429,10,1,299.0
28940,19430,30,1,799.0
28941,19430,4,1,1299.0
28942,19431,19,1,4499.0
28943,19432,16,3,3999.0
28944,19433,24,1,899.0
28945,19433,4,1,1299.0
28946,19434,15,2,1199.0
28947,19435,25,1,499.0
28948,19436,19,1,4499.0
28949,19437,17,1,4999.0
28950,19438,21,1,1099.0
28951,19438,21,2,1099.0
28952,19439,15,1,1199.0
28953,19439,17,1,4999.0
28954,19440,21,2,1099.0
28955,19440,23,1,399.0
28956,19441,6,2,1499.0
28957,19442,29,1,1999.0
28958,19442,6,2,1499.0
28959,19443,26,1,999.0
28960,19443,8,1,2999.0
28961,19444,13,1,799.0
28962,19444,17,1,4999.0
28963,19445,6,1,1499.0
28964,19446,25,1,499.0
28965,19446,15,1,1199.0
28966,19446,19,1,4499.0
28967,19447,21,1,1099.0
28968,19448,21,2,1099.0
28969,19449,30,1,799.0
28970,19449,23,2,399.0
28971,19450,7,1,599.0
28972,19451,4,2,1299.0
28973,19452,14,1,1599.0
28974,19452,27,1,599.0
28975,19452,25,1,499.0
28976,19453,25,2,499.0
28977,19453,19,1,4499.0
28978,19454,27,2,599.0
28979,19454,28,2,499.0
28980,19455,7,1,599.0
28981,19455,18,1,899.0
28982,19456,10,1,299.0
28983,19456,24,1,899.0
28984,19457,18,1,899.0
28985,19457,25,1,499.0
28986,19457,23,2,399.0
28987,19458,21,1,1099.0
28988,19458,3,2,3499.0
28989,19459,30,1,799.0
28990,19459,27,3,599.0
28991,19460,8,2,2999.0
28992,19460,20,1,3999.0
28993,19461,20,1,3999.0
28994,19462,10,1,299.0
28995,19463,24,1,899.0
28996,19464,11,1,199.0
28997,19465,29,2,1999.0
28998,19466,29,1,1999.0
28999,19466,15,1,1199.0
29000,19467,24,1,899.0
29001,19468,3,1,3499.0
29002,19469,15,2,1199.0
29003,19469,10,1,299.0
29004,19470,8,2,2999.0
29005,19471,29,1,1999.0
29006,19472,30,3,799.0
29007,19472,19,2,4499.0
29008,19473,3,1,3499.0
29009,19474,10,1,299.0
29010,19474,11,1,199.0
29011,19475,8,1,2999.0
29012,19476,3,1,3499.0
29013,19477,12,1,1299.0
29014,19477,11,1,199.0
29015,19478,8,1,2999.0
29016,19479,6,1,1499.0
29017,19479,10,1,299.0
29018,19479,9,1,899.0
29019,19480,30,1,799.0
29020,19480,25,1,499.0
29021,19481,25,3,499.0
29022,19481,30,2,799.0
29023,19482,30,1,799.0
29024,19483,1,1,2499.0
29025,19484,30,1,799.0
29026,19485,13,1,799.0
29027,19485,30,1,799.0
29028,19486,18,1,899.0
29029,19486,11,1,199.0
29030,19486,18,1,899.0
29031,19487,6,1,1499.0
29032,19487,17,1,4999.0
29033,19488,24,1,899.0
29034,19488,5,1,999.0
29035,19488,20,2,3999.0
29036,19489,20,2,3999.0
29037,19489,11,1,199.0
29038,19489,3,1,3499.0
29039,19490,14,1,1599.0
29040,19491,30,1,799.0
29041,19492,25,1,499.0
29042,19493,9,2,899.0
29043,19493,26,1,999.0
29044,19494,3,1,3499.0
29045,19495,28,1,499.0
29046,19495,2,2,1799.0
29047,19496,27,1,599.0
29048,19497,25,1,499.0
29049,19498,19,1,4499.0
29050,19498,27,1,599.0
29051,19499,24,2,899.0
29052,19500,5,2,999.0
29053,19500,9,1,899.0
29054,19501,25,1,499.0
29055,19502,15,2,1199.0
29056,19503,17,3,4999.0
29057,19503,11,1,199.0
29058,19504,30,1,799.0
29059,19505,7,1,599.0
29060,19505,7,1,599.0
29061,19506,28,2,499.0
29062,19506,6,3,1499.0
29063,19507,3,1,3499.0
29064,19508,30,1,799.0
29065,19509,19,1,4499.0
29066,19510,3,3,3499.0
29067,19511,30,3,799.0
29068,19511,2,1,1799.0
29069,19512,26,1,999.0
29070,19513,1,1,2499.0
29071,19514,11,1,199.0
29072,19515,27,1,599.0
29073,19516,1,1,2499.0
29074,19516,19,2,4499.0
29075,19516,5,1,999.0
29076,19517,27,1,599.0
29077,19518,20,1,3999.0
29078,19519,15,1,1199.0
29079,19519,4,1,1299.0
29080,19520,25,1,499.0
29081,19521,29,2,1999.0
29082,19522,19,2,4499.0
29083,19523,12,1,1299.0
29084,19524,16,2,3999.0
29085,19525,10,1,299.0
29086,19525,11,3,199.0
29087,19526,25,1,499.0
29088,19527,4,2,1299.0
29089,19527,13,1,799.0
29090,19527,23,2,399.0
29091,19528,4,1,1299.0
29092,19529,19,1,4499.0
29093,19530,21,1,1099.0
29094,19531,18,1,899.0
29095,19531,17,1,4999.0
29096,19531,11,1,199.0
29097,19532,24,1,899.0
29098,19532,25,1,499.0
29099,19533,24,1,899.0
29100,19533,23,3,399.0
29101,19534,15,1,1199.0
29102,19534,10,1,299.0
29103,19535,26,1,999.0
29104,19536,17,2,4999.0
29105,19537,6,3,1499.0
29106,19538,18,2,899.0
29107,19538,15,1,1199.0
29108,19538,5,1,999.0
29109,19539,26,1,999.0
29110,19540,27,1,599.0
29111,19540,11,1,199.0
29112,19541,25,3,499.0
29113,19542,25,1,499.0
29114,19543,29,2,1999.0
29115,19543,23,1,399.0
29116,19544,9,2,899.0
29117,19544,6,1,1499.0
29118,19545,30,1,799.0
29119,19546,10,1,299.0
29120,19546,7,1,599.0
29121,19546,6,1,1499.0
29122,19547,20,1,3999.0
29123,19548,16,3,3999.0
29124,19549,18,1,899.0
29125,19550,10,1,299.0
29126,19551,10,1,299.0
29127,19552,6,1,1499.0
29128,19553,26,3,999.0
29129,19553,8,1,2999.0
29130,19554,23,1,399.0
29131,19555,9,1,899.0
29132,19555,23,1,399.0
29133,19556,1,2,2499.0
29134,19556,15,1,1199.0
29135,19557,12,2,1299.0
29136,19558,19,2,4499.0
29137,19558,3,1,3499.0
29138,19559,3,1,3499.0
29139,19559,9,1,899.0
29140,19560,9,2,899.0
29141,19560,19,1,4499.0
29142,19561,6,1,1499.0
29143,19561,12,3,1299.0
29144,19562,24,1,899.0
29145,19563,6,3,1499.0
29146,19563,19,3,4499.0
29147,19564,10,1,299.0
29148,19565,2,3,1799.0
29149,19566,30,1,799.0
29150,19566,23,1,399.0
29151,19567,4,1,1299.0
29152,19568,24,1,899.0
29153,19568,7,1,599.0
29154,19568,28,1,499.0
29155,19569,18,2,899.0
29156,19569,3,3,3499.0
29157,19570,25,1,499.0
29158,19570,16,1,3999.0
29159,19571,29,1,1999.0
29160,19571,15,2,1199.0
29161,19571,28,1,499.0
29162,19572,28,1,499.0
29163,19572,7,1,599.0
29164,19572,30,1,799.0
29165,19573,4,2,1299.0
29166,19573,18,1,899.0
29167,19574,19,1,4499.0
29168,19575,13,3,799.0
29169,19576,28,1,499.0
29170,19576,12,2,1299.0
29171,19577,24,1,899.0
29172,19578,30,1,799.0
29173,19579,6,2,1499.0
29174,19580,11,1,199.0
29175,19581,17,2,4999.0
29176,19581,11,2,199.0
29177,19581,3,1,3499.0
29178,19582,22,2,699.0
29179,19583,23,1,399.0
29180,19584,11,2,199.0
29181,19584,1,1,2499.0
29182,19585,15,1,1199.0
29183,19586,6,1,1499.0
29184,19587,30,2,799.0
29185,19588,8,1,2999.0
29186,19589,11,2,199.0
29187,19589,23,3,399.0
29188,19590,7,1,599.0
29189,19591,9,3,899.0
29190,19592,30,1,799.0
29191,19592,23,1,399.0
29192,19593,30,1,799.0
29193,19594,3,1,3499.0
29194,19595,23,2,399.0
29195,19595,9,1,899.0
29196,19596,4,1,1299.0
29197,19597,27,1,599.0
29198,19597,3,1,3499.0
29199,19598,25,1,499.0
29200,19598,7,1,599.0
29201,19599,27,1,599.0
29202,19600,4,1,1299.0
29203,19600,13,1,799.0
29204,19601,14,1,1599.0
29205,19602,11,1,199.0
29206,19603,11,1,199.0
29207,19603,19,2,4499.0
29208,19603,15,1,1199.0
29209,19604,15,1,1199.0
29210,19604,4,1,1299.0
29211,19605,19,3,4499.0
29212,19606,13,1,799.0
29213,19606,4,1,1299.0
29214,19607,3,1,3499.0
29215,19608,19,1,4499.0
29216,19609,24,2,899.0
29217,19610,4,1,1299.0
29218,19610,26,3,999.0
29219,19611,10,1,299.0
29220,19612,22,1,699.0
29221,19613,21,3,1099.0
29222,19613,25,1,499.0
29223,19614,23,2,399.0
29224,19615,12,1,1299.0
29225,19615,12,1,1299.0
29226,19616,6,1,1499.0
29227,19617,8,1,2999.0
29228,19618,1,1,2499.0
29229,19618,6,1,1499.0
29230,19619,17,2,4999.0
29231,19620,6,1,1499.0
29232,19621,6,1,1499.0
29233,19621,4,3,1299.0
29234,19622,11,3,199.0
29235,19623,15,3,1199.0
29236,19624,4,1,1299.0
29237,19625,22,1,699.0
29238,19625,1,1,2499.0
29239,19626,18,1,899.0
29240,19626,22,1,699.0
29241,19626,15,1,1199.0
29242,19627,28,2,499.0
29243,19628,27,1,599.0
29244,19628,15,1,1199.0
29245,19629,8,1,2999.0
29246,19629,7,1,599.0
29247,19630,13,1,799.0
29248,19631,11,3,199.0
29249,19632,23,1,399.0
29250,19632,6,1,1499.0
29251,19633,8,1,2999.0
29252,19633,27,2,599.0
29253,19634,30,3,799.0
29254,19635,3,1,3499.0
29255,19636,6,2,1499.0
29256,19637,7,1,599.0
29257,19637,18,2,899.0
29258,19638,19,2,4499.0
29259,19639,19,2,4499.0
29260,19640,4,1,1299.0
29261,19641,2,1,1799.0
29262,19642,18,1,899.0
29263,19643,6,3,1499.0
29264,19643,1,1,2499.0
29265,19644,28,3,499.0
29266,19645,25,1,499.0
29267,19645,8,2,2999.0
29268,19646,9,1,899.0
29269,19646,18,2,899.0
29270,19647,15,2,1199.0
29271,19647,3,1,3499.0
29272,19648,22,1,699.0
29273,19649,23,3,399.0
29274,19650,11,1,199.0
29275,19650,23,3,399.0
29276,19651,7,2,599.0
29277,19651,3,1,3499.0
29278,19652,18,1,899.0
29279,19653,26,2,999.0
29280,19654,19,3,4499.0
29281,19655,6,2,1499.0
29282,19656,7,1,599.0
29283,19656,18,1,899.0
29284,19657,24,1,899.0
29285,19658,29,1,1999.0
29286,19658,17,1,4999.0
29287,19659,19,2,4499.0
29288,19660,7,1,599.0
29289,19661,20,1,3999.0
29290,19662,1,1,2499.0
29291,19662,30,1,799.0
29292,19662,14,2,1599.0
29293,19663,3,1,3499.0
29294,19663,6,2,1499.0
29295,19664,16,1,3999.0
29296,19664,23,1,399.0
29297,19665,19,2,4499.0
29298,19666,21,2,1099.0
29299,19667,27,2,599.0
29300,19668,17,2,4999.0
29301,19669,29,1,1999.0
29302,19670,9,1,899.0
29303,19671,18,1,899.0
29304,19671,20,1,3999.0
29305,19672,10,1,299.0
29306,19673,28,1,499.0
29307,19673,7,2,599.0
29308,19674,6,1,1499.0
29309,19675,17,1,4999.0
29310,19675,3,1,3499.0
29311,19675,8,2,2999.0
29312,19676,19,2,4499.0
29313,19676,15,1,1199.0
29314,19677,17,1,4999.0
29315,19677,25,1,499.0
29316,19678,30,2,799.0
29317,19679,3,2,3499.0
29318,19680,12,2,1299.0
29319,19680,10,3,299.0
29320,19681,3,3,3499.0
29321,19681,26,1,999.0
29322,19681,6,1,1499.0
29323,19682,14,1,1599.0
29324,19683,23,1,399.0
29325,19684,17,1,4999.0
29326,19685,23,2,399.0
29327,19685,20,1,3999.0
29328,19686,27,2,599.0
29329,19686,15,3,1199.0
29330,19686,19,1,4499.0
29331,19687,11,2,199.0
29332,19688,23,1,399.0
29333,19689,11,1,199.0
29334,19689,6,1,1499.0
29335,19689,15,1,1199.0
29336,19690,6,2,1499.0
29337,19691,6,1,1499.0
29338,19691,24,1,899.0
29339,19692,8,3,2999.0
29340,19693,1,3,2499.0
29341,19694,9,2,899.0
29342,19694,4,1,1299.0
29343,19694,15,1,1199.0
29344,19695,28,1,499.0
29345,19696,29,1,1999.0
29346,19697,11,2,199.0
29347,19697,13,2,799.0
29348,19697,24,1,899.0
29349,19698,3,1,3499.0
29350,19699,6,1,1499.0
29351,19700,22,1,699.0
29352,19701,15,2,1199.0
29353,19702,1,1,2499.0
29354,19702,4,1,1299.0
29355,19702,6,1,1499.0
29356,19703,23,3,399.0
29357,19704,6,2,1499.0
29358,19704,18,1,899.0
29359,19705,8,2,2999.0
29360,19705,18,1,899.0
29361,19706,29,1,1999.0
29362,19707,15,2,1199.0
29363,19708,28,1,499.0
29364,19709,20,2,3999.0
29365,19709,7,2,599.0
29366,19710,4,1,1299.0
29367,19711,8,2,2999.0
29368,19711,30,1,799.0
29369,19712,15,1,1199.0
29370,19713,16,1,3999.0
29371,19713,7,1,599.0
29372,19714,30,3,799.0
29373,19715,2,1,1799.0
29374,19715,11,1,199.0
29375,19716,13,1,799.0
29376,19717,14,3,1599.0
29377,19718,24,1,899.0
29378,19719,21,1,1099.0
29379,19720,1,1,2499.0
29380,19720,6,1,1499.0
29381,19720,27,1,599.0
29382,19721,22,1,699.0
29383,19722,14,1,1599.0
29384,19723,5,1,999.0
29385,19724,3,2,3499.0
29386,19725,16,1,3999.0
29387,19726,20,2,3999.0
29388,19727,18,2,899.0
29389,19728,23,3,399.0
29390,19729,3,1,3499.0
29391,19730,29,2,1999.0
29392,19730,6,1,1499.0
29393,19731,30,2,799.0
29394,19732,16,1,3999.0
29395,19732,25,1,499.0
29396,19733,12,3,1299.0
29397,19734,17,3,4999.0
29398,19735,20,1,3999.0
29399,19736,15,2,1199.0
29400,19737,4,2,1299.0
29401,19737,30,1,799.0
29402,19738,30,1,799.0
29403,19739,11,2,199.0
29404,19740,19,1,4499.0
29405,19740,5,1,999.0
29406,19741,7,1,599.0
29407,19741,29,2,1999.0
29408,19742,26,1,999.0
29409,19743,7,1,599.0
29410,19744,13,1,799.0
29411,19745,7,1,599.0
29412,19746,3,1,3499.0
29413,19747,28,1,499.0
29414,19747,6,1,1499.0
29415,19748,22,1,699.0
29416,19748,27,1,599.0
29417,19749,7,2,599.0
29418,19750,26,2,999.0
29419,19751,30,1,799.0
29420,19751,9,1,899.0
29421,19752,6,1,1499.0
29422,19753,4,1,1299.0
29423,19754,19,2,4499.0
29424,19755,17,3,4999.0
29425,19756,6,1,1499.0
29426,19756,7,2,599.0
29427,19757,10,1,299.0
29428,19758,7,1,599.0
29429,19759,26,1,999.0
29430,19759,7,1,599.0
29431,19760,8,1,2999.0
29432,19761,7,1,599.0
29433,19762,26,1,999.0
29434,19763,28,1,499.0
29435,19763,11,3,199.0
29436,19764,9,1,899.0
29437,19765,11,1,199.0
29438,19766,19,1,4499.0
29439,19766,20,1,3999.0
29440,19767,3,1,3499.0
29441,19768,17,1,4999.0
29442,19768,20,1,3999.0
29443,19769,11,2,199.0
29444,19769,24,2,899.0
29445,19770,4,1,1299.0
29446,19771,4,1,1299.0
29447,19772,23,2,399.0
29448,19773,8,1,2999.0
29449,19774,12,1,1299.0
29450,19774,11,1,199.0
29451,19774,7,1,599.0
29452,19775,22,1,699.0
29453,19776,6,3,1499.0
29454,19776,25,1,499.0
29455,19777,27,1,599.0
29456,19778,11,1,199.0
29457,19778,7,1,599.0
29458,19779,22,2,699.0
29459,19780,18,1,899.0
29460,19780,29,2,1999.0
29461,19781,23,1,399.0
29462,19782,11,2,199.0
29463,19782,19,1,4499.0
29464,19783,7,1,599.0
29465,19784,11,1,199.0
29466,19785,4,1,1299.0
29467,19786,4,2,1299.0
29468,19786,4,2,1299.0
29469,19786,17,1,4999.0
29470,19787,11,1,199.0
29471,19788,15,1,1199.0
29472,19789,16,1,3999.0
29473,19789,29,1,1999.0
29474,19789,29,1,1999.0
29475,19790,11,1,199.0
29476,19790,8,1,2999.0
29477,19790,9,1,899.0
29478,19791,25,2,499.0
29479,19791,11,1,199.0
29480,19792,23,1,399.0
29481,19793,10,1,299.0
29482,19794,3,1,3499.0
29483,19795,17,1,4999.0
29484,19796,6,1,1499.0
29485,19797,15,2,1199.0
29486,19798,6,1,1499.0
29487,19799,11,1,199.0
29488,19800,9,3,899.0
29489,19801,30,1,799.0
29490,19801,15,3,1199.0
29491,19802,25,1,499.0
29492,19802,30,1,799.0
29493,19803,8,1,2999.0
29494,19803,28,1,499.0
29495,19803,30,1,799.0
29496,19804,11,1,199.0
29497,19804,21,1,1099.0
29498,19804,12,3,1299.0
29499,19805,19,1,4499.0
29500,19806,18,2,899.0
29501,19806,23,1,399.0
29502,19806,28,1,499.0
29503,19807,19,1,4499.0
29504,19807,10,1,299.0
29505,19808,2,1,1799.0
29506,19809,26,1,999.0
29507,19809,7,1,599.0
29508,19810,20,2,3999.0
29509,19810,30,1,799.0
29510,19810,1,1,2499.0
29511,19811,17,1,4999.0
29512,19811,6,1,1499.0
29513,19812,18,2,899.0
29514,19813,30,3,799.0
29515,19813,11,1,199.0
29516,19814,19,1,4499.0
29517,19814,23,1,399.0
29518,19814,2,1,1799.0
29519,19815,27,3,599.0
29520,19816,11,1,199.0
29521,19816,4,1,1299.0
29522,19816,6,1,1499.0
29523,19817,10,2,299.0
29524,19818,3,3,3499.0
29525,19819,3,3,3499.0
29526,19819,12,3,1299.0
29527,19820,21,1,1099.0
29528,19821,3,1,3499.0
29529,19822,18,3,899.0
29530,19822,11,1,199.0
29531,19822,25,1,499.0
29532,19823,24,1,899.0
29533,19824,16,1,3999.0
29534,19824,23,1,399.0
29535,19824,22,2,699.0
29536,19825,19,2,4499.0
29537,19826,24,1,899.0
29538,19827,19,1,4499.0
29539,19828,17,2,4999.0
29540,19829,8,3,2999.0
29541,19830,17,1,4999.0
29542,19831,20,1,3999.0
29543,19832,6,1,1499.0
29544,19833,3,1,3499.0
29545,19833,7,2,599.0
29546,19834,6,1,1499.0
29547,19834,24,1,899.0
29548,19835,28,1,499.0
29549,19835,5,1,999.0
29550,19836,18,2,899.0
29551,19836,7,1,599.0
29552,19837,25,1,499.0
29553,19837,8,1,2999.0
29554,19837,25,1,499.0
29555,19838,15,1,1199.0
29556,19839,7,1,599.0
29557,19839,20,2,3999.0
29558,19840,6,1,1499.0
29559,19840,17,2,4999.0
29560,19840,8,1,2999.0
29561,19841,20,1,3999.0
29562,19842,1,2,2499.0
29563,19843,24,1,899.0
29564,19844,24,2,899.0
29565,19845,13,1,799.0
29566,19845,25,1,499.0
29567,19846,27,1,599.0
29568,19847,4,1,1299.0
29569,19848,7,1,599.0
29570,19849,14,2,1599.0
29571,19850,12,1,1299.0
29572,19851,18,1,899.0
29573,19852,3,1,3499.0
29574,19853,21,2,1099.0
29575,19854,5,1,999.0
29576,19855,16,2,3999.0
29577,19856,20,1,3999.0
29578,19857,6,1,1499.0
29579,19857,27,2,599.0
29580,19858,3,1,3499.0
29581,19858,26,1,999.0
29582,19858,23,2,399.0
29583,19859,15,1,1199.0
29584,19860,10,2,299.0
29585,19861,10,1,299.0
29586,19861,8,2,2999.0
29587,19862,27,1,599.0
29588,19863,9,1,899.0
29589,19863,14,1,1599.0
29590,19864,4,1,1299.0
29591,19864,25,3,499.0
29592,19865,30,2,799.0
29593,19865,30,1,799.0
29594,19866,28,1,499.0
29595,19866,7,2,599.0
29596,19867,14,1,1599.0
29597,19868,19,1,4499.0
29598,19869,9,1,899.0
29599,19870,15,2,1199.0
29600,19871,23,1,399.0
29601,19871,16,1,3999.0
29602,19872,9,1,899.0
29603,19872,8,2,2999.0
29604,19873,12,1,1299.0
29605,19873,11,1,199.0
29606,19873,14,2,1599.0
29607,19874,11,1,199.0
29608,19874,30,1,799.0
29609,19875,28,1,499.0
29610,19876,6,1,1499.0
29611,19876,5,1,999.0
29612,19877,10,2,299.0
29613,19878,9,1,899.0
29614,19878,24,1,899.0
29615,19878,1,3,2499.0
29616,19879,24,1,899.0
29617,19879,19,2,4499.0
29618,19879,24,1,899.0
29619,19880,21,1,1099.0
29620,19881,25,1,499.0
29621,19882,16,1,3999.0
29622,19883,6,3,1499.0
29623,19884,15,1,1199.0
29624,19884,9,1,899.0
29625,19885,29,1,1999.0
29626,19885,8,1,2999.0
29627,19885,6,1,1499.0
29628,19886,28,1,499.0
29629,19887,7,3,599.0
29630,19888,4,2,1299.0
29631,19889,1,1,2499.0
29632,19890,30,1,799.0
29633,19890,17,1,4999.0
29634,19891,6,3,1499.0
29635,19891,27,1,599.0
29636,19892,18,1,899.0
29637,19893,5,1,999.0
29638,19893,29,1,1999.0
29639,19894,10,1,299.0
29640,19894,19,2,4499.0
29641,19895,3,1,3499.0
29642,19896,3,1,3499.0
29643,19897,8,2,2999.0
29644,19898,15,2,1199.0
29645,19898,6,3,1499.0
29646,19899,26,1,999.0
29647,19899,7,2,599.0
29648,19900,5,1,999.0
29649,19901,18,1,899.0
29650,19901,19,3,4499.0
29651,19902,24,1,899.0
29652,19903,19,1,4499.0
29653,19904,19,2,4499.0
29654,19904,16,1,3999.0
29655,19905,9,2,899.0
29656,19906,2,3,1799.0
29657,19906,26,1,999.0
29658,19906,23,1,399.0
29659,19907,16,3,3999.0
29660,19907,23,1,399.0
29661,19907,25,1,499.0
29662,19908,7,1,599.0
29663,19909,9,1,899.0
29664,19909,9,1,899.0
29665,19910,4,2,1299.0
29666,19911,3,1,3499.0
29667,19912,6,1,1499.0
29668,19913,9,1,899.0
29669,19914,6,1,1499.0
29670,19915,12,1,1299.0
29671,19916,2,2,1799.0
29672,19917,8,3,2999.0
29673,19918,3,1,3499.0
29674,19918,30,1,799.0
29675,19919,17,1,4999.0
29676,19920,9,1,899.0
29677,19921,20,1,3999.0
29678,19922,1,1,2499.0
29679,19923,24,1,899.0
29680,19923,15,1,1199.0
29681,19923,11,1,199.0
29682,19924,7,1,599.0
29683,19925,30,1,799.0
29684,19926,24,1,899.0
29685,19927,8,1,2999.0
29686,19928,22,1,699.0
29687,19929,21,1,1099.0
29688,19930,25,1,499.0
29689,19931,6,2,1499.0
29690,19932,29,1,1999.0
29691,19933,19,1,4499.0
29692,19934,30,2,799.0
29693,19935,7,1,599.0
29694,19936,3,1,3499.0
29695,19937,9,1,899.0
29696,19938,6,2,1499.0
29697,19939,25,2,499.0
29698,19939,30,2,799.0
29699,19939,18,1,899.0
29700,19940,9,1,899.0
29701,19941,14,1,1599.0
29702,19942,15,2,1199.0
29703,19942,18,2,899.0
29704,19942,15,1,1199.0
29705,19943,23,2,399.0
29706,19944,1,1,2499.0
29707,19944,26,1,999.0
29708,19945,11,2,199.0
29709,19946,23,1,399.0
29710,19947,11,1,199.0
29711,19948,8,2,2999.0
29712,19949,14,1,1599.0
29713,19949,15,2,1199.0
29714,19950,13,2,799.0
29715,19950,6,2,1499.0
29716,19950,19,1,4499.0
29717,19951,3,1,3499.0
29718,19952,15,2,1199.0
29719,19952,22,1,699.0
29720,19953,26,1,999.0
29721,19953,17,1,4999.0
29722,19954,4,1,1299.0
29723,19955,18,1,899.0
29724,19956,19,1,4499.0
29725,19957,18,1,899.0
29726,19958,15,2,1199.0
29727,19959,17,1,4999.0
29728,19959,19,1,4499.0
29729,19960,10,1,299.0
29730,19960,25,2,499.0
29731,19961,4,2,1299.0
29732,19962,28,1,499.0
29733,19962,21,1,1099.0
29734,19963,4,1,1299.0
29735,19964,30,1,799.0
29736,19964,3,3,3499.0
29737,19965,21,2,1099.0
29738,19966,11,2,199.0
29739,19967,30,3,799.0
29740,19967,7,1,599.0
29741,19967,12,1,1299.0
29742,19968,5,2,999.0
29743,19969,22,1,699.0
29744,19970,21,1,1099.0
29745,19970,3,1,3499.0
29746,19971,17,1,4999.0
29747,19972,15,2,1199.0
29748,19973,19,1,4499.0
29749,19974,30,1,799.0
29750,19974,15,1,1199.0
29751,19975,19,1,4499.0
29752,19975,24,1,899.0
29753,19975,1,1,2499.0
29754,19976,23,1,399.0
29755,19976,2,1,1799.0
29756,19977,14,3,1599.0
29757,19978,19,3,4499.0
29758,19979,19,1,4499.0
29759,19979,24,1,899.0
29760,19980,15,2,1199.0
29761,19980,30,1,799.0
29762,19980,23,1,399.0
29763,19981,6,1,1499.0
29764,19981,30,1,799.0
29765,19981,7,3,599.0
29766,19982,23,1,399.0
29767,19982,14,1,1599.0
29768,19983,7,1,599.0
29769,19983,26,1,999.0
29770,19984,17,2,4999.0
29771,19984,8,3,2999.0
29772,19985,1,1,2499.0
29773,19985,18,1,899.0
29774,19986,23,3,399.0
29775,19987,22,1,699.0
29776,19987,27,2,599.0
29777,19988,18,1,899.0
29778,19989,29,1,1999.0
29779,19990,19,2,4499.0
29780,19991,1,1,2499.0
29781,19992,10,1,299.0
29782,19993,15,3,1199.0
29783,19993,23,2,399.0
29784,19994,30,1,799.0
29785,19995,17,1,4999.0
29786,19996,14,1,1599.0
29787,19996,3,1,3499.0
29788,19997,23,1,399.0
29789,19997,6,1,1499.0
29790,19997,30,2,799.0
29791,19998,11,1,199.0
29792,19999,12,1,1299.0
29793,20000,15,1,1199.0
29794,20001,8,1,2999.0
29795,20001,30,2,799.0
29796,20002,15,1,1199.0
29797,20003,9,2,899.0
29798,20003,13,1,799.0
29799,20004,6,1,1499.0
29800,20004,2,1,1799.0
29801,20005,24,1,899.0
29802,20006,8,3,2999.0
29803,20007,11,1,199.0
29804,20007,30,1,799.0
29805,20007,23,1,399.0
29806,20008,9,1,899.0
29807,20008,30,1,799.0
29808,20009,12,1,1299.0
29809,20010,20,2,3999.0
29810,20011,23,2,399.0
29811,20012,24,1,899.0
29812,20012,3,1,3499.0
29813,20012,3,1,3499.0
29814,20013,17,1,4999.0
29815,20014,29,1,1999.0
29816,20014,16,1,3999.0
29817,20015,6,1,1499.0
29818,20016,29,1,1999.0
29819,20016,11,1,199.0
29820,20017,3,1,3499.0
29821,20018,30,1,799.0
29822,20019,7,3,599.0
29823,20019,24,1,899.0
29824,20019,7,2,599.0
29825,20020,20,2,3999.0
29826,20020,23,1,399.0
29827,20020,9,2,899.0
29828,20021,13,1,799.0
29829,20021,17,1,4999.0
29830,20022,21,1,1099.0
29831,20023,11,3,199.0
29832,20024,4,1,1299.0
29833,20025,18,1,899.0
29834,20025,17,2,4999.0
29835,20026,24,1,899.0
29836,20027,8,1,2999.0
29837,20027,28,1,499.0
29838,20028,23,2,399.0
29839,20029,18,1,899.0
29840,20029,9,3,899.0
29841,20030,19,2,4499.0
29842,20030,17,1,4999.0
29843,20030,5,1,999.0
29844,20031,15,1,1199.0
29845,20032,6,2,1499.0
29846,20033,15,3,1199.0
29847,20033,7,2,599.0
29848,20034,30,1,799.0
29849,20034,27,1,599.0
29850,20035,3,1,3499.0
29851,20035,24,1,899.0
29852,20035,4,3,1299.0
29853,20036,13,1,799.0
29854,20037,8,3,2999.0
29855,20038,13,1,799.0
29856,20039,19,1,4499.0
29857,20040,25,1,499.0
29858,20041,19,1,4499.0
29859,20042,19,2,4499.0
29860,20042,5,2,999.0
29861,20043,17,1,4999.0
29862,20044,30,1,799.0
29863,20044,8,2,2999.0
29864,20044,7,2,599.0
29865,20045,6,2,1499.0
29866,20046,15,2,1199.0
29867,20046,17,1,4999.0
29868,20047,10,3,299.0
29869,20048,25,1,499.0
29870,20048,17,1,4999.0
29871,20048,18,1,899.0
29872,20049,30,1,799.0
29873,20050,25,1,499.0
29874,20051,15,1,1199.0
29875,20052,7,1,599.0
29876,20052,11,2,199.0
29877,20053,21,1,1099.0
29878,20053,25,1,499.0
29879,20054,24,1,899.0
29880,20055,20,1,3999.0
29881,20056,10,1,299.0
29882,20056,8,1,2999.0
29883,20057,19,1,4499.0
29884,20058,10,2,299.0
29885,20058,26,2,999.0
29886,20059,11,1,199.0
29887,20059,3,1,3499.0
29888,20060,9,1,899.0
29889,20060,6,1,1499.0
29890,20061,6,1,1499.0
29891,20062,10,2,299.0
29892,20062,24,1,899.0
29893,20063,25,3,499.0
29894,20063,4,1,1299.0
29895,20063,9,1,899.0
29896,20064,1,1,2499.0
29897,20064,17,2,4999.0
29898,20065,7,3,599.0
29899,20066,9,1,899.0
29900,20066,3,2,3499.0
29901,20067,27,2,599.0
29902,20067,12,1,1299.0
29903,20068,15,3,1199.0
29904,20069,7,1,599.0
29905,20069,28,1,499.0
29906,20070,21,1,1099.0
29907,20070,17,1,4999.0
29908,20071,8,2,2999.0
29909,20071,15,1,1199.0
29910,20072,25,3,499.0
29911,20073,11,1,199.0
29912,20073,15,2,1199.0
29913,20074,6,1,1499.0
29914,20075,25,1,499.0
29915,20076,24,1,899.0
29916,20077,24,3,899.0
29917,20078,15,2,1199.0
29918,20079,8,2,2999.0
29919,20080,7,1,599.0
29920,20081,2,2,1799.0
29921,20082,9,1,899.0
29922,20083,21,1,1099.0
29923,20084,30,2,799.0
29924,20085,28,1,499.0
29925,20086,24,1,899.0
29926,20086,7,1,599.0
29927,20087,13,1,799.0
29928,20087,5,1,999.0
29929,20088,6,2,1499.0
29930,20089,3,1,3499.0
29931,20090,21,1,1099.0
29932,20091,14,1,1599.0
29933,20092,25,1,499.0
29934,20093,24,1,899.0
29935,20094,23,1,399.0
29936,20095,25,1,499.0
29937,20096,26,1,999.0
29938,20097,11,3,199.0
29939,20098,21,1,1099.0
29940,20099,27,1,599.0
29941,20100,8,1,2999.0
29942,20100,11,1,199.0
29943,20101,3,1,3499.0
29944,20102,3,3,3499.0
29945,20103,11,3,199.0
29946,20104,23,2,399.0
29947,20105,26,1,999.0
29948,20105,11,2,199.0
29949,20105,25,2,499.0
29950,20106,6,2,1499.0
29951,20107,23,1,399.0
29952,20108,15,1,1199.0
29953,20108,22,3,699.0
29954,20109,9,1,899.0
29955,20110,19,1,4499.0
29956,20110,11,1,199.0
29957,20111,1,2,2499.0
29958,20111,3,2,3499.0
29959,20112,26,1,999.0
29960,20113,5,2,999.0
29961,20113,4,1,1299.0
29962,20114,13,1,799.0
29963,20114,1,1,2499.0
29964,20115,17,2,4999.0
29965,20115,13,3,799.0
29966,20116,4,1,1299.0
29967,20117,18,1,899.0
29968,20117,24,1,899.0
29969,20118,25,1,499.0
29970,20119,28,1,499.0
29971,20120,16,2,3999.0
29972,20121,9,2,899.0
29973,20122,29,1,1999.0
29974,20123,16,1,3999.0
29975,20124,16,1,3999.0
29976,20124,9,1,899.0
29977,20125,6,1,1499.0
29978,20125,16,3,3999.0
29979,20126,14,1,1599.0
29980,20126,6,1,1499.0
29981,20127,15,1,1199.0
29982,20128,17,3,4999.0
29983,20128,23,1,399.0
29984,20129,26,2,999.0
29985,20129,16,1,3999.0
29986,20129,29,1,1999.0
29987,20130,23,1,399.0
29988,20131,12,2,1299.0
29989,20131,11,1,199.0
29990,20132,3,1,3499.0
29991,20133,18,1,899.0
29992,20133,26,1,999.0
29993,20134,18,1,899.0
29994,20135,17,1,4999.0
29995,20136,18,1,899.0
29996,20137,18,1,899.0
29997,20138,8,1,2999.0
29998,20139,14,1,1599.0
29999,20139,10,1,299.0
30000,20140,6,3,1499.0
30001,20141,1,1,2499.0
30002,20141,11,1,199.0
30003,20141,14,1,1599.0
30004,20142,30,2,799.0
30005,20143,8,1,2999.0
30006,20144,27,3,599.0
30007,20144,25,3,499.0
30008,20145,10,1,299.0
30009,20145,15,1,1199.0
30010,20146,11,1,199.0
30011,20147,7,2,599.0
30012,20147,24,1,899.0
30013,20148,6,1,1499.0
30014,20148,26,1,999.0
30015,20148,18,1,899.0
30016,20149,17,2,4999.0
30017,20150,30,1,799.0
30018,20150,4,2,1299.0
30019,20150,4,2,1299.0
30020,20151,27,1,599.0
30021,20151,11,2,199.0
30022,20152,22,1,699.0
30023,20152,1,1,2499.0
30024,20153,11,1,199.0
30025,20154,1,1,2499.0
30026,20155,14,1,1599.0
30027,20156,19,1,4499.0
30028,20157,6,1,1499.0
30029,20157,24,2,899.0
30030,20158,13,1,799.0
30031,20158,29,2,1999.0
30032,20158,3,3,3499.0
30033,20159,23,2,399.0
30034,20159,16,1,3999.0
30035,20160,4,2,1299.0
30036,20160,30,1,799.0
30037,20161,16,3,3999.0
30038,20162,2,2,1799.0
30039,20162,23,1,399.0
30040,20163,27,1,599.0
30041,20164,28,1,499.0
30042,20164,23,1,399.0
30043,20165,23,1,399.0
30044,20166,20,1,3999.0
30045,20166,15,1,1199.0
30046,20167,4,1,1299.0
30047,20168,7,1,599.0
30048,20168,1,1,2499.0
30049,20168,1,2,2499.0
30050,20169,22,1,699.0
30051,20170,25,1,499.0
30052,20171,29,3,1999.0
30053,20172,19,1,4499.0
30054,20173,18,1,899.0
30055,20174,1,1,2499.0
30056,20174,7,1,599.0
30057,20175,30,3,799.0
30058,20176,8,2,2999.0
30059,20176,20,2,3999.0
30060,20177,25,2,499.0
30061,20177,19,1,4499.0
30062,20178,8,1,2999.0
30063,20179,2,1,1799.0
30064,20179,6,2,1499.0
30065,20180,9,1,899.0
30066,20181,21,1,1099.0
30067,20182,6,1,1499.0
30068,20183,19,2,4499.0
30069,20184,23,1,399.0
30070,20185,3,1,3499.0
30071,20186,4,1,1299.0
30072,20186,3,1,3499.0
30073,20186,24,1,899.0
30074,20187,24,1,899.0
30075,20188,20,1,3999.0
30076,20189,30,2,799.0
30077,20190,24,2,899.0
30078,20191,11,1,199.0
30079,20191,2,1,1799.0
30080,20192,25,3,499.0
30081,20193,22,1,699.0
30082,20194,13,1,799.0
30083,20195,19,1,4499.0
30084,20195,24,1,899.0
30085,20196,3,1,3499.0
30086,20197,23,1,399.0
30087,20198,21,3,1099.0
30088,20198,30,1,799.0
30089,20199,22,1,699.0
30090,20200,15,1,1199.0
30091,20201,9,2,899.0
30092,20202,8,1,2999.0
30093,20202,11,1,199.0
30094,20202,7,1,599.0
30095,20203,19,1,4499.0
30096,20204,25,1,499.0
30097,20204,27,1,599.0
30098,20205,18,1,899.0
30099,20206,11,3,199.0
30100,20207,30,1,799.0
30101,20208,3,3,3499.0
30102,20208,20,1,3999.0
30103,20209,19,1,4499.0
30104,20209,10,1,299.0
30105,20210,17,2,4999.0
30106,20211,18,1,899.0
30107,20211,23,1,399.0
30108,20212,11,2,199.0
30109,20212,17,1,4999.0
30110,20213,19,1,4499.0
30111,20213,24,3,899.0
30112,20214,1,2,2499.0
30113,20214,23,1,399.0
30114,20215,10,1,299.0
30115,20215,15,1,1199.0
30116,20216,30,1,799.0
30117,20216,7,2,599.0
30118,20216,5,1,999.0
30119,20217,1,1,2499.0
30120,20217,26,1,999.0
30121,20218,30,2,799.0
30122,20218,12,1,1299.0
30123,20218,4,1,1299.0
30124,20219,19,3,4499.0
30125,20220,4,2,1299.0
30126,20221,19,1,4499.0
30127,20222,27,1,599.0
30128,20223,8,2,2999.0
30129,20224,26,1,999.0
30130,20225,17,1,4999.0
30131,20226,22,1,699.0
30132,20226,28,1,499.0
30133,20227,9,2,899.0
30134,20228,25,1,499.0
30135,20228,25,1,499.0
30136,20229,19,1,4499.0
30137,20229,7,1,599.0
30138,20229,12,1,1299.0
30139,20230,8,1,2999.0
30140,20231,19,1,4499.0
30141,20231,4,1,1299.0
30142,20231,9,1,899.0
30143,20232,30,3,799.0
30144,20232,1,1,2499.0
30145,20232,29,1,1999.0
30146,20233,25,1,499.0
