order_id,customer_id,order_date,city
1,224,2025-10-05,Hyderabad
2,734,2025-10-31,Bangalore
3,1444,2025-10-23,Ahmedabad
4,101,2025-10-22,Delhi
5,927,2025-10-18,Hyderabad
6,456,2025-10-05,Bangalore
7,173,2025-10-19,Hyderabad
8,405,2025-10-29,Pune
9,104,2025-10-06,Pune
10,305,2025-10-02,Bangalore
11,785,2025-10-05,Pune
12,1114,2025-10-26,Bangalore
13,993,2025-10-12,Hyderabad
14,1085,2025-10-12,Delhi
15,1510,2025-10-02,Delhi
16,356,2025-10-06,Delhi
17,1212,2025-10-01,Bangalore
18,1009,2025-10-18,Ahmedabad
19,449,2025-10-01,Bangalore
20,268,2025-10-11,Bangalore
21,1586,2025-10-04,Delhi
22,619,2025-10-11,Hyderabad
23,998,2025-10-21,Mumbai
24,1257,2025-10-26,Kolkata
25,1504,2025-10-23,Chennai
26,1174,2025-10-13,Pune
27,1310,2025-10-19,Hyderabad
28,711,2025-10-11,Mumbai
29,1309,2025-10-24,Chennai
30,3,2025-10-02,Delhi
31,1010,2025-10-29,Mumbai
32,1184,2025-10-21,Mumbai
33,215,2025-10-03,Kolkata
34,191,2025-10-11,Delhi
35,890,2025-10-06,Chennai
36,1135,2025-10-24,Ahmedabad
37,1356,2025-10-21,Bangalore
38,632,2025-10-26,Ahmedabad
39,1115,2025-10-13,Bangalore
40,540,2025-10-15,Mumbai
41,1541,2025-10-23,Hyderabad
42,793,2025-10-27,Mumbai
43,1173,2025-10-29,Delhi
44,72,2025-10-17,Hyderabad
45,302,2025-10-04,Mumbai
46,1219,2025-10-09,Bangalore
47,1140,2025-10-13,Pune
48,26,2025-10-26,Mumbai
49,206,2025-10-30,Bangalore
50,705,2025-10-29,Mumbai
51,77,2025-10-06,Mumbai
52,80,2025-10-13,Kolkata
53,575,2025-10-27,Hyderabad
54,276,2025-10-10,Pune
55,1556,2025-10-17,Pune
56,1074,2025-10-29,Chennai
57,119,2025-10-08,Ahmedabad
58,755,2025-10-27,Pune
59,496,2025-10-12,Pune
60,1130,2025-10-12,Pune
61,186,2025-10-10,Kolkata
62,439,2025-10-28,Hyderabad
63,1052,2025-10-01,Bangalore
64,459,2025-10-09,Pune
65,941,2025-10-09,Delhi
66,1198,2025-10-04,Chennai
67,1150,2025-10-21,Mumbai
68,689,2025-10-09,Bangalore
69,1568,2025-10-08,Chennai
70,1343,2025-10-16,Hyderabad
71,1095,2025-10-21,Kolkata
72,371,2025-10-10,Bangalore
73,1563,2025-10-30,Bangalore
74,728,2025-10-08,Bangalore
75,964,2025-10-02,Ahmedabad
76,782,2025-10-17,Pune
77,411,2025-10-11,Mumbai
78,648,2025-10-28,Delhi
79,1559,2025-10-25,Delhi
80,181,2025-10-05,Chennai
81,765,2025-10-31,Bangalore
82,1386,2025-10-01,Delhi
83,343,2025-10-03,Delhi
84,275,2025-10-11,Ahmedabad
85,253,2025-10-12,Hyderabad
86,99,2025-10-22,Mumbai
87,910,2025-10-13,Bangalore
88,1405,2025-10-21,Hyderabad
89,1276,2025-10-20,Pune
90,1020,2025-10-07,Kolkata
91,1123,2025-10-16,Mumbai
92,1597,2025-10-17,Pune
93,936,2025-10-10,Chennai
94,596,2025-10-12,Delhi
95,1359,2025-10-21,Bangalore
96,1502,2025-10-03,Hyderabad
97,935,2025-10-09,Pune
98,1488,2025-10-02,Bangalore
99,1402,2025-10-29,Bangalore
100,26,2025-10-23,Mumbai
101,1064,2025-10-17,Ahmedabad
102,305,2025-10-27,Bangalore
103,154,2025-10-25,Delhi
104,457,2025-10-18,Bangalore
105,916,2025-10-11,Chennai
106,845,2025-10-02,Bangalore
107,1268,2025-10-21,Pune
108,699,2025-10-12,Bangalore
109,745,2025-10-23,Chennai
110,1122,2025-10-17,Pune
111,1469,2025-10-24,Mumbai
112,391,2025-10-23,Delhi
113,1377,2025-10-19,Chennai
114,1033,2025-10-05,Chennai
115,356,2025-10-24,Delhi
116,1248,2025-10-30,Bangalore
117,1234,2025-10-23,Hyderabad
118,446,2025-10-07,Hyderabad
119,272,2025-10-23,Ahmedabad
120,984,2025-10-19,Hyderabad
121,1094,2025-10-10,Chennai
122,547,2025-10-25,Pune
123,1109,2025-10-02,Kolkata
124,1151,2025-10-28,Bangalore
125,1426,2025-10-10,Hyderabad
126,111,2025-10-01,Chennai
127,1454,2025-10-21,Hyderabad
128,1485,2025-10-31,Chennai
129,356,2025-10-24,Delhi
130,267,2025-10-06,Chennai
131,318,2025-10-02,Hyderabad
132,1261,2025-10-27,Mumbai
133,377,2025-10-17,Mumbai
134,189,2025-10-12,Pune
135,448,2025-10-31,Ahmedabad
136,913,2025-10-08,Chennai
137,580,2025-10-01,Hyderabad
138,343,2025-10-31,Delhi
139,213,2025-10-07,Mumbai
140,1325,2025-10-27,Delhi
141,467,2025-10-30,Delhi
142,35,2025-10-13,Chennai
143,149,2025-10-12,Ahmedabad
144,1093,2025-10-08,Kolkata
145,1299,2025-10-05,Chennai
146,1327,2025-10-12,Mumbai
147,1519,2025-10-29,Pune
148,518,2025-10-07,Pune
149,1539,2025-10-30,Mumbai
150,1375,2025-10-21,Delhi
151,996,2025-10-15,Delhi
152,1161,2025-10-12,Ahmedabad
153,567,2025-10-27,Delhi
154,913,2025-10-12,Chennai
155,1104,2025-10-07,Pune
156,39,2025-10-28,Chennai
157,1209,2025-10-07,Delhi
158,596,2025-10-05,Delhi
159,1358,2025-10-08,Mumbai
160,1159,2025-10-22,Pune
161,542,2025-10-12,Hyderabad
162,795,2025-10-16,Pune
163,1168,2025-10-06,Chennai
164,160,2025-10-17,Ahmedabad
165,707,2025-10-16,Pune
166,576,2025-10-07,Mumbai
167,1354,2025-10-08,Hyderabad
168,982,2025-10-07,Hyderabad
169,262,2025-10-19,Chennai
170,301,2025-10-02,Pune
171,1155,2025-10-21,Hyderabad
172,176,2025-10-07,Hyderabad
173,842,2025-10-20,Mumbai
174,1047,2025-10-09,Mumbai
175,141,2025-10-08,Hyderabad
176,1033,2025-10-22,Chennai
177,1260,2025-10-20,Mumbai
178,988,2025-10-22,Bangalore
179,1587,2025-10-22,Pune
180,781,2025-10-12,Ahmedabad
181,201,2025-10-14,Bangalore
182,581,2025-10-20,Delhi
183,15,2025-10-13,Delhi
184,1098,2025-10-14,Bangalore
185,418,2025-10-14,Pune
186,991,2025-10-09,Delhi
187,206,2025-10-07,Bangalore
188,1402,2025-10-23,Bangalore
189,298,2025-10-16,Pune
190,1458,2025-10-31,Chennai
191,900,2025-10-01,Mumbai
192,69,2025-10-26,Bangalore
193,74,2025-10-12,Hyderabad
194,1597,2025-10-13,Pune
195,1510,2025-10-23,Delhi
196,1194,2025-10-12,Chennai
197,932,2025-10-30,Delhi
198,1145,2025-10-03,Bangalore
199,528,2025-10-29,Pune
200,773,2025-10-19,Chennai
201,1396,2025-10-15,Delhi
202,1437,2025-10-08,Hyderabad
203,818,2025-10-22,Chennai
204,375,2025-10-31,Bangalore
205,470,2025-10-07,Hyderabad
206,1009,2025-10-20,Ahmedabad
207,761,2025-10-20,Delhi
208,563,2025-10-16,Chennai
209,1537,2025-10-19,Hyderabad
210,67,2025-10-17,Mumbai
211,247,2025-10-23,Mumbai
212,778,2025-10-19,Delhi
213,539,2025-10-08,Delhi
214,869,2025-10-07,Bangalore
215,924,2025-10-06,Delhi
216,1477,2025-10-09,Kolkata
217,20,2025-10-06,Chennai
218,1094,2025-10-24,Chennai
219,98,2025-10-13,Kolkata
220,1290,2025-10-04,Mumbai
221,528,2025-10-12,Pune
222,408,2025-10-19,Chennai
223,728,2025-10-11,Bangalore
224,297,2025-10-28,Delhi
225,1171,2025-10-13,Delhi
226,1321,2025-10-13,Ahmedabad
227,1203,2025-10-17,Kolkata
228,970,2025-10-18,Hyderabad
229,213,2025-10-09,Mumbai
230,259,2025-10-05,Pune
231,667,2025-10-28,Mumbai
232,912,2025-10-05,Mumbai
233,712,2025-10-16,Bangalore
234,533,2025-10-05,Chennai
235,705,2025-10-10,Mumbai
236,978,2025-10-10,Delhi
237,15,2025-10-18,Delhi
238,335,2025-10-23,Delhi
239,1256,2025-10-26,Bangalore
240,280,2025-10-10,Bangalore
241,1008,2025-10-07,Delhi
242,552,2025-10-05,Delhi
243,1021,2025-10-12,Hyderabad
244,300,2025-10-02,Ahmedabad
245,513,2025-10-27,Hyderabad
246,789,2025-10-25,Chennai
247,662,2025-10-06,Delhi
248,107,2025-10-28,Bangalore
249,811,2025-10-26,Bangalore
250,1410,2025-10-20,Mumbai
251,1405,2025-10-20,Hyderabad
252,729,2025-10-21,Chennai
253,649,2025-10-18,Hyderabad
254,276,2025-10-09,Pune
255,713,2025-10-11,Pune
256,606,2025-10-27,Bangalore
257,777,2025-10-24,Delhi
258,490,2025-10-11,Hyderabad
259,1256,2025-10-10,Bangalore
260,137,2025-10-02,Bangalore
261,796,2025-10-22,Ahmedabad
262,1471,2025-10-03,Pune
263,164,2025-10-15,Delhi
264,1264,2025-10-09,Mumbai
265,443,2025-10-31,Mumbai
266,396,2025-10-17,Chennai
267,1181,2025-10-12,Hyderabad
268,1347,2025-10-06,Mumbai
269,1127,2025-10-11,Ahmedabad
270,769,2025-10-25,Mumbai
271,814,2025-10-01,Delhi
272,455,2025-10-07,Bangalore
273,1171,2025-10-05,Delhi
274,1193,2025-10-08,Kolkata
275,446,2025-10-24,Hyderabad
276,1413,2025-10-23,Chennai
277,1497,2025-10-26,Chennai
278,713,2025-10-29,Pune
279,24,2025-10-21,Kolkata
280,104,2025-10-22,Pune
281,808,2025-10-05,Kolkata
282,175,2025-10-13,Mumbai
283,1146,2025-10-07,Delhi
284,1507,2025-10-17,Hyderabad
285,1180,2025-10-03,Pune
286,706,2025-10-20,Delhi
287,903,2025-10-02,Delhi
288,590,2025-10-01,Delhi
289,680,2025-10-07,Ahmedabad
290,1424,2025-10-23,Hyderabad
291,1427,2025-10-20,Mumbai
292,1353,2025-10-09,Pune
293,780,2025-10-17,Delhi
294,625,2025-10-11,Kolkata
295,728,2025-10-21,Bangalore
296,127,2025-10-21,Mumbai
297,1137,2025-10-31,Mumbai
298,180,2025-10-24,Kolkata
299,466,2025-10-14,Hyderabad
300,675,2025-10-15,Chennai
301,415,2025-10-28,Pune
302,881,2025-10-30,Hyderabad
303,1490,2025-10-01,Pune
304,1513,2025-10-09,Delhi
305,1162,2025-10-20,Delhi
306,1410,2025-10-25,Mumbai
307,766,2025-10-06,Pune
308,456,2025-10-24,Bangalore
309,1409,2025-10-11,Ahmedabad
310,808,2025-10-20,Kolkata
311,504,2025-10-17,Mumbai
312,1568,2025-10-21,Chennai
313,292,2025-10-15,Pune
314,278,2025-10-13,Pune
315,1460,2025-10-29,Delhi
316,1458,2025-10-26,Chennai
317,1299,2025-10-12,Chennai
318,1254,2025-10-31,Kolkata
319,687,2025-10-19,Pune
320,1496,2025-10-25,Bangalore
321,12,2025-10-20,Delhi
322,502,2025-10-29,Hyderabad
323,101,2025-10-06,Delhi
324,1367,2025-10-19,Delhi
325,1434,2025-10-20,Delhi
326,738,2025-10-30,Delhi
327,139,2025-10-25,Mumbai
328,1423,2025-10-28,Pune
329,1254,2025-10-02,Kolkata
330,991,2025-10-24,Delhi
331,1277,2025-10-12,Bangalore
332,243,2025-10-01,Bangalore
333,1261,2025-10-14,Mumbai
334,24,2025-10-21,Kolkata
335,1038,2025-10-18,Delhi
336,1484,2025-10-19,Bangalore
337,73,2025-10-21,Delhi
338,687,2025-10-15,Pune
339,1098,2025-10-01,Bangalore
340,725,2025-10-03,Hyderabad
341,1540,2025-10-10,Ahmedabad
342,620,2025-10-07,Bangalore
343,909,2025-10-17,Ahmedabad
344,991,2025-10-24,Delhi
345,272,2025-10-07,Ahmedabad
346,1218,2025-10-28,Mumbai
347,1350,2025-10-24,Ahmedabad
348,658,2025-10-07,Hyderabad
349,241,2025-10-09,Bangalore
350,1053,2025-10-04,Bangalore
351,1443,2025-10-26,Ahmedabad
352,694,2025-10-18,Bangalore
353,217,2025-10-13,Chennai
354,1214,2025-10-21,Delhi
355,1093,2025-10-03,Kolkata
356,954,2025-10-16,Mumbai
357,745,2025-10-13,Chennai
358,666,2025-10-15,Hyderabad
359,350,2025-10-10,Chennai
360,1331,2025-10-03,Bangalore
361,787,2025-10-03,Chennai
362,892,2025-10-19,Kolkata
363,997,2025-10-04,Delhi
364,361,2025-10-10,Hyderabad
365,1190,2025-10-29,Delhi
366,916,2025-10-07,Chennai
367,1392,2025-10-10,Mumbai
368,128,2025-10-12,Delhi
369,1281,2025-10-11,Mumbai
370,738,2025-10-27,Delhi
371,24,2025-10-03,Kolkata
372,852,2025-10-28,Pune
373,369,2025-10-15,Mumbai
374,381,2025-10-14,Hyderabad
375,752,2025-10-02,Mumbai
376,1596,2025-10-09,Ahmedabad
377,968,2025-10-21,Bangalore
378,704,2025-10-18,Mumbai
379,604,2025-10-10,Bangalore
380,1155,2025-10-09,Hyderabad
381,598,2025-10-26,Mumbai
382,1262,2025-10-09,Hyderabad
383,1212,2025-10-24,Bangalore
384,1436,2025-10-08,Chennai
385,173,2025-10-31,Hyderabad
386,846,2025-10-25,Bangalore
387,1184,2025-10-24,Mumbai
388,976,2025-10-24,Delhi
389,783,2025-10-22,Bangalore
390,1089,2025-10-21,Delhi
391,559,2025-10-11,Bangalore
392,945,2025-10-25,Bangalore
393,642,2025-10-18,Ahmedabad
394,1076,2025-10-04,Pune
395,1217,2025-10-22,Mumbai
396,770,2025-10-22,Mumbai
397,1353,2025-10-30,Pune
398,1418,2025-10-29,Delhi
399,124,2025-10-09,Delhi
400,448,2025-10-20,Ahmedabad
401,914,2025-10-01,Bangalore
402,802,2025-10-19,Delhi
403,828,2025-10-28,Kolkata
404,249,2025-10-19,Delhi
405,114,2025-10-21,Bangalore
406,787,2025-10-22,Chennai
407,736,2025-10-16,Ahmedabad
408,396,2025-10-01,Chennai
409,921,2025-10-31,Mumbai
410,1099,2025-10-05,Pune
411,1267,2025-10-02,Delhi
412,630,2025-10-27,Delhi
413,1261,2025-10-08,Mumbai
414,1512,2025-10-22,Hyderabad
415,659,2025-10-27,Mumbai
416,499,2025-10-30,Delhi
417,771,2025-10-25,Pune
418,582,2025-10-14,Delhi
419,490,2025-10-31,Hyderabad
420,1254,2025-10-31,Kolkata
421,1143,2025-10-08,Bangalore
422,1559,2025-10-18,Delhi
423,109,2025-10-07,Chennai
424,1019,2025-10-06,Ahmedabad
425,430,2025-10-14,Pune
426,214,2025-10-24,Mumbai
427,146,2025-10-29,Delhi
428,1531,2025-10-22,Mumbai
429,452,2025-10-03,Bangalore
430,1249,2025-10-15,Hyderabad
431,735,2025-10-09,Mumbai
432,280,2025-10-04,Bangalore
433,1307,2025-10-31,Bangalore
434,444,2025-10-19,Hyderabad
435,506,2025-10-08,Hyderabad
436,306,2025-10-30,Pune
437,69,2025-10-14,Bangalore
438,927,2025-10-16,Hyderabad
439,447,2025-10-05,Bangalore
440,1441,2025-10-15,Mumbai
441,759,2025-10-21,Mumbai
442,1415,2025-10-11,Bangalore
443,1255,2025-10-18,Delhi
444,688,2025-10-24,Bangalore
445,1444,2025-10-03,Ahmedabad
446,1106,2025-10-04,Chennai
447,657,2025-10-12,Mumbai
448,252,2025-10-16,Hyderabad
449,135,2025-10-07,Mumbai
450,566,2025-10-04,Mumbai
451,1109,2025-10-30,Kolkata
452,598,2025-10-07,Mumbai
453,1321,2025-10-11,Ahmedabad
454,1216,2025-10-22,Pune
455,533,2025-10-08,Chennai
456,934,2025-10-31,Mumbai
457,360,2025-10-27,Ahmedabad
458,903,2025-10-09,Delhi
459,705,2025-10-05,Mumbai
460,52,2025-10-13,Bangalore
461,594,2025-10-31,Mumbai
462,231,2025-10-24,Bangalore
463,51,2025-10-13,Bangalore
464,1572,2025-10-09,Delhi
465,179,2025-10-17,Delhi
466,115,2025-10-30,Bangalore
467,631,2025-10-15,Chennai
468,1491,2025-10-29,Chennai
469,177,2025-10-05,Hyderabad
470,136,2025-10-30,Chennai
471,381,2025-10-27,Hyderabad
472,1199,2025-10-10,Delhi
473,316,2025-10-09,Pune
474,1364,2025-10-29,Bangalore
475,59,2025-10-04,Bangalore
476,529,2025-10-21,Hyderabad
477,1192,2025-10-02,Pune
478,109,2025-10-09,Chennai
479,1309,2025-10-30,Chennai
480,1227,2025-10-25,Bangalore
481,617,2025-10-09,Mumbai
482,764,2025-10-25,Pune
483,317,2025-10-17,Pune
484,1077,2025-10-28,Chennai
485,944,2025-10-30,Bangalore
486,639,2025-10-23,Mumbai
487,1564,2025-10-11,Mumbai
488,264,2025-10-28,Kolkata
489,229,2025-10-03,Bangalore
490,68,2025-10-26,Ahmedabad
491,1233,2025-10-07,Bangalore
492,1188,2025-10-12,Kolkata
493,1035,2025-10-19,Pune
494,1466,2025-10-07,Pune
495,220,2025-10-06,Chennai
496,955,2025-10-04,Delhi
497,1479,2025-10-02,Mumbai
498,1508,2025-10-10,Delhi
499,975,2025-10-31,Mumbai
500,175,2025-10-04,Mumbai
501,346,2025-10-03,Chennai
502,828,2025-10-04,Kolkata
503,1569,2025-10-19,Pune
504,730,2025-10-16,Hyderabad
505,1003,2025-10-16,Hyderabad
506,140,2025-10-16,Bangalore
507,157,2025-10-22,Bangalore
508,704,2025-10-26,Mumbai
509,942,2025-10-02,Delhi
510,1447,2025-10-06,Kolkata
511,225,2025-10-19,Bangalore
512,802,2025-10-09,Delhi
513,583,2025-10-11,Ahmedabad
514,1520,2025-10-19,Bangalore
515,707,2025-10-12,Pune
516,640,2025-10-19,Kolkata
517,348,2025-10-01,Delhi
518,1055,2025-10-29,Delhi
519,1169,2025-10-13,Delhi
520,422,2025-10-11,Mumbai
521,614,2025-10-12,Chennai
522,463,2025-10-20,Pune
523,974,2025-10-14,Mumbai
524,615,2025-10-14,Mumbai
525,39,2025-10-21,Chennai
526,1307,2025-10-18,Bangalore
527,948,2025-10-05,Pune
528,841,2025-10-11,Mumbai
529,1407,2025-10-20,Delhi
530,995,2025-10-18,Bangalore
531,87,2025-10-31,Ahmedabad
532,834,2025-10-29,Pune
533,1484,2025-10-27,Bangalore
534,1069,2025-10-22,Hyderabad
535,642,2025-10-11,Ahmedabad
536,439,2025-10-09,Hyderabad
537,768,2025-10-23,Kolkata
538,44,2025-10-21,Kolkata
539,1435,2025-10-12,Chennai
540,1550,2025-10-08,Pune
541,650,2025-10-29,Pune
542,1510,2025-10-14,Delhi
543,1122,2025-10-24,Pune
544,377,2025-10-21,Mumbai
545,626,2025-10-11,Chennai
546,1573,2025-10-27,Mumbai
547,274,2025-10-09,Bangalore
548,173,2025-10-14,Hyderabad
549,1169,2025-10-08,Delhi
550,469,2025-10-30,Kolkata
551,102,2025-10-13,Chennai
552,1584,2025-10-30,Delhi
553,884,2025-10-28,Ahmedabad
554,388,2025-10-14,Ahmedabad
555,483,2025-10-20,Bangalore
556,176,2025-10-01,Hyderabad
557,435,2025-10-23,Chennai
558,1141,2025-10-02,Ahmedabad
559,1242,2025-10-31,Mumbai
560,809,2025-10-22,Delhi
561,534,2025-10-06,Hyderabad
562,650,2025-10-23,Pune
563,576,2025-10-24,Mumbai
564,1560,2025-10-30,Delhi
565,1007,2025-10-25,Mumbai
566,957,2025-10-14,Delhi
567,1453,2025-10-18,Hyderabad
568,254,2025-10-12,Bangalore
569,1042,2025-10-27,Chennai
570,9,2025-10-17,Mumbai
571,583,2025-10-22,Ahmedabad
572,12,2025-10-11,Delhi
573,114,2025-10-24,Bangalore
574,365,2025-10-08,Mumbai
575,1006,2025-10-26,Pune
576,269,2025-10-12,Hyderabad
577,867,2025-10-03,Delhi
578,950,2025-10-22,Pune
579,1290,2025-10-21,Mumbai
580,979,2025-10-10,Chennai
581,1072,2025-10-14,Delhi
582,871,2025-10-14,Mumbai
583,522,2025-10-19,Delhi
584,368,2025-10-26,Chennai
585,610,2025-10-11,Chennai
586,543,2025-10-11,Pune
587,352,2025-10-21,Delhi
588,1233,2025-10-24,Bangalore
589,1380,2025-10-31,Hyderabad
590,429,2025-10-16,Delhi
591,950,2025-10-05,Pune
592,1439,2025-10-15,Hyderabad
593,1461,2025-10-14,Kolkata
594,1390,2025-10-29,Mumbai
595,1328,2025-10-14,Mumbai
596,1488,2025-10-07,Bangalore
597,1403,2025-10-11,Chennai
598,738,2025-10-26,Delhi
599,1415,2025-10-24,Bangalore
600,1008,2025-10-04,Delhi
601,535,2025-10-12,Chennai
602,465,2025-10-04,Kolkata
603,1576,2025-10-02,Delhi
604,104,2025-10-30,Pune
605,1039,2025-10-04,Chennai
606,1492,2025-10-10,Mumbai
607,252,2025-10-28,Hyderabad
608,588,2025-10-17,Ahmedabad
609,1290,2025-10-22,Mumbai
610,283,2025-10-26,Chennai
611,1058,2025-10-26,Hyderabad
612,693,2025-10-11,Bangalore
613,76,2025-10-22,Delhi
614,1436,2025-10-18,Chennai
615,301,2025-10-23,Pune
616,1267,2025-10-21,Delhi
617,1589,2025-10-07,Hyderabad
618,1108,2025-10-10,Mumbai
619,1302,2025-10-06,Chennai
620,1586,2025-10-10,Delhi
621,98,2025-10-25,Kolkata
622,1192,2025-10-19,Pune
623,1465,2025-10-19,Bangalore
624,740,2025-10-15,Chennai
625,128,2025-10-14,Delhi
626,809,2025-10-28,Delhi
627,1003,2025-10-24,Hyderabad
628,970,2025-10-02,Hyderabad
629,1171,2025-10-10,Delhi
630,622,2025-10-10,Bangalore
631,100,2025-10-30,Delhi
632,92,2025-10-14,Bangalore
633,773,2025-10-16,Chennai
634,306,2025-10-28,Pune
635,94,2025-10-31,Mumbai
636,1581,2025-10-23,Ahmedabad
637,1268,2025-10-18,Pune
638,975,2025-10-17,Mumbai
639,1446,2025-10-27,Ahmedabad
640,48,2025-10-11,Bangalore
641,527,2025-10-03,Pune
642,524,2025-10-25,Bangalore
643,1259,2025-10-31,Hyderabad
644,656,2025-10-05,Kolkata
645,248,2025-10-02,Bangalore
646,1541,2025-10-17,Hyderabad
647,834,2025-10-03,Pune
648,552,2025-10-18,Delhi
649,292,2025-10-12,Pune
650,1137,2025-10-15,Mumbai
651,1338,2025-10-06,Mumbai
652,1393,2025-10-13,Chennai
653,287,2025-10-24,Mumbai
654,652,2025-10-29,Hyderabad
655,700,2025-10-07,Bangalore
656,1324,2025-10-30,Pune
657,847,2025-10-18,Pune
658,64,2025-10-29,Pune
659,363,2025-10-27,Delhi
660,41,2025-10-25,Delhi
661,1257,2025-10-21,Kolkata
662,744,2025-10-02,Bangalore
663,402,2025-10-27,Kolkata
664,1377,2025-10-22,Chennai
665,1072,2025-10-24,Delhi
666,1148,2025-10-29,Bangalore
667,107,2025-10-28,Bangalore
668,570,2025-10-30,Bangalore
669,168,2025-10-29,Mumbai
670,868,2025-10-31,Mumbai
671,1283,2025-10-21,Chennai
672,1283,2025-10-30,Chennai
673,698,2025-10-27,Delhi
674,1589,2025-10-20,Hyderabad
675,262,2025-10-02,Chennai
676,1541,2025-10-14,Hyderabad
677,877,2025-10-29,Ahmedabad
678,222,2025-10-04,Chennai
679,1174,2025-10-05,Pune
680,124,2025-10-05,Delhi
681,638,2025-10-19,Hyderabad
682,487,2025-10-17,Chennai
683,141,2025-10-11,Hyderabad
684,1419,2025-10-11,Mumbai
685,87,2025-10-16,Ahmedabad
686,1278,2025-10-07,Hyderabad
687,1516,2025-10-13,Bangalore
688,152,2025-10-12,Ahmedabad
689,1200,2025-10-30,Kolkata
690,696,2025-10-28,Bangalore
691,208,2025-10-01,Mumbai
692,758,2025-10-26,Bangalore
693,1277,2025-10-29,Bangalore
694,268,2025-10-26,Bangalore
695,880,2025-10-21,Delhi
696,1097,2025-10-10,Delhi
697,1002,2025-10-07,Pune
698,1539,2025-10-17,Mumbai
699,1077,2025-10-23,Chennai
700,1307,2025-10-30,Bangalore
701,871,2025-10-29,Mumbai
702,174,2025-10-05,Hyderabad
703,924,2025-10-15,Delhi
704,51,2025-10-06,Bangalore
705,604,2025-10-27,Bangalore
706,467,2025-10-04,Delhi
707,1383,2025-10-11,Hyderabad
708,391,2025-10-23,Delhi
709,578,2025-10-27,Ahmedabad
710,1552,2025-10-21,Chennai
711,815,2025-10-08,Pune
712,1132,2025-10-25,Ahmedabad
713,385,2025-10-14,Ahmedabad
714,263,2025-10-10,Delhi
715,668,2025-10-19,Mumbai
716,677,2025-10-19,Mumbai
717,1095,2025-10-13,Kolkata
718,624,2025-10-03,Kolkata
719,1236,2025-10-16,Bangalore
720,422,2025-10-08,Mumbai
721,23,2025-10-06,Pune
722,265,2025-10-18,Mumbai
723,423,2025-10-05,Bangalore
724,416,2025-10-17,Hyderabad
725,506,2025-10-17,Hyderabad
726,81,2025-10-24,Mumbai
727,1458,2025-10-26,Chennai
728,511,2025-10-06,Kolkata
729,90,2025-10-08,Ahmedabad
730,445,2025-10-30,Chennai
731,157,2025-10-25,Bangalore
732,518,2025-10-07,Pune
733,1536,2025-10-15,Mumbai
734,22,2025-10-09,Mumbai
735,993,2025-10-15,Hyderabad
736,288,2025-10-16,Bangalore
737,159,2025-10-22,Ahmedabad
738,443,2025-10-15,Mumbai
739,632,2025-10-15,Ahmedabad
740,512,2025-10-12,Kolkata
741,1361,2025-10-06,Mumbai
742,1110,2025-10-13,Hyderabad
743,571,2025-10-21,Chennai
744,1460,2025-10-18,Delhi
745,796,2025-10-22,Ahmedabad
746,1047,2025-10-21,Mumbai
747,878,2025-10-25,Hyderabad
748,414,2025-10-05,Delhi
749,909,2025-10-24,Ahmedabad
750,591,2025-10-25,Pune
751,1105,2025-10-02,Bangalore
752,395,2025-10-02,Delhi
753,484,2025-10-17,Ahmedabad
754,502,2025-10-14,Hyderabad
755,1302,2025-10-07,Chennai
756,816,2025-10-13,Mumbai
757,1558,2025-10-05,Pune
758,1219,2025-10-18,Bangalore
759,929,2025-10-10,Hyderabad
760,962,2025-10-07,Bangalore
761,1486,2025-10-12,Delhi
762,765,2025-10-13,Bangalore
763,80,2025-10-30,Kolkata
764,523,2025-10-25,Mumbai
765,71,2025-10-30,Pune
766,1395,2025-10-05,Mumbai
767,26,2025-10-04,Mumbai
768,387,2025-10-29,Hyderabad
769,1092,2025-10-22,Bangalore
770,1173,2025-10-25,Delhi
771,4,2025-10-04,Chennai
772,1502,2025-10-14,Hyderabad
773,373,2025-10-17,Delhi
774,1284,2025-10-30,Delhi
775,1200,2025-10-08,Kolkata
776,1540,2025-10-31,Ahmedabad
777,1070,2025-10-26,Kolkata
778,996,2025-10-16,Delhi
779,740,2025-10-22,Chennai
780,206,2025-10-01,Bangalore
781,285,2025-10-01,Hyderabad
782,1350,2025-10-28,Ahmedabad
783,660,2025-10-01,Ahmedabad
784,1514,2025-10-20,Pune
785,206,2025-10-24,Bangalore
786,1172,2025-10-26,Bangalore
787,957,2025-10-06,Delhi
788,1434,2025-10-03,Delhi
789,669,2025-10-29,Delhi
790,1374,2025-10-04,Bangalore
791,1180,2025-10-25,Pune
792,478,2025-10-08,Bangalore
793,1213,2025-10-30,Ahmedabad
794,642,2025-10-31,Ahmedabad
795,389,2025-10-28,Hyderabad
796,259,2025-10-17,Pune
797,1024,2025-10-22,Hyderabad
798,1440,2025-10-02,Delhi
799,1447,2025-10-19,Kolkata
800,772,2025-10-02,Pune
801,999,2025-10-24,Hyderabad
802,45,2025-10-18,Kolkata
803,802,2025-10-13,Delhi
804,1436,2025-10-28,Chennai
805,111,2025-10-28,Chennai
806,1334,2025-10-01,Chennai
807,303,2025-10-13,Bangalore
808,1216,2025-10-14,Pune
809,1374,2025-10-22,Bangalore
810,1296,2025-10-21,Pune
811,1314,2025-10-22,Delhi
812,1440,2025-10-14,Delhi
813,1101,2025-10-06,Kolkata
814,1086,2025-10-16,Ahmedabad
815,1335,2025-10-04,Chennai
816,252,2025-10-02,Hyderabad
817,1543,2025-10-02,Chennai
818,352,2025-10-14,Delhi
819,722,2025-10-20,Bangalore
820,486,2025-10-02,Delhi
821,1234,2025-10-18,Hyderabad
822,153,2025-10-18,Kolkata
823,171,2025-10-31,Chennai
824,145,2025-10-21,Mumbai
825,1239,2025-10-06,Mumbai
826,54,2025-10-31,Bangalore
827,744,2025-10-30,Bangalore
828,21,2025-10-04,Mumbai
829,253,2025-10-06,Hyderabad
830,196,2025-10-17,Delhi
831,203,2025-10-29,Mumbai
832,1519,2025-10-22,Pune
833,548,2025-10-02,Ahmedabad
834,588,2025-10-09,Ahmedabad
835,1300,2025-10-03,Kolkata
836,174,2025-10-24,Hyderabad
837,1497,2025-10-05,Chennai
838,1430,2025-10-04,Bangalore
839,1463,2025-10-14,Chennai
840,1082,2025-10-22,Mumbai
841,154,2025-10-12,Delhi
842,1391,2025-10-08,Pune
843,625,2025-10-30,Kolkata
844,1480,2025-10-06,Delhi
845,1084,2025-10-17,Mumbai
846,374,2025-10-18,Mumbai
847,736,2025-10-29,Ahmedabad
848,408,2025-10-31,Chennai
849,1127,2025-10-16,Ahmedabad
850,797,2025-10-05,Mumbai
851,1025,2025-10-01,Ahmedabad
852,593,2025-10-10,Pune
853,1048,2025-10-06,Delhi
854,507,2025-10-22,Bangalore
855,1211,2025-10-21,Hyderabad
856,105,2025-10-13,Mumbai
857,689,2025-10-14,Bangalore
858,552,2025-10-12,Delhi
859,98,2025-10-06,Kolkata
860,967,2025-10-09,Mumbai
861,679,2025-10-12,Mumbai
862,787,2025-10-03,Chennai
863,391,2025-10-07,Delhi
864,414,2025-10-18,Delhi
865,1148,2025-10-12,Bangalore
866,1032,2025-10-26,Delhi
867,94,2025-10-31,Mumbai
868,815,2025-10-16,Pune
869,821,2025-10-20,Hyderabad
870,1427,2025-10-01,Mumbai
871,1451,2025-10-09,Pune
872,81,2025-10-21,Mumbai
873,106,2025-10-21,Chennai
874,541,2025-10-24,Pune
875,1282,2025-10-27,Delhi
876,525,2025-10-01,Hyderabad
877,218,2025-10-24,Bangalore
878,452,2025-10-11,Bangalore
879,319,2025-10-15,Delhi
880,192,2025-10-16,Bangalore
881,1005,2025-10-31,Bangalore
882,143,2025-10-05,Chennai
883,206,2025-10-24,Bangalore
884,774,2025-10-13,Bangalore
885,90,2025-10-05,Ahmedabad
886,28,2025-10-26,Kolkata
887,335,2025-10-10,Delhi
888,1286,2025-10-18,Mumbai
889,1048,2025-10-29,Delhi
890,1402,2025-10-13,Bangalore
891,578,2025-10-12,Ahmedabad
892,174,2025-10-29,Hyderabad
893,372,2025-10-22,Mumbai
894,588,2025-10-12,Ahmedabad
895,5,2025-10-28,Mumbai
896,1489,2025-10-09,Mumbai
897,723,2025-10-11,Mumbai
898,1304,2025-10-11,Delhi
899,1126,2025-10-16,Ahmedabad
900,172,2025-10-19,Mumbai
901,417,2025-10-28,Ahmedabad
902,123,2025-10-30,Delhi
903,604,2025-10-15,Bangalore
904,497,2025-10-07,Bangalore
905,111,2025-10-23,Chennai
906,324,2025-10-01,Chennai
907,1568,2025-10-06,Chennai
908,963,2025-10-14,Bangalore
909,356,2025-10-17,Delhi
910,931,2025-10-18,Hyderabad
911,189,2025-10-17,Pune
912,115,2025-10-08,Bangalore
913,159,2025-10-27,Ahmedabad
914,869,2025-10-07,Bangalore
915,688,2025-10-01,Bangalore
916,23,2025-10-25,Pune
917,99,2025-10-11,Mumbai
918,816,2025-10-17,Mumbai
919,1440,2025-10-22,Delhi
920,1588,2025-10-05,Delhi
921,77,2025-10-10,Mumbai
922,1472,2025-10-08,Mumbai
923,1493,2025-10-20,Mumbai
924,883,2025-10-02,Chennai
925,1286,2025-10-16,Mumbai
926,179,2025-10-16,Delhi
927,574,2025-10-19,Mumbai
928,529,2025-10-16,Hyderabad
929,1270,2025-10-30,Mumbai
930,922,2025-10-09,Delhi
931,1149,2025-10-01,Delhi
932,150,2025-10-08,Mumbai
933,1316,2025-10-18,Pune
934,1238,2025-10-16,Bangalore
935,1117,2025-10-05,Bangalore
936,438,2025-10-02,Hyderabad
937,517,2025-10-21,Chennai
938,1459,2025-10-15,Bangalore
939,701,2025-10-31,Pune
940,1427,2025-10-14,Mumbai
941,1481,2025-10-22,Chennai
942,1504,2025-10-24,Chennai
943,1381,2025-10-14,Mumbai
944,258,2025-10-21,Pune
945,385,2025-10-14,Ahmedabad
946,30,2025-10-12,Chennai
947,934,2025-10-14,Mumbai
948,1567,2025-10-11,Kolkata
949,1219,2025-10-06,Bangalore
950,896,2025-10-21,Chennai
951,180,2025-10-26,Kolkata
952,1116,2025-10-04,Bangalore
953,1130,2025-10-13,Pune
954,951,2025-10-14,Hyderabad
955,850,2025-10-22,Delhi
956,1063,2025-10-27,Pune
957,1263,2025-10-21,Kolkata
958,1304,2025-10-13,Delhi
959,1561,2025-10-21,Delhi
960,1172,2025-10-13,Bangalore
961,1593,2025-10-12,Mumbai
962,503,2025-10-24,Chennai
963,1308,2025-10-19,Delhi
964,159,2025-10-16,Ahmedabad
965,1282,2025-10-03,Delhi
966,924,2025-10-26,Delhi
967,1293,2025-10-20,Bangalore
968,250,2025-10-07,Bangalore
969,61,2025-10-11,Kolkata
970,561,2025-10-16,Delhi
971,957,2025-10-24,Delhi
972,1470,2025-10-09,Pune
973,557,2025-10-27,Pune
974,723,2025-10-12,Mumbai
975,1237,2025-10-27,Mumbai
976,381,2025-10-12,Hyderabad
977,644,2025-10-04,Hyderabad
978,1163,2025-10-26,Delhi
979,435,2025-10-17,Chennai
980,1375,2025-10-03,Delhi
981,656,2025-10-07,Kolkata
982,863,2025-10-04,Mumbai
983,1181,2025-10-01,Hyderabad
984,946,2025-10-10,Hyderabad
985,1081,2025-10-02,Bangalore
986,851,2025-10-24,Bangalore
987,1587,2025-10-11,Pune
988,1011,2025-10-28,Delhi
989,285,2025-10-04,Hyderabad
990,89,2025-10-04,Chennai
991,778,2025-10-09,Delhi
992,847,2025-10-21,Pune
993,1355,2025-10-16,Delhi
994,1506,2025-10-28,Mumbai
995,27,2025-10-22,Pune
996,428,2025-10-27,Bangalore
997,639,2025-10-23,Mumbai
998,449,2025-10-30,Bangalore
999,1598,2025-10-13,Pune
1000,1183,2025-10-21,Chennai
1001,34,2025-10-29,Chennai
1002,721,2025-10-09,Bangalore
1003,813,2025-10-17,Delhi
1004,101,2025-10-21,Delhi
1005,362,2025-10-20,Pune
1006,103,2025-10-21,Hyderabad
1007,1179,2025-10-09,Mumbai
1008,1433,2025-10-23,Pune
1009,1417,2025-10-09,Delhi
1010,1446,2025-10-20,Ahmedabad
1011,1275,2025-10-16,Mumbai
1012,933,2025-10-05,Mumbai
1013,225,2025-10-02,Bangalore
1014,193,2025-10-04,Kolkata
1015,1118,2025-10-09,Mumbai
1016,1360,2025-10-28,Bangalore
1017,841,2025-10-28,Mumbai
1018,423,2025-10-24,Bangalore
1019,561,2025-10-29,Delhi
1020,715,2025-10-29,Chennai
1021,391,2025-10-02,Delhi
1022,932,2025-10-19,Delhi
1023,1361,2025-10-06,Mumbai
1024,580,2025-10-27,Hyderabad
1025,1353,2025-10-27,Pune
1026,1029,2025-10-22,Chennai
1027,1390,2025-10-21,Mumbai
1028,619,2025-10-20,Hyderabad
1029,1185,2025-10-05,Mumbai
1030,1287,2025-10-15,Delhi
1031,284,2025-10-17,Kolkata
1032,960,2025-10-12,Pune
1033,1571,2025-10-14,Delhi
1034,1189,2025-10-17,Delhi
1035,110,2025-10-25,Mumbai
1036,174,2025-10-02,Hyderabad
1037,596,2025-10-19,Delhi
1038,1382,2025-10-17,Delhi
1039,1384,2025-10-21,Mumbai
1040,235,2025-10-03,Pune
1041,419,2025-10-04,Mumbai
1042,250,2025-10-10,Bangalore
1043,1120,2025-10-09,Chennai
1044,1525,2025-10-22,Mumbai
1045,984,2025-10-10,Hyderabad
1046,564,2025-10-13,Kolkata
1047,304,2025-10-01,Hyderabad
1048,70,2025-10-21,Kolkata
1049,939,2025-10-09,Hyderabad
1050,432,2025-10-12,Delhi
1051,1562,2025-10-22,Hyderabad
1052,772,2025-10-31,Pune
1053,1589,2025-10-22,Hyderabad
1054,713,2025-10-19,Pune
1055,1392,2025-10-16,Mumbai
1056,485,2025-10-04,Bangalore
1057,235,2025-10-02,Pune
1058,1431,2025-10-15,Kolkata
1059,518,2025-10-16,Pune
1060,1083,2025-10-26,Bangalore
1061,11,2025-10-12,Delhi
1062,1082,2025-10-16,Mumbai
1063,731,2025-10-20,Mumbai
1064,261,2025-10-26,Delhi
1065,1108,2025-10-11,Mumbai
1066,800,2025-10-23,Delhi
1067,1095,2025-10-19,Kolkata
1068,1267,2025-10-02,Delhi
1069,539,2025-10-21,Delhi
1070,1567,2025-10-02,Kolkata
1071,1359,2025-10-30,Bangalore
1072,73,2025-10-12,Delhi
1073,1332,2025-10-12,Pune
1074,44,2025-10-30,Kolkata
1075,777,2025-10-22,Delhi
1076,1126,2025-10-05,Ahmedabad
1077,721,2025-10-07,Bangalore
1078,21,2025-10-08,Mumbai
1079,94,2025-10-26,Mumbai
1080,260,2025-10-15,Bangalore
1081,501,2025-10-10,Bangalore
1082,157,2025-10-09,Bangalore
1083,1339,2025-10-08,Bangalore
1084,111,2025-10-12,Chennai
1085,763,2025-10-24,Mumbai
1086,1022,2025-10-27,Pune
1087,174,2025-10-02,Hyderabad
1088,788,2025-10-15,Hyderabad
1089,108,2025-10-22,Kolkata
1090,1543,2025-10-19,Chennai
1091,876,2025-10-26,Delhi
1092,1096,2025-10-15,Delhi
1093,781,2025-10-15,Ahmedabad
1094,1170,2025-10-13,Bangalore
1095,1338,2025-10-26,Mumbai
1096,36,2025-10-15,Chennai
1097,1140,2025-10-07,Pune
1098,1130,2025-10-11,Pune
1099,477,2025-10-04,Ahmedabad
1100,1464,2025-10-09,Kolkata
1101,159,2025-10-08,Ahmedabad
1102,147,2025-10-21,Kolkata
1103,738,2025-10-11,Delhi
1104,218,2025-10-20,Bangalore
1105,1191,2025-10-23,Ahmedabad
1106,1562,2025-10-21,Hyderabad
1107,1032,2025-10-19,Delhi
1108,1351,2025-10-17,Mumbai
1109,500,2025-10-11,Delhi
1110,1533,2025-10-04,Bangalore
1111,742,2025-10-21,Delhi
1112,257,2025-10-30,Bangalore
1113,283,2025-10-20,Chennai
1114,863,2025-10-17,Mumbai
1115,1522,2025-10-04,Hyderabad
1116,150,2025-10-05,Mumbai
1117,262,2025-10-13,Chennai
1118,221,2025-10-24,Mumbai
1119,838,2025-10-21,Ahmedabad
1120,276,2025-10-24,Pune
1121,172,2025-10-05,Mumbai
1122,1205,2025-10-09,Hyderabad
1123,653,2025-10-25,Kolkata
1124,1498,2025-10-07,Mumbai
1125,712,2025-10-10,Bangalore
1126,347,2025-10-10,Pune
1127,1226,2025-10-29,Mumbai
1128,1001,2025-10-27,Delhi
1129,930,2025-10-10,Mumbai
1130,725,2025-10-26,Hyderabad
1131,1039,2025-10-11,Chennai
1132,1448,2025-10-23,Kolkata
1133,1068,2025-10-11,Delhi
1134,1300,2025-10-21,Kolkata
1135,1380,2025-10-07,Hyderabad
1136,579,2025-10-05,Mumbai
1137,1535,2025-10-07,Bangalore
1138,365,2025-10-02,Mumbai
1139,1307,2025-10-12,Bangalore
1140,475,2025-10-29,Pune
1141,732,2025-10-18,Bangalore
1142,1547,2025-10-25,Kolkata
1143,238,2025-10-06,Mumbai
1144,1444,2025-10-05,Ahmedabad
1145,1040,2025-10-07,Delhi
1146,906,2025-10-14,Pune
1147,696,2025-10-21,Bangalore
1148,1257,2025-10-20,Kolkata
1149,777,2025-10-03,Delhi
1150,1097,2025-10-07,Delhi
1151,28,2025-10-02,Kolkata
1152,50,2025-10-08,Hyderabad
1153,1517,2025-10-29,Mumbai
1154,1562,2025-10-24,Hyderabad
1155,311,2025-10-04,Hyderabad
1156,48,2025-10-10,Bangalore
1157,966,2025-10-13,Delhi
1158,990,2025-10-10,Delhi
1159,758,2025-10-16,Bangalore
1160,172,2025-10-04,Mumbai
1161,172,2025-10-05,Mumbai
1162,1558,2025-10-08,Pune
1163,309,2025-10-02,Ahmedabad
1164,1001,2025-10-18,Delhi
1165,990,2025-10-17,Delhi
1166,872,2025-10-23,Mumbai
1167,249,2025-10-06,Delhi
1168,1015,2025-10-06,Chennai
1169,603,2025-10-24,Bangalore
1170,1464,2025-10-12,Kolkata
1171,1530,2025-10-24,Mumbai
1172,1422,2025-10-04,Hyderabad
1173,321,2025-10-03,Pune
1174,395,2025-10-09,Delhi
1175,753,2025-10-20,Delhi
1176,444,2025-10-09,Hyderabad
1177,1321,2025-10-25,Ahmedabad
1178,1510,2025-10-28,Delhi
1179,338,2025-10-16,Delhi
1180,670,2025-10-10,Bangalore
1181,790,2025-10-23,Kolkata
1182,1240,2025-10-27,Delhi
1183,293,2025-10-27,Delhi
1184,247,2025-10-18,Mumbai
1185,869,2025-10-07,Bangalore
1186,402,2025-10-15,Kolkata
1187,756,2025-10-30,Chennai
1188,816,2025-10-02,Mumbai
1189,356,2025-10-16,Delhi
1190,1446,2025-10-24,Ahmedabad
1191,245,2025-10-02,Kolkata
1192,569,2025-10-28,Kolkata
1193,649,2025-10-29,Hyderabad
1194,1368,2025-10-22,Mumbai
1195,547,2025-10-03,Pune
1196,839,2025-10-06,Chennai
1197,1427,2025-10-03,Mumbai
1198,1495,2025-10-03,Kolkata
1199,22,2025-10-07,Mumbai
1200,392,2025-10-24,Mumbai
1201,463,2025-10-27,Pune
1202,1429,2025-10-15,Kolkata
1203,1315,2025-10-17,Bangalore
1204,1102,2025-10-19,Pune
1205,592,2025-10-07,Delhi
1206,551,2025-10-03,Ahmedabad
1207,237,2025-10-17,Pune
1208,70,2025-10-11,Kolkata
1209,734,2025-10-10,Bangalore
1210,1263,2025-10-15,Kolkata
1211,499,2025-10-09,Delhi
1212,1039,2025-10-04,Chennai
1213,59,2025-10-06,Bangalore
1214,1074,2025-10-07,Chennai
1215,811,2025-10-06,Bangalore
1216,630,2025-10-03,Delhi
1217,316,2025-10-22,Pune
1218,205,2025-10-16,Mumbai
1219,771,2025-10-27,Pune
1220,652,2025-10-25,Hyderabad
1221,1202,2025-10-01,Pune
1222,697,2025-10-17,Mumbai
1223,433,2025-10-10,Mumbai
1224,584,2025-10-10,Mumbai
1225,864,2025-10-06,Delhi
1226,170,2025-10-12,Mumbai
1227,787,2025-10-22,Chennai
1228,1580,2025-10-02,Mumbai
1229,923,2025-10-17,Kolkata
1230,748,2025-10-04,Mumbai
1231,1450,2025-10-19,Delhi
1232,891,2025-10-02,Delhi
1233,103,2025-10-29,Hyderabad
1234,1571,2025-10-27,Delhi
1235,915,2025-10-11,Delhi
1236,1089,2025-10-24,Delhi
1237,297,2025-10-21,Delhi
1238,1265,2025-10-08,Hyderabad
1239,208,2025-10-13,Mumbai
1240,619,2025-10-14,Hyderabad
1241,1522,2025-10-29,Hyderabad
1242,1170,2025-10-09,Bangalore
1243,1411,2025-10-25,Ahmedabad
1244,372,2025-10-22,Mumbai
1245,1346,2025-10-05,Mumbai
1246,199,2025-10-08,Ahmedabad
1247,1492,2025-10-23,Mumbai
1248,703,2025-10-11,Mumbai
1249,1022,2025-10-07,Pune
1250,1354,2025-10-28,Hyderabad
1251,171,2025-10-07,Chennai
1252,1198,2025-10-06,Chennai
1253,481,2025-10-13,Mumbai
1254,1593,2025-10-24,Mumbai
1255,1297,2025-10-25,Mumbai
1256,921,2025-10-06,Mumbai
1257,857,2025-10-14,Chennai
1258,1031,2025-10-03,Hyderabad
1259,512,2025-10-06,Kolkata
1260,1522,2025-10-20,Hyderabad
1261,491,2025-10-06,Kolkata
1262,133,2025-10-29,Mumbai
1263,909,2025-10-08,Ahmedabad
1264,327,2025-10-08,Hyderabad
1265,963,2025-10-28,Bangalore
1266,1101,2025-10-04,Kolkata
1267,816,2025-10-27,Mumbai
1268,255,2025-10-04,Bangalore
1269,229,2025-10-24,Bangalore
1270,989,2025-10-07,Kolkata
1271,1453,2025-10-16,Hyderabad
1272,564,2025-10-20,Kolkata
1273,743,2025-10-23,Mumbai
1274,974,2025-10-23,Mumbai
1275,301,2025-10-20,Pune
1276,621,2025-10-05,Hyderabad
1277,1059,2025-10-13,Kolkata
1278,1203,2025-10-28,Kolkata
1279,1328,2025-10-06,Mumbai
1280,423,2025-10-08,Bangalore
1281,404,2025-10-12,Pune
1282,1519,2025-10-07,Pune
1283,1040,2025-10-03,Delhi
1284,163,2025-10-26,Delhi
1285,1515,2025-10-06,Kolkata
1286,1131,2025-10-09,Ahmedabad
1287,272,2025-10-17,Ahmedabad
1288,978,2025-10-15,Delhi
1289,150,2025-10-07,Mumbai
1290,1208,2025-10-07,Hyderabad
1291,229,2025-10-24,Bangalore
1292,555,2025-10-16,Chennai
1293,699,2025-10-09,Bangalore
1294,1016,2025-10-06,Delhi
1295,908,2025-10-11,Mumbai
1296,656,2025-10-25,Kolkata
1297,1170,2025-10-22,Bangalore
1298,324,2025-10-20,Chennai
1299,469,2025-10-30,Kolkata
1300,628,2025-10-11,Bangalore
1301,838,2025-10-12,Ahmedabad
1302,525,2025-10-10,Hyderabad
1303,1265,2025-10-17,Hyderabad
1304,1481,2025-10-16,Chennai
1305,1201,2025-10-13,Mumbai
1306,898,2025-10-30,Kolkata
1307,1588,2025-10-24,Delhi
1308,410,2025-10-18,Bangalore
1309,534,2025-10-18,Hyderabad
1310,140,2025-10-28,Bangalore
1311,378,2025-10-11,Ahmedabad
1312,1442,2025-10-09,Delhi
1313,842,2025-10-14,Mumbai
1314,1050,2025-10-12,Mumbai
1315,670,2025-10-26,Bangalore
1316,155,2025-10-19,Pune
1317,1052,2025-10-28,Bangalore
1318,568,2025-10-15,Mumbai
1319,150,2025-10-06,Mumbai
1320,1278,2025-10-27,Hyderabad
1321,457,2025-10-19,Bangalore
1322,1465,2025-10-28,Bangalore
1323,207,2025-10-01,Bangalore
1324,714,2025-10-31,Chennai
1325,414,2025-10-10,Delhi
1326,1582,2025-10-12,Mumbai
1327,769,2025-10-01,Mumbai
1328,916,2025-10-15,Chennai
1329,191,2025-10-06,Delhi
1330,430,2025-10-04,Pune
1331,936,2025-10-01,Chennai
1332,727,2025-10-12,Hyderabad
1333,563,2025-10-24,Chennai
1334,1424,2025-10-16,Hyderabad
1335,323,2025-10-14,Chennai
1336,1370,2025-10-06,Chennai
1337,827,2025-10-21,Hyderabad
1338,59,2025-10-29,Bangalore
1339,1105,2025-10-13,Bangalore
1340,136,2025-10-04,Chennai
1341,527,2025-10-05,Pune
1342,198,2025-10-16,Delhi
1343,1055,2025-10-05,Delhi
1344,512,2025-10-08,Kolkata
1345,947,2025-10-22,Kolkata
1346,270,2025-10-11,Mumbai
1347,71,2025-10-24,Pune
1348,705,2025-10-07,Mumbai
1349,242,2025-10-24,Hyderabad
1350,382,2025-10-09,Delhi
1351,198,2025-10-22,Delhi
1352,194,2025-10-08,Mumbai
1353,1034,2025-10-06,Kolkata
1354,1394,2025-10-08,Kolkata
1355,97,2025-10-26,Mumbai
1356,342,2025-10-12,Ahmedabad
1357,464,2025-10-27,Ahmedabad
1358,976,2025-10-15,Delhi
1359,1451,2025-10-18,Pune
1360,985,2025-10-27,Bangalore
1361,802,2025-10-26,Delhi
1362,718,2025-10-03,Mumbai
1363,1487,2025-10-24,Mumbai
1364,565,2025-10-25,Chennai
1365,1581,2025-10-21,Ahmedabad
1366,1109,2025-10-24,Kolkata
1367,84,2025-10-13,Chennai
1368,998,2025-10-25,Mumbai
1369,1227,2025-10-28,Bangalore
1370,886,2025-10-14,Bangalore
1371,1501,2025-10-09,Delhi
1372,545,2025-10-04,Ahmedabad
1373,1317,2025-10-31,Ahmedabad
1374,1189,2025-10-22,Delhi
1375,944,2025-10-19,Bangalore
1376,443,2025-10-19,Mumbai
1377,845,2025-10-26,Bangalore
1378,1399,2025-10-12,Bangalore
1379,665,2025-10-15,Pune
1380,1517,2025-10-13,Mumbai
1381,467,2025-10-11,Delhi
1382,784,2025-10-07,Ahmedabad
1383,741,2025-10-25,Pune
1384,636,2025-10-30,Pune
1385,365,2025-10-13,Mumbai
1386,299,2025-10-23,Mumbai
1387,1508,2025-10-27,Delhi
1388,504,2025-10-18,Mumbai
1389,1424,2025-10-08,Hyderabad
1390,26,2025-10-10,Mumbai
1391,849,2025-10-18,Kolkata
1392,1190,2025-10-13,Delhi
1393,540,2025-10-14,Mumbai
1394,732,2025-10-03,Bangalore
1395,975,2025-10-18,Mumbai
1396,1470,2025-10-23,Pune
1397,1019,2025-10-19,Ahmedabad
1398,1145,2025-10-21,Bangalore
1399,1397,2025-10-12,Delhi
1400,1491,2025-10-01,Chennai
1401,1103,2025-10-23,Pune
1402,1396,2025-10-19,Delhi
1403,734,2025-10-19,Bangalore
1404,1496,2025-10-06,Bangalore
1405,1014,2025-10-24,Kolkata
1406,1404,2025-10-13,Ahmedabad
1407,882,2025-10-29,Delhi
1408,720,2025-10-21,Hyderabad
1409,122,2025-10-22,Kolkata
1410,10,2025-10-11,Chennai
1411,143,2025-10-31,Chennai
1412,708,2025-10-04,Mumbai
1413,364,2025-10-17,Delhi
1414,639,2025-10-30,Mumbai
1415,205,2025-10-16,Mumbai
1416,932,2025-10-30,Delhi
1417,290,2025-10-08,Delhi
1418,1359,2025-10-21,Bangalore
1419,808,2025-10-25,Kolkata
1420,406,2025-10-10,Kolkata
1421,1579,2025-10-10,Bangalore
1422,356,2025-10-21,Delhi
1423,789,2025-10-07,Chennai
1424,889,2025-10-24,Ahmedabad
1425,92,2025-10-30,Bangalore
1426,656,2025-10-03,Kolkata
1427,239,2025-10-30,Ahmedabad
1428,678,2025-10-06,Ahmedabad
1429,1169,2025-10-23,Delhi
1430,852,2025-10-27,Pune
1431,1000,2025-10-09,Mumbai
1432,1306,2025-10-04,Delhi
1433,671,2025-10-06,Bangalore
1434,414,2025-10-31,Delhi
1435,74,2025-10-16,Hyderabad
1436,172,2025-10-25,Mumbai
1437,1358,2025-10-30,Mumbai
1438,90,2025-10-19,Ahmedabad
1439,360,2025-10-12,Ahmedabad
1440,598,2025-10-17,Mumbai
1441,899,2025-10-01,Chennai
1442,117,2025-10-04,Mumbai
1443,294,2025-10-29,Delhi
1444,794,2025-10-25,Mumbai
1445,41,2025-10-21,Delhi
1446,487,2025-10-22,Chennai
1447,982,2025-10-30,Hyderabad
1448,796,2025-10-09,Ahmedabad
1449,1109,2025-10-28,Kolkata
1450,832,2025-10-14,Delhi
1451,273,2025-10-24,Kolkata
1452,1494,2025-10-22,Mumbai
1453,805,2025-10-05,Chennai
1454,1587,2025-10-28,Pune
1455,370,2025-10-31,Hyderabad
1456,560,2025-10-24,Kolkata
1457,504,2025-10-28,Mumbai
1458,73,2025-10-22,Delhi
1459,109,2025-10-11,Chennai
1460,744,2025-10-20,Bangalore
1461,851,2025-10-04,Bangalore
1462,962,2025-10-23,Bangalore
1463,777,2025-10-16,Delhi
1464,904,2025-10-19,Mumbai
1465,1376,2025-10-19,Hyderabad
1466,363,2025-10-05,Delhi
1467,1299,2025-10-11,Chennai
1468,1014,2025-10-01,Kolkata
1469,49,2025-10-16,Mumbai
1470,539,2025-10-15,Delhi
1471,22,2025-10-24,Mumbai
1472,796,2025-10-02,Ahmedabad
1473,1449,2025-10-11,Chennai
1474,577,2025-10-09,Delhi
1475,653,2025-10-28,Kolkata
1476,220,2025-10-08,Chennai
1477,1596,2025-10-03,Ahmedabad
1478,1283,2025-10-31,Chennai
1479,409,2025-10-30,Bangalore
1480,103,2025-10-23,Hyderabad
1481,405,2025-10-23,Pune
1482,405,2025-10-09,Pune
1483,1440,2025-10-25,Delhi
1484,333,2025-10-13,Delhi
1485,1507,2025-10-08,Hyderabad
1486,1545,2025-10-06,Chennai
1487,1270,2025-10-25,Mumbai
1488,1205,2025-10-25,Hyderabad
1489,1024,2025-10-10,Hyderabad
1490,953,2025-10-29,Delhi
1491,950,2025-10-28,Pune
1492,649,2025-10-13,Hyderabad
1493,45,2025-10-16,Kolkata
1494,467,2025-10-07,Delhi
1495,328,2025-10-16,Pune
1496,853,2025-10-16,Delhi
1497,1401,2025-10-20,Bangalore
1498,1485,2025-10-12,Chennai
1499,429,2025-10-31,Delhi
1500,976,2025-10-26,Delhi
1501,261,2025-10-31,Delhi
1502,1215,2025-10-20,Ahmedabad
1503,40,2025-10-11,Chennai
1504,167,2025-10-17,Bangalore
1505,545,2025-10-03,Ahmedabad
1506,294,2025-10-12,Delhi
1507,300,2025-10-26,Ahmedabad
1508,1099,2025-10-07,Pune
1509,400,2025-10-17,Bangalore
1510,296,2025-10-10,Mumbai
1511,953,2025-10-25,Delhi
1512,929,2025-10-10,Hyderabad
1513,669,2025-10-18,Delhi
1514,53,2025-10-21,Ahmedabad
1515,1558,2025-10-02,Pune
1516,140,2025-10-05,Bangalore
1517,1546,2025-10-12,Mumbai
1518,184,2025-10-27,Ahmedabad
1519,466,2025-10-08,Hyderabad
1520,1429,2025-10-08,Kolkata
1521,282,2025-10-17,Chennai
1522,1045,2025-10-25,Chennai
1523,140,2025-10-02,Bangalore
1524,716,2025-10-23,Delhi
1525,814,2025-10-07,Delhi
1526,545,2025-10-18,Ahmedabad
1527,525,2025-10-11,Hyderabad
1528,925,2025-10-01,Ahmedabad
1529,420,2025-10-06,Bangalore
1530,422,2025-10-07,Mumbai
1531,950,2025-10-02,Pune
1532,423,2025-10-16,Bangalore
1533,509,2025-10-03,Chennai
1534,622,2025-10-15,Bangalore
1535,441,2025-10-21,Mumbai
1536,856,2025-10-21,Delhi
1537,539,2025-10-15,Delhi
1538,30,2025-10-04,Chennai
1539,1142,2025-10-09,Chennai
1540,314,2025-10-07,Delhi
1541,954,2025-10-14,Mumbai
1542,1577,2025-10-29,Delhi
1543,50,2025-10-22,Hyderabad
1544,4,2025-10-21,Chennai
1545,1440,2025-10-16,Delhi
1546,1116,2025-10-06,Bangalore
1547,657,2025-10-24,Mumbai
1548,1378,2025-10-25,Bangalore
1549,735,2025-10-21,Mumbai
1550,88,2025-10-11,Pune
1551,1107,2025-10-21,Kolkata
1552,168,2025-10-27,Mumbai
1553,9,2025-10-09,Mumbai
1554,809,2025-10-17,Delhi
1555,1319,2025-10-15,Ahmedabad
1556,1034,2025-10-26,Kolkata
1557,496,2025-10-25,Pune
1558,392,2025-10-01,Mumbai
1559,1394,2025-10-03,Kolkata
1560,1355,2025-10-13,Delhi
1561,623,2025-10-14,Mumbai
1562,720,2025-10-01,Hyderabad
1563,1577,2025-10-04,Delhi
1564,1403,2025-10-16,Chennai
1565,193,2025-10-15,Kolkata
1566,662,2025-10-10,Delhi
1567,195,2025-10-01,Delhi
1568,1158,2025-10-13,Delhi
1569,926,2025-10-10,Mumbai
1570,988,2025-10-16,Bangalore
1571,362,2025-10-25,Pune
1572,1196,2025-10-28,Delhi
1573,238,2025-10-04,Mumbai
1574,49,2025-10-15,Mumbai
1575,1421,2025-10-12,Hyderabad
1576,539,2025-10-29,Delhi
1577,914,2025-10-22,Bangalore
1578,273,2025-10-24,Kolkata
1579,19,2025-10-10,Hyderabad
1580,981,2025-10-07,Bangalore
1581,146,2025-10-05,Delhi
1582,338,2025-10-08,Delhi
1583,88,2025-10-28,Pune
1584,766,2025-10-13,Pune
1585,982,2025-10-20,Hyderabad
1586,855,2025-10-03,Delhi
1587,82,2025-10-12,Pune
1588,700,2025-10-10,Bangalore
1589,1410,2025-10-19,Mumbai
1590,1003,2025-10-11,Hyderabad
1591,556,2025-10-28,Delhi
1592,491,2025-10-19,Kolkata
1593,1385,2025-10-14,Mumbai
1594,1256,2025-10-29,Bangalore
1595,419,2025-10-26,Mumbai
1596,597,2025-10-21,Mumbai
1597,1327,2025-10-26,Mumbai
1598,1164,2025-10-15,Ahmedabad
1599,772,2025-10-27,Pune
1600,522,2025-10-30,Delhi
1601,1047,2025-10-19,Mumbai
1602,1003,2025-10-20,Hyderabad
1603,252,2025-10-12,Hyderabad
1604,197,2025-10-30,Mumbai
1605,1474,2025-10-09,Bangalore
1606,1540,2025-10-09,Ahmedabad
1607,1170,2025-10-24,Bangalore
1608,1249,2025-10-06,Hyderabad
1609,438,2025-10-08,Hyderabad
1610,1514,2025-10-29,Pune
1611,557,2025-10-07,Pune
1612,906,2025-10-20,Pune
1613,1400,2025-10-13,Hyderabad
1614,562,2025-10-08,Delhi
1615,1322,2025-10-23,Delhi
1616,737,2025-10-13,Bangalore
1617,896,2025-10-09,Chennai
1618,324,2025-10-06,Chennai
1619,401,2025-10-28,Delhi
1620,1449,2025-10-30,Chennai
1621,1076,2025-10-30,Pune
1622,381,2025-10-08,Hyderabad
1623,1272,2025-10-02,Delhi
1624,1518,2025-10-06,Delhi
1625,36,2025-10-26,Chennai
1626,367,2025-10-05,Delhi
1627,352,2025-10-25,Delhi
1628,807,2025-10-05,Bangalore
1629,1248,2025-10-27,Bangalore
1630,1455,2025-10-04,Bangalore
1631,1388,2025-10-25,Delhi
1632,1326,2025-10-31,Delhi
1633,830,2025-10-25,Delhi
1634,259,2025-10-26,Pune
1635,237,2025-10-20,Pune
1636,1554,2025-10-24,Bangalore
1637,466,2025-10-29,Hyderabad
1638,420,2025-10-15,Bangalore
1639,1311,2025-10-30,Bangalore
1640,1339,2025-10-28,Bangalore
1641,978,2025-10-02,Delhi
1642,553,2025-10-02,Mumbai
1643,1256,2025-10-15,Bangalore
1644,1200,2025-10-04,Kolkata
1645,1037,2025-10-03,Ahmedabad
1646,1264,2025-10-13,Mumbai
1647,857,2025-10-19,Chennai
1648,1164,2025-10-09,Ahmedabad
1649,1378,2025-10-16,Bangalore
1650,1491,2025-10-12,Chennai
1651,1362,2025-10-11,Delhi
1652,1398,2025-10-09,Delhi
1653,616,2025-10-16,Delhi
1654,510,2025-10-15,Delhi
1655,1358,2025-10-03,Mumbai
1656,684,2025-10-31,Mumbai
1657,812,2025-10-19,Pune
1658,338,2025-10-11,Delhi
1659,169,2025-10-03,Pune
1660,1328,2025-10-05,Mumbai
1661,83,2025-10-06,Pune
1662,394,2025-10-26,Bangalore
1663,1216,2025-10-10,Pune
1664,1318,2025-10-25,Delhi
1665,1424,2025-10-16,Hyderabad
1666,482,2025-10-26,Mumbai
1667,920,2025-10-05,Mumbai
1668,1187,2025-10-08,Delhi
1669,1453,2025-10-07,Hyderabad
1670,517,2025-10-13,Chennai
1671,1453,2025-10-28,Hyderabad
1672,865,2025-10-22,Chennai
1673,16,2025-10-28,Ahmedabad
1674,492,2025-10-17,Hyderabad
1675,1457,2025-10-11,Bangalore
1676,681,2025-10-22,Pune
1677,1254,2025-10-07,Kolkata
1678,1473,2025-10-19,Mumbai
1679,835,2025-10-19,Mumbai
1680,473,2025-10-30,Chennai
1681,1336,2025-10-28,Delhi
1682,544,2025-10-01,Kolkata
1683,814,2025-10-01,Delhi
1684,1120,2025-10-31,Chennai
1685,1311,2025-10-26,Bangalore
1686,438,2025-10-18,Hyderabad
1687,1117,2025-10-21,Bangalore
1688,983,2025-10-01,Pune
1689,599,2025-10-22,Pune
1690,741,2025-10-04,Pune
1691,249,2025-10-28,Delhi
1692,1597,2025-10-18,Pune
1693,171,2025-10-12,Chennai
1694,1271,2025-10-26,Delhi
1695,720,2025-10-01,Hyderabad
1696,1050,2025-10-25,Mumbai
1697,1526,2025-10-08,Bangalore
1698,86,2025-10-02,Kolkata
1699,763,2025-10-21,Mumbai
1700,950,2025-10-03,Pune
1701,1215,2025-10-05,Ahmedabad
1702,246,2025-10-20,Pune
1703,615,2025-10-22,Mumbai
1704,632,2025-10-24,Ahmedabad
1705,1458,2025-10-03,Chennai
1706,684,2025-10-11,Mumbai
1707,1127,2025-10-25,Ahmedabad
1708,1183,2025-10-28,Chennai
1709,1348,2025-10-11,Chennai
1710,1205,2025-10-01,Hyderabad
1711,1110,2025-10-04,Hyderabad
1712,168,2025-10-11,Mumbai
1713,1292,2025-10-26,Hyderabad
1714,1398,2025-10-17,Delhi
1715,1182,2025-10-26,Mumbai
1716,1081,2025-10-10,Bangalore
1717,590,2025-10-09,Delhi
1718,1328,2025-10-20,Mumbai
1719,519,2025-10-23,Ahmedabad
1720,1375,2025-10-08,Delhi
1721,1498,2025-10-03,Mumbai
1722,1426,2025-10-01,Hyderabad
1723,1328,2025-10-26,Mumbai
1724,1063,2025-10-22,Pune
1725,798,2025-10-12,Delhi
1726,1002,2025-10-31,Pune
1727,126,2025-10-26,Chennai
1728,573,2025-10-06,Kolkata
1729,1202,2025-10-15,Pune
1730,565,2025-10-27,Chennai
1731,274,2025-10-01,Bangalore
1732,549,2025-10-24,Pune
1733,1058,2025-10-26,Hyderabad
1734,220,2025-10-08,Chennai
1735,1086,2025-10-30,Ahmedabad
1736,41,2025-10-11,Delhi
1737,1477,2025-10-25,Kolkata
1738,824,2025-10-22,Bangalore
1739,94,2025-10-28,Mumbai
1740,467,2025-10-14,Delhi
1741,1124,2025-10-15,Delhi
1742,247,2025-10-09,Mumbai
1743,513,2025-10-26,Hyderabad
1744,975,2025-10-23,Mumbai
1745,1003,2025-10-27,Hyderabad
1746,1543,2025-10-15,Chennai
1747,1171,2025-10-01,Delhi
1748,405,2025-10-05,Pune
1749,65,2025-10-04,Delhi
1750,1409,2025-10-03,Ahmedabad
1751,861,2025-10-04,Chennai
1752,891,2025-10-08,Delhi
1753,1212,2025-10-29,Bangalore
1754,912,2025-10-09,Mumbai
1755,42,2025-10-07,Pune
1756,1191,2025-10-04,Ahmedabad
1757,809,2025-10-30,Delhi
1758,493,2025-10-30,Chennai
1759,1104,2025-10-18,Pune
1760,1125,2025-10-05,Hyderabad
1761,184,2025-10-17,Ahmedabad
1762,165,2025-10-24,Delhi
1763,1481,2025-10-01,Chennai
1764,167,2025-10-03,Bangalore
1765,1292,2025-10-24,Hyderabad
1766,175,2025-10-18,Mumbai
1767,360,2025-10-27,Ahmedabad
1768,91,2025-10-20,Delhi
1769,1304,2025-10-11,Delhi
1770,774,2025-10-19,Bangalore
1771,659,2025-10-12,Mumbai
1772,1281,2025-10-16,Mumbai
1773,1144,2025-10-15,Pune
1774,379,2025-10-05,Ahmedabad
1775,803,2025-10-09,Mumbai
1776,1319,2025-10-06,Ahmedabad
1777,398,2025-10-13,Kolkata
1778,820,2025-10-20,Delhi
1779,43,2025-10-08,Delhi
1780,1594,2025-10-09,Mumbai
1781,1294,2025-10-13,Mumbai
1782,87,2025-10-06,Ahmedabad
1783,1400,2025-10-06,Hyderabad
1784,773,2025-10-10,Chennai
1785,1087,2025-10-17,Hyderabad
1786,275,2025-10-15,Ahmedabad
1787,597,2025-10-08,Mumbai
1788,398,2025-10-27,Kolkata
1789,1492,2025-10-08,Mumbai
1790,254,2025-10-18,Bangalore
1791,1391,2025-10-07,Pune
1792,81,2025-10-29,Mumbai
1793,1537,2025-10-20,Hyderabad
1794,1596,2025-10-18,Ahmedabad
1795,1201,2025-10-04,Mumbai
1796,1073,2025-10-30,Delhi
1797,1019,2025-10-09,Ahmedabad
1798,1393,2025-10-07,Chennai
1799,157,2025-10-10,Bangalore
1800,474,2025-10-13,Bangalore
1801,835,2025-10-07,Mumbai
1802,1036,2025-10-05,Delhi
1803,189,2025-10-09,Pune
1804,692,2025-10-08,Bangalore
1805,95,2025-10-17,Delhi
1806,114,2025-10-17,Bangalore
1807,1403,2025-10-15,Chennai
1808,1573,2025-10-07,Mumbai
1809,1127,2025-10-06,Ahmedabad
1810,1563,2025-10-18,Bangalore
1811,1136,2025-10-01,Mumbai
1812,1509,2025-10-29,Delhi
1813,1259,2025-10-24,Hyderabad
1814,37,2025-10-20,Bangalore
1815,33,2025-10-23,Chennai
1816,770,2025-10-28,Mumbai
1817,935,2025-10-03,Pune
1818,677,2025-10-19,Mumbai
1819,1268,2025-10-26,Pune
1820,828,2025-10-19,Kolkata
1821,1143,2025-10-16,Bangalore
1822,63,2025-10-21,Chennai
1823,1484,2025-10-08,Bangalore
1824,741,2025-10-21,Pune
1825,1551,2025-10-01,Mumbai
1826,292,2025-10-29,Pune
1827,735,2025-10-18,Mumbai
1828,150,2025-10-30,Mumbai
1829,390,2025-10-26,Chennai
1830,516,2025-10-27,Chennai
1831,1584,2025-10-10,Delhi
1832,3,2025-10-01,Delhi
1833,1564,2025-10-13,Mumbai
1834,686,2025-10-27,Bangalore
1835,659,2025-10-02,Mumbai
1836,1193,2025-10-31,Kolkata
1837,452,2025-10-21,Bangalore
1838,577,2025-10-13,Delhi
1839,826,2025-10-25,Hyderabad
1840,1485,2025-10-21,Chennai
1841,1593,2025-10-09,Mumbai
1842,400,2025-10-07,Bangalore
1843,644,2025-10-12,Hyderabad
1844,22,2025-10-07,Mumbai
1845,1537,2025-10-14,Hyderabad
1846,1016,2025-10-18,Delhi
1847,153,2025-10-29,Kolkata
1848,1046,2025-10-02,Delhi
1849,291,2025-10-29,Bangalore
1850,383,2025-10-03,Bangalore
1851,1207,2025-10-18,Delhi
1852,1505,2025-10-27,Mumbai
1853,873,2025-10-28,Chennai
1854,653,2025-10-14,Kolkata
1855,47,2025-10-16,Bangalore
1856,1434,2025-10-02,Delhi
1857,1598,2025-10-26,Pune
1858,173,2025-10-22,Hyderabad
1859,1351,2025-10-12,Mumbai
1860,1407,2025-10-09,Delhi
1861,357,2025-10-03,Ahmedabad
1862,1277,2025-10-20,Bangalore
1863,260,2025-10-29,Bangalore
1864,514,2025-10-17,Bangalore
1865,1283,2025-10-18,Chennai
1866,732,2025-10-30,Bangalore
1867,402,2025-10-18,Kolkata
1868,131,2025-10-24,Mumbai
1869,894,2025-10-17,Ahmedabad
1870,1058,2025-10-19,Hyderabad
1871,652,2025-10-22,Hyderabad
1872,487,2025-10-12,Chennai
1873,739,2025-10-25,Bangalore
1874,702,2025-10-28,Delhi
1875,1216,2025-10-13,Pune
1876,1308,2025-10-08,Delhi
1877,399,2025-10-18,Hyderabad
1878,990,2025-10-06,Delhi
1879,758,2025-10-04,Bangalore
1880,802,2025-10-12,Delhi
1881,792,2025-10-31,Delhi
1882,16,2025-10-07,Ahmedabad
1883,1182,2025-10-03,Mumbai
1884,808,2025-10-10,Kolkata
1885,415,2025-10-04,Pune
1886,860,2025-10-16,Mumbai
1887,1428,2025-10-28,Pune
1888,1261,2025-10-17,Mumbai
1889,1054,2025-10-17,Pune
1890,678,2025-10-18,Ahmedabad
1891,1545,2025-10-15,Chennai
1892,1447,2025-10-11,Kolkata
1893,1295,2025-10-11,Mumbai
1894,1029,2025-10-05,Chennai
1895,1420,2025-10-14,Hyderabad
1896,485,2025-10-05,Bangalore
1897,664,2025-10-11,Delhi
1898,1512,2025-10-06,Hyderabad
1899,1468,2025-10-16,Delhi
1900,867,2025-10-15,Delhi
1901,1056,2025-10-24,Mumbai
1902,1450,2025-10-18,Delhi
1903,1322,2025-10-01,Delhi
1904,1003,2025-10-06,Hyderabad
1905,1571,2025-10-16,Delhi
1906,371,2025-10-29,Bangalore
1907,1152,2025-10-21,Chennai
1908,67,2025-10-11,Mumbai
1909,1520,2025-10-15,Bangalore
1910,109,2025-10-18,Chennai
1911,908,2025-10-26,Mumbai
1912,318,2025-10-19,Hyderabad
1913,621,2025-10-08,Hyderabad
1914,745,2025-10-23,Chennai
1915,1524,2025-10-29,Ahmedabad
1916,41,2025-10-19,Delhi
1917,1021,2025-10-20,Hyderabad
1918,144,2025-10-06,Delhi
1919,1080,2025-10-30,Bangalore
1920,670,2025-10-05,Bangalore
1921,306,2025-10-01,Pune
1922,1123,2025-10-07,Mumbai
1923,1243,2025-10-26,Bangalore
1924,1054,2025-10-12,Pune
1925,1538,2025-10-26,Delhi
1926,225,2025-10-15,Bangalore
1927,1491,2025-10-19,Chennai
1928,1202,2025-10-24,Pune
1929,1339,2025-10-28,Bangalore
1930,431,2025-10-22,Mumbai
1931,100,2025-10-21,Delhi
1932,1407,2025-10-30,Delhi
1933,183,2025-10-04,Kolkata
1934,248,2025-10-20,Bangalore
1935,406,2025-10-30,Kolkata
1936,1353,2025-10-06,Pune
1937,213,2025-10-05,Mumbai
1938,288,2025-10-30,Bangalore
1939,308,2025-10-20,Pune
1940,1435,2025-10-28,Chennai
1941,136,2025-10-26,Chennai
1942,1423,2025-10-19,Pune
1943,243,2025-10-05,Bangalore
1944,751,2025-10-13,Chennai
1945,53,2025-10-05,Ahmedabad
1946,1473,2025-10-24,Mumbai
1947,325,2025-10-27,Mumbai
1948,35,2025-10-20,Chennai
1949,1574,2025-10-21,Hyderabad
1950,760,2025-10-15,Mumbai
1951,354,2025-10-31,Delhi
1952,515,2025-10-15,Ahmedabad
1953,1054,2025-10-04,Pune
1954,1135,2025-10-08,Ahmedabad
1955,332,2025-10-14,Delhi
1956,1373,2025-10-12,Mumbai
1957,702,2025-10-23,Delhi
1958,209,2025-10-08,Mumbai
1959,590,2025-10-12,Delhi
1960,1082,2025-10-22,Mumbai
1961,61,2025-10-07,Kolkata
1962,1592,2025-10-07,Pune
1963,895,2025-10-27,Ahmedabad
1964,284,2025-10-23,Kolkata
1965,1284,2025-10-19,Delhi
1966,995,2025-10-22,Bangalore
1967,538,2025-10-19,Mumbai
1968,1153,2025-10-25,Delhi
1969,649,2025-10-26,Hyderabad
1970,1018,2025-10-30,Bangalore
1971,1235,2025-10-18,Mumbai
1972,994,2025-10-16,Pune
1973,895,2025-10-06,Ahmedabad
1974,593,2025-10-19,Pune
1975,138,2025-10-23,Delhi
1976,105,2025-10-17,Mumbai
1977,842,2025-10-02,Mumbai
1978,1118,2025-10-31,Mumbai
1979,230,2025-10-03,Chennai
1980,1120,2025-10-30,Chennai
1981,247,2025-10-15,Mumbai
1982,127,2025-10-26,Mumbai
1983,1366,2025-10-03,Chennai
1984,1369,2025-10-03,Mumbai
1985,1541,2025-10-13,Hyderabad
1986,1302,2025-10-02,Chennai
1987,182,2025-10-26,Mumbai
1988,1131,2025-10-21,Ahmedabad
1989,1133,2025-10-18,Bangalore
1990,943,2025-10-19,Chennai
1991,864,2025-10-23,Delhi
1992,545,2025-10-15,Ahmedabad
1993,693,2025-10-04,Bangalore
1994,498,2025-10-27,Kolkata
1995,1258,2025-10-02,Kolkata
1996,1180,2025-10-03,Pune
1997,440,2025-10-27,Delhi
1998,1355,2025-10-25,Delhi
1999,90,2025-10-30,Ahmedabad
2000,1435,2025-10-01,Chennai
2001,1428,2025-10-10,Pune
2002,963,2025-10-25,Bangalore
2003,1174,2025-10-25,Pune
2004,6,2025-10-28,Mumbai
2005,907,2025-10-09,Mumbai
2006,669,2025-10-20,Delhi
2007,865,2025-10-20,Chennai
2008,639,2025-10-30,Mumbai
2009,671,2025-10-11,Bangalore
2010,277,2025-10-24,Hyderabad
2011,740,2025-10-08,Chennai
2012,127,2025-10-08,Mumbai
2013,1453,2025-10-21,Hyderabad
2014,115,2025-10-13,Bangalore
2015,617,2025-10-26,Mumbai
2016,601,2025-10-30,Mumbai
2017,1517,2025-10-28,Mumbai
2018,893,2025-10-09,Mumbai
2019,746,2025-10-16,Ahmedabad
2020,453,2025-10-07,Bangalore
2021,781,2025-10-26,Ahmedabad
2022,593,2025-10-02,Pune
2023,110,2025-10-01,Mumbai
2024,926,2025-10-14,Mumbai
2025,205,2025-10-03,Mumbai
2026,1093,2025-10-26,Kolkata
2027,1100,2025-10-01,Delhi
2028,1013,2025-10-18,Bangalore
2029,734,2025-10-15,Bangalore
2030,302,2025-10-24,Mumbai
2031,1507,2025-10-25,Hyderabad
2032,945,2025-10-18,Bangalore
2033,1053,2025-10-06,Bangalore
2034,1032,2025-10-11,Delhi
2035,626,2025-10-21,Chennai
2036,404,2025-10-28,Pune
2037,1260,2025-10-25,Mumbai
2038,1585,2025-10-13,Bangalore
2039,778,2025-10-22,Delhi
2040,1342,2025-10-18,Chennai
2041,506,2025-10-27,Hyderabad
2042,1473,2025-10-18,Mumbai
2043,471,2025-10-29,Kolkata
2044,1300,2025-10-24,Kolkata
2045,1035,2025-10-10,Pune
2046,572,2025-10-09,Bangalore
2047,110,2025-10-27,Mumbai
2048,974,2025-10-20,Mumbai
2049,1487,2025-10-22,Mumbai
2050,1029,2025-10-17,Chennai
2051,1054,2025-10-25,Pune
2052,645,2025-10-16,Mumbai
2053,921,2025-10-22,Mumbai
2054,1493,2025-10-20,Mumbai
2055,271,2025-10-29,Bangalore
2056,1068,2025-10-08,Delhi
2057,1324,2025-10-22,Pune
2058,1161,2025-10-07,Ahmedabad
2059,34,2025-10-03,Chennai
2060,1376,2025-10-28,Hyderabad
2061,23,2025-10-18,Pune
2062,592,2025-10-02,Delhi
2063,863,2025-10-26,Mumbai
2064,1386,2025-10-26,Delhi
2065,937,2025-10-27,Bangalore
2066,777,2025-10-15,Delhi
2067,613,2025-10-28,Chennai
2068,461,2025-10-10,Delhi
2069,1212,2025-10-09,Bangalore
2070,289,2025-10-13,Mumbai
2071,1243,2025-10-15,Bangalore
2072,1084,2025-10-22,Mumbai
2073,929,2025-10-28,Hyderabad
2074,485,2025-10-05,Bangalore
2075,735,2025-10-15,Mumbai
2076,1134,2025-10-28,Delhi
2077,286,2025-10-31,Hyderabad
2078,242,2025-10-15,Hyderabad
2079,1000,2025-10-10,Mumbai
2080,1321,2025-10-18,Ahmedabad
2081,283,2025-10-14,Chennai
2082,1050,2025-10-19,Mumbai
2083,542,2025-10-24,Hyderabad
2084,93,2025-10-11,Delhi
2085,259,2025-10-28,Pune
2086,450,2025-10-30,Chennai
2087,963,2025-10-06,Bangalore
2088,574,2025-10-01,Mumbai
2089,1059,2025-10-06,Kolkata
2090,860,2025-10-03,Mumbai
2091,765,2025-10-01,Bangalore
2092,1430,2025-10-25,Bangalore
2093,381,2025-10-14,Hyderabad
2094,903,2025-10-02,Delhi
2095,10,2025-10-31,Chennai
2096,1033,2025-10-19,Chennai
2097,960,2025-10-14,Pune
2098,270,2025-10-20,Mumbai
2099,1501,2025-10-03,Delhi
2100,145,2025-10-02,Mumbai
2101,1251,2025-10-13,Mumbai
2102,1492,2025-10-12,Mumbai
2103,311,2025-10-14,Hyderabad
2104,80,2025-10-24,Kolkata
2105,515,2025-10-29,Ahmedabad
2106,363,2025-10-11,Delhi
2107,1107,2025-10-02,Kolkata
2108,1444,2025-10-02,Ahmedabad
2109,814,2025-10-06,Delhi
2110,1108,2025-10-30,Mumbai
2111,1434,2025-10-10,Delhi
2112,1596,2025-10-17,Ahmedabad
2113,832,2025-10-23,Delhi
2114,2,2025-10-29,Pune
2115,1159,2025-10-12,Pune
2116,228,2025-10-11,Hyderabad
2117,1341,2025-10-22,Hyderabad
2118,1009,2025-10-04,Ahmedabad
2119,1209,2025-10-22,Delhi
2120,135,2025-10-02,Mumbai
2121,623,2025-10-25,Mumbai
2122,94,2025-10-17,Mumbai
2123,454,2025-10-21,Ahmedabad
2124,736,2025-10-12,Ahmedabad
2125,122,2025-10-14,Kolkata
2126,1469,2025-10-15,Mumbai
2127,981,2025-10-17,Bangalore
2128,1357,2025-10-07,Hyderabad
2129,768,2025-10-28,Kolkata
2130,322,2025-10-11,Mumbai
2131,150,2025-10-16,Mumbai
2132,377,2025-10-10,Mumbai
2133,383,2025-10-22,Bangalore
2134,730,2025-10-08,Hyderabad
2135,1046,2025-10-09,Delhi
2136,805,2025-10-15,Chennai
2137,1390,2025-10-11,Mumbai
2138,180,2025-10-06,Kolkata
2139,96,2025-10-08,Mumbai
2140,947,2025-10-15,Kolkata
2141,463,2025-10-23,Pune
2142,1353,2025-10-06,Pune
2143,1174,2025-10-30,Pune
2144,218,2025-10-25,Bangalore
2145,1128,2025-10-03,Mumbai
2146,782,2025-10-18,Pune
2147,485,2025-10-16,Bangalore
2148,1122,2025-10-13,Pune
2149,637,2025-10-28,Mumbai
2150,1545,2025-10-16,Chennai
2151,1100,2025-10-05,Delhi
2152,998,2025-10-09,Mumbai
2153,738,2025-10-19,Delhi
2154,568,2025-10-30,Mumbai
2155,1425,2025-10-29,Pune
2156,1556,2025-10-05,Pune
2157,811,2025-10-07,Bangalore
2158,1219,2025-10-08,Bangalore
2159,1226,2025-10-03,Mumbai
2160,962,2025-10-10,Bangalore
2161,1535,2025-10-31,Bangalore
2162,1520,2025-10-18,Bangalore
2163,243,2025-10-14,Bangalore
2164,755,2025-10-27,Pune
2165,84,2025-10-13,Chennai
2166,807,2025-10-12,Bangalore
2167,522,2025-10-10,Delhi
2168,461,2025-10-19,Delhi
2169,930,2025-10-07,Mumbai
2170,241,2025-10-03,Bangalore
2171,282,2025-10-30,Chennai
2172,1052,2025-10-21,Bangalore
2173,1276,2025-10-30,Pune
2174,1457,2025-10-03,Bangalore
2175,1475,2025-10-31,Ahmedabad
2176,72,2025-10-26,Hyderabad
2177,957,2025-10-25,Delhi
2178,1476,2025-10-26,Delhi
2179,555,2025-10-13,Chennai
2180,131,2025-10-14,Mumbai
2181,758,2025-10-01,Bangalore
2182,1267,2025-10-30,Delhi
2183,915,2025-10-06,Delhi
2184,566,2025-10-05,Mumbai
2185,372,2025-10-13,Mumbai
2186,543,2025-10-21,Pune
2187,851,2025-10-27,Bangalore
2188,115,2025-10-15,Bangalore
2189,1395,2025-10-29,Mumbai
2190,1088,2025-10-27,Mumbai
2191,1495,2025-10-18,Kolkata
2192,429,2025-10-12,Delhi
2193,547,2025-10-28,Pune
2194,1386,2025-10-01,Delhi
2195,271,2025-10-19,Bangalore
2196,7,2025-10-04,Delhi
2197,1289,2025-10-23,Bangalore
2198,51,2025-10-30,Bangalore
2199,382,2025-10-11,Delhi
2200,1238,2025-10-10,Bangalore
2201,446,2025-10-25,Hyderabad
2202,337,2025-10-30,Mumbai
2203,1453,2025-10-05,Hyderabad
2204,1488,2025-10-21,Bangalore
2205,1351,2025-10-22,Mumbai
2206,1579,2025-10-27,Bangalore
2207,1246,2025-10-06,Chennai
2208,455,2025-10-26,Bangalore
2209,717,2025-10-02,Delhi
2210,94,2025-10-17,Mumbai
2211,1036,2025-10-26,Delhi
2212,1007,2025-10-04,Mumbai
2213,1134,2025-10-08,Delhi
2214,1291,2025-10-14,Mumbai
2215,444,2025-10-23,Hyderabad
2216,1373,2025-10-28,Mumbai
2217,725,2025-10-13,Hyderabad
2218,692,2025-10-07,Bangalore
2219,1302,2025-10-26,Chennai
2220,1008,2025-10-09,Delhi
2221,1145,2025-10-31,Bangalore
2222,1352,2025-10-03,Delhi
2223,588,2025-10-22,Ahmedabad
2224,791,2025-10-03,Mumbai
2225,515,2025-10-19,Ahmedabad
2226,178,2025-10-14,Bangalore
2227,770,2025-10-19,Mumbai
2228,325,2025-10-22,Mumbai
2229,1493,2025-10-22,Mumbai
2230,1540,2025-10-23,Ahmedabad
2231,1326,2025-10-15,Delhi
2232,338,2025-10-14,Delhi
2233,1578,2025-10-06,Hyderabad
2234,1087,2025-10-18,Hyderabad
2235,1171,2025-10-29,Delhi
2236,1185,2025-10-21,Mumbai
2237,1201,2025-10-03,Mumbai
2238,558,2025-10-10,Mumbai
2239,1457,2025-10-02,Bangalore
2240,634,2025-10-18,Mumbai
2241,183,2025-10-14,Kolkata
2242,723,2025-10-11,Mumbai
2243,952,2025-10-15,Delhi
2244,1166,2025-10-23,Hyderabad
2245,955,2025-10-24,Delhi
2246,948,2025-10-14,Pune
2247,1147,2025-10-27,Mumbai
2248,848,2025-10-22,Delhi
2249,599,2025-10-24,Pune
2250,626,2025-10-20,Chennai
2251,1245,2025-10-08,Delhi
2252,840,2025-10-09,Mumbai
2253,351,2025-10-05,Bangalore
2254,1481,2025-10-16,Chennai
2255,553,2025-10-04,Mumbai
2256,1170,2025-10-15,Bangalore
2257,89,2025-10-16,Chennai
2258,1291,2025-10-23,Mumbai
2259,88,2025-10-10,Pune
2260,304,2025-10-24,Hyderabad
2261,236,2025-10-07,Chennai
2262,1193,2025-10-11,Kolkata
2263,1249,2025-10-07,Hyderabad
2264,760,2025-10-02,Mumbai
2265,510,2025-10-07,Delhi
2266,221,2025-10-01,Mumbai
2267,1519,2025-10-23,Pune
2268,1334,2025-10-11,Chennai
2269,1340,2025-10-03,Hyderabad
2270,120,2025-10-05,Mumbai
2271,335,2025-10-06,Delhi
2272,1544,2025-10-30,Delhi
2273,276,2025-10-11,Pune
2274,471,2025-10-01,Kolkata
2275,1418,2025-10-04,Delhi
2276,980,2025-10-20,Mumbai
2277,115,2025-10-03,Bangalore
2278,270,2025-10-02,Mumbai
2279,1191,2025-10-26,Ahmedabad
2280,272,2025-10-10,Ahmedabad
2281,848,2025-10-30,Delhi
2282,1303,2025-10-23,Mumbai
2283,1231,2025-10-30,Mumbai
2284,316,2025-10-26,Pune
2285,1198,2025-10-26,Chennai
2286,507,2025-10-16,Bangalore
2287,382,2025-10-04,Delhi
2288,1052,2025-10-02,Bangalore
2289,1522,2025-10-20,Hyderabad
2290,102,2025-10-28,Chennai
2291,1269,2025-10-20,Bangalore
2292,1566,2025-10-04,Delhi
2293,795,2025-10-24,Pune
2294,739,2025-10-28,Bangalore
2295,657,2025-10-22,Mumbai
2296,1418,2025-10-18,Delhi
2297,1063,2025-10-16,Pune
2298,43,2025-10-26,Delhi
2299,1040,2025-10-22,Delhi
2300,1397,2025-10-15,Delhi
2301,1300,2025-10-22,Kolkata
2302,478,2025-10-09,Bangalore
2303,328,2025-10-30,Pune
2304,716,2025-10-18,Delhi
2305,1173,2025-10-24,Delhi
2306,1552,2025-10-22,Chennai
2307,1275,2025-10-24,Mumbai
2308,156,2025-10-11,Hyderabad
2309,457,2025-10-21,Bangalore
2310,460,2025-10-23,Delhi
2311,157,2025-10-12,Bangalore
2312,855,2025-10-18,Delhi
2313,1194,2025-10-04,Chennai
2314,626,2025-10-25,Chennai
2315,364,2025-10-19,Delhi
2316,578,2025-10-31,Ahmedabad
2317,370,2025-10-04,Hyderabad
2318,131,2025-10-02,Mumbai
2319,231,2025-10-10,Bangalore
2320,1260,2025-10-15,Mumbai
2321,1256,2025-10-09,Bangalore
2322,408,2025-10-04,Chennai
2323,1447,2025-10-01,Kolkata
2324,690,2025-10-07,Kolkata
2325,96,2025-10-11,Mumbai
2326,1412,2025-10-06,Chennai
2327,937,2025-10-25,Bangalore
2328,424,2025-10-29,Ahmedabad
2329,1530,2025-10-03,Mumbai
2330,1537,2025-10-27,Hyderabad
2331,153,2025-10-07,Kolkata
2332,1469,2025-10-20,Mumbai
2333,459,2025-10-12,Pune
2334,1508,2025-10-31,Delhi
2335,1482,2025-10-12,Mumbai
2336,507,2025-10-25,Bangalore
2337,240,2025-10-15,Pune
2338,1505,2025-10-22,Mumbai
2339,772,2025-10-12,Pune
2340,284,2025-10-11,Kolkata
2341,333,2025-10-11,Delhi
2342,19,2025-10-25,Hyderabad
2343,47,2025-10-15,Bangalore
2344,1209,2025-10-10,Delhi
2345,1152,2025-10-01,Chennai
2346,523,2025-10-18,Mumbai
2347,155,2025-10-31,Pune
2348,231,2025-10-14,Bangalore
2349,704,2025-10-07,Mumbai
2350,780,2025-10-10,Delhi
2351,808,2025-10-29,Kolkata
2352,65,2025-10-06,Delhi
2353,1133,2025-10-20,Bangalore
2354,1138,2025-10-07,Bangalore
2355,1510,2025-10-16,Delhi
2356,852,2025-10-28,Pune
2357,27,2025-10-02,Pune
2358,1391,2025-10-13,Pune
2359,417,2025-10-01,Ahmedabad
2360,603,2025-10-14,Bangalore
2361,40,2025-10-21,Chennai
2362,72,2025-10-01,Hyderabad
2363,252,2025-10-02,Hyderabad
2364,270,2025-10-20,Mumbai
2365,865,2025-10-18,Chennai
2366,1224,2025-10-14,Bangalore
2367,17,2025-10-11,Mumbai
2368,61,2025-10-09,Kolkata
2369,1403,2025-10-26,Chennai
2370,198,2025-10-28,Delhi
2371,341,2025-10-23,Hyderabad
2372,140,2025-10-30,Bangalore
2373,1582,2025-10-09,Mumbai
2374,658,2025-10-23,Hyderabad
2375,1460,2025-10-28,Delhi
2376,755,2025-10-20,Pune
2377,1305,2025-10-02,Mumbai
2378,552,2025-10-16,Delhi
2379,610,2025-10-15,Chennai
2380,1190,2025-10-10,Delhi
2381,1046,2025-10-18,Delhi
2382,141,2025-10-23,Hyderabad
2383,374,2025-10-14,Mumbai
2384,585,2025-10-27,Chennai
2385,251,2025-10-15,Chennai
2386,1049,2025-10-02,Mumbai
2387,980,2025-10-07,Mumbai
2388,907,2025-10-24,Mumbai
2389,134,2025-10-10,Mumbai
2390,527,2025-10-29,Pune
2391,108,2025-10-20,Kolkata
2392,1220,2025-10-18,Ahmedabad
2393,1401,2025-10-23,Bangalore
2394,1359,2025-10-17,Bangalore
2395,1508,2025-10-31,Delhi
2396,1373,2025-10-20,Mumbai
2397,673,2025-10-21,Mumbai
2398,294,2025-10-03,Delhi
2399,1357,2025-10-28,Hyderabad
2400,168,2025-10-15,Mumbai
2401,538,2025-10-30,Mumbai
2402,872,2025-10-16,Mumbai
2403,61,2025-10-07,Kolkata
2404,1588,2025-10-03,Delhi
2405,164,2025-10-09,Delhi
2406,342,2025-10-27,Ahmedabad
2407,1148,2025-10-28,Bangalore
2408,766,2025-10-03,Pune
2409,25,2025-10-25,Hyderabad
2410,1198,2025-10-03,Chennai
2411,972,2025-10-10,Chennai
2412,874,2025-10-02,Mumbai
2413,207,2025-10-28,Bangalore
2414,278,2025-10-10,Pune
2415,1428,2025-10-26,Pune
2416,1044,2025-10-24,Delhi
2417,1268,2025-10-02,Pune
2418,752,2025-10-21,Mumbai
2419,237,2025-10-04,Pune
2420,1352,2025-10-05,Delhi
2421,1569,2025-10-21,Pune
2422,1068,2025-10-03,Delhi
2423,845,2025-10-03,Bangalore
2424,663,2025-10-21,Delhi
2425,77,2025-10-07,Mumbai
2426,865,2025-10-05,Chennai
2427,45,2025-10-19,Kolkata
2428,1424,2025-10-25,Hyderabad
2429,1099,2025-10-25,Pune
2430,1448,2025-10-08,Kolkata
2431,403,2025-10-01,Mumbai
2432,555,2025-10-25,Chennai
2433,1039,2025-10-16,Chennai
2434,1049,2025-10-08,Mumbai
2435,18,2025-10-20,Mumbai
2436,1050,2025-10-27,Mumbai
2437,81,2025-10-30,Mumbai
2438,175,2025-10-20,Mumbai
2439,550,2025-10-25,Kolkata
2440,1212,2025-10-27,Bangalore
2441,155,2025-10-02,Pune
2442,954,2025-10-01,Mumbai
2443,524,2025-10-28,Bangalore
2444,1422,2025-10-21,Hyderabad
2445,1077,2025-10-14,Chennai
2446,919,2025-10-23,Pune
2447,801,2025-10-29,Ahmedabad
2448,975,2025-10-20,Mumbai
2449,1154,2025-10-31,Bangalore
2450,389,2025-10-25,Hyderabad
2451,1523,2025-10-17,Kolkata
2452,246,2025-10-01,Pune
2453,1016,2025-10-04,Delhi
2454,13,2025-10-15,Pune
2455,462,2025-10-25,Delhi
2456,739,2025-10-05,Bangalore
2457,1204,2025-10-09,Delhi
2458,914,2025-10-26,Bangalore
2459,268,2025-10-16,Bangalore
2460,1142,2025-10-01,Chennai
2461,1367,2025-10-04,Delhi
2462,350,2025-10-26,Chennai
2463,1501,2025-10-20,Delhi
2464,863,2025-10-05,Mumbai
2465,639,2025-10-15,Mumbai
2466,1142,2025-10-03,Chennai
2467,1565,2025-10-17,Mumbai
2468,1107,2025-10-09,Kolkata
2469,459,2025-10-19,Pune
2470,1521,2025-10-05,Delhi
2471,772,2025-10-08,Pune
2472,1574,2025-10-25,Hyderabad
2473,6,2025-10-01,Mumbai
2474,1519,2025-10-21,Pune
2475,936,2025-10-24,Chennai
2476,1502,2025-10-11,Hyderabad
2477,1122,2025-10-14,Pune
2478,1223,2025-10-27,Mumbai
2479,501,2025-10-31,Bangalore
2480,190,2025-10-22,Pune
2481,308,2025-10-01,Pune
2482,664,2025-10-25,Delhi
2483,1178,2025-10-20,Delhi
2484,829,2025-10-14,Chennai
2485,547,2025-10-29,Pune
2486,283,2025-10-21,Chennai
2487,3,2025-10-05,Delhi
2488,735,2025-10-21,Mumbai
2489,286,2025-10-18,Hyderabad
2490,671,2025-10-12,Bangalore
2491,65,2025-10-02,Delhi
2492,49,2025-10-02,Mumbai
2493,61,2025-10-03,Kolkata
2494,875,2025-10-03,Delhi
2495,1091,2025-10-23,Bangalore
2496,460,2025-10-31,Delhi
2497,626,2025-10-21,Chennai
2498,1299,2025-10-10,Chennai
2499,485,2025-10-01,Bangalore
2500,1499,2025-10-10,Hyderabad
2501,864,2025-10-03,Delhi
2502,1551,2025-10-04,Mumbai
2503,857,2025-10-23,Chennai
2504,157,2025-10-31,Bangalore
2505,165,2025-10-22,Delhi
2506,1046,2025-10-10,Delhi
2507,482,2025-10-11,Mumbai
2508,313,2025-10-31,Mumbai
2509,518,2025-10-20,Pune
2510,567,2025-10-26,Delhi
2511,1455,2025-10-20,Bangalore
2512,950,2025-10-08,Pune
2513,1387,2025-10-19,Bangalore
2514,860,2025-10-18,Mumbai
2515,712,2025-10-28,Bangalore
2516,760,2025-10-10,Mumbai
2517,507,2025-10-28,Bangalore
2518,1082,2025-10-14,Mumbai
2519,1496,2025-10-21,Bangalore
2520,915,2025-10-18,Delhi
2521,973,2025-10-27,Delhi
2522,1208,2025-10-27,Hyderabad
2523,215,2025-10-29,Kolkata
2524,1539,2025-10-02,Mumbai
2525,747,2025-10-30,Kolkata
2526,458,2025-10-11,Kolkata
2527,1144,2025-10-17,Pune
2528,230,2025-10-31,Chennai
2529,1596,2025-10-20,Ahmedabad
2530,1221,2025-10-29,Bangalore
2531,465,2025-10-02,Kolkata
2532,15,2025-10-06,Delhi
2533,1026,2025-10-02,Hyderabad
2534,1573,2025-10-05,Mumbai
2535,249,2025-10-13,Delhi
2536,784,2025-10-18,Ahmedabad
2537,797,2025-10-26,Mumbai
2538,243,2025-10-08,Bangalore
2539,291,2025-10-03,Bangalore
2540,298,2025-10-13,Pune
2541,96,2025-10-31,Mumbai
2542,1184,2025-10-05,Mumbai
2543,21,2025-10-10,Mumbai
2544,976,2025-10-24,Delhi
2545,596,2025-10-13,Delhi
2546,192,2025-10-01,Bangalore
2547,1022,2025-10-14,Pune
2548,1199,2025-10-26,Delhi
2549,691,2025-10-11,Hyderabad
2550,202,2025-10-05,Delhi
2551,700,2025-10-12,Bangalore
2552,466,2025-10-24,Hyderabad
2553,1512,2025-10-27,Hyderabad
2554,950,2025-10-04,Pune
2555,1314,2025-10-25,Delhi
2556,652,2025-10-10,Hyderabad
2557,786,2025-10-02,Kolkata
2558,1404,2025-10-17,Ahmedabad
2559,615,2025-10-02,Mumbai
2560,773,2025-10-22,Chennai
2561,423,2025-10-31,Bangalore
2562,856,2025-10-23,Delhi
2563,1479,2025-10-17,Mumbai
2564,1072,2025-10-13,Delhi
2565,759,2025-10-25,Mumbai
2566,1237,2025-10-25,Mumbai
2567,671,2025-10-20,Bangalore
2568,1220,2025-10-29,Ahmedabad
2569,158,2025-10-19,Pune
2570,825,2025-10-24,Mumbai
2571,212,2025-10-04,Chennai
2572,219,2025-10-14,Bangalore
2573,762,2025-10-04,Mumbai
2574,67,2025-10-12,Mumbai
2575,425,2025-10-19,Delhi
2576,1126,2025-10-01,Ahmedabad
2577,551,2025-10-16,Ahmedabad
2578,443,2025-10-26,Mumbai
2579,940,2025-10-06,Ahmedabad
2580,903,2025-10-06,Delhi
2581,1138,2025-10-01,Bangalore
2582,666,2025-10-09,Hyderabad
2583,1127,2025-10-11,Ahmedabad
2584,947,2025-10-23,Kolkata
2585,328,2025-10-29,Pune
2586,612,2025-10-25,Pune
2587,860,2025-10-15,Mumbai
2588,1133,2025-10-21,Bangalore
2589,1534,2025-10-21,Chennai
2590,1119,2025-10-14,Chennai
2591,1544,2025-10-14,Delhi
2592,340,2025-10-06,Chennai
2593,1173,2025-10-30,Delhi
2594,395,2025-10-08,Delhi
2595,84,2025-10-05,Chennai
2596,464,2025-10-11,Ahmedabad
2597,1033,2025-10-27,Chennai
2598,397,2025-10-25,Mumbai
2599,15,2025-10-26,Delhi
2600,1322,2025-10-08,Delhi
2601,186,2025-10-06,Kolkata
2602,1260,2025-10-05,Mumbai
2603,787,2025-10-06,Chennai
2604,918,2025-10-11,Bangalore
2605,763,2025-10-08,Mumbai
2606,1290,2025-10-30,Mumbai
2607,53,2025-10-29,Ahmedabad
2608,1092,2025-10-29,Bangalore
2609,1445,2025-10-04,Pune
2610,651,2025-10-04,Hyderabad
2611,216,2025-10-10,Delhi
2612,1211,2025-10-15,Hyderabad
2613,192,2025-10-17,Bangalore
2614,659,2025-10-23,Mumbai
2615,1177,2025-10-07,Bangalore
2616,957,2025-10-23,Delhi
2617,1065,2025-10-11,Kolkata
2618,1587,2025-10-11,Pune
2619,988,2025-10-05,Bangalore
2620,765,2025-10-03,Bangalore
2621,376,2025-10-12,Hyderabad
2622,843,2025-10-07,Kolkata
2623,504,2025-10-30,Mumbai
2624,28,2025-10-20,Kolkata
2625,1190,2025-10-12,Delhi
2626,81,2025-10-01,Mumbai
2627,1104,2025-10-20,Pune
2628,1213,2025-10-08,Ahmedabad
2629,1084,2025-10-05,Mumbai
2630,228,2025-10-30,Hyderabad
2631,1452,2025-10-17,Bangalore
2632,911,2025-10-27,Pune
2633,406,2025-10-26,Kolkata
2634,580,2025-10-23,Hyderabad
2635,204,2025-10-13,Mumbai
2636,403,2025-10-15,Mumbai
2637,977,2025-10-31,Bangalore
2638,427,2025-10-26,Kolkata
2639,143,2025-10-16,Chennai
2640,178,2025-10-27,Bangalore
2641,1148,2025-10-08,Bangalore
2642,345,2025-10-08,Chennai
2643,797,2025-10-19,Mumbai
2644,601,2025-10-25,Mumbai
2645,857,2025-10-18,Chennai
2646,889,2025-10-24,Ahmedabad
2647,1282,2025-10-29,Delhi
2648,1488,2025-10-09,Bangalore
2649,67,2025-10-19,Mumbai
2650,841,2025-10-24,Mumbai
2651,537,2025-10-09,Hyderabad
2652,1542,2025-10-15,Hyderabad
2653,795,2025-10-25,Pune
2654,138,2025-10-12,Delhi
2655,928,2025-10-16,Bangalore
2656,484,2025-10-12,Ahmedabad
2657,467,2025-10-23,Delhi
2658,433,2025-10-01,Mumbai
2659,1436,2025-10-26,Chennai
2660,1177,2025-10-21,Bangalore
2661,1041,2025-10-21,Delhi
2662,1225,2025-10-26,Delhi
2663,1055,2025-10-23,Delhi
2664,1306,2025-10-11,Delhi
2665,538,2025-10-21,Mumbai
2666,834,2025-10-13,Pune
2667,334,2025-10-19,Hyderabad
2668,1161,2025-10-27,Ahmedabad
2669,1439,2025-10-11,Hyderabad
2670,538,2025-10-06,Mumbai
2671,1212,2025-10-18,Bangalore
2672,1311,2025-10-20,Bangalore
2673,1227,2025-10-06,Bangalore
2674,754,2025-10-09,Chennai
2675,301,2025-10-26,Pune
2676,12,2025-10-13,Delhi
2677,1548,2025-10-25,Bangalore
2678,673,2025-10-01,Mumbai
2679,1227,2025-10-05,Bangalore
2680,1289,2025-10-18,Bangalore
2681,931,2025-10-06,Hyderabad
2682,357,2025-10-21,Ahmedabad
2683,938,2025-10-05,Mumbai
2684,377,2025-10-21,Mumbai
2685,1473,2025-10-20,Mumbai
2686,1087,2025-10-05,Hyderabad
2687,399,2025-10-22,Hyderabad
2688,993,2025-10-29,Hyderabad
2689,1356,2025-10-30,Bangalore
2690,320,2025-10-31,Chennai
2691,546,2025-10-19,Pune
2692,1250,2025-10-13,Chennai
2693,1413,2025-10-10,Chennai
2694,1027,2025-10-25,Ahmedabad
2695,571,2025-10-22,Chennai
2696,1045,2025-10-18,Chennai
2697,1021,2025-10-08,Hyderabad
2698,405,2025-10-31,Pune
2699,1238,2025-10-25,Bangalore
2700,1366,2025-10-29,Chennai
2701,1075,2025-10-13,Mumbai
2702,787,2025-10-14,Chennai
2703,836,2025-10-06,Hyderabad
2704,1231,2025-10-22,Mumbai
2705,1133,2025-10-24,Bangalore
2706,1015,2025-10-15,Chennai
2707,516,2025-10-29,Chennai
2708,317,2025-10-05,Pune
2709,102,2025-10-21,Chennai
2710,70,2025-10-28,Kolkata
2711,35,2025-10-07,Chennai
2712,1114,2025-10-16,Bangalore
2713,1375,2025-10-13,Delhi
2714,608,2025-10-30,Chennai
2715,1063,2025-10-06,Pune
2716,874,2025-10-14,Mumbai
2717,1165,2025-10-31,Hyderabad
2718,1350,2025-10-12,Ahmedabad
2719,206,2025-10-30,Bangalore
2720,1566,2025-10-21,Delhi
2721,462,2025-10-31,Delhi
2722,829,2025-10-04,Chennai
2723,151,2025-10-16,Bangalore
2724,1196,2025-10-20,Delhi
2725,602,2025-10-28,Mumbai
2726,264,2025-10-25,Kolkata
2727,1417,2025-10-27,Delhi
2728,966,2025-10-21,Delhi
2729,732,2025-10-03,Bangalore
2730,1215,2025-10-12,Ahmedabad
2731,1240,2025-10-27,Delhi
2732,1116,2025-10-24,Bangalore
2733,926,2025-10-09,Mumbai
2734,1234,2025-10-22,Hyderabad
2735,6,2025-10-02,Mumbai
2736,1469,2025-10-10,Mumbai
2737,1559,2025-10-08,Delhi
2738,784,2025-10-13,Ahmedabad
2739,571,2025-10-21,Chennai
2740,579,2025-10-23,Mumbai
2741,702,2025-10-24,Delhi
2742,960,2025-10-10,Pune
2743,1561,2025-10-25,Delhi
2744,1392,2025-10-23,Mumbai
2745,1419,2025-10-21,Mumbai
2746,776,2025-10-04,Hyderabad
2747,703,2025-10-06,Mumbai
2748,1401,2025-10-22,Bangalore
2749,1488,2025-10-23,Bangalore
2750,151,2025-11-27,Bangalore
2751,836,2025-11-05,Hyderabad
2752,28,2025-11-05,Kolkata
2753,822,2025-11-02,Hyderabad
2754,889,2025-11-27,Ahmedabad
2755,180,2025-11-21,Kolkata
2756,1214,2025-11-04,Delhi
2757,943,2025-11-25,Chennai
2758,230,2025-11-19,Chennai
2759,1010,2025-11-30,Mumbai
2760,1210,2025-11-05,Delhi
2761,1421,2025-11-10,Hyderabad
2762,581,2025-11-29,Delhi
2763,760,2025-11-05,Mumbai
2764,779,2025-11-01,Kolkata
2765,286,2025-11-10,Hyderabad
2766,1312,2025-11-05,Delhi
2767,748,2025-11-01,Mumbai
2768,472,2025-11-22,Mumbai
2769,1172,2025-11-02,Bangalore
2770,1210,2025-11-11,Delhi
2771,542,2025-11-24,Hyderabad
2772,654,2025-11-24,Mumbai
2773,1075,2025-11-21,Mumbai
2774,1472,2025-11-13,Mumbai
2775,482,2025-11-07,Mumbai
2776,767,2025-11-22,Mumbai
2777,1422,2025-11-16,Hyderabad
2778,381,2025-11-06,Hyderabad
2779,295,2025-11-23,Bangalore
2780,531,2025-11-02,Hyderabad
2781,336,2025-11-27,Bangalore
2782,1216,2025-11-21,Pune
2783,1453,2025-11-06,Hyderabad
2784,280,2025-11-08,Bangalore
2785,1559,2025-11-26,Delhi
2786,1014,2025-11-22,Kolkata
2787,1378,2025-11-16,Bangalore
2788,1414,2025-11-11,Chennai
2789,894,2025-11-19,Ahmedabad
2790,583,2025-11-08,Ahmedabad
2791,1281,2025-11-24,Mumbai
2792,1487,2025-11-17,Mumbai
2793,8,2025-11-07,Hyderabad
2794,1278,2025-11-17,Hyderabad
2795,1491,2025-11-02,Chennai
2796,890,2025-11-16,Chennai
2797,29,2025-11-27,Bangalore
2798,731,2025-11-21,Mumbai
2799,1175,2025-11-15,Hyderabad
2800,1071,2025-11-30,Kolkata
2801,1534,2025-11-19,Chennai
2802,876,2025-11-02,Delhi
2803,578,2025-11-20,Ahmedabad
2804,1527,2025-11-08,Chennai
2805,214,2025-11-11,Mumbai
2806,895,2025-11-24,Ahmedabad
2807,623,2025-11-16,Mumbai
2808,815,2025-11-23,Pune
2809,1586,2025-11-17,Delhi
2810,1317,2025-11-18,Ahmedabad
2811,1430,2025-11-24,Bangalore
2812,1178,2025-11-20,Delhi
2813,878,2025-11-22,Hyderabad
2814,1390,2025-11-18,Mumbai
2815,316,2025-11-07,Pune
2816,289,2025-11-14,Mumbai
2817,730,2025-11-29,Hyderabad
2818,677,2025-11-16,Mumbai
2819,353,2025-11-09,Delhi
2820,915,2025-11-11,Delhi
2821,597,2025-11-22,Mumbai
2822,219,2025-11-05,Bangalore
2823,1050,2025-11-19,Mumbai
2824,1095,2025-11-14,Kolkata
2825,86,2025-11-24,Kolkata
2826,1275,2025-11-10,Mumbai
2827,682,2025-11-24,Delhi
2828,436,2025-11-09,Bangalore
2829,1180,2025-11-29,Pune
2830,551,2025-11-04,Ahmedabad
2831,951,2025-11-07,Hyderabad
2832,1044,2025-11-01,Delhi
2833,515,2025-11-22,Ahmedabad
2834,93,2025-11-05,Delhi
2835,91,2025-11-26,Delhi
2836,1563,2025-11-05,Bangalore
2837,315,2025-11-02,Kolkata
2838,586,2025-11-18,Ahmedabad
2839,1345,2025-11-10,Chennai
2840,1407,2025-11-17,Delhi
2841,1065,2025-11-28,Kolkata
2842,861,2025-11-06,Chennai
2843,64,2025-11-24,Pune
2844,600,2025-11-30,Hyderabad
2845,6,2025-11-13,Mumbai
2846,1396,2025-11-03,Delhi
2847,1566,2025-11-03,Delhi
2848,782,2025-11-27,Pune
2849,1216,2025-11-27,Pune
2850,1485,2025-11-05,Chennai
2851,1187,2025-11-01,Delhi
2852,1464,2025-11-18,Kolkata
2853,1441,2025-11-09,Mumbai
2854,415,2025-11-19,Pune
2855,1279,2025-11-22,Bangalore
2856,723,2025-11-19,Mumbai
2857,757,2025-11-17,Mumbai
2858,319,2025-11-01,Delhi
2859,1368,2025-11-20,Mumbai
2860,1120,2025-11-04,Chennai
2861,793,2025-11-28,Mumbai
2862,823,2025-11-13,Chennai
2863,1597,2025-11-05,Pune
2864,459,2025-11-09,Pune
2865,672,2025-11-15,Delhi
2866,462,2025-11-07,Delhi
2867,484,2025-11-24,Ahmedabad
2868,447,2025-11-04,Bangalore
2869,652,2025-11-15,Hyderabad
2870,456,2025-11-17,Bangalore
2871,1043,2025-11-18,Mumbai
2872,990,2025-11-02,Delhi
2873,407,2025-11-13,Mumbai
2874,1591,2025-11-18,Pune
2875,292,2025-11-08,Pune
2876,969,2025-11-19,Chennai
2877,611,2025-11-27,Mumbai
2878,983,2025-11-07,Pune
2879,329,2025-11-20,Bangalore
2880,182,2025-11-11,Mumbai
2881,465,2025-11-08,Kolkata
2882,142,2025-11-18,Ahmedabad
2883,797,2025-11-01,Mumbai
2884,731,2025-11-18,Mumbai
2885,1249,2025-11-04,Hyderabad
2886,340,2025-11-03,Chennai
2887,588,2025-11-29,Ahmedabad
2888,1422,2025-11-16,Hyderabad
2889,592,2025-11-22,Delhi
2890,713,2025-11-30,Pune
2891,852,2025-11-13,Pune
2892,848,2025-11-14,Delhi
2893,263,2025-11-05,Delhi
2894,897,2025-11-14,Hyderabad
2895,34,2025-11-04,Chennai
2896,624,2025-11-09,Kolkata
2897,938,2025-11-10,Mumbai
2898,1126,2025-11-13,Ahmedabad
2899,1198,2025-11-26,Chennai
2900,1310,2025-11-06,Hyderabad
2901,190,2025-11-10,Pune
2902,704,2025-11-03,Mumbai
2903,1126,2025-11-13,Ahmedabad
2904,2,2025-11-10,Pune
2905,740,2025-11-09,Chennai
2906,599,2025-11-19,Pune
2907,1208,2025-11-27,Hyderabad
2908,660,2025-11-10,Ahmedabad
2909,398,2025-11-02,Kolkata
2910,176,2025-11-10,Hyderabad
2911,469,2025-11-14,Kolkata
2912,31,2025-11-16,Mumbai
2913,931,2025-11-27,Hyderabad
2914,1345,2025-11-07,Chennai
2915,368,2025-11-23,Chennai
2916,687,2025-11-21,Pune
2917,196,2025-11-04,Delhi
2918,212,2025-11-11,Chennai
2919,196,2025-11-28,Delhi
2920,289,2025-11-05,Mumbai
2921,476,2025-11-28,Ahmedabad
2922,1553,2025-11-07,Bangalore
2923,467,2025-11-21,Delhi
2924,440,2025-11-06,Delhi
2925,1392,2025-11-10,Mumbai
2926,1583,2025-11-26,Kolkata
2927,1196,2025-11-17,Delhi
2928,1195,2025-11-12,Kolkata
2929,497,2025-11-09,Bangalore
2930,1586,2025-11-03,Delhi
2931,760,2025-11-27,Mumbai
2932,799,2025-11-06,Ahmedabad
2933,854,2025-11-14,Bangalore
2934,511,2025-11-13,Kolkata
2935,807,2025-11-14,Bangalore
2936,1561,2025-11-21,Delhi
2937,1547,2025-11-13,Kolkata
2938,168,2025-11-06,Mumbai
2939,664,2025-11-09,Delhi
2940,1535,2025-11-14,Bangalore
2941,1497,2025-11-18,Chennai
2942,1247,2025-11-25,Pune
2943,171,2025-11-04,Chennai
2944,182,2025-11-01,Mumbai
2945,121,2025-11-16,Bangalore
2946,1135,2025-11-29,Ahmedabad
2947,585,2025-11-13,Chennai
2948,296,2025-11-24,Mumbai
2949,608,2025-11-12,Chennai
2950,1206,2025-11-21,Pune
2951,225,2025-11-06,Bangalore
2952,1377,2025-11-01,Chennai
2953,1229,2025-11-04,Ahmedabad
2954,1584,2025-11-19,Delhi
2955,558,2025-11-24,Mumbai
2956,558,2025-11-09,Mumbai
2957,421,2025-11-22,Bangalore
2958,1118,2025-11-26,Mumbai
2959,187,2025-11-04,Kolkata
2960,1358,2025-11-22,Mumbai
2961,331,2025-11-29,Pune
2962,1272,2025-11-20,Delhi
2963,411,2025-11-09,Mumbai
2964,320,2025-11-02,Chennai
2965,1159,2025-11-22,Pune
2966,1114,2025-11-13,Bangalore
2967,177,2025-11-26,Hyderabad
2968,1194,2025-11-22,Chennai
2969,951,2025-11-22,Hyderabad
2970,1093,2025-11-15,Kolkata
2971,894,2025-11-16,Ahmedabad
2972,164,2025-11-02,Delhi
2973,714,2025-11-10,Chennai
2974,888,2025-11-22,Chennai
2975,691,2025-11-06,Hyderabad
2976,1450,2025-11-15,Delhi
2977,736,2025-11-14,Ahmedabad
2978,453,2025-11-02,Bangalore
2979,698,2025-11-14,Delhi
2980,746,2025-11-25,Ahmedabad
2981,1307,2025-11-24,Bangalore
2982,741,2025-11-13,Pune
2983,1359,2025-11-02,Bangalore
2984,456,2025-11-01,Bangalore
2985,11,2025-11-01,Delhi
2986,16,2025-11-16,Ahmedabad
2987,1351,2025-11-06,Mumbai
2988,318,2025-11-10,Hyderabad
2989,395,2025-11-12,Delhi
2990,209,2025-11-23,Mumbai
2991,1586,2025-11-11,Delhi
2992,338,2025-11-25,Delhi
2993,1003,2025-11-18,Hyderabad
2994,1459,2025-11-11,Bangalore
2995,1561,2025-11-17,Delhi
2996,1288,2025-11-05,Mumbai
2997,1250,2025-11-08,Chennai
2998,1146,2025-11-21,Delhi
2999,455,2025-11-27,Bangalore
3000,1222,2025-11-19,Ahmedabad
3001,1010,2025-11-26,Mumbai
3002,1180,2025-11-29,Pune
3003,314,2025-11-17,Delhi
3004,479,2025-11-15,Delhi
3005,457,2025-11-14,Bangalore
3006,981,2025-11-24,Bangalore
3007,606,2025-11-09,Bangalore
3008,662,2025-11-26,Delhi
3009,618,2025-11-17,Hyderabad
3010,631,2025-11-04,Chennai
3011,578,2025-11-28,Ahmedabad
3012,1563,2025-11-07,Bangalore
3013,597,2025-11-12,Mumbai
3014,286,2025-11-17,Hyderabad
3015,1240,2025-11-14,Delhi
3016,907,2025-11-06,Mumbai
3017,269,2025-11-01,Hyderabad
3018,245,2025-11-12,Kolkata
3019,812,2025-11-08,Pune
3020,734,2025-11-01,Bangalore
3021,218,2025-11-19,Bangalore
3022,1238,2025-11-16,Bangalore
3023,204,2025-11-13,Mumbai
3024,576,2025-11-23,Mumbai
3025,634,2025-11-01,Mumbai
3026,1489,2025-11-26,Mumbai
3027,594,2025-11-15,Mumbai
3028,402,2025-11-22,Kolkata
3029,877,2025-11-11,Ahmedabad
3030,857,2025-11-03,Chennai
3031,1435,2025-11-21,Chennai
3032,1478,2025-11-20,Mumbai
3033,980,2025-11-21,Mumbai
3034,979,2025-11-21,Chennai
3035,996,2025-11-04,Delhi
3036,1303,2025-11-17,Mumbai
3037,1242,2025-11-10,Mumbai
3038,690,2025-11-25,Kolkata
3039,1350,2025-11-21,Ahmedabad
3040,981,2025-11-25,Bangalore
3041,431,2025-11-30,Mumbai
3042,63,2025-11-27,Chennai
3043,377,2025-11-14,Mumbai
3044,131,2025-11-26,Mumbai
3045,452,2025-11-26,Bangalore
3046,602,2025-11-19,Mumbai
3047,1451,2025-11-12,Pune
3048,1163,2025-11-14,Delhi
3049,1377,2025-11-02,Chennai
3050,1515,2025-11-11,Kolkata
3051,269,2025-11-19,Hyderabad
3052,9,2025-11-06,Mumbai
3053,1413,2025-11-30,Chennai
3054,281,2025-11-12,Bangalore
3055,50,2025-11-07,Hyderabad
3056,1138,2025-11-22,Bangalore
3057,1421,2025-11-02,Hyderabad
3058,450,2025-11-22,Chennai
3059,411,2025-11-01,Mumbai
3060,56,2025-11-27,Mumbai
3061,417,2025-11-07,Ahmedabad
3062,1022,2025-11-24,Pune
3063,1228,2025-11-05,Hyderabad
3064,1465,2025-11-27,Bangalore
3065,1564,2025-11-28,Mumbai
3066,222,2025-11-29,Chennai
3067,1087,2025-11-23,Hyderabad
3068,1309,2025-11-25,Chennai
3069,831,2025-11-13,Delhi
3070,1055,2025-11-21,Delhi
3071,404,2025-11-02,Pune
3072,924,2025-11-18,Delhi
3073,830,2025-11-29,Delhi
3074,1057,2025-11-30,Chennai
3075,175,2025-11-19,Mumbai
3076,1508,2025-11-23,Delhi
3077,86,2025-11-24,Kolkata
3078,768,2025-11-07,Kolkata
3079,671,2025-11-15,Bangalore
3080,1559,2025-11-17,Delhi
3081,959,2025-11-29,Chennai
3082,877,2025-11-18,Ahmedabad
3083,415,2025-11-01,Pune
3084,947,2025-11-06,Kolkata
3085,455,2025-11-09,Bangalore
3086,338,2025-11-11,Delhi
3087,489,2025-11-01,Bangalore
3088,1479,2025-11-27,Mumbai
3089,1465,2025-11-28,Bangalore
3090,1530,2025-11-25,Mumbai
3091,263,2025-11-23,Delhi
3092,170,2025-11-05,Mumbai
3093,397,2025-11-10,Mumbai
3094,1417,2025-11-22,Delhi
3095,1458,2025-11-29,Chennai
3096,222,2025-11-13,Chennai
3097,1577,2025-11-15,Delhi
3098,1074,2025-11-28,Chennai
3099,331,2025-11-30,Pune
3100,1279,2025-11-07,Bangalore
3101,980,2025-11-22,Mumbai
3102,1312,2025-11-19,Delhi
3103,197,2025-11-02,Mumbai
3104,63,2025-11-17,Chennai
3105,1371,2025-11-09,Pune
3106,1040,2025-11-17,Delhi
3107,187,2025-11-27,Kolkata
3108,847,2025-11-21,Pune
3109,47,2025-11-29,Bangalore
3110,1347,2025-11-14,Mumbai
3111,1104,2025-11-11,Pune
3112,1021,2025-11-22,Hyderabad
3113,1505,2025-11-22,Mumbai
3114,1146,2025-11-25,Delhi
3115,821,2025-11-21,Hyderabad
3116,481,2025-11-11,Mumbai
3117,27,2025-11-03,Pune
3118,92,2025-11-06,Bangalore
3119,571,2025-11-03,Chennai
3120,1399,2025-11-02,Bangalore
3121,1578,2025-11-14,Hyderabad
3122,169,2025-11-05,Pune
3123,1576,2025-11-15,Delhi
3124,715,2025-11-22,Chennai
3125,1256,2025-11-14,Bangalore
3126,286,2025-11-04,Hyderabad
3127,865,2025-11-20,Chennai
3128,59,2025-11-25,Bangalore
3129,257,2025-11-22,Bangalore
3130,886,2025-11-18,Bangalore
3131,1341,2025-11-13,Hyderabad
3132,891,2025-11-15,Delhi
3133,399,2025-11-15,Hyderabad
3134,1385,2025-11-29,Mumbai
3135,218,2025-11-05,Bangalore
3136,661,2025-11-20,Pune
3137,51,2025-11-11,Bangalore
3138,256,2025-11-25,Pune
3139,1130,2025-11-19,Pune
3140,722,2025-11-28,Bangalore
3141,1328,2025-11-04,Mumbai
3142,553,2025-11-20,Mumbai
3143,102,2025-11-21,Chennai
3144,253,2025-11-04,Hyderabad
3145,1171,2025-11-25,Delhi
3146,1149,2025-11-01,Delhi
3147,1309,2025-11-07,Chennai
3148,789,2025-11-21,Chennai
3149,1301,2025-11-10,Hyderabad
3150,753,2025-11-29,Delhi
3151,1010,2025-11-26,Mumbai
3152,521,2025-11-11,Hyderabad
3153,1053,2025-11-07,Bangalore
3154,724,2025-11-21,Mumbai
3155,1013,2025-11-07,Bangalore
3156,316,2025-11-01,Pune
3157,500,2025-11-06,Delhi
3158,500,2025-11-28,Delhi
3159,1477,2025-11-02,Kolkata
3160,17,2025-11-02,Mumbai
3161,1554,2025-11-07,Bangalore
3162,1004,2025-11-30,Hyderabad
3163,708,2025-11-22,Mumbai
3164,720,2025-11-04,Hyderabad
3165,615,2025-11-11,Mumbai
3166,704,2025-11-08,Mumbai
3167,459,2025-11-25,Pune
3168,1478,2025-11-24,Mumbai
3169,306,2025-11-18,Pune
3170,705,2025-11-04,Mumbai
3171,701,2025-11-03,Pune
3172,1282,2025-11-03,Delhi
3173,624,2025-11-12,Kolkata
3174,971,2025-11-06,Bangalore
3175,513,2025-11-13,Hyderabad
3176,975,2025-11-12,Mumbai
3177,243,2025-11-17,Bangalore
3178,1267,2025-11-20,Delhi
3179,637,2025-11-11,Mumbai
3180,293,2025-11-30,Delhi
3181,1558,2025-11-07,Pune
3182,1087,2025-11-02,Hyderabad
3183,1332,2025-11-05,Pune
3184,751,2025-11-02,Chennai
3185,1572,2025-11-12,Delhi
3186,1472,2025-11-11,Mumbai
3187,175,2025-11-17,Mumbai
3188,79,2025-11-22,Delhi
3189,836,2025-11-05,Hyderabad
3190,132,2025-11-30,Bangalore
3191,290,2025-11-22,Delhi
3192,1127,2025-11-08,Ahmedabad
3193,1392,2025-11-15,Mumbai
3194,1157,2025-11-17,Delhi
3195,166,2025-11-12,Kolkata
3196,1324,2025-11-13,Pune
3197,1307,2025-11-12,Bangalore
3198,98,2025-11-09,Kolkata
3199,1403,2025-11-23,Chennai
3200,1482,2025-11-05,Mumbai
3201,1362,2025-11-05,Delhi
3202,500,2025-11-08,Delhi
3203,6,2025-11-04,Mumbai
3204,356,2025-11-02,Delhi
3205,1597,2025-11-21,Pune
3206,1386,2025-11-22,Delhi
3207,1046,2025-11-19,Delhi
3208,1432,2025-11-23,Bangalore
3209,495,2025-11-09,Bangalore
3210,1092,2025-11-27,Bangalore
3211,165,2025-11-20,Delhi
3212,861,2025-11-20,Chennai
3213,236,2025-11-20,Chennai
3214,1504,2025-11-22,Chennai
3215,726,2025-11-13,Bangalore
3216,1590,2025-11-15,Ahmedabad
3217,940,2025-11-04,Ahmedabad
3218,96,2025-11-06,Mumbai
3219,619,2025-11-10,Hyderabad
3220,227,2025-11-03,Bangalore
3221,1048,2025-11-08,Delhi
3222,852,2025-11-09,Pune
3223,1158,2025-11-13,Delhi
3224,1129,2025-11-18,Mumbai
3225,823,2025-11-24,Chennai
3226,371,2025-11-24,Bangalore
3227,132,2025-11-02,Bangalore
3228,1063,2025-11-07,Pune
3229,821,2025-11-21,Hyderabad
3230,1256,2025-11-24,Bangalore
3231,1279,2025-11-20,Bangalore
3232,255,2025-11-04,Bangalore
3233,729,2025-11-17,Chennai
3234,1009,2025-11-07,Ahmedabad
3235,410,2025-11-27,Bangalore
3236,722,2025-11-15,Bangalore
3237,1149,2025-11-17,Delhi
3238,1413,2025-11-23,Chennai
3239,342,2025-11-23,Ahmedabad
3240,1012,2025-11-12,Bangalore
3241,1416,2025-11-07,Hyderabad
3242,1258,2025-11-28,Kolkata
3243,636,2025-11-23,Pune
3244,682,2025-11-17,Delhi
3245,481,2025-11-22,Mumbai
3246,987,2025-11-28,Pune
3247,660,2025-11-25,Ahmedabad
3248,521,2025-11-27,Hyderabad
3249,1441,2025-11-06,Mumbai
3250,529,2025-11-04,Hyderabad
3251,1236,2025-11-08,Bangalore
3252,1355,2025-11-24,Delhi
3253,1425,2025-11-22,Pune
3254,1290,2025-11-09,Mumbai
3255,1558,2025-11-30,Pune
3256,442,2025-11-20,Bangalore
3257,279,2025-11-04,Bangalore
3258,272,2025-11-21,Ahmedabad
3259,1410,2025-11-20,Mumbai
3260,126,2025-11-14,Chennai
3261,205,2025-11-21,Mumbai
3262,1369,2025-11-01,Mumbai
3263,15,2025-11-23,Delhi
3264,1347,2025-11-03,Mumbai
3265,395,2025-11-15,Delhi
3266,666,2025-11-03,Hyderabad
3267,1598,2025-11-03,Pune
3268,372,2025-11-24,Mumbai
3269,496,2025-11-16,Pune
3270,868,2025-11-20,Mumbai
3271,786,2025-11-03,Kolkata
3272,1546,2025-11-07,Mumbai
3273,305,2025-11-10,Bangalore
3274,554,2025-11-14,Mumbai
3275,472,2025-11-08,Mumbai
3276,1079,2025-11-13,Kolkata
3277,1590,2025-11-26,Ahmedabad
3278,362,2025-11-13,Pune
3279,1555,2025-11-28,Mumbai
3280,765,2025-11-20,Bangalore
3281,17,2025-11-08,Mumbai
3282,581,2025-11-11,Delhi
3283,673,2025-11-02,Mumbai
3284,78,2025-11-25,Kolkata
3285,933,2025-11-07,Mumbai
3286,529,2025-11-15,Hyderabad
3287,1316,2025-11-01,Pune
3288,166,2025-11-01,Kolkata
3289,886,2025-11-24,Bangalore
3290,866,2025-11-01,Hyderabad
3291,1422,2025-11-07,Hyderabad
3292,35,2025-11-21,Chennai
3293,470,2025-11-16,Hyderabad
3294,542,2025-11-29,Hyderabad
3295,1100,2025-11-19,Delhi
3296,69,2025-11-28,Bangalore
3297,1104,2025-11-11,Pune
3298,147,2025-11-21,Kolkata
3299,501,2025-11-25,Bangalore
3300,1475,2025-11-27,Ahmedabad
3301,1125,2025-11-19,Hyderabad
3302,427,2025-11-01,Kolkata
3303,718,2025-11-17,Mumbai
3304,850,2025-11-05,Delhi
3305,1393,2025-11-10,Chennai
3306,774,2025-11-24,Bangalore
3307,1392,2025-11-14,Mumbai
3308,915,2025-11-10,Delhi
3309,1383,2025-11-14,Hyderabad
3310,1136,2025-11-30,Mumbai
3311,1402,2025-11-10,Bangalore
3312,1536,2025-11-15,Mumbai
3313,1142,2025-11-16,Chennai
3314,984,2025-11-14,Hyderabad
3315,611,2025-11-03,Mumbai
3316,426,2025-11-02,Delhi
3317,816,2025-11-12,Mumbai
3318,684,2025-11-21,Mumbai
3319,881,2025-11-02,Hyderabad
3320,162,2025-11-03,Pune
3321,1364,2025-11-12,Bangalore
3322,644,2025-11-03,Hyderabad
3323,1534,2025-11-15,Chennai
3324,1046,2025-11-21,Delhi
3325,786,2025-11-18,Kolkata
3326,1201,2025-11-12,Mumbai
3327,1437,2025-11-08,Hyderabad
3328,647,2025-11-09,Delhi
3329,138,2025-11-07,Delhi
3330,1210,2025-11-27,Delhi
3331,535,2025-11-15,Chennai
3332,1241,2025-11-09,Delhi
3333,341,2025-11-30,Hyderabad
3334,1397,2025-11-23,Delhi
3335,417,2025-11-30,Ahmedabad
3336,1053,2025-11-12,Bangalore
3337,1095,2025-11-27,Kolkata
3338,1102,2025-11-12,Pune
3339,1183,2025-11-17,Chennai
3340,350,2025-11-18,Chennai
3341,199,2025-11-19,Ahmedabad
3342,1468,2025-11-25,Delhi
3343,529,2025-11-28,Hyderabad
3344,355,2025-11-10,Delhi
3345,209,2025-11-06,Mumbai
3346,186,2025-11-03,Kolkata
3347,1314,2025-11-12,Delhi
3348,80,2025-11-07,Kolkata
3349,181,2025-11-22,Chennai
3350,1573,2025-11-11,Mumbai
3351,1535,2025-11-26,Bangalore
3352,1520,2025-11-06,Bangalore
3353,1225,2025-11-09,Delhi
3354,1266,2025-11-30,Chennai
3355,1414,2025-11-20,Chennai
3356,1439,2025-11-24,Hyderabad
3357,1516,2025-11-04,Bangalore
3358,312,2025-11-22,Bangalore
3359,350,2025-11-21,Chennai
3360,1017,2025-11-19,Ahmedabad
3361,1298,2025-11-12,Bangalore
3362,1441,2025-11-07,Mumbai
3363,548,2025-11-18,Ahmedabad
3364,1140,2025-11-15,Pune
3365,1057,2025-11-13,Chennai
3366,27,2025-11-14,Pune
3367,699,2025-11-02,Bangalore
3368,804,2025-11-23,Kolkata
3369,726,2025-11-14,Bangalore
3370,712,2025-11-14,Bangalore
3371,854,2025-11-21,Bangalore
3372,1489,2025-11-28,Mumbai
3373,1207,2025-11-09,Delhi
3374,1557,2025-11-24,Pune
3375,1471,2025-11-19,Pune
3376,942,2025-11-26,Delhi
3377,263,2025-11-18,Delhi
3378,972,2025-11-07,Chennai
3379,1046,2025-11-25,Delhi
3380,680,2025-11-13,Ahmedabad
3381,326,2025-11-17,Ahmedabad
3382,703,2025-11-14,Mumbai
3383,839,2025-11-21,Chennai
3384,1130,2025-11-08,Pune
3385,1178,2025-11-16,Delhi
3386,979,2025-11-11,Chennai
3387,563,2025-11-18,Chennai
3388,1401,2025-11-29,Bangalore
3389,550,2025-11-20,Kolkata
3390,1314,2025-11-14,Delhi
3391,875,2025-11-08,Delhi
3392,78,2025-11-03,Kolkata
3393,576,2025-11-25,Mumbai
3394,343,2025-11-16,Delhi
3395,521,2025-11-14,Hyderabad
3396,615,2025-11-18,Mumbai
3397,1532,2025-11-08,Ahmedabad
3398,996,2025-11-04,Delhi
3399,548,2025-11-30,Ahmedabad
3400,810,2025-11-30,Hyderabad
3401,715,2025-11-14,Chennai
3402,747,2025-11-24,Kolkata
3403,658,2025-11-24,Hyderabad
3404,697,2025-11-28,Mumbai
3405,854,2025-11-09,Bangalore
3406,547,2025-11-10,Pune
3407,1365,2025-11-26,Bangalore
3408,314,2025-11-19,Delhi
3409,880,2025-11-30,Delhi
3410,501,2025-11-17,Bangalore
3411,1193,2025-11-29,Kolkata
3412,540,2025-11-21,Mumbai
3413,209,2025-11-11,Mumbai
3414,111,2025-11-16,Chennai
3415,709,2025-11-07,Mumbai
3416,98,2025-11-04,Kolkata
3417,469,2025-11-25,Kolkata
3418,1351,2025-11-09,Mumbai
3419,213,2025-11-08,Mumbai
3420,196,2025-11-13,Delhi
3421,1363,2025-11-11,Bangalore
3422,716,2025-11-18,Delhi
3423,705,2025-11-16,Mumbai
3424,1287,2025-11-21,Delhi
3425,1508,2025-11-21,Delhi
3426,911,2025-11-21,Pune
3427,503,2025-11-10,Chennai
3428,86,2025-11-17,Kolkata
3429,40,2025-11-03,Chennai
3430,1553,2025-11-04,Bangalore
3431,1324,2025-11-09,Pune
3432,1084,2025-11-11,Mumbai
3433,1535,2025-11-26,Bangalore
3434,1199,2025-11-14,Delhi
3435,878,2025-11-16,Hyderabad
3436,554,2025-11-25,Mumbai
3437,1543,2025-11-07,Chennai
3438,635,2025-11-20,Pune
3439,983,2025-11-23,Pune
3440,46,2025-11-07,Delhi
3441,1288,2025-11-14,Mumbai
3442,1371,2025-11-14,Pune
3443,1450,2025-11-25,Delhi
3444,259,2025-11-22,Pune
3445,1284,2025-11-22,Delhi
3446,222,2025-11-19,Chennai
3447,683,2025-11-26,Bangalore
3448,774,2025-11-30,Bangalore
3449,574,2025-11-10,Mumbai
3450,385,2025-11-17,Ahmedabad
3451,879,2025-11-17,Bangalore
3452,1018,2025-11-03,Bangalore
3453,535,2025-11-22,Chennai
3454,200,2025-11-04,Delhi
3455,401,2025-11-01,Delhi
3456,989,2025-11-02,Kolkata
3457,953,2025-11-13,Delhi
3458,989,2025-11-23,Kolkata
3459,1058,2025-11-13,Hyderabad
3460,1177,2025-11-08,Bangalore
3461,610,2025-11-21,Chennai
3462,224,2025-11-19,Hyderabad
3463,68,2025-11-19,Ahmedabad
3464,1445,2025-11-20,Pune
3465,766,2025-11-18,Pune
3466,802,2025-11-15,Delhi
3467,699,2025-11-06,Bangalore
3468,1506,2025-11-30,Mumbai
3469,1236,2025-11-08,Bangalore
3470,611,2025-11-07,Mumbai
3471,173,2025-11-16,Hyderabad
3472,1414,2025-11-23,Chennai
3473,97,2025-11-30,Mumbai
3474,1301,2025-11-19,Hyderabad
3475,1010,2025-11-30,Mumbai
3476,708,2025-11-14,Mumbai
3477,266,2025-11-09,Bangalore
3478,490,2025-11-15,Hyderabad
3479,827,2025-11-15,Hyderabad
3480,636,2025-11-11,Pune
3481,1558,2025-11-08,Pune
3482,1533,2025-11-27,Bangalore
3483,239,2025-11-25,Ahmedabad
3484,1202,2025-11-10,Pune
3485,41,2025-11-28,Delhi
3486,1597,2025-11-28,Pune
3487,613,2025-11-26,Chennai
3488,1180,2025-11-16,Pune
3489,720,2025-11-14,Hyderabad
3490,341,2025-11-13,Hyderabad
3491,22,2025-11-20,Mumbai
3492,1519,2025-11-14,Pune
3493,373,2025-11-30,Delhi
3494,976,2025-11-02,Delhi
3495,1158,2025-11-29,Delhi
3496,910,2025-11-03,Bangalore
3497,860,2025-11-06,Mumbai
3498,1338,2025-11-30,Mumbai
3499,1590,2025-11-08,Ahmedabad
3500,517,2025-11-09,Chennai
3501,774,2025-11-19,Bangalore
3502,1595,2025-11-05,Delhi
3503,1466,2025-11-27,Pune
3504,1088,2025-11-29,Mumbai
3505,1294,2025-11-25,Mumbai
3506,14,2025-11-11,Chennai
3507,271,2025-11-12,Bangalore
3508,869,2025-11-18,Bangalore
3509,469,2025-11-24,Kolkata
3510,985,2025-11-02,Bangalore
3511,1106,2025-11-26,Chennai
3512,1064,2025-11-16,Ahmedabad
3513,635,2025-11-19,Pune
3514,1366,2025-11-19,Chennai
3515,1557,2025-11-06,Pune
3516,367,2025-11-17,Delhi
3517,302,2025-11-22,Mumbai
3518,1002,2025-11-12,Pune
3519,1021,2025-11-20,Hyderabad
3520,552,2025-11-13,Delhi
3521,1598,2025-11-04,Pune
3522,565,2025-11-06,Chennai
3523,1112,2025-11-30,Bangalore
3524,1320,2025-11-01,Bangalore
3525,1218,2025-11-05,Mumbai
3526,1089,2025-11-11,Delhi
3527,1480,2025-11-04,Delhi
3528,1371,2025-11-05,Pune
3529,245,2025-11-28,Kolkata
3530,465,2025-11-23,Kolkata
3531,1179,2025-11-21,Mumbai
3532,1294,2025-11-30,Mumbai
3533,433,2025-11-26,Mumbai
3534,942,2025-11-10,Delhi
3535,488,2025-11-19,Kolkata
3536,1118,2025-11-08,Mumbai
3537,483,2025-11-25,Bangalore
3538,624,2025-11-20,Kolkata
3539,832,2025-11-25,Delhi
3540,1171,2025-11-02,Delhi
3541,858,2025-11-02,Bangalore
3542,262,2025-11-10,Chennai
3543,315,2025-11-30,Kolkata
3544,1558,2025-11-03,Pune
3545,496,2025-11-04,Pune
3546,27,2025-11-29,Pune
3547,457,2025-11-07,Bangalore
3548,1326,2025-11-25,Delhi
3549,977,2025-11-26,Bangalore
3550,484,2025-11-13,Ahmedabad
3551,33,2025-11-19,Chennai
3552,929,2025-11-14,Hyderabad
3553,1031,2025-11-16,Hyderabad
3554,108,2025-11-23,Kolkata
3555,549,2025-11-19,Pune
3556,820,2025-11-19,Delhi
3557,1209,2025-11-28,Delhi
3558,1143,2025-11-23,Bangalore
3559,1047,2025-11-04,Mumbai
3560,427,2025-11-02,Kolkata
3561,313,2025-11-10,Mumbai
3562,113,2025-11-08,Hyderabad
3563,258,2025-11-08,Pune
3564,1022,2025-11-02,Pune
3565,1408,2025-11-22,Hyderabad
3566,1272,2025-11-06,Delhi
3567,1046,2025-11-26,Delhi
3568,708,2025-11-29,Mumbai
3569,1252,2025-11-09,Chennai
3570,804,2025-11-14,Kolkata
3571,1526,2025-11-14,Bangalore
3572,1346,2025-11-12,Mumbai
3573,150,2025-11-11,Mumbai
3574,790,2025-11-17,Kolkata
3575,1419,2025-11-14,Mumbai
3576,78,2025-11-04,Kolkata
3577,197,2025-11-28,Mumbai
3578,1075,2025-11-17,Mumbai
3579,801,2025-11-22,Ahmedabad
3580,1041,2025-11-16,Delhi
3581,718,2025-11-21,Mumbai
3582,1141,2025-11-18,Ahmedabad
3583,1379,2025-11-22,Kolkata
3584,102,2025-11-25,Chennai
3585,1197,2025-11-21,Bangalore
3586,1156,2025-11-02,Mumbai
3587,726,2025-11-14,Bangalore
3588,425,2025-11-10,Delhi
3589,1344,2025-11-15,Mumbai
3590,709,2025-11-14,Mumbai
3591,977,2025-11-16,Bangalore
3592,330,2025-11-27,Delhi
3593,26,2025-11-28,Mumbai
3594,595,2025-11-11,Ahmedabad
3595,65,2025-11-17,Delhi
3596,980,2025-11-05,Mumbai
3597,1581,2025-11-10,Ahmedabad
3598,458,2025-11-11,Kolkata
3599,1008,2025-11-23,Delhi
3600,1017,2025-11-23,Ahmedabad
3601,298,2025-11-11,Pune
3602,340,2025-11-05,Chennai
3603,763,2025-11-13,Mumbai
3604,1155,2025-11-24,Hyderabad
3605,340,2025-11-25,Chennai
3606,236,2025-11-28,Chennai
3607,1580,2025-11-09,Mumbai
3608,397,2025-11-14,Mumbai
3609,1130,2025-11-26,Pune
3610,1138,2025-11-05,Bangalore
3611,501,2025-11-28,Bangalore
3612,1092,2025-11-02,Bangalore
3613,1562,2025-11-08,Hyderabad
3614,209,2025-11-27,Mumbai
3615,775,2025-11-22,Chennai
3616,130,2025-11-02,Mumbai
3617,1057,2025-11-04,Chennai
3618,640,2025-11-01,Kolkata
3619,79,2025-11-17,Delhi
3620,792,2025-11-15,Delhi
3621,142,2025-11-01,Ahmedabad
3622,799,2025-11-09,Ahmedabad
3623,1355,2025-11-16,Delhi
3624,456,2025-11-07,Bangalore
3625,8,2025-11-20,Hyderabad
3626,146,2025-11-01,Delhi
3627,1323,2025-11-18,Bangalore
3628,1404,2025-11-27,Ahmedabad
3629,681,2025-11-10,Pune
3630,796,2025-11-30,Ahmedabad
3631,820,2025-11-15,Delhi
3632,1196,2025-11-27,Delhi
3633,25,2025-11-29,Hyderabad
3634,1544,2025-11-03,Delhi
3635,985,2025-11-11,Bangalore
3636,76,2025-11-15,Delhi
3637,1176,2025-11-23,Hyderabad
3638,602,2025-11-03,Mumbai
3639,834,2025-11-23,Pune
3640,1551,2025-11-02,Mumbai
3641,1284,2025-11-13,Delhi
3642,1164,2025-11-28,Ahmedabad
3643,1015,2025-11-23,Chennai
3644,675,2025-11-22,Chennai
3645,795,2025-11-18,Pune
3646,495,2025-11-09,Bangalore
3647,1248,2025-11-13,Bangalore
3648,1313,2025-11-04,Delhi
3649,243,2025-11-29,Bangalore
3650,760,2025-11-25,Mumbai
3651,1422,2025-11-20,Hyderabad
3652,1323,2025-11-11,Bangalore
3653,487,2025-11-09,Chennai
3654,1195,2025-11-05,Kolkata
3655,675,2025-11-01,Chennai
3656,670,2025-11-14,Bangalore
3657,529,2025-11-26,Hyderabad
3658,286,2025-11-03,Hyderabad
3659,621,2025-11-22,Hyderabad
3660,1381,2025-11-30,Mumbai
3661,1012,2025-11-22,Bangalore
3662,650,2025-11-24,Pune
3663,1087,2025-11-18,Hyderabad
3664,1078,2025-11-24,Mumbai
3665,1566,2025-11-04,Delhi
3666,848,2025-11-28,Delhi
3667,1183,2025-11-22,Chennai
3668,704,2025-11-05,Mumbai
3669,780,2025-11-29,Delhi
3670,382,2025-11-11,Delhi
3671,1401,2025-11-17,Bangalore
3672,880,2025-11-25,Delhi
3673,456,2025-11-08,Bangalore
3674,657,2025-11-18,Mumbai
3675,1217,2025-11-22,Mumbai
3676,981,2025-11-30,Bangalore
3677,800,2025-11-08,Delhi
3678,813,2025-11-13,Delhi
3679,655,2025-11-12,Chennai
3680,1170,2025-11-07,Bangalore
3681,300,2025-11-09,Ahmedabad
3682,934,2025-11-01,Mumbai
3683,1338,2025-11-15,Mumbai
3684,63,2025-11-26,Chennai
3685,1522,2025-11-17,Hyderabad
3686,351,2025-11-26,Bangalore
3687,416,2025-11-03,Hyderabad
3688,1562,2025-11-30,Hyderabad
3689,14,2025-11-03,Chennai
3690,1397,2025-11-23,Delhi
3691,1289,2025-11-13,Bangalore
3692,680,2025-11-03,Ahmedabad
3693,1102,2025-11-25,Pune
3694,1414,2025-11-02,Chennai
3695,493,2025-11-11,Chennai
3696,1399,2025-11-05,Bangalore
3697,1572,2025-11-19,Delhi
3698,852,2025-11-23,Pune
3699,1254,2025-11-13,Kolkata
3700,39,2025-11-13,Chennai
3701,595,2025-11-26,Ahmedabad
3702,846,2025-11-27,Bangalore
3703,1340,2025-11-20,Hyderabad
3704,328,2025-11-23,Pune
3705,99,2025-11-11,Mumbai
3706,1303,2025-11-10,Mumbai
3707,1461,2025-11-10,Kolkata
3708,1386,2025-11-07,Delhi
3709,676,2025-11-25,Bangalore
3710,372,2025-11-15,Mumbai
3711,453,2025-11-03,Bangalore
3712,1448,2025-11-25,Kolkata
3713,634,2025-11-27,Mumbai
3714,371,2025-11-02,Bangalore
3715,912,2025-11-16,Mumbai
3716,920,2025-11-19,Mumbai
3717,513,2025-11-11,Hyderabad
3718,1087,2025-11-19,Hyderabad
3719,714,2025-11-22,Chennai
3720,940,2025-11-14,Ahmedabad
3721,15,2025-11-22,Delhi
3722,1218,2025-11-05,Mumbai
3723,100,2025-11-30,Delhi
3724,299,2025-11-17,Mumbai
3725,1049,2025-11-13,Mumbai
3726,481,2025-11-19,Mumbai
3727,1165,2025-11-01,Hyderabad
3728,1491,2025-11-21,Chennai
3729,568,2025-11-04,Mumbai
3730,1580,2025-11-30,Mumbai
3731,727,2025-11-19,Hyderabad
3732,511,2025-11-11,Kolkata
3733,675,2025-11-21,Chennai
3734,746,2025-11-17,Ahmedabad
3735,1131,2025-11-03,Ahmedabad
3736,628,2025-11-22,Bangalore
3737,907,2025-11-21,Mumbai
3738,396,2025-11-11,Chennai
3739,405,2025-11-23,Pune
3740,1136,2025-11-11,Mumbai
3741,805,2025-11-11,Chennai
3742,678,2025-11-26,Ahmedabad
3743,110,2025-11-07,Mumbai
3744,599,2025-11-14,Pune
3745,86,2025-11-30,Kolkata
3746,963,2025-11-26,Bangalore
3747,1358,2025-11-20,Mumbai
3748,30,2025-11-27,Chennai
3749,316,2025-11-06,Pune
3750,581,2025-11-14,Delhi
3751,760,2025-11-12,Mumbai
3752,836,2025-11-07,Hyderabad
3753,444,2025-11-08,Hyderabad
3754,842,2025-11-02,Mumbai
3755,1159,2025-11-13,Pune
3756,128,2025-11-19,Delhi
3757,938,2025-11-25,Mumbai
3758,221,2025-11-06,Mumbai
3759,1253,2025-11-02,Hyderabad
3760,784,2025-11-06,Ahmedabad
3761,149,2025-11-24,Ahmedabad
3762,301,2025-11-04,Pune
3763,355,2025-11-30,Delhi
3764,298,2025-11-17,Pune
3765,1597,2025-11-02,Pune
3766,1097,2025-11-29,Delhi
3767,820,2025-11-07,Delhi
3768,1521,2025-11-01,Delhi
3769,282,2025-11-24,Chennai
3770,544,2025-11-15,Kolkata
3771,363,2025-11-12,Delhi
3772,1014,2025-11-18,Kolkata
3773,889,2025-11-03,Ahmedabad
3774,314,2025-11-18,Delhi
3775,1050,2025-11-26,Mumbai
3776,153,2025-11-21,Kolkata
3777,815,2025-11-18,Pune
3778,1314,2025-11-13,Delhi
3779,754,2025-11-21,Chennai
3780,357,2025-11-25,Ahmedabad
3781,817,2025-11-26,Hyderabad
3782,1395,2025-11-09,Mumbai
3783,966,2025-11-01,Delhi
3784,1484,2025-11-02,Bangalore
3785,1123,2025-11-19,Mumbai
3786,1328,2025-11-30,Mumbai
3787,188,2025-11-02,Mumbai
3788,713,2025-11-22,Pune
3789,471,2025-11-23,Kolkata
3790,1279,2025-11-26,Bangalore
3791,1228,2025-11-14,Hyderabad
3792,522,2025-11-27,Delhi
3793,340,2025-11-02,Chennai
3794,433,2025-11-15,Mumbai
3795,191,2025-11-29,Delhi
3796,868,2025-11-26,Mumbai
3797,772,2025-11-25,Pune
3798,1261,2025-11-24,Mumbai
3799,72,2025-11-17,Hyderabad
3800,351,2025-11-10,Bangalore
3801,429,2025-11-06,Delhi
3802,1509,2025-11-19,Delhi
3803,1436,2025-11-17,Chennai
3804,841,2025-11-22,Mumbai
3805,659,2025-11-20,Mumbai
3806,844,2025-11-04,Ahmedabad
3807,1423,2025-11-07,Pune
3808,709,2025-11-20,Mumbai
3809,1123,2025-11-28,Mumbai
3810,578,2025-11-16,Ahmedabad
3811,1477,2025-11-18,Kolkata
3812,705,2025-11-26,Mumbai
3813,877,2025-11-20,Ahmedabad
3814,926,2025-11-25,Mumbai
3815,1251,2025-11-30,Mumbai
3816,1425,2025-11-15,Pune
3817,515,2025-11-13,Ahmedabad
3818,604,2025-11-16,Bangalore
3819,839,2025-11-18,Chennai
3820,954,2025-11-01,Mumbai
3821,921,2025-11-21,Mumbai
3822,1100,2025-11-14,Delhi
3823,216,2025-11-05,Delhi
3824,1553,2025-11-26,Bangalore
3825,612,2025-11-12,Pune
3826,164,2025-11-17,Delhi
3827,887,2025-11-19,Mumbai
3828,799,2025-11-19,Ahmedabad
3829,673,2025-11-05,Mumbai
3830,1264,2025-11-18,Mumbai
3831,344,2025-11-07,Bangalore
3832,907,2025-11-30,Mumbai
3833,966,2025-11-05,Delhi
3834,307,2025-11-01,Hyderabad
3835,551,2025-11-15,Ahmedabad
3836,1304,2025-11-23,Delhi
3837,1332,2025-11-05,Pune
3838,696,2025-11-17,Bangalore
3839,1590,2025-11-15,Ahmedabad
3840,706,2025-11-27,Delhi
3841,841,2025-11-17,Mumbai
3842,1330,2025-11-02,Ahmedabad
3843,142,2025-11-12,Ahmedabad
3844,704,2025-11-13,Mumbai
3845,1023,2025-11-24,Chennai
3846,1413,2025-11-06,Chennai
3847,1413,2025-11-15,Chennai
3848,1388,2025-11-20,Delhi
3849,572,2025-11-06,Bangalore
3850,1218,2025-11-11,Mumbai
3851,1048,2025-11-01,Delhi
3852,508,2025-11-12,Mumbai
3853,1588,2025-11-03,Delhi
3854,448,2025-11-07,Ahmedabad
3855,44,2025-11-05,Kolkata
3856,1246,2025-11-14,Chennai
3857,1164,2025-11-11,Ahmedabad
3858,793,2025-11-05,Mumbai
3859,747,2025-11-29,Kolkata
3860,269,2025-11-24,Hyderabad
3861,1322,2025-11-17,Delhi
3862,138,2025-11-20,Delhi
3863,123,2025-11-26,Delhi
3864,790,2025-11-25,Kolkata
3865,387,2025-11-27,Hyderabad
3866,586,2025-11-01,Ahmedabad
3867,46,2025-11-19,Delhi
3868,80,2025-11-12,Kolkata
3869,518,2025-11-03,Pune
3870,620,2025-11-14,Bangalore
3871,234,2025-11-07,Hyderabad
3872,414,2025-11-07,Delhi
3873,1011,2025-11-08,Delhi
3874,1584,2025-11-06,Delhi
3875,626,2025-11-18,Chennai
3876,1117,2025-11-21,Bangalore
3877,739,2025-11-06,Bangalore
3878,1209,2025-11-02,Delhi
3879,1151,2025-11-24,Bangalore
3880,1002,2025-11-02,Pune
3881,1037,2025-11-26,Ahmedabad
3882,47,2025-11-25,Bangalore
3883,525,2025-11-29,Hyderabad
3884,1016,2025-11-15,Delhi
3885,941,2025-11-05,Delhi
3886,808,2025-11-01,Kolkata
3887,1525,2025-11-25,Mumbai
3888,64,2025-11-07,Pune
3889,28,2025-11-12,Kolkata
3890,813,2025-11-13,Delhi
3891,1010,2025-11-04,Mumbai
3892,1344,2025-11-02,Mumbai
3893,63,2025-11-26,Chennai
3894,1131,2025-11-07,Ahmedabad
3895,292,2025-11-17,Pune
3896,562,2025-11-12,Delhi
3897,1180,2025-11-14,Pune
3898,1112,2025-11-18,Bangalore
3899,483,2025-11-14,Bangalore
3900,561,2025-11-17,Delhi
3901,473,2025-11-16,Chennai
3902,985,2025-11-13,Bangalore
3903,1535,2025-11-25,Bangalore
3904,231,2025-11-23,Bangalore
3905,849,2025-11-18,Kolkata
3906,156,2025-11-03,Hyderabad
3907,696,2025-11-23,Bangalore
3908,1038,2025-11-25,Delhi
3909,475,2025-11-16,Pune
3910,1386,2025-11-09,Delhi
3911,19,2025-11-08,Hyderabad
3912,1203,2025-11-16,Kolkata
3913,1096,2025-11-12,Delhi
3914,1200,2025-11-07,Kolkata
3915,1399,2025-11-30,Bangalore
3916,1081,2025-11-21,Bangalore
3917,950,2025-11-02,Pune
3918,678,2025-11-23,Ahmedabad
3919,1256,2025-11-24,Bangalore
3920,1520,2025-11-25,Bangalore
3921,16,2025-11-01,Ahmedabad
3922,1472,2025-11-28,Mumbai
3923,1188,2025-11-22,Kolkata
3924,436,2025-11-18,Bangalore
3925,1242,2025-11-16,Mumbai
3926,257,2025-11-22,Bangalore
3927,555,2025-11-28,Chennai
3928,503,2025-11-11,Chennai
3929,347,2025-11-22,Pune
3930,1008,2025-11-19,Delhi
3931,170,2025-11-11,Mumbai
3932,1075,2025-11-28,Mumbai
3933,238,2025-11-14,Mumbai
3934,1460,2025-11-21,Delhi
3935,124,2025-11-25,Delhi
3936,619,2025-11-28,Hyderabad
3937,1478,2025-11-22,Mumbai
3938,1015,2025-11-15,Chennai
3939,302,2025-11-11,Mumbai
3940,1331,2025-11-24,Bangalore
3941,124,2025-11-20,Delhi
3942,882,2025-11-12,Delhi
3943,1085,2025-11-05,Delhi
3944,1066,2025-11-25,Delhi
3945,1462,2025-11-23,Pune
3946,1447,2025-11-02,Kolkata
3947,556,2025-11-20,Delhi
3948,1108,2025-11-15,Mumbai
3949,551,2025-11-26,Ahmedabad
3950,739,2025-11-22,Bangalore
3951,915,2025-11-19,Delhi
3952,83,2025-11-07,Pune
3953,896,2025-11-06,Chennai
3954,1523,2025-11-13,Kolkata
3955,1253,2025-11-30,Hyderabad
3956,687,2025-11-03,Pune
3957,819,2025-11-24,Delhi
3958,988,2025-11-25,Bangalore
3959,1482,2025-11-30,Mumbai
3960,307,2025-11-18,Hyderabad
3961,362,2025-11-06,Pune
3962,470,2025-11-23,Hyderabad
3963,15,2025-11-18,Delhi
3964,548,2025-11-07,Ahmedabad
3965,1284,2025-11-18,Delhi
3966,1323,2025-11-16,Bangalore
3967,1315,2025-11-21,Bangalore
3968,863,2025-11-19,Mumbai
3969,630,2025-11-10,Delhi
3970,1370,2025-11-06,Chennai
3971,923,2025-11-07,Kolkata
3972,272,2025-11-17,Ahmedabad
3973,165,2025-11-23,Delhi
3974,1552,2025-11-19,Chennai
3975,812,2025-11-14,Pune
3976,1375,2025-11-25,Delhi
3977,856,2025-11-16,Delhi
3978,878,2025-11-08,Hyderabad
3979,1497,2025-11-01,Chennai
3980,781,2025-11-06,Ahmedabad
3981,1387,2025-11-15,Bangalore
3982,1237,2025-11-09,Mumbai
3983,850,2025-11-12,Delhi
3984,120,2025-11-17,Mumbai
3985,33,2025-11-22,Chennai
3986,1376,2025-11-13,Hyderabad
3987,1346,2025-11-26,Mumbai
3988,1495,2025-11-07,Kolkata
3989,134,2025-11-14,Mumbai
3990,812,2025-11-24,Pune
3991,1170,2025-11-21,Bangalore
3992,883,2025-11-26,Chennai
3993,1016,2025-11-04,Delhi
3994,506,2025-11-23,Hyderabad
3995,1012,2025-11-26,Bangalore
3996,1125,2025-11-29,Hyderabad
3997,268,2025-11-17,Bangalore
3998,907,2025-11-03,Mumbai
3999,912,2025-11-09,Mumbai
4000,1041,2025-11-11,Delhi
4001,1169,2025-11-21,Delhi
4002,1311,2025-11-06,Bangalore
4003,515,2025-11-17,Ahmedabad
4004,210,2025-11-22,Chennai
4005,11,2025-11-17,Delhi
4006,596,2025-11-13,Delhi
4007,977,2025-11-13,Bangalore
4008,251,2025-11-22,Chennai
4009,1489,2025-11-19,Mumbai
4010,1438,2025-11-03,Pune
4011,441,2025-11-07,Mumbai
4012,822,2025-11-01,Hyderabad
4013,1570,2025-11-28,Mumbai
4014,1063,2025-11-01,Pune
4015,603,2025-11-26,Bangalore
4016,768,2025-11-18,Kolkata
4017,605,2025-11-20,Bangalore
4018,1483,2025-11-12,Hyderabad
4019,1515,2025-11-26,Kolkata
4020,167,2025-11-17,Bangalore
4021,1250,2025-11-05,Chennai
4022,1144,2025-11-30,Pune
4023,866,2025-11-03,Hyderabad
4024,1562,2025-11-07,Hyderabad
4025,1364,2025-11-02,Bangalore
4026,523,2025-11-18,Mumbai
4027,372,2025-11-29,Mumbai
4028,796,2025-11-19,Ahmedabad
4029,168,2025-11-29,Mumbai
4030,1598,2025-11-08,Pune
4031,1527,2025-11-17,Chennai
4032,1358,2025-11-11,Mumbai
4033,1194,2025-11-23,Chennai
4034,100,2025-11-10,Delhi
4035,101,2025-11-27,Delhi
4036,562,2025-11-25,Delhi
4037,88,2025-11-29,Pune
4038,526,2025-11-02,Kolkata
4039,62,2025-11-27,Chennai
4040,1028,2025-11-02,Pune
4041,816,2025-11-14,Mumbai
4042,714,2025-11-19,Chennai
4043,33,2025-11-10,Chennai
4044,1382,2025-11-25,Delhi
4045,92,2025-11-04,Bangalore
4046,1291,2025-11-13,Mumbai
4047,1063,2025-11-11,Pune
4048,794,2025-11-05,Mumbai
4049,818,2025-11-14,Chennai
4050,820,2025-11-29,Delhi
4051,990,2025-11-21,Delhi
4052,1528,2025-11-16,Ahmedabad
4053,178,2025-11-23,Bangalore
4054,1071,2025-11-27,Kolkata
4055,1583,2025-11-05,Kolkata
4056,408,2025-11-25,Chennai
4057,848,2025-11-01,Delhi
4058,306,2025-11-08,Pune
4059,1186,2025-11-09,Chennai
4060,1103,2025-11-30,Pune
4061,987,2025-11-19,Pune
4062,468,2025-11-03,Delhi
4063,1528,2025-11-17,Ahmedabad
4064,637,2025-11-06,Mumbai
4065,579,2025-11-25,Mumbai
4066,1284,2025-11-05,Delhi
4067,415,2025-11-11,Pune
4068,1551,2025-11-06,Mumbai
4069,749,2025-11-08,Mumbai
4070,15,2025-11-09,Delhi
4071,91,2025-11-18,Delhi
4072,1427,2025-11-27,Mumbai
4073,968,2025-11-11,Bangalore
4074,799,2025-11-18,Ahmedabad
4075,280,2025-11-13,Bangalore
4076,1458,2025-11-29,Chennai
4077,1211,2025-11-26,Hyderabad
4078,1219,2025-11-26,Bangalore
4079,567,2025-11-26,Delhi
4080,958,2025-11-01,Pune
4081,620,2025-11-08,Bangalore
4082,1112,2025-11-23,Bangalore
4083,1087,2025-11-17,Hyderabad
4084,1456,2025-11-30,Pune
4085,450,2025-11-17,Chennai
4086,241,2025-11-06,Bangalore
4087,84,2025-11-30,Chennai
4088,1076,2025-11-07,Pune
4089,453,2025-11-13,Bangalore
4090,26,2025-11-01,Mumbai
4091,371,2025-11-26,Bangalore
4092,1101,2025-11-06,Kolkata
4093,536,2025-11-23,Pune
4094,341,2025-11-22,Hyderabad
4095,475,2025-11-04,Pune
4096,697,2025-11-17,Mumbai
4097,887,2025-11-12,Mumbai
4098,958,2025-11-18,Pune
4099,517,2025-11-21,Chennai
4100,1173,2025-11-30,Delhi
4101,405,2025-11-30,Pune
4102,807,2025-11-11,Bangalore
4103,1009,2025-11-16,Ahmedabad
4104,148,2025-11-07,Mumbai
4105,1138,2025-11-01,Bangalore
4106,832,2025-11-04,Delhi
4107,1249,2025-11-04,Hyderabad
4108,1535,2025-11-07,Bangalore
4109,536,2025-11-19,Pune
4110,513,2025-11-27,Hyderabad
4111,1349,2025-11-20,Ahmedabad
4112,1087,2025-11-22,Hyderabad
4113,93,2025-11-26,Delhi
4114,1382,2025-11-06,Delhi
4115,325,2025-11-29,Mumbai
4116,1542,2025-11-21,Hyderabad
4117,1574,2025-11-29,Hyderabad
4118,1389,2025-11-20,Hyderabad
4119,375,2025-11-24,Bangalore
4120,1098,2025-11-28,Bangalore
4121,1026,2025-11-13,Hyderabad
4122,557,2025-11-29,Pune
4123,1010,2025-11-22,Mumbai
4124,541,2025-11-24,Pune
4125,532,2025-11-27,Pune
4126,725,2025-11-27,Hyderabad
4127,49,2025-11-25,Mumbai
4128,1146,2025-11-24,Delhi
4129,465,2025-11-21,Kolkata
4130,67,2025-11-25,Mumbai
4131,508,2025-11-14,Mumbai
4132,563,2025-11-03,Chennai
4133,1447,2025-11-09,Kolkata
4134,1092,2025-11-15,Bangalore
4135,1417,2025-11-26,Delhi
4136,301,2025-11-26,Pune
4137,143,2025-11-02,Chennai
4138,1222,2025-11-11,Ahmedabad
4139,946,2025-11-16,Hyderabad
4140,45,2025-11-14,Kolkata
4141,1343,2025-11-12,Hyderabad
4142,700,2025-11-01,Bangalore
4143,964,2025-11-11,Ahmedabad
4144,1433,2025-11-18,Pune
4145,448,2025-11-19,Ahmedabad
4146,1321,2025-11-19,Ahmedabad
4147,425,2025-11-30,Delhi
4148,1287,2025-11-26,Delhi
4149,932,2025-11-17,Delhi
4150,1497,2025-11-09,Chennai
4151,1575,2025-11-12,Bangalore
4152,1414,2025-11-22,Chennai
4153,379,2025-11-17,Ahmedabad
4154,1037,2025-11-08,Ahmedabad
4155,1064,2025-11-11,Ahmedabad
4156,1173,2025-11-29,Delhi
4157,382,2025-11-21,Delhi
4158,867,2025-11-20,Delhi
4159,1244,2025-11-20,Ahmedabad
4160,7,2025-11-08,Delhi
4161,564,2025-11-26,Kolkata
4162,1287,2025-11-20,Delhi
4163,46,2025-11-10,Delhi
4164,80,2025-11-25,Kolkata
4165,115,2025-11-30,Bangalore
4166,1077,2025-11-24,Chennai
4167,485,2025-11-17,Bangalore
4168,283,2025-11-14,Chennai
4169,1082,2025-11-26,Mumbai
4170,85,2025-11-08,Mumbai
4171,1271,2025-11-11,Delhi
4172,1561,2025-11-10,Delhi
4173,667,2025-11-24,Mumbai
4174,1458,2025-11-10,Chennai
4175,846,2025-11-20,Bangalore
4176,1550,2025-11-23,Pune
4177,916,2025-11-25,Chennai
4178,1451,2025-11-04,Pune
4179,1202,2025-11-26,Pune
4180,1229,2025-11-10,Ahmedabad
4181,544,2025-11-30,Kolkata
4182,1001,2025-11-04,Delhi
4183,346,2025-11-25,Chennai
4184,770,2025-11-10,Mumbai
4185,303,2025-11-22,Bangalore
4186,754,2025-11-04,Chennai
4187,747,2025-11-11,Kolkata
4188,689,2025-11-29,Bangalore
4189,440,2025-11-07,Delhi
4190,1566,2025-11-14,Delhi
4191,1554,2025-11-01,Bangalore
4192,602,2025-11-07,Mumbai
4193,1146,2025-11-11,Delhi
4194,95,2025-11-25,Delhi
4195,718,2025-11-21,Mumbai
4196,222,2025-11-12,Chennai
4197,1503,2025-11-08,Kolkata
4198,484,2025-11-18,Ahmedabad
4199,129,2025-11-18,Hyderabad
4200,922,2025-11-17,Delhi
4201,509,2025-11-24,Chennai
4202,381,2025-11-10,Hyderabad
4203,305,2025-11-24,Bangalore
4204,341,2025-11-25,Hyderabad
4205,1334,2025-11-11,Chennai
4206,620,2025-11-09,Bangalore
4207,1249,2025-11-07,Hyderabad
4208,21,2025-11-05,Mumbai
4209,796,2025-11-13,Ahmedabad
4210,250,2025-11-22,Bangalore
4211,1148,2025-11-16,Bangalore
4212,996,2025-11-23,Delhi
4213,132,2025-11-07,Bangalore
4214,1067,2025-11-11,Mumbai
4215,672,2025-11-19,Delhi
4216,921,2025-11-22,Mumbai
4217,943,2025-11-17,Chennai
4218,138,2025-11-28,Delhi
4219,541,2025-11-07,Pune
4220,180,2025-11-22,Kolkata
4221,756,2025-11-05,Chennai
4222,1081,2025-11-12,Bangalore
4223,1121,2025-11-11,Delhi
4224,381,2025-11-27,Hyderabad
4225,867,2025-11-14,Delhi
4226,425,2025-11-07,Delhi
4227,1036,2025-11-20,Delhi
4228,606,2025-11-19,Bangalore
4229,880,2025-11-04,Delhi
4230,1520,2025-11-24,Bangalore
4231,223,2025-11-13,Chennai
4232,942,2025-11-04,Delhi
4233,581,2025-11-08,Delhi
4234,368,2025-11-14,Chennai
4235,413,2025-11-13,Delhi
4236,858,2025-11-25,Bangalore
4237,936,2025-11-05,Chennai
4238,231,2025-11-01,Bangalore
4239,1404,2025-11-30,Ahmedabad
4240,1583,2025-11-03,Kolkata
4241,385,2025-11-19,Ahmedabad
4242,168,2025-11-28,Mumbai
4243,1447,2025-11-17,Kolkata
4244,845,2025-11-24,Bangalore
4245,227,2025-11-19,Bangalore
4246,1337,2025-11-29,Chennai
4247,103,2025-11-20,Hyderabad
4248,460,2025-11-14,Delhi
4249,755,2025-11-23,Pune
4250,245,2025-11-13,Kolkata
4251,22,2025-11-27,Mumbai
4252,435,2025-11-30,Chennai
4253,768,2025-11-02,Kolkata
4254,1412,2025-11-25,Chennai
4255,1405,2025-11-12,Hyderabad
4256,1333,2025-11-03,Pune
4257,1024,2025-11-01,Hyderabad
4258,790,2025-11-12,Kolkata
4259,1170,2025-11-07,Bangalore
4260,961,2025-11-18,Ahmedabad
4261,328,2025-11-14,Pune
4262,785,2025-11-26,Pune
4263,1242,2025-11-29,Mumbai
4264,101,2025-11-28,Delhi
4265,1081,2025-11-01,Bangalore
4266,946,2025-11-15,Hyderabad
4267,1038,2025-11-05,Delhi
4268,627,2025-11-14,Bangalore
4269,1218,2025-11-12,Mumbai
4270,343,2025-11-05,Delhi
4271,420,2025-11-12,Bangalore
4272,1513,2025-11-22,Delhi
4273,358,2025-11-12,Mumbai
4274,545,2025-11-29,Ahmedabad
4275,1004,2025-11-24,Hyderabad
4276,924,2025-11-20,Delhi
4277,1389,2025-11-11,Hyderabad
4278,364,2025-11-12,Delhi
4279,1428,2025-11-13,Pune
4280,861,2025-11-19,Chennai
4281,1567,2025-11-18,Kolkata
4282,272,2025-11-17,Ahmedabad
4283,352,2025-11-02,Delhi
4284,520,2025-11-16,Mumbai
4285,1361,2025-11-19,Mumbai
4286,339,2025-11-26,Delhi
4287,1046,2025-11-14,Delhi
4288,568,2025-11-22,Mumbai
4289,1419,2025-11-22,Mumbai
4290,616,2025-11-07,Delhi
4291,654,2025-11-07,Mumbai
4292,677,2025-11-16,Mumbai
4293,324,2025-11-02,Chennai
4294,722,2025-11-14,Bangalore
4295,834,2025-11-18,Pune
4296,646,2025-11-11,Delhi
4297,1187,2025-11-21,Delhi
4298,396,2025-11-12,Chennai
4299,219,2025-11-28,Bangalore
4300,852,2025-11-20,Pune
4301,758,2025-11-15,Bangalore
4302,939,2025-11-12,Hyderabad
4303,587,2025-11-27,Pune
4304,253,2025-11-27,Hyderabad
4305,1425,2025-11-06,Pune
4306,171,2025-11-25,Chennai
4307,128,2025-11-30,Delhi
4308,1169,2025-11-17,Delhi
4309,153,2025-11-09,Kolkata
4310,138,2025-11-13,Delhi
4311,176,2025-11-17,Hyderabad
4312,26,2025-11-05,Mumbai
4313,674,2025-11-29,Mumbai
4314,1325,2025-11-20,Delhi
4315,122,2025-11-23,Kolkata
4316,176,2025-11-27,Hyderabad
4317,328,2025-11-19,Pune
4318,583,2025-11-01,Ahmedabad
4319,1189,2025-11-04,Delhi
4320,1456,2025-11-01,Pune
4321,1037,2025-11-21,Ahmedabad
4322,1067,2025-11-13,Mumbai
4323,301,2025-11-15,Pune
4324,937,2025-11-29,Bangalore
4325,254,2025-11-30,Bangalore
4326,210,2025-11-12,Chennai
4327,483,2025-11-10,Bangalore
4328,1488,2025-11-29,Bangalore
4329,324,2025-11-01,Chennai
4330,789,2025-11-01,Chennai
4331,1300,2025-11-30,Kolkata
4332,963,2025-11-10,Bangalore
4333,997,2025-11-28,Delhi
4334,599,2025-11-27,Pune
4335,1409,2025-11-22,Ahmedabad
4336,282,2025-11-12,Chennai
4337,1526,2025-11-26,Bangalore
4338,1544,2025-11-23,Delhi
4339,1048,2025-11-19,Delhi
4340,341,2025-11-25,Hyderabad
4341,936,2025-11-25,Chennai
4342,1397,2025-11-19,Delhi
4343,640,2025-11-23,Kolkata
4344,1343,2025-11-01,Hyderabad
4345,1586,2025-11-29,Delhi
4346,819,2025-11-07,Delhi
4347,24,2025-11-26,Kolkata
4348,527,2025-11-18,Pune
4349,760,2025-11-19,Mumbai
4350,1450,2025-11-02,Delhi
4351,1532,2025-11-23,Ahmedabad
4352,729,2025-11-24,Chennai
4353,289,2025-11-08,Mumbai
4354,955,2025-11-28,Delhi
4355,130,2025-11-29,Mumbai
4356,1382,2025-11-15,Delhi
4357,1535,2025-11-11,Bangalore
4358,216,2025-11-29,Delhi
4359,111,2025-11-27,Chennai
4360,532,2025-11-22,Pune
4361,610,2025-11-18,Chennai
4362,94,2025-11-05,Mumbai
4363,964,2025-11-18,Ahmedabad
4364,577,2025-11-19,Delhi
4365,524,2025-11-07,Bangalore
4366,810,2025-11-01,Hyderabad
4367,689,2025-11-12,Bangalore
4368,1477,2025-11-16,Kolkata
4369,1419,2025-11-15,Mumbai
4370,1456,2025-11-17,Pune
4371,930,2025-11-16,Mumbai
4372,446,2025-11-17,Hyderabad
4373,1100,2025-11-03,Delhi
4374,330,2025-11-02,Delhi
4375,1203,2025-11-09,Kolkata
4376,174,2025-11-21,Hyderabad
4377,1491,2025-11-22,Chennai
4378,993,2025-11-26,Hyderabad
4379,1572,2025-11-18,Delhi
4380,392,2025-11-25,Mumbai
4381,516,2025-11-01,Chennai
4382,404,2025-11-15,Pune
4383,736,2025-11-22,Ahmedabad
4384,922,2025-11-25,Delhi
4385,338,2025-11-21,Delhi
4386,568,2025-11-01,Mumbai
4387,217,2025-11-23,Chennai
4388,48,2025-11-23,Bangalore
4389,1020,2025-11-02,Kolkata
4390,955,2025-11-25,Delhi
4391,1420,2025-11-10,Hyderabad
4392,1583,2025-11-17,Kolkata
4393,1231,2025-11-26,Mumbai
4394,208,2025-11-26,Mumbai
4395,1209,2025-11-19,Delhi
4396,46,2025-11-10,Delhi
4397,591,2025-11-08,Pune
4398,777,2025-11-27,Delhi
4399,1218,2025-11-03,Mumbai
4400,317,2025-11-12,Pune
4401,1376,2025-11-05,Hyderabad
4402,137,2025-11-04,Bangalore
4403,777,2025-11-01,Delhi
4404,109,2025-11-26,Chennai
4405,634,2025-11-09,Mumbai
4406,501,2025-11-24,Bangalore
4407,839,2025-11-04,Chennai
4408,675,2025-11-11,Chennai
4409,316,2025-11-13,Pune
4410,219,2025-11-09,Bangalore
4411,712,2025-11-18,Bangalore
4412,423,2025-11-22,Bangalore
4413,1016,2025-11-11,Delhi
4414,1406,2025-11-29,Delhi
4415,734,2025-11-06,Bangalore
4416,585,2025-11-25,Chennai
4417,1047,2025-11-30,Mumbai
4418,1376,2025-11-15,Hyderabad
4419,467,2025-11-26,Delhi
4420,249,2025-11-01,Delhi
4421,1236,2025-11-14,Bangalore
4422,1259,2025-11-28,Hyderabad
4423,214,2025-11-23,Mumbai
4424,446,2025-11-05,Hyderabad
4425,1419,2025-11-25,Mumbai
4426,1088,2025-11-09,Mumbai
4427,1168,2025-11-14,Chennai
4428,935,2025-11-24,Pune
4429,224,2025-11-16,Hyderabad
4430,272,2025-11-28,Ahmedabad
4431,1229,2025-11-07,Ahmedabad
4432,946,2025-11-14,Hyderabad
4433,1132,2025-11-13,Ahmedabad
4434,1449,2025-11-28,Chennai
4435,1078,2025-11-23,Mumbai
4436,1541,2025-11-08,Hyderabad
4437,1246,2025-11-14,Chennai
4438,1003,2025-11-15,Hyderabad
4439,1166,2025-11-22,Hyderabad
4440,976,2025-11-08,Delhi
4441,1146,2025-11-07,Delhi
4442,741,2025-11-02,Pune
4443,467,2025-11-04,Delhi
4444,1402,2025-11-23,Bangalore
4445,1427,2025-11-01,Mumbai
4446,309,2025-11-06,Ahmedabad
4447,1543,2025-11-04,Chennai
4448,503,2025-11-20,Chennai
4449,1057,2025-11-24,Chennai
4450,1272,2025-11-01,Delhi
4451,1103,2025-11-02,Pune
4452,1504,2025-11-09,Chennai
4453,1281,2025-11-18,Mumbai
4454,665,2025-11-11,Pune
4455,608,2025-11-20,Chennai
4456,365,2025-11-17,Mumbai
4457,1572,2025-11-23,Delhi
4458,1134,2025-11-09,Delhi
4459,791,2025-11-09,Mumbai
4460,1465,2025-11-25,Bangalore
4461,860,2025-11-19,Mumbai
4462,738,2025-11-18,Delhi
4463,112,2025-11-13,Delhi
4464,1280,2025-11-08,Hyderabad
4465,571,2025-11-19,Chennai
4466,1385,2025-11-22,Mumbai
4467,506,2025-11-30,Hyderabad
4468,989,2025-11-21,Kolkata
4469,916,2025-11-12,Chennai
4470,1208,2025-11-05,Hyderabad
4471,962,2025-11-07,Bangalore
4472,1352,2025-11-17,Delhi
4473,796,2025-11-13,Ahmedabad
4474,684,2025-11-30,Mumbai
4475,1430,2025-11-07,Bangalore
4476,504,2025-11-27,Mumbai
4477,1263,2025-11-29,Kolkata
4478,90,2025-11-14,Ahmedabad
4479,570,2025-11-26,Bangalore
4480,569,2025-11-24,Kolkata
4481,582,2025-11-07,Delhi
4482,782,2025-11-08,Pune
4483,733,2025-11-29,Ahmedabad
4484,768,2025-11-27,Kolkata
4485,1105,2025-11-24,Bangalore
4486,479,2025-11-21,Delhi
4487,963,2025-11-06,Bangalore
4488,1297,2025-11-06,Mumbai
4489,1074,2025-11-29,Chennai
4490,434,2025-11-28,Kolkata
4491,745,2025-11-27,Chennai
4492,856,2025-11-18,Delhi
4493,1405,2025-11-27,Hyderabad
4494,819,2025-11-30,Delhi
4495,516,2025-11-16,Chennai
4496,589,2025-11-19,Delhi
4497,613,2025-11-24,Chennai
4498,1135,2025-11-12,Ahmedabad
4499,1078,2025-11-14,Mumbai
4500,415,2025-11-19,Pune
4501,114,2025-11-07,Bangalore
4502,490,2025-11-08,Hyderabad
4503,1028,2025-11-18,Pune
4504,593,2025-11-12,Pune
4505,844,2025-11-20,Ahmedabad
4506,433,2025-11-11,Mumbai
4507,1332,2025-11-17,Pune
4508,814,2025-11-14,Delhi
4509,896,2025-11-22,Chennai
4510,1398,2025-11-13,Delhi
4511,1235,2025-11-10,Mumbai
4512,582,2025-11-05,Delhi
4513,1209,2025-11-15,Delhi
4514,100,2025-11-03,Delhi
4515,120,2025-11-22,Mumbai
4516,1353,2025-11-15,Pune
4517,749,2025-11-21,Mumbai
4518,784,2025-11-06,Ahmedabad
4519,871,2025-11-14,Mumbai
4520,723,2025-11-02,Mumbai
4521,662,2025-11-08,Delhi
4522,1220,2025-11-25,Ahmedabad
4523,126,2025-11-05,Chennai
4524,378,2025-11-17,Ahmedabad
4525,954,2025-11-01,Mumbai
4526,177,2025-11-01,Hyderabad
4527,1002,2025-11-16,Pune
4528,732,2025-11-16,Bangalore
4529,1400,2025-11-08,Hyderabad
4530,1244,2025-11-09,Ahmedabad
4531,709,2025-11-02,Mumbai
4532,1256,2025-11-21,Bangalore
4533,1158,2025-11-03,Delhi
4534,710,2025-11-20,Mumbai
4535,180,2025-11-10,Kolkata
4536,1225,2025-11-03,Delhi
4537,515,2025-11-29,Ahmedabad
4538,1534,2025-11-25,Chennai
4539,321,2025-11-23,Pune
4540,905,2025-11-13,Hyderabad
4541,914,2025-11-30,Bangalore
4542,448,2025-11-07,Ahmedabad
4543,1364,2025-11-14,Bangalore
4544,869,2025-11-21,Bangalore
4545,57,2025-11-08,Pune
4546,1458,2025-11-10,Chennai
4547,1580,2025-11-03,Mumbai
4548,954,2025-11-11,Mumbai
4549,1055,2025-11-12,Delhi
4550,1382,2025-11-13,Delhi
4551,671,2025-11-26,Bangalore
4552,469,2025-11-23,Kolkata
4553,810,2025-11-24,Hyderabad
4554,262,2025-11-11,Chennai
4555,1299,2025-11-12,Chennai
4556,295,2025-11-30,Bangalore
4557,95,2025-11-18,Delhi
4558,293,2025-11-04,Delhi
4559,638,2025-11-29,Hyderabad
4560,273,2025-11-18,Kolkata
4561,1212,2025-11-26,Bangalore
4562,436,2025-11-22,Bangalore
4563,804,2025-11-13,Kolkata
4564,634,2025-11-07,Mumbai
4565,1493,2025-11-01,Mumbai
4566,875,2025-11-06,Delhi
4567,300,2025-11-07,Ahmedabad
4568,1471,2025-11-27,Pune
4569,554,2025-11-15,Mumbai
4570,515,2025-11-29,Ahmedabad
4571,99,2025-11-13,Mumbai
4572,965,2025-11-20,Bangalore
4573,1276,2025-11-12,Pune
4574,178,2025-11-08,Bangalore
4575,1116,2025-11-08,Bangalore
4576,961,2025-11-14,Ahmedabad
4577,417,2025-11-16,Ahmedabad
4578,57,2025-11-03,Pune
4579,13,2025-11-21,Pune
4580,400,2025-11-08,Bangalore
4581,364,2025-11-03,Delhi
4582,874,2025-11-16,Mumbai
4583,38,2025-11-29,Ahmedabad
4584,1412,2025-11-01,Chennai
4585,1540,2025-11-24,Ahmedabad
4586,436,2025-11-27,Bangalore
4587,1594,2025-11-16,Mumbai
4588,624,2025-11-14,Kolkata
4589,1092,2025-11-06,Bangalore
4590,580,2025-11-21,Hyderabad
4591,1455,2025-11-07,Bangalore
4592,1508,2025-11-25,Delhi
4593,1343,2025-11-28,Hyderabad
4594,958,2025-11-19,Pune
4595,441,2025-11-06,Mumbai
4596,887,2025-11-30,Mumbai
4597,1225,2025-11-01,Delhi
4598,526,2025-11-25,Kolkata
4599,84,2025-11-20,Chennai
4600,693,2025-11-07,Bangalore
4601,1362,2025-11-11,Delhi
4602,1028,2025-11-11,Pune
4603,477,2025-11-26,Ahmedabad
4604,1503,2025-11-01,Kolkata
4605,805,2025-11-09,Chennai
4606,905,2025-11-06,Hyderabad
4607,282,2025-11-18,Chennai
4608,484,2025-11-05,Ahmedabad
4609,396,2025-11-09,Chennai
4610,150,2025-11-29,Mumbai
4611,1307,2025-11-23,Bangalore
4612,1108,2025-11-12,Mumbai
4613,522,2025-11-27,Delhi
4614,610,2025-11-18,Chennai
4615,1543,2025-11-28,Chennai
4616,1424,2025-11-13,Hyderabad
4617,265,2025-11-09,Mumbai
4618,922,2025-11-14,Delhi
4619,956,2025-11-25,Kolkata
4620,472,2025-11-10,Mumbai
4621,661,2025-11-28,Pune
4622,1205,2025-11-21,Hyderabad
4623,358,2025-11-15,Mumbai
4624,523,2025-11-01,Mumbai
4625,632,2025-11-25,Ahmedabad
4626,509,2025-11-19,Chennai
4627,711,2025-11-05,Mumbai
4628,319,2025-11-16,Delhi
4629,639,2025-11-29,Mumbai
4630,842,2025-11-14,Mumbai
4631,273,2025-11-03,Kolkata
4632,704,2025-11-06,Mumbai
4633,546,2025-11-12,Pune
4634,628,2025-11-07,Bangalore
4635,957,2025-11-11,Delhi
4636,980,2025-11-21,Mumbai
4637,1472,2025-11-10,Mumbai
4638,225,2025-11-29,Bangalore
4639,836,2025-11-09,Hyderabad
4640,1027,2025-11-15,Ahmedabad
4641,1274,2025-11-20,Ahmedabad
4642,243,2025-11-12,Bangalore
4643,535,2025-11-12,Chennai
4644,954,2025-11-27,Mumbai
4645,515,2025-11-13,Ahmedabad
4646,1295,2025-11-14,Mumbai
4647,1486,2025-11-01,Delhi
4648,914,2025-11-30,Bangalore
4649,131,2025-11-17,Mumbai
4650,338,2025-11-11,Delhi
4651,4,2025-11-30,Chennai
4652,1143,2025-11-30,Bangalore
4653,354,2025-11-02,Delhi
4654,1123,2025-11-10,Mumbai
4655,780,2025-11-20,Delhi
4656,139,2025-11-10,Mumbai
4657,1315,2025-11-16,Bangalore
4658,867,2025-11-03,Delhi
4659,1229,2025-11-09,Ahmedabad
4660,1544,2025-11-29,Delhi
4661,59,2025-11-11,Bangalore
4662,1314,2025-11-18,Delhi
4663,1495,2025-11-22,Kolkata
4664,471,2025-11-19,Kolkata
4665,53,2025-11-28,Ahmedabad
4666,1296,2025-11-13,Pune
4667,630,2025-11-22,Delhi
4668,168,2025-11-26,Mumbai
4669,339,2025-11-22,Delhi
4670,1079,2025-11-01,Kolkata
4671,1297,2025-11-08,Mumbai
4672,1313,2025-11-08,Delhi
4673,78,2025-11-27,Kolkata
4674,1585,2025-11-25,Bangalore
4675,1148,2025-11-26,Bangalore
4676,1525,2025-11-18,Mumbai
4677,1583,2025-11-06,Kolkata
4678,877,2025-11-11,Ahmedabad
4679,1263,2025-11-02,Kolkata
4680,78,2025-11-15,Kolkata
4681,1464,2025-11-03,Kolkata
4682,1384,2025-11-20,Mumbai
4683,890,2025-11-24,Chennai
4684,815,2025-11-26,Pune
4685,1227,2025-11-16,Bangalore
4686,784,2025-11-29,Ahmedabad
4687,1417,2025-11-17,Delhi
4688,175,2025-11-26,Mumbai
4689,1034,2025-11-27,Kolkata
4690,860,2025-11-21,Mumbai
4691,966,2025-11-30,Delhi
4692,65,2025-11-19,Delhi
4693,847,2025-11-16,Pune
4694,120,2025-11-07,Mumbai
4695,1426,2025-11-09,Hyderabad
4696,104,2025-11-05,Pune
4697,101,2025-11-18,Delhi
4698,1391,2025-11-24,Pune
4699,30,2025-11-13,Chennai
4700,1529,2025-11-27,Mumbai
4701,861,2025-11-10,Chennai
4702,929,2025-11-23,Hyderabad
4703,979,2025-11-30,Chennai
4704,1588,2025-11-12,Delhi
4705,767,2025-11-18,Mumbai
4706,174,2025-11-19,Hyderabad
4707,1390,2025-11-24,Mumbai
4708,566,2025-11-11,Mumbai
4709,1197,2025-11-01,Bangalore
4710,320,2025-11-29,Chennai
4711,1205,2025-11-16,Hyderabad
4712,1391,2025-11-25,Pune
4713,92,2025-11-24,Bangalore
4714,635,2025-11-22,Pune
4715,1015,2025-11-08,Chennai
4716,848,2025-11-04,Delhi
4717,262,2025-11-26,Chennai
4718,1327,2025-11-06,Mumbai
4719,1408,2025-11-29,Hyderabad
4720,867,2025-11-30,Delhi
4721,852,2025-11-22,Pune
4722,618,2025-11-02,Hyderabad
4723,835,2025-11-21,Mumbai
4724,847,2025-11-04,Pune
4725,761,2025-11-30,Delhi
4726,1216,2025-11-05,Pune
4727,924,2025-11-28,Delhi
4728,987,2025-11-19,Pune
4729,120,2025-11-12,Mumbai
4730,1169,2025-11-29,Delhi
4731,9,2025-11-04,Mumbai
4732,21,2025-11-04,Mumbai
4733,1169,2025-11-27,Delhi
4734,35,2025-11-27,Chennai
4735,861,2025-11-26,Chennai
4736,964,2025-11-07,Ahmedabad
4737,634,2025-11-26,Mumbai
4738,1454,2025-11-02,Hyderabad
4739,1571,2025-11-17,Delhi
4740,424,2025-11-24,Ahmedabad
4741,1415,2025-11-25,Bangalore
4742,1407,2025-11-27,Delhi
4743,1036,2025-11-22,Delhi
4744,336,2025-11-17,Bangalore
4745,1475,2025-11-20,Ahmedabad
4746,849,2025-11-28,Kolkata
4747,1401,2025-11-16,Bangalore
4748,740,2025-11-07,Chennai
4749,412,2025-11-05,Pune
4750,201,2025-11-19,Bangalore
4751,1138,2025-11-02,Bangalore
4752,676,2025-11-05,Bangalore
4753,148,2025-11-17,Mumbai
4754,1040,2025-11-17,Delhi
4755,848,2025-11-09,Delhi
4756,721,2025-11-15,Bangalore
4757,275,2025-11-23,Ahmedabad
4758,269,2025-11-19,Hyderabad
4759,1375,2025-11-28,Delhi
4760,158,2025-11-24,Pune
4761,70,2025-11-23,Kolkata
4762,291,2025-11-07,Bangalore
4763,1550,2025-11-19,Pune
4764,63,2025-11-14,Chennai
4765,71,2025-11-23,Pune
4766,2,2025-11-22,Pune
4767,1459,2025-11-07,Bangalore
4768,1554,2025-11-30,Bangalore
4769,451,2025-11-15,Bangalore
4770,1586,2025-11-09,Delhi
4771,2,2025-11-15,Pune
4772,397,2025-11-19,Mumbai
4773,923,2025-11-07,Kolkata
4774,872,2025-11-29,Mumbai
4775,1354,2025-11-02,Hyderabad
4776,194,2025-11-05,Mumbai
4777,106,2025-11-10,Chennai
4778,647,2025-11-20,Delhi
4779,528,2025-11-13,Pune
4780,1017,2025-11-10,Ahmedabad
4781,1303,2025-11-02,Mumbai
4782,652,2025-11-19,Hyderabad
4783,28,2025-11-12,Kolkata
4784,1454,2025-11-06,Hyderabad
4785,1344,2025-11-02,Mumbai
4786,1184,2025-11-10,Mumbai
4787,1157,2025-11-15,Delhi
4788,1111,2025-11-23,Mumbai
4789,75,2025-11-21,Kolkata
4790,656,2025-11-29,Kolkata
4791,945,2025-11-10,Bangalore
4792,1046,2025-11-07,Delhi
4793,1298,2025-11-20,Bangalore
4794,10,2025-11-16,Chennai
4795,241,2025-11-08,Bangalore
4796,850,2025-11-02,Delhi
4797,147,2025-11-19,Kolkata
4798,1132,2025-11-20,Ahmedabad
4799,1087,2025-11-15,Hyderabad
4800,1541,2025-11-30,Hyderabad
4801,775,2025-11-15,Chennai
4802,546,2025-11-25,Pune
4803,1538,2025-11-29,Delhi
4804,849,2025-11-16,Kolkata
4805,609,2025-11-22,Bangalore
4806,1237,2025-11-19,Mumbai
4807,476,2025-11-18,Ahmedabad
4808,124,2025-11-22,Delhi
4809,1033,2025-11-24,Chennai
4810,663,2025-11-23,Delhi
4811,106,2025-11-08,Chennai
4812,737,2025-11-05,Bangalore
4813,691,2025-11-24,Hyderabad
4814,394,2025-11-18,Bangalore
4815,552,2025-11-22,Delhi
4816,330,2025-11-23,Delhi
4817,442,2025-11-21,Bangalore
4818,572,2025-11-16,Bangalore
4819,1079,2025-11-04,Kolkata
4820,318,2025-11-06,Hyderabad
4821,286,2025-11-17,Hyderabad
4822,514,2025-11-28,Bangalore
4823,652,2025-11-18,Hyderabad
4824,824,2025-11-08,Bangalore
4825,973,2025-11-07,Delhi
4826,915,2025-11-19,Delhi
4827,895,2025-11-21,Ahmedabad
4828,123,2025-11-17,Delhi
4829,791,2025-11-10,Mumbai
4830,741,2025-11-18,Pune
4831,810,2025-11-15,Hyderabad
4832,808,2025-11-29,Kolkata
4833,830,2025-11-10,Delhi
4834,185,2025-11-14,Kolkata
4835,195,2025-11-02,Delhi
4836,295,2025-11-17,Bangalore
4837,6,2025-11-18,Mumbai
4838,156,2025-11-25,Hyderabad
4839,850,2025-11-24,Delhi
4840,13,2025-11-10,Pune
4841,1352,2025-11-11,Delhi
4842,1473,2025-11-13,Mumbai
4843,1115,2025-11-10,Bangalore
4844,303,2025-11-30,Bangalore
4845,561,2025-11-05,Delhi
4846,1316,2025-11-30,Pune
4847,50,2025-11-06,Hyderabad
4848,1535,2025-11-01,Bangalore
4849,250,2025-11-16,Bangalore
4850,1132,2025-11-23,Ahmedabad
4851,369,2025-11-17,Mumbai
4852,804,2025-11-18,Kolkata
4853,341,2025-11-11,Hyderabad
4854,605,2025-11-08,Bangalore
4855,94,2025-11-24,Mumbai
4856,577,2025-11-10,Delhi
4857,476,2025-11-16,Ahmedabad
4858,730,2025-11-24,Hyderabad
4859,1312,2025-11-09,Delhi
4860,42,2025-11-11,Pune
4861,433,2025-11-15,Mumbai
4862,592,2025-11-09,Delhi
4863,966,2025-11-04,Delhi
4864,808,2025-11-17,Kolkata
4865,427,2025-11-16,Kolkata
4866,11,2025-11-15,Delhi
4867,963,2025-11-09,Bangalore
4868,1217,2025-11-07,Mumbai
4869,1093,2025-11-22,Kolkata
4870,990,2025-11-15,Delhi
4871,1145,2025-11-30,Bangalore
4872,963,2025-11-17,Bangalore
4873,138,2025-11-08,Delhi
4874,1056,2025-11-08,Mumbai
4875,1517,2025-11-23,Mumbai
4876,959,2025-11-29,Chennai
4877,1269,2025-11-26,Bangalore
4878,1340,2025-11-15,Hyderabad
4879,139,2025-11-20,Mumbai
4880,1178,2025-11-16,Delhi
4881,823,2025-11-18,Chennai
4882,880,2025-11-20,Delhi
4883,1030,2025-11-22,Delhi
4884,207,2025-11-13,Bangalore
4885,1564,2025-11-03,Mumbai
4886,1139,2025-11-30,Chennai
4887,1125,2025-11-27,Hyderabad
4888,241,2025-11-06,Bangalore
4889,1183,2025-11-22,Chennai
4890,599,2025-11-04,Pune
4891,127,2025-11-23,Mumbai
4892,1012,2025-11-01,Bangalore
4893,523,2025-11-18,Mumbai
4894,911,2025-11-12,Pune
4895,105,2025-11-24,Mumbai
4896,1244,2025-11-16,Ahmedabad
4897,1151,2025-11-17,Bangalore
4898,1206,2025-11-23,Pune
4899,768,2025-11-04,Kolkata
4900,659,2025-11-09,Mumbai
4901,1148,2025-11-23,Bangalore
4902,1426,2025-11-05,Hyderabad
4903,1015,2025-11-15,Chennai
4904,593,2025-11-30,Pune
4905,718,2025-11-13,Mumbai
4906,2,2025-11-15,Pune
4907,1506,2025-11-23,Mumbai
4908,19,2025-11-14,Hyderabad
4909,1409,2025-11-10,Ahmedabad
4910,834,2025-11-15,Pune
4911,71,2025-11-05,Pune
4912,1046,2025-11-10,Delhi
4913,92,2025-11-22,Bangalore
4914,656,2025-11-23,Kolkata
4915,192,2025-11-28,Bangalore
4916,1459,2025-11-14,Bangalore
4917,9,2025-11-11,Mumbai
4918,1336,2025-11-04,Delhi
4919,1527,2025-11-14,Chennai
4920,238,2025-11-08,Mumbai
4921,1339,2025-11-18,Bangalore
4922,226,2025-11-11,Delhi
4923,749,2025-11-16,Mumbai
4924,74,2025-11-18,Hyderabad
4925,260,2025-11-25,Bangalore
4926,1431,2025-11-18,Kolkata
4927,814,2025-11-20,Delhi
4928,686,2025-11-22,Bangalore
4929,1203,2025-11-28,Kolkata
4930,686,2025-11-07,Bangalore
4931,1568,2025-11-28,Chennai
4932,1009,2025-11-14,Ahmedabad
4933,656,2025-11-05,Kolkata
4934,81,2025-11-24,Mumbai
4935,907,2025-11-03,Mumbai
4936,917,2025-11-25,Pune
4937,279,2025-11-29,Bangalore
4938,17,2025-11-24,Mumbai
4939,1214,2025-11-20,Delhi
4940,1459,2025-11-27,Bangalore
4941,1424,2025-11-24,Hyderabad
4942,1347,2025-11-14,Mumbai
4943,842,2025-11-23,Mumbai
4944,1304,2025-11-03,Delhi
4945,918,2025-11-27,Bangalore
4946,1404,2025-11-24,Ahmedabad
4947,1274,2025-11-17,Ahmedabad
4948,797,2025-11-01,Mumbai
4949,1407,2025-11-12,Delhi
4950,726,2025-11-16,Bangalore
4951,118,2025-11-10,Ahmedabad
4952,1330,2025-11-04,Ahmedabad
4953,1483,2025-11-23,Hyderabad
4954,1002,2025-11-13,Pune
4955,1372,2025-11-28,Bangalore
4956,515,2025-11-11,Ahmedabad
4957,1033,2025-11-07,Chennai
4958,756,2025-11-09,Chennai
4959,1045,2025-11-04,Chennai
4960,1256,2025-11-07,Bangalore
4961,939,2025-11-14,Hyderabad
4962,521,2025-11-04,Hyderabad
4963,706,2025-11-11,Delhi
4964,275,2025-11-29,Ahmedabad
4965,55,2025-11-14,Pune
4966,587,2025-11-09,Pune
4967,1316,2025-11-10,Pune
4968,1083,2025-11-14,Bangalore
4969,997,2025-11-24,Delhi
4970,1460,2025-11-30,Delhi
4971,513,2025-11-08,Hyderabad
4972,1543,2025-11-12,Chennai
4973,1262,2025-11-05,Hyderabad
4974,924,2025-11-25,Delhi
4975,99,2025-11-06,Mumbai
4976,1088,2025-11-08,Mumbai
4977,1036,2025-11-28,Delhi
4978,1367,2025-11-10,Delhi
4979,1581,2025-11-18,Ahmedabad
4980,1542,2025-11-16,Hyderabad
4981,501,2025-11-22,Bangalore
4982,112,2025-11-05,Delhi
4983,912,2025-11-21,Mumbai
4984,1167,2025-11-17,Ahmedabad
4985,1472,2025-11-10,Mumbai
4986,1533,2025-11-15,Bangalore
4987,179,2025-11-20,Delhi
4988,822,2025-11-22,Hyderabad
4989,724,2025-11-10,Mumbai
4990,1285,2025-11-21,Chennai
4991,62,2025-11-04,Chennai
4992,660,2025-11-16,Ahmedabad
4993,1546,2025-11-25,Mumbai
4994,1374,2025-11-26,Bangalore
4995,724,2025-11-17,Mumbai
4996,1476,2025-11-23,Delhi
4997,1269,2025-11-10,Bangalore
4998,1522,2025-11-11,Hyderabad
4999,1555,2025-11-08,Mumbai
5000,1393,2025-11-16,Chennai
5001,267,2025-11-13,Chennai
5002,189,2025-11-09,Pune
5003,1286,2025-11-06,Mumbai
5004,805,2025-11-29,Chennai
5005,1536,2025-11-03,Mumbai
5006,755,2025-11-13,Pune
5007,104,2025-11-07,Pune
5008,1174,2025-11-12,Pune
5009,1494,2025-11-01,Mumbai
5010,1023,2025-11-06,Chennai
5011,791,2025-11-09,Mumbai
5012,830,2025-11-22,Delhi
5013,79,2025-11-19,Delhi
5014,822,2025-11-07,Hyderabad
5015,913,2025-11-17,Chennai
5016,1328,2025-11-02,Mumbai
5017,1544,2025-11-07,Delhi
5018,328,2025-11-16,Pune
5019,1059,2025-11-19,Kolkata
5020,1421,2025-11-19,Hyderabad
5021,507,2025-11-07,Bangalore
5022,862,2025-11-01,Bangalore
5023,589,2025-11-03,Delhi
5024,139,2025-11-17,Mumbai
5025,1210,2025-11-12,Delhi
5026,318,2025-11-08,Hyderabad
5027,896,2025-11-07,Chennai
5028,1462,2025-11-06,Pune
5029,213,2025-11-12,Mumbai
5030,1078,2025-11-22,Mumbai
5031,738,2025-11-11,Delhi
5032,1553,2025-11-01,Bangalore
5033,719,2025-11-25,Chennai
5034,656,2025-11-17,Kolkata
5035,1394,2025-11-27,Kolkata
5036,1024,2025-11-14,Hyderabad
5037,1123,2025-11-14,Mumbai
5038,1563,2025-11-11,Bangalore
5039,567,2025-11-24,Delhi
5040,303,2025-11-05,Bangalore
5041,2,2025-11-06,Pune
5042,502,2025-11-10,Hyderabad
5043,1279,2025-11-16,Bangalore
5044,484,2025-11-14,Ahmedabad
5045,1190,2025-11-04,Delhi
5046,1258,2025-11-15,Kolkata
5047,1341,2025-11-28,Hyderabad
5048,1097,2025-11-09,Delhi
5049,978,2025-11-16,Delhi
5050,456,2025-11-17,Bangalore
5051,149,2025-11-26,Ahmedabad
5052,1214,2025-11-28,Delhi
5053,123,2025-11-11,Delhi
5054,472,2025-11-13,Mumbai
5055,138,2025-11-19,Delhi
5056,1347,2025-11-24,Mumbai
5057,1563,2025-11-14,Bangalore
5058,1462,2025-11-12,Pune
5059,321,2025-11-17,Pune
5060,1076,2025-11-16,Pune
5061,1335,2025-11-28,Chennai
5062,953,2025-11-28,Delhi
5063,56,2025-11-19,Mumbai
5064,687,2025-11-01,Pune
5065,288,2025-11-20,Bangalore
5066,1584,2025-11-24,Delhi
5067,1456,2025-11-06,Pune
5068,682,2025-11-20,Delhi
5069,139,2025-11-15,Mumbai
5070,1485,2025-11-26,Chennai
5071,1468,2025-11-29,Delhi
5072,1037,2025-11-22,Ahmedabad
5073,411,2025-11-23,Mumbai
5074,1267,2025-11-21,Delhi
5075,760,2025-11-02,Mumbai
5076,851,2025-11-15,Bangalore
5077,1122,2025-11-08,Pune
5078,1067,2025-11-30,Mumbai
5079,319,2025-11-04,Delhi
5080,457,2025-11-16,Bangalore
5081,394,2025-11-19,Bangalore
5082,836,2025-11-18,Hyderabad
5083,1595,2025-11-30,Delhi
5084,95,2025-11-30,Delhi
5085,729,2025-11-15,Chennai
5086,1551,2025-11-21,Mumbai
5087,1410,2025-11-27,Mumbai
5088,667,2025-11-17,Mumbai
5089,737,2025-11-26,Bangalore
5090,234,2025-11-01,Hyderabad
5091,240,2025-11-13,Pune
5092,235,2025-11-03,Pune
5093,474,2025-11-21,Bangalore
5094,93,2025-11-02,Delhi
5095,1313,2025-11-18,Delhi
5096,1169,2025-11-20,Delhi
5097,714,2025-11-24,Chennai
5098,433,2025-11-18,Mumbai
5099,744,2025-11-11,Bangalore
5100,1317,2025-11-22,Ahmedabad
5101,1292,2025-11-27,Hyderabad
5102,434,2025-11-19,Kolkata
5103,340,2025-11-27,Chennai
5104,1513,2025-11-15,Delhi
5105,1020,2025-11-27,Kolkata
5106,833,2025-11-18,Hyderabad
5107,208,2025-11-13,Mumbai
5108,758,2025-11-15,Bangalore
5109,261,2025-11-15,Delhi
5110,332,2025-11-26,Delhi
5111,574,2025-11-12,Mumbai
5112,925,2025-11-04,Ahmedabad
5113,1586,2025-11-16,Delhi
5114,169,2025-11-09,Pune
5115,215,2025-11-12,Kolkata
5116,1025,2025-11-24,Ahmedabad
5117,1352,2025-11-22,Delhi
5118,878,2025-11-05,Hyderabad
5119,505,2025-11-20,Hyderabad
5120,974,2025-11-22,Mumbai
5121,248,2025-11-10,Bangalore
5122,1421,2025-11-04,Hyderabad
5123,790,2025-11-03,Kolkata
5124,181,2025-11-07,Chennai
5125,149,2025-11-27,Ahmedabad
5126,1288,2025-11-12,Mumbai
5127,561,2025-11-21,Delhi
5128,629,2025-11-02,Bangalore
5129,833,2025-11-16,Hyderabad
5130,920,2025-11-15,Mumbai
5131,789,2025-11-18,Chennai
5132,855,2025-11-16,Delhi
5133,1491,2025-11-25,Chennai
5134,471,2025-11-13,Kolkata
5135,1461,2025-11-23,Kolkata
5136,1136,2025-11-22,Mumbai
5137,1362,2025-11-29,Delhi
5138,277,2025-11-18,Hyderabad
5139,1420,2025-11-24,Hyderabad
5140,194,2025-11-12,Mumbai
5141,173,2025-11-01,Hyderabad
5142,594,2025-11-13,Mumbai
5143,294,2025-11-10,Delhi
5144,1127,2025-11-23,Ahmedabad
5145,1590,2025-11-08,Ahmedabad
5146,593,2025-11-02,Pune
5147,1017,2025-11-30,Ahmedabad
5148,1316,2025-11-12,Pune
5149,767,2025-11-02,Mumbai
5150,965,2025-11-07,Bangalore
5151,1546,2025-11-07,Mumbai
5152,318,2025-11-01,Hyderabad
5153,1009,2025-11-10,Ahmedabad
5154,1467,2025-11-18,Delhi
5155,357,2025-11-05,Ahmedabad
5156,1374,2025-11-22,Bangalore
5157,1214,2025-11-22,Delhi
5158,481,2025-11-21,Mumbai
5159,550,2025-11-15,Kolkata
5160,1176,2025-11-06,Hyderabad
5161,718,2025-11-12,Mumbai
5162,1532,2025-11-15,Ahmedabad
5163,1204,2025-11-23,Delhi
5164,1552,2025-11-12,Chennai
5165,1266,2025-11-22,Chennai
5166,891,2025-11-06,Delhi
5167,465,2025-11-08,Kolkata
5168,320,2025-11-07,Chennai
5169,1234,2025-11-26,Hyderabad
5170,685,2025-11-25,Hyderabad
5171,1454,2025-11-01,Hyderabad
5172,904,2025-11-26,Mumbai
5173,886,2025-11-08,Bangalore
5174,308,2025-11-23,Pune
5175,981,2025-11-04,Bangalore
5176,344,2025-11-07,Bangalore
5177,617,2025-11-19,Mumbai
5178,264,2025-11-23,Kolkata
5179,1011,2025-11-23,Delhi
5180,1279,2025-11-23,Bangalore
5181,233,2025-11-03,Bangalore
5182,1438,2025-11-26,Pune
5183,901,2025-11-07,Bangalore
5184,1518,2025-11-16,Delhi
5185,658,2025-11-10,Hyderabad
5186,1010,2025-11-13,Mumbai
5187,258,2025-11-15,Pune
5188,1294,2025-11-27,Mumbai
5189,865,2025-11-09,Chennai
5190,1332,2025-11-30,Pune
5191,1133,2025-11-27,Bangalore
5192,143,2025-11-27,Chennai
5193,1350,2025-11-13,Ahmedabad
5194,1521,2025-11-03,Delhi
5195,713,2025-11-04,Pune
5196,1544,2025-11-16,Delhi
5197,202,2025-11-14,Delhi
5198,437,2025-11-16,Mumbai
5199,25,2025-11-16,Hyderabad
5200,878,2025-11-19,Hyderabad
5201,29,2025-11-09,Bangalore
5202,1309,2025-11-10,Chennai
5203,457,2025-11-12,Bangalore
5204,495,2025-11-03,Bangalore
5205,439,2025-11-16,Hyderabad
5206,815,2025-11-18,Pune
5207,735,2025-11-06,Mumbai
5208,67,2025-11-20,Mumbai
5209,547,2025-11-15,Pune
5210,353,2025-11-10,Delhi
5211,552,2025-11-02,Delhi
5212,1051,2025-11-21,Ahmedabad
5213,413,2025-11-03,Delhi
5214,1136,2025-11-05,Mumbai
5215,710,2025-11-01,Mumbai
5216,359,2025-11-23,Delhi
5217,572,2025-11-26,Bangalore
5218,647,2025-11-21,Delhi
5219,208,2025-11-22,Mumbai
5220,535,2025-11-04,Chennai
5221,589,2025-11-05,Delhi
5222,279,2025-11-22,Bangalore
5223,1401,2025-11-18,Bangalore
5224,810,2025-11-10,Hyderabad
5225,204,2025-11-14,Mumbai
5226,104,2025-11-04,Pune
5227,91,2025-11-06,Delhi
5228,213,2025-11-06,Mumbai
5229,349,2025-11-30,Chennai
5230,1442,2025-11-28,Delhi
5231,215,2025-11-08,Kolkata
5232,901,2025-11-17,Bangalore
5233,229,2025-11-14,Bangalore
5234,1221,2025-11-07,Bangalore
5235,920,2025-11-27,Mumbai
5236,1583,2025-11-26,Kolkata
5237,1332,2025-11-15,Pune
5238,1178,2025-11-09,Delhi
5239,901,2025-11-28,Bangalore
5240,730,2025-11-11,Hyderabad
5241,1596,2025-11-17,Ahmedabad
5242,476,2025-11-17,Ahmedabad
5243,996,2025-11-24,Delhi
5244,604,2025-11-04,Bangalore
5245,69,2025-11-15,Bangalore
5246,437,2025-11-25,Mumbai
5247,452,2025-11-01,Bangalore
5248,524,2025-11-22,Bangalore
5249,18,2025-11-25,Mumbai
5250,760,2025-11-17,Mumbai
5251,554,2025-11-15,Mumbai
5252,673,2025-11-27,Mumbai
5253,449,2025-11-13,Bangalore
5254,1532,2025-11-24,Ahmedabad
5255,1240,2025-11-01,Delhi
5256,1544,2025-11-26,Delhi
5257,669,2025-11-23,Delhi
5258,163,2025-11-27,Delhi
5259,174,2025-11-29,Hyderabad
5260,1021,2025-11-26,Hyderabad
5261,459,2025-11-29,Pune
5262,794,2025-11-21,Mumbai
5263,557,2025-11-14,Pune
5264,77,2025-11-01,Mumbai
5265,947,2025-11-13,Kolkata
5266,903,2025-11-12,Delhi
5267,1190,2025-11-20,Delhi
5268,865,2025-11-02,Chennai
5269,679,2025-11-24,Mumbai
5270,219,2025-11-26,Bangalore
5271,1233,2025-11-01,Bangalore
5272,145,2025-11-25,Mumbai
5273,992,2025-11-28,Ahmedabad
5274,1415,2025-11-29,Bangalore
5275,940,2025-11-13,Ahmedabad
5276,847,2025-11-17,Pune
5277,749,2025-11-25,Mumbai
5278,181,2025-11-28,Chennai
5279,1010,2025-11-30,Mumbai
5280,1470,2025-11-28,Pune
5281,1179,2025-11-10,Mumbai
5282,1558,2025-11-28,Pune
5283,1188,2025-11-05,Kolkata
5284,1540,2025-11-08,Ahmedabad
5285,522,2025-11-28,Delhi
5286,304,2025-11-12,Hyderabad
5287,260,2025-11-28,Bangalore
5288,886,2025-11-14,Bangalore
5289,336,2025-11-13,Bangalore
5290,1017,2025-11-28,Ahmedabad
5291,436,2025-11-26,Bangalore
5292,913,2025-11-16,Chennai
5293,1536,2025-11-01,Mumbai
5294,1418,2025-11-20,Delhi
5295,548,2025-11-30,Ahmedabad
5296,1542,2025-11-22,Hyderabad
5297,377,2025-11-01,Mumbai
5298,964,2025-11-30,Ahmedabad
5299,1040,2025-11-29,Delhi
5300,559,2025-11-27,Bangalore
5301,892,2025-11-22,Kolkata
5302,403,2025-11-23,Mumbai
5303,211,2025-11-14,Bangalore
5304,1077,2025-11-09,Chennai
5305,133,2025-11-19,Mumbai
5306,45,2025-11-28,Kolkata
5307,715,2025-11-14,Chennai
5308,403,2025-11-07,Mumbai
5309,475,2025-11-06,Pune
5310,8,2025-11-03,Hyderabad
5311,1173,2025-11-28,Delhi
5312,220,2025-11-18,Chennai
5313,891,2025-11-30,Delhi
5314,57,2025-11-26,Pune
5315,122,2025-11-12,Kolkata
5316,595,2025-11-27,Ahmedabad
5317,1385,2025-11-24,Mumbai
5318,628,2025-11-21,Bangalore
5319,1498,2025-11-06,Mumbai
5320,822,2025-11-06,Hyderabad
5321,870,2025-11-15,Pune
5322,1416,2025-11-15,Hyderabad
5323,999,2025-11-19,Hyderabad
5324,352,2025-11-28,Delhi
5325,527,2025-11-16,Pune
5326,339,2025-11-20,Delhi
5327,1535,2025-11-10,Bangalore
5328,103,2025-11-05,Hyderabad
5329,943,2025-11-26,Chennai
5330,511,2025-11-26,Kolkata
5331,1271,2025-11-13,Delhi
5332,758,2025-11-07,Bangalore
5333,449,2025-11-16,Bangalore
5334,1361,2025-11-23,Mumbai
5335,737,2025-11-14,Bangalore
5336,1353,2025-11-29,Pune
5337,535,2025-11-01,Chennai
5338,175,2025-11-09,Mumbai
5339,965,2025-11-03,Bangalore
5340,67,2025-11-10,Mumbai
5341,144,2025-11-23,Delhi
5342,1285,2025-11-14,Chennai
5343,391,2025-11-26,Delhi
5344,102,2025-11-28,Chennai
5345,307,2025-11-11,Hyderabad
5346,821,2025-11-28,Hyderabad
5347,1529,2025-11-23,Mumbai
5348,692,2025-11-28,Bangalore
5349,1022,2025-11-04,Pune
5350,155,2025-11-19,Pune
5351,87,2025-11-18,Ahmedabad
5352,668,2025-11-29,Mumbai
5353,572,2025-11-24,Bangalore
5354,829,2025-11-16,Chennai
5355,466,2025-11-15,Hyderabad
5356,910,2025-11-02,Bangalore
5357,1035,2025-11-04,Pune
5358,783,2025-11-22,Bangalore
5359,160,2025-11-29,Ahmedabad
5360,463,2025-11-20,Pune
5361,941,2025-11-26,Delhi
5362,165,2025-11-23,Delhi
5363,1134,2025-11-09,Delhi
5364,211,2025-11-17,Bangalore
5365,363,2025-11-18,Delhi
5366,227,2025-11-12,Bangalore
5367,1096,2025-11-08,Delhi
5368,1410,2025-11-02,Mumbai
5369,587,2025-11-23,Pune
5370,1093,2025-11-28,Kolkata
5371,1547,2025-11-13,Kolkata
5372,1348,2025-11-02,Chennai
5373,938,2025-11-02,Mumbai
5374,1276,2025-11-04,Pune
5375,893,2025-11-23,Mumbai
5376,712,2025-11-18,Bangalore
5377,770,2025-11-17,Mumbai
5378,365,2025-11-11,Mumbai
5379,1255,2025-11-15,Delhi
5380,1331,2025-11-28,Bangalore
5381,410,2025-11-21,Bangalore
5382,600,2025-11-17,Hyderabad
5383,1547,2025-11-26,Kolkata
5384,1464,2025-11-14,Kolkata
5385,1017,2025-11-29,Ahmedabad
5386,964,2025-11-12,Ahmedabad
5387,1532,2025-11-18,Ahmedabad
5388,933,2025-11-14,Mumbai
5389,1573,2025-11-02,Mumbai
5390,1277,2025-11-18,Bangalore
5391,784,2025-11-06,Ahmedabad
5392,706,2025-11-11,Delhi
5393,739,2025-11-03,Bangalore
5394,322,2025-11-09,Mumbai
5395,1378,2025-11-25,Bangalore
5396,51,2025-11-12,Bangalore
5397,1506,2025-11-12,Mumbai
5398,443,2025-11-26,Mumbai
5399,1196,2025-11-09,Delhi
5400,1162,2025-11-30,Delhi
5401,769,2025-11-02,Mumbai
5402,305,2025-11-10,Bangalore
5403,641,2025-11-18,Kolkata
5404,400,2025-11-03,Bangalore
5405,862,2025-11-18,Bangalore
5406,477,2025-11-26,Ahmedabad
5407,492,2025-11-22,Hyderabad
5408,1062,2025-11-17,Ahmedabad
5409,1462,2025-11-22,Pune
5410,503,2025-11-25,Chennai
5411,313,2025-11-13,Mumbai
5412,1242,2025-11-14,Mumbai
5413,302,2025-11-07,Mumbai
5414,604,2025-11-15,Bangalore
5415,1419,2025-11-30,Mumbai
5416,1344,2025-11-27,Mumbai
5417,794,2025-11-01,Mumbai
5418,1033,2025-11-22,Chennai
5419,1032,2025-11-30,Delhi
5420,275,2025-11-06,Ahmedabad
5421,85,2025-11-18,Mumbai
5422,1486,2025-11-09,Delhi
5423,557,2025-11-29,Pune
5424,375,2025-11-04,Bangalore
5425,610,2025-11-02,Chennai
5426,1401,2025-11-10,Bangalore
5427,1440,2025-11-07,Delhi
5428,1446,2025-11-30,Ahmedabad
5429,656,2025-11-16,Kolkata
5430,411,2025-11-23,Mumbai
5431,979,2025-11-22,Chennai
5432,565,2025-11-24,Chennai
5433,326,2025-11-15,Ahmedabad
5434,979,2025-11-14,Chennai
5435,562,2025-11-23,Delhi
5436,1047,2025-11-22,Mumbai
5437,704,2025-11-22,Mumbai
5438,1244,2025-11-02,Ahmedabad
5439,467,2025-11-17,Delhi
5440,1375,2025-11-18,Delhi
5441,1099,2025-11-22,Pune
5442,863,2025-11-06,Mumbai
5443,739,2025-11-13,Bangalore
5444,640,2025-11-07,Kolkata
5445,1188,2025-11-06,Kolkata
5446,108,2025-11-24,Kolkata
5447,800,2025-11-21,Delhi
5448,14,2025-11-02,Chennai
5449,662,2025-11-10,Delhi
5450,1063,2025-11-28,Pune
5451,1490,2025-11-10,Pune
5452,268,2025-11-11,Bangalore
5453,1585,2025-11-07,Bangalore
5454,819,2025-11-19,Delhi
5455,242,2025-11-27,Hyderabad
5456,69,2025-11-01,Bangalore
5457,527,2025-11-08,Pune
5458,694,2025-11-05,Bangalore
5459,843,2025-11-01,Kolkata
5460,1469,2025-11-27,Mumbai
5461,122,2025-11-09,Kolkata
5462,338,2025-11-25,Delhi
5463,561,2025-11-24,Delhi
5464,275,2025-11-20,Ahmedabad
5465,936,2025-11-17,Chennai
5466,579,2025-11-29,Mumbai
5467,806,2025-11-24,Pune
5468,1513,2025-11-26,Delhi
5469,21,2025-11-14,Mumbai
5470,66,2025-11-20,Bangalore
5471,1041,2025-11-06,Delhi
5472,249,2025-11-05,Delhi
5473,963,2025-11-25,Bangalore
5474,1213,2025-11-03,Ahmedabad
5475,182,2025-11-12,Mumbai
5476,240,2025-11-21,Pune
5477,564,2025-11-02,Kolkata
5478,1503,2025-11-08,Kolkata
5479,922,2025-11-18,Delhi
5480,1492,2025-11-27,Mumbai
5481,147,2025-11-06,Kolkata
5482,162,2025-11-11,Pune
5483,446,2025-11-25,Hyderabad
5484,58,2025-11-15,Hyderabad
5485,789,2025-11-22,Chennai
5486,1346,2025-11-28,Mumbai
5487,1076,2025-11-02,Pune
5488,1521,2025-11-28,Delhi
5489,391,2025-11-20,Delhi
5490,223,2025-11-26,Chennai
5491,1201,2025-11-18,Mumbai
5492,819,2025-11-26,Delhi
5493,721,2025-11-04,Bangalore
5494,582,2025-11-15,Delhi
5495,396,2025-11-07,Chennai
5496,146,2025-11-26,Delhi
5497,1535,2025-11-04,Bangalore
5498,352,2025-11-16,Delhi
5499,1069,2025-11-22,Hyderabad
5500,1331,2025-11-26,Bangalore
5501,442,2025-11-29,Bangalore
5502,1496,2025-11-18,Bangalore
5503,1020,2025-11-10,Kolkata
5504,399,2025-11-03,Hyderabad
5505,423,2025-11-18,Bangalore
5506,1235,2025-11-07,Mumbai
5507,1216,2025-11-23,Pune
5508,1556,2025-11-25,Pune
5509,1468,2025-11-27,Delhi
5510,727,2025-11-15,Hyderabad
5511,225,2025-11-29,Bangalore
5512,63,2025-11-07,Chennai
5513,977,2025-11-12,Bangalore
5514,880,2025-11-30,Delhi
5515,771,2025-11-26,Pune
5516,481,2025-11-09,Mumbai
5517,1577,2025-11-27,Delhi
5518,888,2025-11-17,Chennai
5519,495,2025-11-08,Bangalore
5520,1440,2025-11-06,Delhi
5521,201,2025-11-27,Bangalore
5522,948,2025-11-08,Pune
5523,1006,2025-11-23,Pune
5524,415,2025-11-02,Pune
5525,452,2025-11-14,Bangalore
5526,1311,2025-11-28,Bangalore
5527,67,2025-11-19,Mumbai
5528,38,2025-11-17,Ahmedabad
5529,1034,2025-11-05,Kolkata
5530,1088,2025-11-24,Mumbai
5531,520,2025-11-30,Mumbai
5532,74,2025-11-19,Hyderabad
5533,788,2025-11-15,Hyderabad
5534,136,2025-11-09,Chennai
5535,1541,2025-11-27,Hyderabad
5536,244,2025-11-21,Mumbai
5537,571,2025-11-22,Chennai
5538,961,2025-11-18,Ahmedabad
5539,129,2025-11-12,Hyderabad
5540,48,2025-12-01,Bangalore
5541,626,2025-12-10,Chennai
5542,133,2025-12-11,Mumbai
5543,1013,2025-12-18,Bangalore
5544,149,2025-12-20,Ahmedabad
5545,1071,2025-12-03,Kolkata
5546,197,2025-12-04,Mumbai
5547,335,2025-12-01,Delhi
5548,702,2025-12-24,Delhi
5549,1390,2025-12-01,Mumbai
5550,1439,2025-12-11,Hyderabad
5551,848,2025-12-03,Delhi
5552,312,2025-12-22,Bangalore
5553,1322,2025-12-31,Delhi
5554,1037,2025-12-30,Ahmedabad
5555,170,2025-12-01,Mumbai
5556,1276,2025-12-27,Pune
5557,1557,2025-12-16,Pune
5558,866,2025-12-17,Hyderabad
5559,541,2025-12-07,Pune
5560,1328,2025-12-28,Mumbai
5561,760,2025-12-28,Mumbai
5562,1033,2025-12-25,Chennai
5563,342,2025-12-27,Ahmedabad
5564,481,2025-12-09,Mumbai
5565,668,2025-12-31,Mumbai
5566,766,2025-12-01,Pune
5567,668,2025-12-24,Mumbai
5568,1256,2025-12-29,Bangalore
5569,777,2025-12-06,Delhi
5570,388,2025-12-28,Ahmedabad
5571,949,2025-12-24,Ahmedabad
5572,273,2025-12-27,Kolkata
5573,765,2025-12-28,Bangalore
5574,921,2025-12-24,Mumbai
5575,585,2025-12-30,Chennai
5576,901,2025-12-19,Bangalore
5577,1414,2025-12-28,Chennai
5578,1513,2025-12-03,Delhi
5579,677,2025-12-15,Mumbai
5580,681,2025-12-04,Pune
5581,314,2025-12-01,Delhi
5582,836,2025-12-27,Hyderabad
5583,1408,2025-12-24,Hyderabad
5584,1389,2025-12-29,Hyderabad
5585,1084,2025-12-07,Mumbai
5586,1193,2025-12-17,Kolkata
5587,391,2025-12-21,Delhi
5588,1548,2025-12-14,Bangalore
5589,1383,2025-12-26,Hyderabad
5590,64,2025-12-17,Pune
5591,1221,2025-12-24,Bangalore
5592,61,2025-12-17,Kolkata
5593,1000,2025-12-05,Mumbai
5594,854,2025-12-07,Bangalore
5595,113,2025-12-26,Hyderabad
5596,1580,2025-12-19,Mumbai
5597,68,2025-12-03,Ahmedabad
5598,468,2025-12-04,Delhi
5599,634,2025-12-13,Mumbai
5600,148,2025-12-16,Mumbai
5601,1441,2025-12-08,Mumbai
5602,342,2025-12-01,Ahmedabad
5603,267,2025-12-28,Chennai
5604,211,2025-12-01,Bangalore
5605,1233,2025-12-22,Bangalore
5606,37,2025-12-03,Bangalore
5607,1223,2025-12-10,Mumbai
5608,794,2025-12-03,Mumbai
5609,1296,2025-12-24,Pune
5610,15,2025-12-14,Delhi
5611,56,2025-12-04,Mumbai
5612,73,2025-12-29,Delhi
5613,1212,2025-12-13,Bangalore
5614,307,2025-12-10,Hyderabad
5615,1354,2025-12-17,Hyderabad
5616,209,2025-12-13,Mumbai
5617,636,2025-12-14,Pune
5618,37,2025-12-08,Bangalore
5619,739,2025-12-17,Bangalore
5620,1029,2025-12-04,Chennai
5621,1229,2025-12-17,Ahmedabad
5622,1569,2025-12-12,Pune
5623,1185,2025-12-30,Mumbai
5624,43,2025-12-09,Delhi
5625,1380,2025-12-21,Hyderabad
5626,1554,2025-12-21,Bangalore
5627,527,2025-12-28,Pune
5628,182,2025-12-09,Mumbai
5629,961,2025-12-04,Ahmedabad
5630,755,2025-12-12,Pune
5631,1265,2025-12-29,Hyderabad
5632,401,2025-12-11,Delhi
5633,285,2025-12-19,Hyderabad
5634,1250,2025-12-01,Chennai
5635,1069,2025-12-04,Hyderabad
5636,13,2025-12-15,Pune
5637,348,2025-12-11,Delhi
5638,522,2025-12-24,Delhi
5639,1180,2025-12-12,Pune
5640,198,2025-12-13,Delhi
5641,1126,2025-12-09,Ahmedabad
5642,433,2025-12-25,Mumbai
5643,1113,2025-12-06,Delhi
5644,784,2025-12-10,Ahmedabad
5645,771,2025-12-09,Pune
5646,98,2025-12-18,Kolkata
5647,627,2025-12-08,Bangalore
5648,1186,2025-12-29,Chennai
5649,1288,2025-12-11,Mumbai
5650,505,2025-12-06,Hyderabad
5651,1084,2025-12-02,Mumbai
5652,694,2025-12-07,Bangalore
5653,109,2025-12-08,Chennai
5654,1306,2025-12-16,Delhi
5655,134,2025-12-19,Mumbai
5656,994,2025-12-10,Pune
5657,932,2025-12-26,Delhi
5658,1581,2025-12-23,Ahmedabad
5659,838,2025-12-08,Ahmedabad
5660,468,2025-12-16,Delhi
5661,831,2025-12-25,Delhi
5662,129,2025-12-22,Hyderabad
5663,1336,2025-12-28,Delhi
5664,1424,2025-12-18,Hyderabad
5665,1477,2025-12-21,Kolkata
5666,549,2025-12-06,Pune
5667,138,2025-12-07,Delhi
5668,848,2025-12-04,Delhi
5669,350,2025-12-01,Chennai
5670,1537,2025-12-08,Hyderabad
5671,626,2025-12-15,Chennai
5672,39,2025-12-01,Chennai
5673,1124,2025-12-07,Delhi
5674,1507,2025-12-29,Hyderabad
5675,97,2025-12-29,Mumbai
5676,577,2025-12-10,Delhi
5677,1117,2025-12-15,Bangalore
5678,1156,2025-12-07,Mumbai
5679,1525,2025-12-01,Mumbai
5680,1316,2025-12-17,Pune
5681,379,2025-12-24,Ahmedabad
5682,197,2025-12-07,Mumbai
5683,1600,2025-12-18,Ahmedabad
5684,1188,2025-12-06,Kolkata
5685,181,2025-12-07,Chennai
5686,1032,2025-12-10,Delhi
5687,28,2025-12-05,Kolkata
5688,848,2025-12-30,Delhi
5689,356,2025-12-17,Delhi
5690,1328,2025-12-18,Mumbai
5691,119,2025-12-25,Ahmedabad
5692,918,2025-12-21,Bangalore
5693,1590,2025-12-06,Ahmedabad
5694,204,2025-12-28,Mumbai
5695,107,2025-12-27,Bangalore
5696,568,2025-12-23,Mumbai
5697,413,2025-12-25,Delhi
5698,825,2025-12-06,Mumbai
5699,1439,2025-12-03,Hyderabad
5700,941,2025-12-14,Delhi
5701,1332,2025-12-22,Pune
5702,1193,2025-12-02,Kolkata
5703,1216,2025-12-18,Pune
5704,1451,2025-12-08,Pune
5705,725,2025-12-08,Hyderabad
5706,742,2025-12-19,Delhi
5707,848,2025-12-03,Delhi
5708,393,2025-12-15,Bangalore
5709,1554,2025-12-20,Bangalore
5710,799,2025-12-16,Ahmedabad
5711,1138,2025-12-18,Bangalore
5712,623,2025-12-07,Mumbai
5713,1125,2025-12-31,Hyderabad
5714,32,2025-12-17,Delhi
5715,7,2025-12-28,Delhi
5716,424,2025-12-22,Ahmedabad
5717,965,2025-12-26,Bangalore
5718,919,2025-12-12,Pune
5719,305,2025-12-18,Bangalore
5720,1533,2025-12-25,Bangalore
5721,645,2025-12-16,Mumbai
5722,238,2025-12-02,Mumbai
5723,778,2025-12-27,Delhi
5724,1352,2025-12-11,Delhi
5725,598,2025-12-23,Mumbai
5726,174,2025-12-10,Hyderabad
5727,1270,2025-12-15,Mumbai
5728,35,2025-12-13,Chennai
5729,764,2025-12-07,Pune
5730,1246,2025-12-23,Chennai
5731,1120,2025-12-23,Chennai
5732,591,2025-12-04,Pune
5733,627,2025-12-17,Bangalore
5734,248,2025-12-30,Bangalore
5735,338,2025-12-06,Delhi
5736,174,2025-12-26,Hyderabad
5737,901,2025-12-20,Bangalore
5738,1141,2025-12-16,Ahmedabad
5739,859,2025-12-12,Hyderabad
5740,1326,2025-12-22,Delhi
5741,818,2025-12-16,Chennai
5742,1188,2025-12-22,Kolkata
5743,959,2025-12-03,Chennai
5744,243,2025-12-26,Bangalore
5745,49,2025-12-30,Mumbai
5746,611,2025-12-07,Mumbai
5747,916,2025-12-13,Chennai
5748,998,2025-12-09,Mumbai
5749,869,2025-12-08,Bangalore
5750,1419,2025-12-08,Mumbai
5751,1250,2025-12-02,Chennai
5752,559,2025-12-11,Bangalore
5753,1126,2025-12-16,Ahmedabad
5754,1257,2025-12-08,Kolkata
5755,468,2025-12-11,Delhi
5756,39,2025-12-18,Chennai
5757,1340,2025-12-22,Hyderabad
5758,1254,2025-12-30,Kolkata
5759,1063,2025-12-13,Pune
5760,1081,2025-12-14,Bangalore
5761,804,2025-12-07,Kolkata
5762,1260,2025-12-17,Mumbai
5763,567,2025-12-19,Delhi
5764,551,2025-12-31,Ahmedabad
5765,1336,2025-12-02,Delhi
5766,19,2025-12-30,Hyderabad
5767,659,2025-12-01,Mumbai
5768,1227,2025-12-02,Bangalore
5769,184,2025-12-26,Ahmedabad
5770,298,2025-12-15,Pune
5771,358,2025-12-16,Mumbai
5772,405,2025-12-26,Pune
5773,1261,2025-12-10,Mumbai
5774,359,2025-12-29,Delhi
5775,1498,2025-12-14,Mumbai
5776,1304,2025-12-21,Delhi
5777,742,2025-12-10,Delhi
5778,452,2025-12-25,Bangalore
5779,156,2025-12-28,Hyderabad
5780,615,2025-12-22,Mumbai
5781,1312,2025-12-09,Delhi
5782,866,2025-12-26,Hyderabad
5783,1038,2025-12-10,Delhi
5784,767,2025-12-23,Mumbai
5785,552,2025-12-14,Delhi
5786,1279,2025-12-31,Bangalore
5787,476,2025-12-04,Ahmedabad
5788,1221,2025-12-26,Bangalore
5789,1409,2025-12-11,Ahmedabad
5790,1498,2025-12-25,Mumbai
5791,1017,2025-12-08,Ahmedabad
5792,78,2025-12-08,Kolkata
5793,292,2025-12-01,Pune
5794,303,2025-12-29,Bangalore
5795,1502,2025-12-30,Hyderabad
5796,1218,2025-12-08,Mumbai
5797,912,2025-12-18,Mumbai
5798,31,2025-12-22,Mumbai
5799,25,2025-12-22,Hyderabad
5800,1071,2025-12-10,Kolkata
5801,700,2025-12-28,Bangalore
5802,958,2025-12-01,Pune
5803,926,2025-12-27,Mumbai
5804,995,2025-12-11,Bangalore
5805,427,2025-12-19,Kolkata
5806,984,2025-12-16,Hyderabad
5807,524,2025-12-27,Bangalore
5808,1337,2025-12-20,Chennai
5809,1251,2025-12-22,Mumbai
5810,1357,2025-12-14,Hyderabad
5811,451,2025-12-12,Bangalore
5812,1449,2025-12-01,Chennai
5813,1539,2025-12-07,Mumbai
5814,1075,2025-12-08,Mumbai
5815,122,2025-12-27,Kolkata
5816,304,2025-12-18,Hyderabad
5817,1515,2025-12-09,Kolkata
5818,337,2025-12-03,Mumbai
5819,1246,2025-12-01,Chennai
5820,1092,2025-12-24,Bangalore
5821,707,2025-12-25,Pune
5822,678,2025-12-18,Ahmedabad
5823,1288,2025-12-15,Mumbai
5824,171,2025-12-27,Chennai
5825,824,2025-12-11,Bangalore
5826,439,2025-12-07,Hyderabad
5827,357,2025-12-01,Ahmedabad
5828,915,2025-12-12,Delhi
5829,1457,2025-12-03,Bangalore
5830,715,2025-12-17,Chennai
5831,462,2025-12-22,Delhi
5832,1534,2025-12-30,Chennai
5833,1307,2025-12-01,Bangalore
5834,162,2025-12-04,Pune
5835,475,2025-12-02,Pune
5836,991,2025-12-05,Delhi
5837,217,2025-12-01,Chennai
5838,930,2025-12-14,Mumbai
5839,926,2025-12-25,Mumbai
5840,562,2025-12-14,Delhi
5841,956,2025-12-10,Kolkata
5842,453,2025-12-22,Bangalore
5843,1333,2025-12-08,Pune
5844,1324,2025-12-31,Pune
5845,1320,2025-12-25,Bangalore
5846,1511,2025-12-08,Mumbai
5847,310,2025-12-11,Hyderabad
5848,1407,2025-12-22,Delhi
5849,1400,2025-12-27,Hyderabad
5850,1506,2025-12-25,Mumbai
5851,110,2025-12-22,Mumbai
5852,1070,2025-12-07,Kolkata
5853,512,2025-12-11,Kolkata
5854,908,2025-12-20,Mumbai
5855,1442,2025-12-14,Delhi
5856,595,2025-12-08,Ahmedabad
5857,1312,2025-12-07,Delhi
5858,50,2025-12-20,Hyderabad
5859,83,2025-12-18,Pune
5860,898,2025-12-16,Kolkata
5861,825,2025-12-08,Mumbai
5862,1521,2025-12-09,Delhi
5863,1576,2025-12-05,Delhi
5864,1562,2025-12-04,Hyderabad
5865,214,2025-12-08,Mumbai
5866,534,2025-12-21,Hyderabad
5867,901,2025-12-09,Bangalore
5868,236,2025-12-08,Chennai
5869,1015,2025-12-18,Chennai
5870,525,2025-12-12,Hyderabad
5871,244,2025-12-13,Mumbai
5872,723,2025-12-10,Mumbai
5873,1186,2025-12-21,Chennai
5874,456,2025-12-19,Bangalore
5875,642,2025-12-17,Ahmedabad
5876,940,2025-12-16,Ahmedabad
5877,659,2025-12-13,Mumbai
5878,578,2025-12-09,Ahmedabad
5879,5,2025-12-22,Mumbai
5880,1219,2025-12-24,Bangalore
5881,199,2025-12-20,Ahmedabad
5882,516,2025-12-11,Chennai
5883,266,2025-12-17,Bangalore
5884,860,2025-12-06,Mumbai
5885,1,2025-12-01,Chennai
5886,814,2025-12-28,Delhi
5887,1285,2025-12-05,Chennai
5888,126,2025-12-28,Chennai
5889,341,2025-12-07,Hyderabad
5890,1428,2025-12-03,Pune
5891,317,2025-12-22,Pune
5892,628,2025-12-19,Bangalore
5893,1305,2025-12-27,Mumbai
5894,1248,2025-12-03,Bangalore
5895,492,2025-12-12,Hyderabad
5896,305,2025-12-29,Bangalore
5897,1057,2025-12-27,Chennai
5898,749,2025-12-07,Mumbai
5899,1474,2025-12-19,Bangalore
5900,878,2025-12-15,Hyderabad
5901,1599,2025-12-30,Mumbai
5902,540,2025-12-30,Mumbai
5903,248,2025-12-16,Bangalore
5904,88,2025-12-27,Pune
5905,1598,2025-12-17,Pune
5906,165,2025-12-19,Delhi
5907,705,2025-12-27,Mumbai
5908,228,2025-12-05,Hyderabad
5909,991,2025-12-22,Delhi
5910,1419,2025-12-02,Mumbai
5911,552,2025-12-25,Delhi
5912,1412,2025-12-16,Chennai
5913,112,2025-12-31,Delhi
5914,1382,2025-12-02,Delhi
5915,943,2025-12-10,Chennai
5916,322,2025-12-07,Mumbai
5917,936,2025-12-08,Chennai
5918,1337,2025-12-25,Chennai
5919,921,2025-12-12,Mumbai
5920,51,2025-12-24,Bangalore
5921,93,2025-12-02,Delhi
5922,698,2025-12-28,Delhi
5923,1199,2025-12-09,Delhi
5924,762,2025-12-02,Mumbai
5925,83,2025-12-14,Pune
5926,1096,2025-12-21,Delhi
5927,1155,2025-12-09,Hyderabad
5928,505,2025-12-29,Hyderabad
5929,1462,2025-12-23,Pune
5930,397,2025-12-13,Mumbai
5931,1237,2025-12-05,Mumbai
5932,1577,2025-12-09,Delhi
5933,1589,2025-12-16,Hyderabad
5934,1036,2025-12-14,Delhi
5935,1363,2025-12-16,Bangalore
5936,1267,2025-12-14,Delhi
5937,57,2025-12-28,Pune
5938,759,2025-12-11,Mumbai
5939,689,2025-12-20,Bangalore
5940,658,2025-12-12,Hyderabad
5941,186,2025-12-08,Kolkata
5942,1066,2025-12-23,Delhi
5943,672,2025-12-19,Delhi
5944,654,2025-12-27,Mumbai
5945,1433,2025-12-15,Pune
5946,1223,2025-12-05,Mumbai
5947,316,2025-12-07,Pune
5948,92,2025-12-31,Bangalore
5949,608,2025-12-09,Chennai
5950,1531,2025-12-13,Mumbai
5951,351,2025-12-11,Bangalore
5952,1389,2025-12-21,Hyderabad
5953,1525,2025-12-26,Mumbai
5954,504,2025-12-11,Mumbai
5955,655,2025-12-30,Chennai
5956,463,2025-12-20,Pune
5957,277,2025-12-16,Hyderabad
5958,1008,2025-12-02,Delhi
5959,733,2025-12-13,Ahmedabad
5960,316,2025-12-18,Pune
5961,1086,2025-12-26,Ahmedabad
5962,737,2025-12-16,Bangalore
5963,258,2025-12-13,Pune
5964,645,2025-12-01,Mumbai
5965,1057,2025-12-20,Chennai
5966,1018,2025-12-28,Bangalore
5967,126,2025-12-13,Chennai
5968,962,2025-12-27,Bangalore
5969,187,2025-12-28,Kolkata
5970,316,2025-12-18,Pune
5971,843,2025-12-22,Kolkata
5972,1512,2025-12-20,Hyderabad
5973,270,2025-12-25,Mumbai
5974,1377,2025-12-06,Chennai
5975,1001,2025-12-19,Delhi
5976,1238,2025-12-11,Bangalore
5977,770,2025-12-10,Mumbai
5978,1221,2025-12-28,Bangalore
5979,564,2025-12-01,Kolkata
5980,804,2025-12-08,Kolkata
5981,867,2025-12-16,Delhi
5982,299,2025-12-10,Mumbai
5983,923,2025-12-28,Kolkata
5984,398,2025-12-31,Kolkata
5985,340,2025-12-06,Chennai
5986,692,2025-12-20,Bangalore
5987,329,2025-12-06,Bangalore
5988,1384,2025-12-01,Mumbai
5989,465,2025-12-29,Kolkata
5990,403,2025-12-21,Mumbai
5991,916,2025-12-17,Chennai
5992,1187,2025-12-21,Delhi
5993,977,2025-12-05,Bangalore
5994,1146,2025-12-14,Delhi
5995,584,2025-12-15,Mumbai
5996,1324,2025-12-13,Pune
5997,1353,2025-12-01,Pune
5998,1282,2025-12-04,Delhi
5999,622,2025-12-03,Bangalore
6000,1040,2025-12-01,Delhi
6001,73,2025-12-08,Delhi
6002,1569,2025-12-11,Pune
6003,836,2025-12-21,Hyderabad
6004,1364,2025-12-29,Bangalore
6005,390,2025-12-26,Chennai
6006,843,2025-12-18,Kolkata
6007,748,2025-12-08,Mumbai
6008,823,2025-12-09,Chennai
6009,898,2025-12-21,Kolkata
6010,1074,2025-12-03,Chennai
6011,1580,2025-12-01,Mumbai
6012,231,2025-12-24,Bangalore
6013,1197,2025-12-03,Bangalore
6014,601,2025-12-30,Mumbai
6015,34,2025-12-23,Chennai
6016,713,2025-12-12,Pune
6017,32,2025-12-25,Delhi
6018,238,2025-12-09,Mumbai
6019,1161,2025-12-12,Ahmedabad
6020,1404,2025-12-05,Ahmedabad
6021,686,2025-12-04,Bangalore
6022,965,2025-12-28,Bangalore
6023,230,2025-12-02,Chennai
6024,1294,2025-12-09,Mumbai
6025,1503,2025-12-02,Kolkata
6026,363,2025-12-10,Delhi
6027,835,2025-12-02,Mumbai
6028,1256,2025-12-19,Bangalore
6029,1584,2025-12-23,Delhi
6030,1279,2025-12-15,Bangalore
6031,158,2025-12-11,Pune
6032,678,2025-12-27,Ahmedabad
6033,498,2025-12-18,Kolkata
6034,351,2025-12-19,Bangalore
6035,965,2025-12-16,Bangalore
6036,276,2025-12-09,Pune
6037,931,2025-12-19,Hyderabad
6038,790,2025-12-03,Kolkata
6039,667,2025-12-24,Mumbai
6040,119,2025-12-29,Ahmedabad
6041,41,2025-12-18,Delhi
6042,370,2025-12-22,Hyderabad
6043,855,2025-12-08,Delhi
6044,829,2025-12-21,Chennai
6045,110,2025-12-18,Mumbai
6046,1417,2025-12-23,Delhi
6047,760,2025-12-29,Mumbai
6048,1534,2025-12-10,Chennai
6049,1222,2025-12-21,Ahmedabad
6050,225,2025-12-24,Bangalore
6051,922,2025-12-15,Delhi
6052,1571,2025-12-16,Delhi
6053,1368,2025-12-26,Mumbai
6054,408,2025-12-24,Chennai
6055,660,2025-12-02,Ahmedabad
6056,880,2025-12-15,Delhi
6057,647,2025-12-08,Delhi
6058,1226,2025-12-30,Mumbai
6059,1118,2025-12-02,Mumbai
6060,294,2025-12-26,Delhi
6061,951,2025-12-12,Hyderabad
6062,821,2025-12-13,Hyderabad
6063,545,2025-12-29,Ahmedabad
6064,1376,2025-12-23,Hyderabad
6065,1413,2025-12-27,Chennai
6066,347,2025-12-24,Pune
6067,845,2025-12-12,Bangalore
6068,821,2025-12-29,Hyderabad
6069,394,2025-12-22,Bangalore
6070,130,2025-12-18,Mumbai
6071,173,2025-12-26,Hyderabad
6072,475,2025-12-13,Pune
6073,1512,2025-12-15,Hyderabad
6074,1173,2025-12-01,Delhi
6075,1101,2025-12-30,Kolkata
6076,327,2025-12-04,Hyderabad
6077,875,2025-12-28,Delhi
6078,1446,2025-12-10,Ahmedabad
6079,1548,2025-12-19,Bangalore
6080,86,2025-12-21,Kolkata
6081,407,2025-12-24,Mumbai
6082,47,2025-12-17,Bangalore
6083,90,2025-12-05,Ahmedabad
6084,158,2025-12-12,Pune
6085,597,2025-12-23,Mumbai
6086,1056,2025-12-23,Mumbai
6087,1242,2025-12-17,Mumbai
6088,1544,2025-12-03,Delhi
6089,624,2025-12-21,Kolkata
6090,49,2025-12-15,Mumbai
6091,122,2025-12-21,Kolkata
6092,1536,2025-12-11,Mumbai
6093,786,2025-12-23,Kolkata
6094,797,2025-12-03,Mumbai
6095,730,2025-12-25,Hyderabad
6096,564,2025-12-17,Kolkata
6097,701,2025-12-03,Pune
6098,1015,2025-12-16,Chennai
6099,801,2025-12-01,Ahmedabad
6100,628,2025-12-01,Bangalore
6101,1387,2025-12-11,Bangalore
6102,1,2025-12-05,Chennai
6103,706,2025-12-04,Delhi
6104,1321,2025-12-25,Ahmedabad
6105,771,2025-12-16,Pune
6106,1381,2025-12-27,Mumbai
6107,1045,2025-12-25,Chennai
6108,1185,2025-12-09,Mumbai
6109,815,2025-12-12,Pune
6110,1572,2025-12-23,Delhi
6111,337,2025-12-27,Mumbai
6112,1481,2025-12-05,Chennai
6113,1329,2025-12-25,Mumbai
6114,1357,2025-12-15,Hyderabad
6115,1261,2025-12-29,Mumbai
6116,1143,2025-12-21,Bangalore
6117,999,2025-12-06,Hyderabad
6118,1127,2025-12-15,Ahmedabad
6119,833,2025-12-04,Hyderabad
6120,1520,2025-12-17,Bangalore
6121,241,2025-12-13,Bangalore
6122,637,2025-12-24,Mumbai
6123,806,2025-12-06,Pune
6124,1131,2025-12-14,Ahmedabad
6125,908,2025-12-03,Mumbai
6126,354,2025-12-07,Delhi
6127,515,2025-12-11,Ahmedabad
6128,1549,2025-12-04,Mumbai
6129,1237,2025-12-31,Mumbai
6130,876,2025-12-22,Delhi
6131,500,2025-12-18,Delhi
6132,17,2025-12-28,Mumbai
6133,1531,2025-12-24,Mumbai
6134,1187,2025-12-19,Delhi
6135,984,2025-12-01,Hyderabad
6136,402,2025-12-06,Kolkata
6137,628,2025-12-12,Bangalore
6138,965,2025-12-20,Bangalore
6139,1026,2025-12-14,Hyderabad
6140,639,2025-12-24,Mumbai
6141,1540,2025-12-05,Ahmedabad
6142,48,2025-12-09,Bangalore
6143,288,2025-12-25,Bangalore
6144,436,2025-12-21,Bangalore
6145,1186,2025-12-24,Chennai
6146,38,2025-12-07,Ahmedabad
6147,1550,2025-12-27,Pune
6148,611,2025-12-16,Mumbai
6149,64,2025-12-01,Pune
6150,1575,2025-12-07,Bangalore
6151,853,2025-12-01,Delhi
6152,1343,2025-12-21,Hyderabad
6153,1273,2025-12-26,Ahmedabad
6154,1433,2025-12-19,Pune
6155,620,2025-12-18,Bangalore
6156,1065,2025-12-01,Kolkata
6157,444,2025-12-24,Hyderabad
6158,746,2025-12-21,Ahmedabad
6159,848,2025-12-02,Delhi
6160,1526,2025-12-06,Bangalore
6161,1221,2025-12-16,Bangalore
6162,661,2025-12-12,Pune
6163,1377,2025-12-31,Chennai
6164,481,2025-12-17,Mumbai
6165,149,2025-12-17,Ahmedabad
6166,29,2025-12-02,Bangalore
6167,410,2025-12-20,Bangalore
6168,315,2025-12-02,Kolkata
6169,1409,2025-12-10,Ahmedabad
6170,940,2025-12-31,Ahmedabad
6171,561,2025-12-01,Delhi
6172,1454,2025-12-13,Hyderabad
6173,1055,2025-12-27,Delhi
6174,1518,2025-12-05,Delhi
6175,339,2025-12-11,Delhi
6176,740,2025-12-14,Chennai
6177,1468,2025-12-25,Delhi
6178,1355,2025-12-05,Delhi
6179,884,2025-12-04,Ahmedabad
6180,323,2025-12-09,Chennai
6181,157,2025-12-05,Bangalore
6182,612,2025-12-17,Pune
6183,1454,2025-12-07,Hyderabad
6184,782,2025-12-11,Pune
6185,630,2025-12-04,Delhi
6186,1035,2025-12-01,Pune
6187,1496,2025-12-19,Bangalore
6188,554,2025-12-06,Mumbai
6189,679,2025-12-31,Mumbai
6190,379,2025-12-15,Ahmedabad
6191,764,2025-12-19,Pune
6192,1173,2025-12-17,Delhi
6193,754,2025-12-06,Chennai
6194,290,2025-12-09,Delhi
6195,156,2025-12-21,Hyderabad
6196,1057,2025-12-25,Chennai
6197,1561,2025-12-28,Delhi
6198,284,2025-12-09,Kolkata
6199,379,2025-12-03,Ahmedabad
6200,1387,2025-12-01,Bangalore
6201,1517,2025-12-10,Mumbai
6202,1196,2025-12-24,Delhi
6203,594,2025-12-20,Mumbai
6204,83,2025-12-15,Pune
6205,98,2025-12-22,Kolkata
6206,264,2025-12-31,Kolkata
6207,176,2025-12-26,Hyderabad
6208,153,2025-12-14,Kolkata
6209,1237,2025-12-17,Mumbai
6210,263,2025-12-08,Delhi
6211,756,2025-12-30,Chennai
6212,585,2025-12-23,Chennai
6213,576,2025-12-15,Mumbai
6214,135,2025-12-03,Mumbai
6215,999,2025-12-27,Hyderabad
6216,474,2025-12-15,Bangalore
6217,1505,2025-12-15,Mumbai
6218,346,2025-12-24,Chennai
6219,950,2025-12-10,Pune
6220,1435,2025-12-05,Chennai
6221,1311,2025-12-04,Bangalore
6222,438,2025-12-26,Hyderabad
6223,1356,2025-12-15,Bangalore
6224,1473,2025-12-02,Mumbai
6225,1311,2025-12-12,Bangalore
6226,402,2025-12-04,Kolkata
6227,1177,2025-12-21,Bangalore
6228,752,2025-12-12,Mumbai
6229,215,2025-12-16,Kolkata
6230,1332,2025-12-13,Pune
6231,897,2025-12-10,Hyderabad
6232,564,2025-12-03,Kolkata
6233,698,2025-12-06,Delhi
6234,475,2025-12-15,Pune
6235,241,2025-12-24,Bangalore
6236,368,2025-12-02,Chennai
6237,1379,2025-12-24,Kolkata
6238,1189,2025-12-30,Delhi
6239,1388,2025-12-06,Delhi
6240,610,2025-12-02,Chennai
6241,1209,2025-12-26,Delhi
6242,725,2025-12-08,Hyderabad
6243,365,2025-12-06,Mumbai
6244,1403,2025-12-02,Chennai
6245,820,2025-12-16,Delhi
6246,1030,2025-12-25,Delhi
6247,1189,2025-12-05,Delhi
6248,815,2025-12-21,Pune
6249,818,2025-12-18,Chennai
6250,1461,2025-12-06,Kolkata
6251,637,2025-12-05,Mumbai
6252,115,2025-12-05,Bangalore
6253,790,2025-12-20,Kolkata
6254,876,2025-12-22,Delhi
6255,407,2025-12-16,Mumbai
6256,68,2025-12-11,Ahmedabad
6257,487,2025-12-31,Chennai
6258,550,2025-12-25,Kolkata
6259,1557,2025-12-29,Pune
6260,482,2025-12-06,Mumbai
6261,234,2025-12-06,Hyderabad
6262,1192,2025-12-03,Pune
6263,1243,2025-12-05,Bangalore
6264,993,2025-12-06,Hyderabad
6265,1067,2025-12-29,Mumbai
6266,1358,2025-12-10,Mumbai
6267,1048,2025-12-07,Delhi
6268,374,2025-12-28,Mumbai
6269,1111,2025-12-31,Mumbai
6270,52,2025-12-02,Bangalore
6271,1350,2025-12-27,Ahmedabad
6272,74,2025-12-08,Hyderabad
6273,362,2025-12-16,Pune
6274,571,2025-12-28,Chennai
6275,258,2025-12-20,Pune
6276,1176,2025-12-28,Hyderabad
6277,1292,2025-12-30,Hyderabad
6278,40,2025-12-20,Chennai
6279,551,2025-12-25,Ahmedabad
6280,531,2025-12-05,Hyderabad
6281,1447,2025-12-16,Kolkata
6282,714,2025-12-08,Chennai
6283,1185,2025-12-07,Mumbai
6284,693,2025-12-27,Bangalore
6285,666,2025-12-29,Hyderabad
6286,10,2025-12-31,Chennai
6287,981,2025-12-03,Bangalore
6288,1101,2025-12-09,Kolkata
6289,130,2025-12-13,Mumbai
6290,728,2025-12-20,Bangalore
6291,832,2025-12-02,Delhi
6292,1406,2025-12-04,Delhi
6293,608,2025-12-20,Chennai
6294,959,2025-12-16,Chennai
6295,1323,2025-12-04,Bangalore
6296,1398,2025-12-19,Delhi
6297,670,2025-12-04,Bangalore
6298,1493,2025-12-18,Mumbai
6299,208,2025-12-01,Mumbai
6300,446,2025-12-11,Hyderabad
6301,160,2025-12-20,Ahmedabad
6302,535,2025-12-15,Chennai
6303,341,2025-12-11,Hyderabad
6304,289,2025-12-23,Mumbai
6305,699,2025-12-25,Bangalore
6306,710,2025-12-15,Mumbai
6307,205,2025-12-25,Mumbai
6308,361,2025-12-12,Hyderabad
6309,228,2025-12-26,Hyderabad
6310,883,2025-12-04,Chennai
6311,1397,2025-12-01,Delhi
6312,962,2025-12-03,Bangalore
6313,1542,2025-12-30,Hyderabad
6314,620,2025-12-28,Bangalore
6315,1217,2025-12-14,Mumbai
6316,881,2025-12-06,Hyderabad
6317,1296,2025-12-15,Pune
6318,1007,2025-12-31,Mumbai
6319,295,2025-12-21,Bangalore
6320,669,2025-12-26,Delhi
6321,1446,2025-12-08,Ahmedabad
6322,776,2025-12-16,Hyderabad
6323,118,2025-12-19,Ahmedabad
6324,127,2025-12-20,Mumbai
6325,1044,2025-12-11,Delhi
6326,876,2025-12-16,Delhi
6327,736,2025-12-18,Ahmedabad
6328,507,2025-12-17,Bangalore
6329,304,2025-12-05,Hyderabad
6330,1418,2025-12-14,Delhi
6331,946,2025-12-26,Hyderabad
6332,1305,2025-12-11,Mumbai
6333,757,2025-12-26,Mumbai
6334,1595,2025-12-22,Delhi
6335,126,2025-12-20,Chennai
6336,1423,2025-12-21,Pune
6337,1263,2025-12-10,Kolkata
6338,1188,2025-12-13,Kolkata
6339,739,2025-12-16,Bangalore
6340,1525,2025-12-22,Mumbai
6341,883,2025-12-13,Chennai
6342,1321,2025-12-01,Ahmedabad
6343,202,2025-12-20,Delhi
6344,743,2025-12-24,Mumbai
6345,1052,2025-12-05,Bangalore
6346,181,2025-12-25,Chennai
6347,623,2025-12-15,Mumbai
6348,1172,2025-12-02,Bangalore
6349,984,2025-12-23,Hyderabad
6350,504,2025-12-25,Mumbai
6351,87,2025-12-07,Ahmedabad
6352,101,2025-12-13,Delhi
6353,1525,2025-12-19,Mumbai
6354,994,2025-12-22,Pune
6355,1472,2025-12-22,Mumbai
6356,205,2025-12-21,Mumbai
6357,451,2025-12-03,Bangalore
6358,233,2025-12-22,Bangalore
6359,125,2025-12-05,Delhi
6360,1373,2025-12-26,Mumbai
6361,867,2025-12-10,Delhi
6362,388,2025-12-12,Ahmedabad
6363,510,2025-12-19,Delhi
6364,973,2025-12-21,Delhi
6365,1232,2025-12-21,Bangalore
6366,284,2025-12-17,Kolkata
6367,184,2025-12-01,Ahmedabad
6368,1065,2025-12-06,Kolkata
6369,1559,2025-12-10,Delhi
6370,798,2025-12-13,Delhi
6371,742,2025-12-18,Delhi
6372,1393,2025-12-30,Chennai
6373,1393,2025-12-12,Chennai
6374,117,2025-12-12,Mumbai
6375,955,2025-12-01,Delhi
6376,1285,2025-12-20,Chennai
6377,139,2025-12-02,Mumbai
6378,884,2025-12-07,Ahmedabad
6379,1578,2025-12-30,Hyderabad
6380,337,2025-12-16,Mumbai
6381,747,2025-12-19,Kolkata
6382,327,2025-12-03,Hyderabad
6383,1226,2025-12-02,Mumbai
6384,1538,2025-12-10,Delhi
6385,402,2025-12-25,Kolkata
6386,715,2025-12-31,Chennai
6387,639,2025-12-16,Mumbai
6388,1018,2025-12-16,Bangalore
6389,1495,2025-12-25,Kolkata
6390,767,2025-12-19,Mumbai
6391,538,2025-12-13,Mumbai
6392,1287,2025-12-13,Delhi
6393,761,2025-12-02,Delhi
6394,57,2025-12-21,Pune
6395,1434,2025-12-27,Delhi
6396,775,2025-12-08,Chennai
6397,951,2025-12-09,Hyderabad
6398,270,2025-12-22,Mumbai
6399,1226,2025-12-08,Mumbai
6400,601,2025-12-19,Mumbai
6401,714,2025-12-30,Chennai
6402,163,2025-12-05,Delhi
6403,1244,2025-12-14,Ahmedabad
6404,1471,2025-12-04,Pune
6405,1329,2025-12-31,Mumbai
6406,752,2025-12-25,Mumbai
6407,1230,2025-12-24,Chennai
6408,1385,2025-12-17,Mumbai
6409,357,2025-12-11,Ahmedabad
6410,248,2025-12-20,Bangalore
6411,955,2025-12-01,Delhi
6412,1203,2025-12-09,Kolkata
6413,1110,2025-12-09,Hyderabad
6414,747,2025-12-18,Kolkata
6415,768,2025-12-13,Kolkata
6416,1321,2025-12-06,Ahmedabad
6417,726,2025-12-27,Bangalore
6418,531,2025-12-12,Hyderabad
6419,1301,2025-12-22,Hyderabad
6420,1424,2025-12-24,Hyderabad
6421,970,2025-12-29,Hyderabad
6422,1444,2025-12-22,Ahmedabad
6423,668,2025-12-29,Mumbai
6424,26,2025-12-22,Mumbai
6425,994,2025-12-25,Pune
6426,1485,2025-12-03,Chennai
6427,1040,2025-12-31,Delhi
6428,1350,2025-12-27,Ahmedabad
6429,524,2025-12-19,Bangalore
6430,290,2025-12-22,Delhi
6431,1022,2025-12-02,Pune
6432,489,2025-12-16,Bangalore
6433,122,2025-12-27,Kolkata
6434,1309,2025-12-03,Chennai
6435,477,2025-12-14,Ahmedabad
6436,686,2025-12-28,Bangalore
6437,1133,2025-12-12,Bangalore
6438,272,2025-12-09,Ahmedabad
6439,1473,2025-12-21,Mumbai
6440,1483,2025-12-11,Hyderabad
6441,1241,2025-12-13,Delhi
6442,669,2025-12-01,Delhi
6443,585,2025-12-17,Chennai
6444,301,2025-12-22,Pune
6445,739,2025-12-14,Bangalore
6446,787,2025-12-11,Chennai
6447,744,2025-12-16,Bangalore
6448,650,2025-12-05,Pune
6449,1148,2025-12-20,Bangalore
6450,1143,2025-12-10,Bangalore
6451,895,2025-12-23,Ahmedabad
6452,272,2025-12-24,Ahmedabad
6453,650,2025-12-25,Pune
6454,933,2025-12-30,Mumbai
6455,708,2025-12-07,Mumbai
6456,1238,2025-12-18,Bangalore
6457,2,2025-12-17,Pune
6458,730,2025-12-22,Hyderabad
6459,757,2025-12-29,Mumbai
6460,1155,2025-12-23,Hyderabad
6461,1271,2025-12-09,Delhi
6462,482,2025-12-10,Mumbai
6463,1348,2025-12-30,Chennai
6464,633,2025-12-07,Mumbai
6465,1221,2025-12-15,Bangalore
6466,1158,2025-12-22,Delhi
6467,1395,2025-12-24,Mumbai
6468,1030,2025-12-08,Delhi
6469,1016,2025-12-20,Delhi
6470,1166,2025-12-17,Hyderabad
6471,77,2025-12-15,Mumbai
6472,1107,2025-12-07,Kolkata
6473,1181,2025-12-12,Hyderabad
6474,219,2025-12-29,Bangalore
6475,1539,2025-12-05,Mumbai
6476,456,2025-12-04,Bangalore
6477,69,2025-12-01,Bangalore
6478,640,2025-12-08,Kolkata
6479,1124,2025-12-09,Delhi
6480,750,2025-12-17,Delhi
6481,220,2025-12-06,Chennai
6482,972,2025-12-05,Chennai
6483,65,2025-12-24,Delhi
6484,931,2025-12-22,Hyderabad
6485,313,2025-12-19,Mumbai
6486,1548,2025-12-23,Bangalore
6487,1219,2025-12-31,Bangalore
6488,418,2025-12-15,Pune
6489,787,2025-12-24,Chennai
6490,25,2025-12-09,Hyderabad
6491,89,2025-12-12,Chennai
6492,592,2025-12-20,Delhi
6493,1265,2025-12-27,Hyderabad
6494,223,2025-12-14,Chennai
6495,1160,2025-12-20,Delhi
6496,1498,2025-12-31,Mumbai
6497,953,2025-12-20,Delhi
6498,1030,2025-12-21,Delhi
6499,533,2025-12-05,Chennai
6500,119,2025-12-24,Ahmedabad
6501,1014,2025-12-29,Kolkata
6502,986,2025-12-30,Mumbai
6503,684,2025-12-17,Mumbai
6504,1593,2025-12-30,Mumbai
6505,326,2025-12-26,Ahmedabad
6506,1264,2025-12-19,Mumbai
6507,42,2025-12-29,Pune
6508,754,2025-12-28,Chennai
6509,751,2025-12-07,Chennai
6510,639,2025-12-26,Mumbai
6511,323,2025-12-23,Chennai
6512,433,2025-12-14,Mumbai
6513,1475,2025-12-08,Ahmedabad
6514,1212,2025-12-09,Bangalore
6515,70,2025-12-25,Kolkata
6516,1084,2025-12-09,Mumbai
6517,1430,2025-12-08,Bangalore
6518,1170,2025-12-26,Bangalore
6519,97,2025-12-03,Mumbai
6520,907,2025-12-16,Mumbai
6521,1052,2025-12-07,Bangalore
6522,1524,2025-12-28,Ahmedabad
6523,694,2025-12-26,Bangalore
6524,43,2025-12-04,Delhi
6525,347,2025-12-23,Pune
6526,86,2025-12-11,Kolkata
6527,157,2025-12-25,Bangalore
6528,1262,2025-12-17,Hyderabad
6529,368,2025-12-18,Chennai
6530,1584,2025-12-05,Delhi
6531,519,2025-12-28,Ahmedabad
6532,322,2025-12-23,Mumbai
6533,1062,2025-12-22,Ahmedabad
6534,5,2025-12-29,Mumbai
6535,858,2025-12-07,Bangalore
6536,1289,2025-12-11,Bangalore
6537,398,2025-12-05,Kolkata
6538,1306,2025-12-05,Delhi
6539,1500,2025-12-26,Chennai
6540,127,2025-12-02,Mumbai
6541,1163,2025-12-13,Delhi
6542,890,2025-12-31,Chennai
6543,252,2025-12-14,Hyderabad
6544,657,2025-12-21,Mumbai
6545,959,2025-12-15,Chennai
6546,954,2025-12-17,Mumbai
6547,1591,2025-12-06,Pune
6548,1024,2025-12-28,Hyderabad
6549,1411,2025-12-10,Ahmedabad
6550,62,2025-12-24,Chennai
6551,852,2025-12-11,Pune
6552,441,2025-12-05,Mumbai
6553,1227,2025-12-31,Bangalore
6554,1361,2025-12-01,Mumbai
6555,160,2025-12-29,Ahmedabad
6556,637,2025-12-29,Mumbai
6557,222,2025-12-21,Chennai
6558,560,2025-12-06,Kolkata
6559,830,2025-12-11,Delhi
6560,919,2025-12-29,Pune
6561,760,2025-12-03,Mumbai
6562,63,2025-12-21,Chennai
6563,462,2025-12-05,Delhi
6564,1134,2025-12-01,Delhi
6565,1509,2025-12-08,Delhi
6566,1031,2025-12-28,Hyderabad
6567,1478,2025-12-29,Mumbai
6568,527,2025-12-24,Pune
6569,414,2025-12-27,Delhi
6570,105,2025-12-12,Mumbai
6571,1196,2025-12-10,Delhi
6572,992,2025-12-26,Ahmedabad
6573,366,2025-12-06,Ahmedabad
6574,1252,2025-12-13,Chennai
6575,659,2025-12-26,Mumbai
6576,1478,2025-12-12,Mumbai
6577,1524,2025-12-14,Ahmedabad
6578,495,2025-12-30,Bangalore
6579,376,2025-12-28,Hyderabad
6580,735,2025-12-06,Mumbai
6581,252,2025-12-08,Hyderabad
6582,1154,2025-12-21,Bangalore
6583,638,2025-12-08,Hyderabad
6584,141,2025-12-08,Hyderabad
6585,1427,2025-12-22,Mumbai
6586,571,2025-12-18,Chennai
6587,575,2025-12-07,Hyderabad
6588,1126,2025-12-14,Ahmedabad
6589,211,2025-12-11,Bangalore
6590,74,2025-12-27,Hyderabad
6591,264,2025-12-24,Kolkata
6592,1158,2025-12-28,Delhi
6593,421,2025-12-04,Bangalore
6594,349,2025-12-13,Chennai
6595,1537,2025-12-14,Hyderabad
6596,667,2025-12-28,Mumbai
6597,818,2025-12-03,Chennai
6598,493,2025-12-26,Chennai
6599,631,2025-12-30,Chennai
6600,924,2025-12-24,Delhi
6601,861,2025-12-27,Chennai
6602,359,2025-12-29,Delhi
6603,888,2025-12-07,Chennai
6604,778,2025-12-13,Delhi
6605,782,2025-12-14,Pune
6606,40,2025-12-17,Chennai
6607,1564,2025-12-09,Mumbai
6608,370,2025-12-22,Hyderabad
6609,893,2025-12-17,Mumbai
6610,795,2025-12-02,Pune
6611,16,2025-12-29,Ahmedabad
6612,1130,2025-12-04,Pune
6613,977,2025-12-03,Bangalore
6614,217,2025-12-31,Chennai
6615,152,2025-12-15,Ahmedabad
6616,1401,2025-12-27,Bangalore
6617,178,2025-12-11,Bangalore
6618,827,2025-12-28,Hyderabad
6619,412,2025-12-03,Pune
6620,594,2025-12-19,Mumbai
6621,1524,2025-12-16,Ahmedabad
6622,1351,2025-12-12,Mumbai
6623,1544,2025-12-29,Delhi
6624,225,2025-12-15,Bangalore
6625,398,2025-12-14,Kolkata
6626,589,2025-12-04,Delhi
6627,26,2025-12-23,Mumbai
6628,1035,2025-12-15,Pune
6629,646,2025-12-10,Delhi
6630,1143,2025-12-22,Bangalore
6631,1045,2025-12-18,Chennai
6632,1118,2025-12-23,Mumbai
6633,546,2025-12-10,Pune
6634,696,2025-12-24,Bangalore
6635,1591,2025-12-21,Pune
6636,1591,2025-12-15,Pune
6637,751,2025-12-14,Chennai
6638,1243,2025-12-08,Bangalore
6639,525,2025-12-10,Hyderabad
6640,250,2025-12-24,Bangalore
6641,564,2025-12-02,Kolkata
6642,995,2025-12-07,Bangalore
6643,809,2025-12-10,Delhi
6644,1078,2025-12-18,Mumbai
6645,1486,2025-12-16,Delhi
6646,939,2025-12-30,Hyderabad
6647,1470,2025-12-19,Pune
6648,273,2025-12-25,Kolkata
6649,872,2025-12-18,Mumbai
6650,102,2025-12-29,Chennai
6651,345,2025-12-02,Chennai
6652,1153,2025-12-10,Delhi
6653,145,2025-12-01,Mumbai
6654,338,2025-12-25,Delhi
6655,144,2025-12-05,Delhi
6656,687,2025-12-10,Pune
6657,405,2025-12-30,Pune
6658,1201,2025-12-23,Mumbai
6659,680,2025-12-19,Ahmedabad
6660,509,2025-12-07,Chennai
6661,599,2025-12-29,Pune
6662,1556,2025-12-16,Pune
6663,1315,2025-12-20,Bangalore
6664,548,2025-12-18,Ahmedabad
6665,864,2025-12-08,Delhi
6666,1489,2025-12-30,Mumbai
6667,1432,2025-12-21,Bangalore
6668,1412,2025-12-14,Chennai
6669,919,2025-12-15,Pune
6670,1179,2025-12-19,Mumbai
6671,177,2025-12-16,Hyderabad
6672,1003,2025-12-21,Hyderabad
6673,869,2025-12-25,Bangalore
6674,595,2025-12-31,Ahmedabad
6675,1018,2025-12-17,Bangalore
6676,630,2025-12-24,Delhi
6677,1323,2025-12-24,Bangalore
6678,16,2025-12-07,Ahmedabad
6679,424,2025-12-16,Ahmedabad
6680,754,2025-12-26,Chennai
6681,534,2025-12-24,Hyderabad
6682,336,2025-12-14,Bangalore
6683,1558,2025-12-01,Pune
6684,1325,2025-12-21,Delhi
6685,869,2025-12-14,Bangalore
6686,5,2025-12-07,Mumbai
6687,1553,2025-12-14,Bangalore
6688,1235,2025-12-27,Mumbai
6689,1311,2025-12-08,Bangalore
6690,1135,2025-12-17,Ahmedabad
6691,1085,2025-12-05,Delhi
6692,1475,2025-12-14,Ahmedabad
6693,738,2025-12-05,Delhi
6694,524,2025-12-30,Bangalore
6695,809,2025-12-15,Delhi
6696,380,2025-12-18,Hyderabad
6697,910,2025-12-26,Bangalore
6698,139,2025-12-20,Mumbai
6699,1027,2025-12-31,Ahmedabad
6700,525,2025-12-05,Hyderabad
6701,1139,2025-12-23,Chennai
6702,561,2025-12-25,Delhi
6703,820,2025-12-08,Delhi
6704,1072,2025-12-11,Delhi
6705,613,2025-12-27,Chennai
6706,17,2025-12-01,Mumbai
6707,1407,2025-12-30,Delhi
6708,670,2025-12-03,Bangalore
6709,768,2025-12-09,Kolkata
6710,782,2025-12-27,Pune
6711,1023,2025-12-24,Chennai
6712,664,2025-12-30,Delhi
6713,279,2025-12-15,Bangalore
6714,964,2025-12-25,Ahmedabad
6715,734,2025-12-08,Bangalore
6716,77,2025-12-16,Mumbai
6717,1578,2025-12-29,Hyderabad
6718,1199,2025-12-29,Delhi
6719,372,2025-12-05,Mumbai
6720,573,2025-12-25,Kolkata
6721,1344,2025-12-03,Mumbai
6722,1512,2025-12-22,Hyderabad
6723,230,2025-12-21,Chennai
6724,131,2025-12-15,Mumbai
6725,565,2025-12-11,Chennai
6726,1234,2025-12-25,Hyderabad
6727,481,2025-12-01,Mumbai
6728,107,2025-12-18,Bangalore
6729,668,2025-12-09,Mumbai
6730,877,2025-12-12,Ahmedabad
6731,1085,2025-12-16,Delhi
6732,804,2025-12-01,Kolkata
6733,222,2025-12-12,Chennai
6734,1378,2025-12-25,Bangalore
6735,738,2025-12-01,Delhi
6736,976,2025-12-19,Delhi
6737,1162,2025-12-27,Delhi
6738,1422,2025-12-26,Hyderabad
6739,558,2025-12-16,Mumbai
6740,1384,2025-12-21,Mumbai
6741,101,2025-12-05,Delhi
6742,922,2025-12-07,Delhi
6743,758,2025-12-06,Bangalore
6744,445,2025-12-26,Chennai
6745,315,2025-12-26,Kolkata
6746,805,2025-12-14,Chennai
6747,1140,2025-12-19,Pune
6748,109,2025-12-30,Chennai
6749,1410,2025-12-24,Mumbai
6750,1460,2025-12-26,Delhi
6751,1087,2025-12-17,Hyderabad
6752,556,2025-12-14,Delhi
6753,227,2025-12-15,Bangalore
6754,850,2025-12-27,Delhi
6755,595,2025-12-28,Ahmedabad
6756,1017,2025-12-14,Ahmedabad
6757,94,2025-12-06,Mumbai
6758,877,2025-12-06,Ahmedabad
6759,1258,2025-12-21,Kolkata
6760,329,2025-12-18,Bangalore
6761,123,2025-12-22,Delhi
6762,1291,2025-12-07,Mumbai
6763,224,2025-12-31,Hyderabad
6764,385,2025-12-10,Ahmedabad
6765,350,2025-12-24,Chennai
6766,989,2025-12-25,Kolkata
6767,329,2025-12-29,Bangalore
6768,560,2025-12-22,Kolkata
6769,1396,2025-12-22,Delhi
6770,57,2025-12-28,Pune
6771,214,2025-12-24,Mumbai
6772,114,2025-12-13,Bangalore
6773,674,2025-12-04,Mumbai
6774,160,2025-12-19,Ahmedabad
6775,1121,2025-12-09,Delhi
6776,925,2025-12-02,Ahmedabad
6777,503,2025-12-16,Chennai
6778,1379,2025-12-04,Kolkata
6779,971,2025-12-08,Bangalore
6780,1483,2025-12-20,Hyderabad
6781,32,2025-12-20,Delhi
6782,1346,2025-12-31,Mumbai
6783,573,2025-12-19,Kolkata
6784,75,2025-12-31,Kolkata
6785,495,2025-12-29,Bangalore
6786,1085,2025-12-05,Delhi
6787,1482,2025-12-30,Mumbai
6788,1376,2025-12-01,Hyderabad
6789,98,2025-12-17,Kolkata
6790,364,2025-12-16,Delhi
6791,1017,2025-12-08,Ahmedabad
6792,92,2025-12-11,Bangalore
6793,289,2025-12-06,Mumbai
6794,422,2025-12-02,Mumbai
6795,1349,2025-12-12,Ahmedabad
6796,1250,2025-12-18,Chennai
6797,497,2025-12-04,Bangalore
6798,591,2025-12-29,Pune
6799,388,2025-12-17,Ahmedabad
6800,385,2025-12-18,Ahmedabad
6801,131,2025-12-21,Mumbai
6802,1276,2025-12-15,Pune
6803,1592,2025-12-26,Pune
6804,414,2025-12-18,Delhi
6805,120,2025-12-07,Mumbai
6806,503,2025-12-08,Chennai
6807,537,2025-12-06,Hyderabad
6808,688,2025-12-10,Bangalore
6809,1267,2025-12-14,Delhi
6810,1277,2025-12-28,Bangalore
6811,355,2025-12-31,Delhi
6812,778,2025-12-14,Delhi
6813,964,2025-12-04,Ahmedabad
6814,1466,2025-12-05,Pune
6815,856,2025-12-20,Delhi
6816,532,2025-12-04,Pune
6817,1286,2025-12-05,Mumbai
6818,655,2025-12-07,Chennai
6819,67,2025-12-25,Mumbai
6820,612,2025-12-06,Pune
6821,728,2025-12-26,Bangalore
6822,793,2025-12-27,Mumbai
6823,507,2025-12-06,Bangalore
6824,282,2025-12-15,Chennai
6825,1195,2025-12-08,Kolkata
6826,1244,2025-12-03,Ahmedabad
6827,1015,2025-12-31,Chennai
6828,1368,2025-12-17,Mumbai
6829,242,2025-12-06,Hyderabad
6830,74,2025-12-05,Hyderabad
6831,670,2025-12-17,Bangalore
6832,970,2025-12-02,Hyderabad
6833,890,2025-12-17,Chennai
6834,1528,2025-12-09,Ahmedabad
6835,1459,2025-12-22,Bangalore
6836,1257,2025-12-30,Kolkata
6837,161,2025-12-01,Delhi
6838,1355,2025-12-25,Delhi
6839,1290,2025-12-18,Mumbai
6840,205,2025-12-09,Mumbai
6841,708,2025-12-23,Mumbai
6842,1049,2025-12-04,Mumbai
6843,1476,2025-12-24,Delhi
6844,734,2025-12-26,Bangalore
6845,1382,2025-12-09,Delhi
6846,823,2025-12-30,Chennai
6847,844,2025-12-10,Ahmedabad
6848,1178,2025-12-24,Delhi
6849,54,2025-12-18,Bangalore
6850,1082,2025-12-21,Mumbai
6851,886,2025-12-17,Bangalore
6852,1576,2025-12-13,Delhi
6853,1100,2025-12-02,Delhi
6854,734,2025-12-28,Bangalore
6855,718,2025-12-29,Mumbai
6856,106,2025-12-10,Chennai
6857,957,2025-12-03,Delhi
6858,466,2025-12-01,Hyderabad
6859,1179,2025-12-30,Mumbai
6860,206,2025-12-12,Bangalore
6861,1105,2025-12-25,Bangalore
6862,37,2025-12-19,Bangalore
6863,506,2025-12-03,Hyderabad
6864,1454,2025-12-13,Hyderabad
6865,1446,2025-12-07,Ahmedabad
6866,1055,2025-12-25,Delhi
6867,383,2025-12-27,Bangalore
6868,898,2025-12-15,Kolkata
6869,245,2025-12-22,Kolkata
6870,1418,2025-12-31,Delhi
6871,30,2025-12-04,Chennai
6872,1333,2025-12-09,Pune
6873,257,2025-12-13,Bangalore
6874,536,2025-12-22,Pune
6875,1327,2025-12-31,Mumbai
6876,792,2025-12-20,Delhi
6877,1416,2025-12-08,Hyderabad
6878,1473,2025-12-18,Mumbai
6879,1107,2025-12-12,Kolkata
6880,852,2025-12-24,Pune
6881,1416,2025-12-05,Hyderabad
6882,323,2025-12-17,Chennai
6883,174,2025-12-25,Hyderabad
6884,755,2025-12-20,Pune
6885,926,2025-12-17,Mumbai
6886,89,2025-12-14,Chennai
6887,456,2025-12-10,Bangalore
6888,101,2025-12-05,Delhi
6889,480,2025-12-28,Kolkata
6890,677,2025-12-23,Mumbai
6891,302,2025-12-07,Mumbai
6892,456,2025-12-08,Bangalore
6893,246,2025-12-31,Pune
6894,1519,2025-12-16,Pune
6895,504,2025-12-13,Mumbai
6896,1578,2025-12-13,Hyderabad
6897,772,2025-12-11,Pune
6898,48,2025-12-13,Bangalore
6899,1303,2025-12-10,Mumbai
6900,1053,2025-12-03,Bangalore
6901,1325,2025-12-07,Delhi
6902,1126,2025-12-04,Ahmedabad
6903,931,2025-12-25,Hyderabad
6904,1144,2025-12-29,Pune
6905,839,2025-12-03,Chennai
6906,1518,2025-12-17,Delhi
6907,213,2025-12-07,Mumbai
6908,1362,2025-12-10,Delhi
6909,849,2025-12-28,Kolkata
6910,1079,2025-12-12,Kolkata
6911,243,2025-12-14,Bangalore
6912,1025,2025-12-09,Ahmedabad
6913,121,2025-12-29,Bangalore
6914,1582,2025-12-28,Mumbai
6915,787,2025-12-02,Chennai
6916,1299,2025-12-26,Chennai
6917,200,2025-12-26,Delhi
6918,497,2025-12-11,Bangalore
6919,810,2025-12-02,Hyderabad
6920,1083,2025-12-29,Bangalore
6921,158,2025-12-28,Pune
6922,1328,2025-12-27,Mumbai
6923,1060,2025-12-06,Bangalore
6924,480,2025-12-01,Kolkata
6925,1284,2025-12-19,Delhi
6926,1188,2025-12-30,Kolkata
6927,464,2025-12-08,Ahmedabad
6928,183,2025-12-22,Kolkata
6929,797,2025-12-28,Mumbai
6930,795,2025-12-22,Pune
6931,1313,2025-12-01,Delhi
6932,287,2025-12-08,Mumbai
6933,1549,2025-12-15,Mumbai
6934,402,2025-12-21,Kolkata
6935,978,2025-12-24,Delhi
6936,868,2025-12-27,Mumbai
6937,1429,2025-12-18,Kolkata
6938,1538,2025-12-21,Delhi
6939,750,2025-12-23,Delhi
6940,651,2025-12-13,Hyderabad
6941,230,2025-12-03,Chennai
6942,393,2025-12-25,Bangalore
6943,839,2025-12-06,Chennai
6944,161,2025-12-12,Delhi
6945,385,2025-12-12,Ahmedabad
6946,1033,2025-12-14,Chennai
6947,574,2025-12-31,Mumbai
6948,1107,2025-12-12,Kolkata
6949,133,2025-12-23,Mumbai
6950,20,2025-12-19,Chennai
6951,861,2025-12-12,Chennai
6952,1355,2025-12-27,Delhi
6953,682,2025-12-24,Delhi
6954,1378,2025-12-24,Bangalore
6955,1155,2025-12-01,Hyderabad
6956,1219,2025-12-25,Bangalore
6957,861,2025-12-29,Chennai
6958,1202,2025-12-30,Pune
6959,1225,2025-12-14,Delhi
6960,733,2025-12-28,Ahmedabad
6961,1115,2025-12-24,Bangalore
6962,672,2025-12-27,Delhi
6963,968,2025-12-11,Bangalore
6964,1100,2025-12-18,Delhi
6965,1176,2025-12-04,Hyderabad
6966,1277,2025-12-27,Bangalore
6967,154,2025-12-30,Delhi
6968,733,2025-12-27,Ahmedabad
6969,987,2025-12-30,Pune
6970,1591,2025-12-10,Pune
6971,1560,2025-12-06,Delhi
6972,998,2025-12-15,Mumbai
6973,1424,2025-12-28,Hyderabad
6974,572,2025-12-13,Bangalore
6975,242,2025-12-03,Hyderabad
6976,273,2025-12-03,Kolkata
6977,710,2025-12-15,Mumbai
6978,610,2025-12-09,Chennai
6979,1393,2025-12-08,Chennai
6980,1018,2025-12-12,Bangalore
6981,336,2025-12-04,Bangalore
6982,435,2025-12-19,Chennai
6983,1518,2025-12-01,Delhi
6984,466,2025-12-21,Hyderabad
6985,975,2025-12-20,Mumbai
6986,1331,2025-12-18,Bangalore
6987,586,2025-12-14,Ahmedabad
6988,1589,2025-12-23,Hyderabad
6989,791,2025-12-18,Mumbai
6990,1367,2025-12-17,Delhi
6991,957,2025-12-16,Delhi
6992,583,2025-12-18,Ahmedabad
6993,396,2025-12-03,Chennai
6994,367,2025-12-16,Delhi
6995,840,2025-12-22,Mumbai
6996,1464,2025-12-26,Kolkata
6997,1440,2025-12-01,Delhi
6998,429,2025-12-09,Delhi
6999,272,2025-12-03,Ahmedabad
7000,257,2025-12-21,Bangalore
7001,520,2025-12-14,Mumbai
7002,486,2025-12-20,Delhi
7003,686,2025-12-12,Bangalore
7004,767,2025-12-11,Mumbai
7005,996,2025-12-18,Delhi
7006,235,2025-12-13,Pune
7007,949,2025-12-23,Ahmedabad
7008,294,2025-12-03,Delhi
7009,646,2025-12-27,Delhi
7010,469,2025-12-29,Kolkata
7011,852,2025-12-13,Pune
7012,734,2025-12-19,Bangalore
7013,1544,2025-12-16,Delhi
7014,1046,2025-12-09,Delhi
7015,613,2025-12-13,Chennai
7016,818,2025-12-30,Chennai
7017,872,2025-12-10,Mumbai
7018,1160,2025-12-19,Delhi
7019,797,2025-12-30,Mumbai
7020,504,2025-12-22,Mumbai
7021,294,2025-12-05,Delhi
7022,284,2025-12-21,Kolkata
7023,795,2025-12-22,Pune
7024,1021,2025-12-16,Hyderabad
7025,325,2025-12-31,Mumbai
7026,873,2025-12-15,Chennai
7027,476,2025-12-18,Ahmedabad
7028,357,2025-12-03,Ahmedabad
7029,556,2025-12-07,Delhi
7030,729,2025-12-31,Chennai
7031,1589,2025-12-25,Hyderabad
7032,937,2025-12-16,Bangalore
7033,520,2025-12-29,Mumbai
7034,212,2025-12-08,Chennai
7035,1380,2025-12-02,Hyderabad
7036,1486,2025-12-26,Delhi
7037,1083,2025-12-10,Bangalore
7038,710,2025-12-18,Mumbai
7039,71,2025-12-27,Pune
7040,378,2025-12-04,Ahmedabad
7041,1121,2025-12-01,Delhi
7042,1591,2025-12-23,Pune
7043,6,2025-12-24,Mumbai
7044,1457,2025-12-08,Bangalore
7045,353,2025-12-03,Delhi
7046,83,2025-12-18,Pune
7047,482,2025-12-19,Mumbai
7048,916,2025-12-04,Chennai
7049,722,2025-12-29,Bangalore
7050,393,2025-12-19,Bangalore
7051,1055,2025-12-17,Delhi
7052,249,2025-12-14,Delhi
7053,626,2025-12-29,Chennai
7054,125,2025-12-30,Delhi
7055,1247,2025-12-27,Pune
7056,614,2025-12-13,Chennai
7057,1352,2025-12-24,Delhi
7058,1429,2025-12-04,Kolkata
7059,1046,2025-12-09,Delhi
7060,366,2025-12-07,Ahmedabad
7061,1496,2025-12-05,Bangalore
7062,830,2025-12-12,Delhi
7063,87,2025-12-23,Ahmedabad
7064,334,2025-12-21,Hyderabad
7065,1362,2025-12-19,Delhi
7066,1383,2025-12-13,Hyderabad
7067,1021,2025-12-25,Hyderabad
7068,1043,2025-12-30,Mumbai
7069,563,2025-12-09,Chennai
7070,406,2025-12-21,Kolkata
7071,1386,2025-12-10,Delhi
7072,662,2025-12-15,Delhi
7073,920,2025-12-08,Mumbai
7074,865,2025-12-12,Chennai
7075,1158,2025-12-16,Delhi
7076,1094,2025-12-05,Chennai
7077,1241,2025-12-23,Delhi
7078,1251,2025-12-12,Mumbai
7079,1139,2025-12-06,Chennai
7080,1030,2025-12-14,Delhi
7081,458,2025-12-07,Kolkata
7082,836,2025-12-19,Hyderabad
7083,1325,2025-12-13,Delhi
7084,1212,2025-12-31,Bangalore
7085,853,2025-12-26,Delhi
7086,112,2025-12-01,Delhi
7087,1450,2025-12-18,Delhi
7088,1039,2026-01-17,Chennai
7089,492,2026-01-30,Hyderabad
7090,1485,2026-01-06,Chennai
7091,1028,2026-01-03,Pune
7092,1007,2026-01-28,Mumbai
7093,536,2026-01-04,Pune
7094,12,2026-01-01,Delhi
7095,1308,2026-01-06,Delhi
7096,1579,2026-01-21,Bangalore
7097,1488,2026-01-29,Bangalore
7098,546,2026-01-10,Pune
7099,773,2026-01-03,Chennai
7100,1149,2026-01-19,Delhi
7101,673,2026-01-20,Mumbai
7102,945,2026-01-24,Bangalore
7103,1528,2026-01-13,Ahmedabad
7104,1595,2026-01-19,Delhi
7105,1400,2026-01-20,Hyderabad
7106,324,2026-01-24,Chennai
7107,608,2026-01-30,Chennai
7108,1360,2026-01-31,Bangalore
7109,439,2026-01-23,Hyderabad
7110,394,2026-01-21,Bangalore
7111,1416,2026-01-03,Hyderabad
7112,754,2026-01-09,Chennai
7113,431,2026-01-05,Mumbai
7114,899,2026-01-22,Chennai
7115,31,2026-01-06,Mumbai
7116,113,2026-01-17,Hyderabad
7117,1488,2026-01-01,Bangalore
7118,1518,2026-01-10,Delhi
7119,1008,2026-01-10,Delhi
7120,229,2026-01-23,Bangalore
7121,648,2026-01-27,Delhi
7122,1484,2026-01-28,Bangalore
7123,1293,2026-01-23,Bangalore
7124,1362,2026-01-16,Delhi
7125,763,2026-01-28,Mumbai
7126,228,2026-01-01,Hyderabad
7127,326,2026-01-23,Ahmedabad
7128,307,2026-01-06,Hyderabad
7129,67,2026-01-11,Mumbai
7130,1299,2026-01-03,Chennai
7131,1448,2026-01-09,Kolkata
7132,697,2026-01-12,Mumbai
7133,1270,2026-01-03,Mumbai
7134,783,2026-01-07,Bangalore
7135,40,2026-01-02,Chennai
7136,650,2026-01-28,Pune
7137,1257,2026-01-14,Kolkata
7138,133,2026-01-10,Mumbai
7139,1404,2026-01-27,Ahmedabad
7140,720,2026-01-24,Hyderabad
7141,1457,2026-01-09,Bangalore
7142,1343,2026-01-19,Hyderabad
7143,1593,2026-01-09,Mumbai
7144,195,2026-01-13,Delhi
7145,261,2026-01-11,Delhi
7146,1003,2026-01-24,Hyderabad
7147,222,2026-01-05,Chennai
7148,355,2026-01-28,Delhi
7149,1343,2026-01-20,Hyderabad
7150,1011,2026-01-15,Delhi
7151,968,2026-01-05,Bangalore
7152,1499,2026-01-07,Hyderabad
7153,344,2026-01-23,Bangalore
7154,1580,2026-01-09,Mumbai
7155,185,2026-01-25,Kolkata
7156,585,2026-01-13,Chennai
7157,267,2026-01-20,Chennai
7158,1319,2026-01-28,Ahmedabad
7159,446,2026-01-29,Hyderabad
7160,928,2026-01-28,Bangalore
7161,698,2026-01-09,Delhi
7162,994,2026-01-31,Pune
7163,440,2026-01-09,Delhi
7164,1500,2026-01-02,Chennai
7165,1186,2026-01-08,Chennai
7166,1182,2026-01-31,Mumbai
7167,1429,2026-01-20,Kolkata
7168,1469,2026-01-18,Mumbai
7169,384,2026-01-01,Delhi
7170,531,2026-01-20,Hyderabad
7171,714,2026-01-06,Chennai
7172,97,2026-01-17,Mumbai
7173,1217,2026-01-17,Mumbai
7174,265,2026-01-12,Mumbai
7175,561,2026-01-25,Delhi
7176,168,2026-01-07,Mumbai
7177,1204,2026-01-28,Delhi
7178,1169,2026-01-27,Delhi
7179,1514,2026-01-22,Pune
7180,614,2026-01-02,Chennai
7181,26,2026-01-08,Mumbai
7182,101,2026-01-29,Delhi
7183,1200,2026-01-12,Kolkata
7184,288,2026-01-21,Bangalore
7185,906,2026-01-04,Pune
7186,1026,2026-01-24,Hyderabad
7187,1358,2026-01-25,Mumbai
7188,1037,2026-01-09,Ahmedabad
7189,1156,2026-01-30,Mumbai
7190,1346,2026-01-28,Mumbai
7191,696,2026-01-22,Bangalore
7192,1376,2026-01-28,Hyderabad
7193,97,2026-01-08,Mumbai
7194,1279,2026-01-05,Bangalore
7195,694,2026-01-25,Bangalore
7196,226,2026-01-22,Delhi
7197,238,2026-01-04,Mumbai
7198,235,2026-01-20,Pune
7199,241,2026-01-16,Bangalore
7200,246,2026-01-09,Pune
7201,1566,2026-01-24,Delhi
7202,221,2026-01-01,Mumbai
7203,544,2026-01-31,Kolkata
7204,668,2026-01-03,Mumbai
7205,1234,2026-01-23,Hyderabad
7206,581,2026-01-20,Delhi
7207,12,2026-01-14,Delhi
7208,1437,2026-01-07,Hyderabad
7209,964,2026-01-19,Ahmedabad
7210,1177,2026-01-19,Bangalore
7211,124,2026-01-13,Delhi
7212,757,2026-01-04,Mumbai
7213,53,2026-01-18,Ahmedabad
7214,725,2026-01-23,Hyderabad
7215,747,2026-01-28,Kolkata
7216,947,2026-01-31,Kolkata
7217,1123,2026-01-17,Mumbai
7218,1444,2026-01-21,Ahmedabad
7219,1591,2026-01-17,Pune
7220,354,2026-01-11,Delhi
7221,1468,2026-01-27,Delhi
7222,61,2026-01-15,Kolkata
7223,285,2026-01-26,Hyderabad
7224,1164,2026-01-22,Ahmedabad
7225,686,2026-01-10,Bangalore
7226,1260,2026-01-15,Mumbai
7227,937,2026-01-29,Bangalore
7228,526,2026-01-21,Kolkata
7229,1570,2026-01-11,Mumbai
7230,711,2026-01-26,Mumbai
7231,120,2026-01-26,Mumbai
7232,1384,2026-01-26,Mumbai
7233,1591,2026-01-14,Pune
7234,734,2026-01-06,Bangalore
7235,891,2026-01-04,Delhi
7236,927,2026-01-30,Hyderabad
7237,1587,2026-01-28,Pune
7238,1401,2026-01-08,Bangalore
7239,1504,2026-01-10,Chennai
7240,1472,2026-01-26,Mumbai
7241,605,2026-01-23,Bangalore
7242,1513,2026-01-18,Delhi
7243,487,2026-01-13,Chennai
7244,1203,2026-01-14,Kolkata
7245,787,2026-01-07,Chennai
7246,1461,2026-01-26,Kolkata
7247,172,2026-01-27,Mumbai
7248,275,2026-01-31,Ahmedabad
7249,32,2026-01-28,Delhi
7250,1290,2026-01-12,Mumbai
7251,842,2026-01-15,Mumbai
7252,983,2026-01-23,Pune
7253,706,2026-01-28,Delhi
7254,366,2026-01-05,Ahmedabad
7255,638,2026-01-08,Hyderabad
7256,328,2026-01-30,Pune
7257,332,2026-01-15,Delhi
7258,965,2026-01-14,Bangalore
7259,1556,2026-01-27,Pune
7260,1569,2026-01-09,Pune
7261,96,2026-01-10,Mumbai
7262,821,2026-01-23,Hyderabad
7263,432,2026-01-16,Delhi
7264,1512,2026-01-20,Hyderabad
7265,1083,2026-01-18,Bangalore
7266,1226,2026-01-27,Mumbai
7267,1221,2026-01-31,Bangalore
7268,150,2026-01-06,Mumbai
7269,135,2026-01-31,Mumbai
7270,954,2026-01-18,Mumbai
7271,1174,2026-01-26,Pune
7272,1098,2026-01-10,Bangalore
7273,1506,2026-01-10,Mumbai
7274,1289,2026-01-12,Bangalore
7275,778,2026-01-23,Delhi
7276,553,2026-01-08,Mumbai
7277,1516,2026-01-30,Bangalore
7278,960,2026-01-15,Pune
7279,1253,2026-01-20,Hyderabad
7280,435,2026-01-19,Chennai
7281,1193,2026-01-31,Kolkata
7282,172,2026-01-17,Mumbai
7283,1308,2026-01-31,Delhi
7284,709,2026-01-04,Mumbai
7285,330,2026-01-03,Delhi
7286,1383,2026-01-15,Hyderabad
7287,743,2026-01-14,Mumbai
7288,1332,2026-01-02,Pune
7289,536,2026-01-11,Pune
7290,292,2026-01-05,Pune
7291,1030,2026-01-10,Delhi
7292,733,2026-01-29,Ahmedabad
7293,1339,2026-01-30,Bangalore
7294,633,2026-01-29,Mumbai
7295,899,2026-01-02,Chennai
7296,775,2026-01-23,Chennai
7297,1359,2026-01-16,Bangalore
7298,839,2026-01-06,Chennai
7299,186,2026-01-07,Kolkata
7300,455,2026-01-09,Bangalore
7301,1300,2026-01-11,Kolkata
7302,1546,2026-01-23,Mumbai
7303,466,2026-01-06,Hyderabad
7304,1595,2026-01-25,Delhi
7305,584,2026-01-26,Mumbai
7306,803,2026-01-02,Mumbai
7307,1185,2026-01-19,Mumbai
7308,1090,2026-01-21,Mumbai
7309,1483,2026-01-06,Hyderabad
7310,644,2026-01-06,Hyderabad
7311,479,2026-01-21,Delhi
7312,1445,2026-01-05,Pune
7313,1271,2026-01-10,Delhi
7314,1504,2026-01-18,Chennai
7315,1200,2026-01-04,Kolkata
7316,632,2026-01-04,Ahmedabad
7317,159,2026-01-11,Ahmedabad
7318,1295,2026-01-25,Mumbai
7319,1381,2026-01-01,Mumbai
7320,24,2026-01-25,Kolkata
7321,644,2026-01-21,Hyderabad
7322,210,2026-01-14,Chennai
7323,769,2026-01-25,Mumbai
7324,830,2026-01-26,Delhi
7325,637,2026-01-03,Mumbai
7326,180,2026-01-01,Kolkata
7327,1141,2026-01-17,Ahmedabad
7328,139,2026-01-09,Mumbai
7329,626,2026-01-15,Chennai
7330,1165,2026-01-14,Hyderabad
7331,387,2026-01-25,Hyderabad
7332,1421,2026-01-18,Hyderabad
7333,89,2026-01-19,Chennai
7334,1500,2026-01-07,Chennai
7335,635,2026-01-22,Pune
7336,1289,2026-01-11,Bangalore
7337,941,2026-01-05,Delhi
7338,1072,2026-01-21,Delhi
7339,494,2026-01-07,Ahmedabad
7340,96,2026-01-18,Mumbai
7341,1052,2026-01-24,Bangalore
7342,860,2026-01-23,Mumbai
7343,566,2026-01-20,Mumbai
7344,587,2026-01-15,Pune
7345,342,2026-01-13,Ahmedabad
7346,1397,2026-01-21,Delhi
7347,1497,2026-01-26,Chennai
7348,415,2026-01-01,Pune
7349,420,2026-01-26,Bangalore
7350,284,2026-01-09,Kolkata
7351,439,2026-01-18,Hyderabad
7352,1197,2026-01-21,Bangalore
7353,337,2026-01-07,Mumbai
7354,245,2026-01-20,Kolkata
7355,1569,2026-01-17,Pune
7356,1318,2026-01-08,Delhi
7357,366,2026-01-03,Ahmedabad
7358,1057,2026-01-30,Chennai
7359,1347,2026-01-11,Mumbai
7360,107,2026-01-17,Bangalore
7361,298,2026-01-24,Pune
7362,1350,2026-01-01,Ahmedabad
7363,1361,2026-01-13,Mumbai
7364,905,2026-01-29,Hyderabad
7365,959,2026-01-27,Chennai
7366,1022,2026-01-25,Pune
7367,1217,2026-01-24,Mumbai
7368,1254,2026-01-06,Kolkata
7369,1386,2026-01-29,Delhi
7370,74,2026-01-29,Hyderabad
7371,273,2026-01-25,Kolkata
7372,915,2026-01-05,Delhi
7373,47,2026-01-03,Bangalore
7374,932,2026-01-15,Delhi
7375,1239,2026-01-26,Mumbai
7376,1286,2026-01-16,Mumbai
7377,38,2026-01-26,Ahmedabad
7378,449,2026-01-22,Bangalore
7379,247,2026-01-25,Mumbai
7380,402,2026-01-20,Kolkata
7381,552,2026-01-07,Delhi
7382,310,2026-01-30,Hyderabad
7383,1501,2026-01-18,Delhi
7384,1160,2026-01-15,Delhi
7385,986,2026-01-17,Mumbai
7386,1435,2026-01-22,Chennai
7387,1289,2026-01-02,Bangalore
7388,1151,2026-01-14,Bangalore
7389,958,2026-01-21,Pune
7390,526,2026-01-09,Kolkata
7391,902,2026-01-25,Ahmedabad
7392,360,2026-01-28,Ahmedabad
7393,369,2026-01-16,Mumbai
7394,1495,2026-01-30,Kolkata
7395,786,2026-01-31,Kolkata
7396,903,2026-01-15,Delhi
7397,722,2026-01-07,Bangalore
7398,1540,2026-01-02,Ahmedabad
7399,1033,2026-01-16,Chennai
7400,325,2026-01-20,Mumbai
7401,798,2026-01-25,Delhi
7402,175,2026-01-26,Mumbai
7403,485,2026-01-29,Bangalore
7404,837,2026-01-07,Mumbai
7405,1526,2026-01-02,Bangalore
7406,182,2026-01-20,Mumbai
7407,529,2026-01-21,Hyderabad
7408,581,2026-01-25,Delhi
7409,1013,2026-01-23,Bangalore
7410,1387,2026-01-24,Bangalore
7411,1165,2026-01-25,Hyderabad
7412,770,2026-01-04,Mumbai
7413,392,2026-01-15,Mumbai
7414,1240,2026-01-28,Delhi
7415,1230,2026-01-03,Chennai
7416,331,2026-01-29,Pune
7417,1138,2026-01-04,Bangalore
7418,797,2026-01-06,Mumbai
7419,410,2026-01-07,Bangalore
7420,591,2026-01-10,Pune
7421,1025,2026-01-09,Ahmedabad
7422,1428,2026-01-05,Pune
7423,143,2026-01-18,Chennai
7424,1266,2026-01-13,Chennai
7425,348,2026-01-20,Delhi
7426,1398,2026-01-18,Delhi
7427,1140,2026-01-10,Pune
7428,718,2026-01-08,Mumbai
7429,1400,2026-01-12,Hyderabad
7430,358,2026-01-18,Mumbai
7431,286,2026-01-28,Hyderabad
7432,1356,2026-01-06,Bangalore
7433,750,2026-01-30,Delhi
7434,650,2026-01-18,Pune
7435,305,2026-01-08,Bangalore
7436,834,2026-01-07,Pune
7437,1273,2026-01-30,Ahmedabad
7438,79,2026-01-15,Delhi
7439,229,2026-01-16,Bangalore
7440,1300,2026-01-22,Kolkata
7441,784,2026-01-11,Ahmedabad
7442,616,2026-01-03,Delhi
7443,731,2026-01-29,Mumbai
7444,1047,2026-01-21,Mumbai
7445,95,2026-01-12,Delhi
7446,691,2026-01-22,Hyderabad
7447,69,2026-01-18,Bangalore
7448,1212,2026-01-13,Bangalore
7449,1458,2026-01-20,Chennai
7450,977,2026-01-18,Bangalore
7451,1040,2026-01-18,Delhi
7452,371,2026-01-03,Bangalore
7453,652,2026-01-15,Hyderabad
7454,1577,2026-01-21,Delhi
7455,849,2026-01-10,Kolkata
7456,146,2026-01-24,Delhi
7457,785,2026-01-06,Pune
7458,1106,2026-01-02,Chennai
7459,488,2026-01-27,Kolkata
7460,838,2026-01-02,Ahmedabad
7461,412,2026-01-28,Pune
7462,432,2026-01-17,Delhi
7463,540,2026-01-19,Mumbai
7464,1184,2026-01-22,Mumbai
7465,17,2026-01-31,Mumbai
7466,1,2026-01-02,Chennai
7467,185,2026-01-15,Kolkata
7468,526,2026-01-10,Kolkata
7469,996,2026-01-25,Delhi
7470,605,2026-01-30,Bangalore
7471,413,2026-01-12,Delhi
7472,986,2026-01-03,Mumbai
7473,225,2026-01-27,Bangalore
7474,602,2026-01-10,Mumbai
7475,769,2026-01-09,Mumbai
7476,1555,2026-01-28,Mumbai
7477,1004,2026-01-10,Hyderabad
7478,927,2026-01-12,Hyderabad
7479,837,2026-01-23,Mumbai
7480,389,2026-01-20,Hyderabad
7481,1425,2026-01-20,Pune
7482,1374,2026-01-26,Bangalore
7483,1208,2026-01-12,Hyderabad
7484,485,2026-01-31,Bangalore
7485,1496,2026-01-16,Bangalore
7486,525,2026-01-12,Hyderabad
7487,1311,2026-01-25,Bangalore
7488,150,2026-01-08,Mumbai
7489,13,2026-01-02,Pune
7490,166,2026-01-02,Kolkata
7491,888,2026-01-31,Chennai
7492,546,2026-01-10,Pune
7493,1270,2026-01-07,Mumbai
7494,515,2026-01-22,Ahmedabad
7495,1075,2026-01-31,Mumbai
7496,684,2026-01-03,Mumbai
7497,990,2026-01-01,Delhi
7498,915,2026-01-13,Delhi
7499,437,2026-01-18,Mumbai
7500,320,2026-01-23,Chennai
7501,1085,2026-01-07,Delhi
7502,475,2026-01-28,Pune
7503,989,2026-01-12,Kolkata
7504,127,2026-01-07,Mumbai
7505,1418,2026-01-30,Delhi
7506,1105,2026-01-02,Bangalore
7507,41,2026-01-02,Delhi
7508,1068,2026-01-22,Delhi
7509,800,2026-01-17,Delhi
7510,601,2026-01-10,Mumbai
7511,1249,2026-01-09,Hyderabad
7512,790,2026-01-02,Kolkata
7513,156,2026-01-23,Hyderabad
7514,1361,2026-01-11,Mumbai
7515,520,2026-01-02,Mumbai
7516,769,2026-01-05,Mumbai
7517,1294,2026-01-10,Mumbai
7518,883,2026-01-12,Chennai
7519,1274,2026-01-19,Ahmedabad
7520,1081,2026-01-30,Bangalore
7521,1316,2026-01-10,Pune
7522,1279,2026-01-01,Bangalore
7523,1468,2026-01-12,Delhi
7524,214,2026-01-03,Mumbai
7525,1504,2026-01-17,Chennai
7526,850,2026-01-17,Delhi
7527,535,2026-01-06,Chennai
7528,1594,2026-01-04,Mumbai
7529,704,2026-01-09,Mumbai
7530,257,2026-01-24,Bangalore
7531,259,2026-01-11,Pune
7532,1563,2026-01-27,Bangalore
7533,282,2026-01-25,Chennai
7534,1496,2026-01-15,Bangalore
7535,605,2026-01-12,Bangalore
7536,1183,2026-01-19,Chennai
7537,44,2026-01-30,Kolkata
7538,521,2026-01-25,Hyderabad
7539,838,2026-01-18,Ahmedabad
7540,1133,2026-01-21,Bangalore
7541,513,2026-01-24,Hyderabad
7542,1475,2026-01-16,Ahmedabad
7543,1539,2026-01-24,Mumbai
7544,831,2026-01-15,Delhi
7545,1553,2026-01-31,Bangalore
7546,410,2026-01-27,Bangalore
7547,709,2026-01-09,Mumbai
7548,1410,2026-01-09,Mumbai
7549,859,2026-01-17,Hyderabad
7550,681,2026-01-28,Pune
7551,1334,2026-01-13,Chennai
7552,20,2026-01-11,Chennai
7553,687,2026-01-05,Pune
7554,1368,2026-01-06,Mumbai
7555,981,2026-01-21,Bangalore
7556,736,2026-01-27,Ahmedabad
7557,843,2026-01-08,Kolkata
7558,1548,2026-01-07,Bangalore
7559,623,2026-01-20,Mumbai
7560,1421,2026-01-04,Hyderabad
7561,1222,2026-01-13,Ahmedabad
7562,320,2026-01-18,Chennai
7563,223,2026-01-13,Chennai
7564,1046,2026-01-06,Delhi
7565,1388,2026-01-09,Delhi
7566,761,2026-01-21,Delhi
7567,869,2026-01-16,Bangalore
7568,714,2026-01-04,Chennai
7569,1158,2026-01-07,Delhi
7570,223,2026-01-11,Chennai
7571,998,2026-01-13,Mumbai
7572,746,2026-01-22,Ahmedabad
7573,529,2026-01-04,Hyderabad
7574,1500,2026-01-24,Chennai
7575,1220,2026-01-08,Ahmedabad
7576,801,2026-01-23,Ahmedabad
7577,895,2026-01-27,Ahmedabad
7578,1090,2026-01-03,Mumbai
7579,1033,2026-01-23,Chennai
7580,43,2026-01-12,Delhi
7581,1431,2026-01-20,Kolkata
7582,986,2026-01-10,Mumbai
7583,636,2026-01-01,Pune
7584,1393,2026-01-11,Chennai
7585,1523,2026-01-08,Kolkata
7586,1161,2026-01-04,Ahmedabad
7587,523,2026-01-13,Mumbai
7588,1111,2026-01-21,Mumbai
7589,1311,2026-01-15,Bangalore
7590,1586,2026-01-05,Delhi
7591,794,2026-01-09,Mumbai
7592,1165,2026-01-28,Hyderabad
7593,1276,2026-01-22,Pune
7594,1062,2026-01-23,Ahmedabad
7595,1446,2026-01-13,Ahmedabad
7596,1459,2026-01-31,Bangalore
7597,119,2026-01-23,Ahmedabad
7598,1271,2026-01-17,Delhi
7599,92,2026-01-24,Bangalore
7600,1050,2026-01-28,Mumbai
7601,1559,2026-01-14,Delhi
7602,1502,2026-01-05,Hyderabad
7603,429,2026-01-02,Delhi
7604,1154,2026-01-07,Bangalore
7605,1409,2026-01-24,Ahmedabad
7606,1316,2026-01-26,Pune
7607,926,2026-01-03,Mumbai
7608,44,2026-01-15,Kolkata
7609,515,2026-01-27,Ahmedabad
7610,453,2026-01-23,Bangalore
7611,1131,2026-01-22,Ahmedabad
7612,120,2026-01-29,Mumbai
7613,1218,2026-01-24,Mumbai
7614,1550,2026-01-03,Pune
7615,1166,2026-01-26,Hyderabad
7616,266,2026-01-20,Bangalore
7617,1525,2026-01-10,Mumbai
7618,102,2026-01-30,Chennai
7619,319,2026-01-18,Delhi
7620,640,2026-01-20,Kolkata
7621,180,2026-01-08,Kolkata
7622,512,2026-01-18,Kolkata
7623,1571,2026-01-27,Delhi
7624,862,2026-01-03,Bangalore
7625,1185,2026-01-06,Mumbai
7626,1034,2026-01-19,Kolkata
7627,132,2026-01-30,Bangalore
7628,471,2026-01-05,Kolkata
7629,901,2026-01-17,Bangalore
7630,548,2026-01-04,Ahmedabad
7631,552,2026-01-09,Delhi
7632,1553,2026-01-10,Bangalore
7633,1534,2026-01-16,Chennai
7634,389,2026-01-03,Hyderabad
7635,192,2026-01-01,Bangalore
7636,1442,2026-01-26,Delhi
7637,58,2026-01-22,Hyderabad
7638,218,2026-01-02,Bangalore
7639,1379,2026-01-30,Kolkata
7640,1298,2026-01-18,Bangalore
7641,41,2026-01-10,Delhi
7642,1287,2026-01-03,Delhi
7643,97,2026-01-24,Mumbai
7644,1302,2026-01-06,Chennai
7645,1142,2026-01-06,Chennai
7646,87,2026-01-10,Ahmedabad
7647,1037,2026-01-10,Ahmedabad
7648,258,2026-01-26,Pune
7649,1145,2026-01-18,Bangalore
7650,606,2026-01-04,Bangalore
7651,359,2026-01-22,Delhi
7652,49,2026-01-14,Mumbai
7653,758,2026-01-16,Bangalore
7654,74,2026-01-09,Hyderabad
7655,451,2026-01-26,Bangalore
7656,709,2026-01-22,Mumbai
7657,1482,2026-01-08,Mumbai
7658,1122,2026-01-25,Pune
7659,484,2026-01-11,Ahmedabad
7660,1097,2026-01-22,Delhi
7661,130,2026-01-31,Mumbai
7662,402,2026-01-08,Kolkata
7663,420,2026-01-23,Bangalore
7664,1589,2026-01-18,Hyderabad
7665,20,2026-01-21,Chennai
7666,1016,2026-01-31,Delhi
7667,1594,2026-01-24,Mumbai
7668,1217,2026-01-04,Mumbai
7669,544,2026-01-02,Kolkata
7670,155,2026-01-26,Pune
7671,225,2026-01-28,Bangalore
7672,1263,2026-01-26,Kolkata
7673,671,2026-01-05,Bangalore
7674,48,2026-01-29,Bangalore
7675,1106,2026-01-03,Chennai
7676,1149,2026-01-16,Delhi
7677,469,2026-01-12,Kolkata
7678,328,2026-01-26,Pune
7679,1091,2026-01-23,Bangalore
7680,1453,2026-01-09,Hyderabad
7681,1524,2026-01-28,Ahmedabad
7682,752,2026-01-24,Mumbai
7683,593,2026-01-08,Pune
7684,1152,2026-01-30,Chennai
7685,597,2026-01-08,Mumbai
7686,539,2026-01-21,Delhi
7687,1317,2026-01-10,Ahmedabad
7688,895,2026-01-06,Ahmedabad
7689,1515,2026-01-24,Kolkata
7690,1055,2026-01-05,Delhi
7691,937,2026-01-21,Bangalore
7692,1584,2026-01-01,Delhi
7693,250,2026-01-10,Bangalore
7694,891,2026-01-27,Delhi
7695,1589,2026-01-27,Hyderabad
7696,409,2026-01-17,Bangalore
7697,1249,2026-01-09,Hyderabad
7698,59,2026-01-06,Bangalore
7699,752,2026-01-18,Mumbai
7700,519,2026-01-08,Ahmedabad
7701,95,2026-01-19,Delhi
7702,1314,2026-01-25,Delhi
7703,195,2026-01-08,Delhi
7704,967,2026-01-02,Mumbai
7705,1537,2026-01-23,Hyderabad
7706,235,2026-01-28,Pune
7707,516,2026-01-19,Chennai
7708,387,2026-01-20,Hyderabad
7709,1,2026-01-17,Chennai
7710,715,2026-01-28,Chennai
7711,465,2026-01-16,Kolkata
7712,230,2026-01-06,Chennai
7713,119,2026-01-20,Ahmedabad
7714,363,2026-01-13,Delhi
7715,542,2026-01-22,Hyderabad
7716,295,2026-01-04,Bangalore
7717,1040,2026-01-19,Delhi
7718,1406,2026-01-19,Delhi
7719,802,2026-01-09,Delhi
7720,1272,2026-01-23,Delhi
7721,854,2026-01-05,Bangalore
7722,839,2026-01-24,Chennai
7723,845,2026-01-13,Bangalore
7724,1317,2026-01-15,Ahmedabad
7725,1510,2026-01-06,Delhi
7726,907,2026-01-24,Mumbai
7727,560,2026-01-08,Kolkata
7728,80,2026-01-02,Kolkata
7729,1005,2026-01-25,Bangalore
7730,380,2026-01-03,Hyderabad
7731,1520,2026-01-13,Bangalore
7732,897,2026-01-08,Hyderabad
7733,1405,2026-01-26,Hyderabad
7734,5,2026-01-02,Mumbai
7735,480,2026-01-28,Kolkata
7736,1498,2026-01-23,Mumbai
7737,875,2026-01-24,Delhi
7738,489,2026-01-13,Bangalore
7739,526,2026-01-01,Kolkata
7740,136,2026-01-15,Chennai
7741,1316,2026-01-16,Pune
7742,1190,2026-01-22,Delhi
7743,1058,2026-01-06,Hyderabad
7744,351,2026-01-18,Bangalore
7745,171,2026-01-23,Chennai
7746,887,2026-01-13,Mumbai
7747,108,2026-01-10,Kolkata
7748,1458,2026-01-04,Chennai
7749,1570,2026-01-09,Mumbai
7750,344,2026-01-15,Bangalore
7751,114,2026-01-22,Bangalore
7752,1542,2026-01-20,Hyderabad
7753,291,2026-01-19,Bangalore
7754,1004,2026-01-08,Hyderabad
7755,1370,2026-01-02,Chennai
7756,1411,2026-01-23,Ahmedabad
7757,509,2026-01-11,Chennai
7758,533,2026-01-11,Chennai
7759,529,2026-01-27,Hyderabad
7760,713,2026-01-06,Pune
7761,852,2026-01-23,Pune
7762,362,2026-01-14,Pune
7763,1006,2026-01-05,Pune
7764,204,2026-01-10,Mumbai
7765,1083,2026-01-19,Bangalore
7766,1520,2026-01-18,Bangalore
7767,147,2026-01-02,Kolkata
7768,458,2026-01-22,Kolkata
7769,789,2026-01-23,Chennai
7770,53,2026-01-07,Ahmedabad
7771,992,2026-01-20,Ahmedabad
7772,1423,2026-01-27,Pune
7773,111,2026-01-08,Chennai
7774,416,2026-01-08,Hyderabad
7775,1493,2026-01-22,Mumbai
7776,421,2026-01-27,Bangalore
7777,1399,2026-01-18,Bangalore
7778,343,2026-01-29,Delhi
7779,960,2026-01-11,Pune
7780,860,2026-01-03,Mumbai
7781,307,2026-01-04,Hyderabad
7782,234,2026-01-15,Hyderabad
7783,77,2026-01-02,Mumbai
7784,115,2026-01-13,Bangalore
7785,466,2026-01-25,Hyderabad
7786,1369,2026-01-30,Mumbai
7787,1130,2026-01-31,Pune
7788,460,2026-01-07,Delhi
7789,33,2026-01-16,Chennai
7790,937,2026-01-07,Bangalore
7791,299,2026-01-18,Mumbai
7792,1322,2026-01-31,Delhi
7793,607,2026-01-18,Ahmedabad
7794,837,2026-01-20,Mumbai
7795,1223,2026-01-25,Mumbai
7796,801,2026-01-16,Ahmedabad
7797,268,2026-01-20,Bangalore
7798,554,2026-01-06,Mumbai
7799,733,2026-01-10,Ahmedabad
7800,1585,2026-01-23,Bangalore
7801,1242,2026-01-19,Mumbai
7802,624,2026-01-25,Kolkata
7803,1188,2026-01-25,Kolkata
7804,953,2026-01-16,Delhi
7805,676,2026-01-08,Bangalore
7806,794,2026-01-26,Mumbai
7807,1426,2026-01-15,Hyderabad
7808,510,2026-01-05,Delhi
7809,623,2026-01-25,Mumbai
7810,264,2026-01-22,Kolkata
7811,1054,2026-01-25,Pune
7812,150,2026-01-01,Mumbai
7813,993,2026-01-22,Hyderabad
7814,1299,2026-01-21,Chennai
7815,807,2026-01-01,Bangalore
7816,499,2026-01-21,Delhi
7817,42,2026-01-04,Pune
7818,1450,2026-01-21,Delhi
7819,67,2026-01-03,Mumbai
7820,1084,2026-01-14,Mumbai
7821,602,2026-01-13,Mumbai
7822,309,2026-01-02,Ahmedabad
7823,727,2026-01-07,Hyderabad
7824,1409,2026-01-17,Ahmedabad
7825,780,2026-01-04,Delhi
7826,946,2026-01-18,Hyderabad
7827,487,2026-01-05,Chennai
7828,1472,2026-01-22,Mumbai
7829,1008,2026-01-06,Delhi
7830,340,2026-01-21,Chennai
7831,1059,2026-01-13,Kolkata
7832,517,2026-01-30,Chennai
7833,735,2026-01-22,Mumbai
7834,1509,2026-01-19,Delhi
7835,1383,2026-01-25,Hyderabad
7836,347,2026-01-03,Pune
7837,609,2026-01-02,Bangalore
7838,853,2026-01-11,Delhi
7839,828,2026-01-10,Kolkata
7840,949,2026-01-29,Ahmedabad
7841,732,2026-01-25,Bangalore
7842,771,2026-01-13,Pune
7843,1527,2026-01-06,Chennai
7844,1312,2026-01-14,Delhi
7845,573,2026-01-27,Kolkata
7846,1035,2026-01-03,Pune
7847,250,2026-01-06,Bangalore
7848,385,2026-01-05,Ahmedabad
7849,1067,2026-01-03,Mumbai
7850,793,2026-01-12,Mumbai
7851,727,2026-01-26,Hyderabad
7852,1538,2026-01-10,Delhi
7853,769,2026-01-05,Mumbai
7854,1107,2026-01-19,Kolkata
7855,604,2026-01-28,Bangalore
7856,40,2026-01-10,Chennai
7857,1130,2026-01-12,Pune
7858,648,2026-01-26,Delhi
7859,781,2026-01-25,Ahmedabad
7860,1165,2026-01-06,Hyderabad
7861,505,2026-01-06,Hyderabad
7862,220,2026-01-14,Chennai
7863,330,2026-01-27,Delhi
7864,192,2026-01-09,Bangalore
7865,1462,2026-01-16,Pune
7866,529,2026-01-22,Hyderabad
7867,452,2026-01-08,Bangalore
7868,291,2026-01-14,Bangalore
7869,718,2026-01-13,Mumbai
7870,1376,2026-01-02,Hyderabad
7871,1562,2026-01-25,Hyderabad
7872,583,2026-01-24,Ahmedabad
7873,1497,2026-01-23,Chennai
7874,1280,2026-01-26,Hyderabad
7875,762,2026-01-21,Mumbai
7876,546,2026-01-07,Pune
7877,1071,2026-01-09,Kolkata
7878,712,2026-01-31,Bangalore
7879,1469,2026-01-15,Mumbai
7880,165,2026-01-12,Delhi
7881,185,2026-01-13,Kolkata
7882,806,2026-01-17,Pune
7883,606,2026-01-28,Bangalore
7884,988,2026-01-12,Bangalore
7885,995,2026-01-11,Bangalore
7886,120,2026-01-14,Mumbai
7887,374,2026-01-14,Mumbai
7888,1427,2026-01-27,Mumbai
7889,134,2026-01-19,Mumbai
7890,1025,2026-01-31,Ahmedabad
7891,1140,2026-01-23,Pune
7892,1484,2026-01-23,Bangalore
7893,1113,2026-01-07,Delhi
7894,720,2026-01-02,Hyderabad
7895,340,2026-01-18,Chennai
7896,962,2026-01-23,Bangalore
7897,1514,2026-01-02,Pune
7898,1278,2026-01-29,Hyderabad
7899,278,2026-01-21,Pune
7900,585,2026-01-31,Chennai
7901,957,2026-01-28,Delhi
7902,1470,2026-01-29,Pune
7903,301,2026-01-08,Pune
7904,814,2026-01-26,Delhi
7905,1295,2026-01-24,Mumbai
7906,209,2026-01-27,Mumbai
7907,314,2026-01-31,Delhi
7908,1234,2026-01-19,Hyderabad
7909,148,2026-01-23,Mumbai
7910,298,2026-01-09,Pune
7911,639,2026-01-10,Mumbai
7912,1230,2026-01-13,Chennai
7913,370,2026-01-20,Hyderabad
7914,990,2026-01-26,Delhi
7915,803,2026-01-11,Mumbai
7916,1423,2026-01-11,Pune
7917,38,2026-01-09,Ahmedabad
7918,383,2026-01-20,Bangalore
7919,749,2026-01-19,Mumbai
7920,1567,2026-01-18,Kolkata
7921,381,2026-01-06,Hyderabad
7922,49,2026-01-23,Mumbai
7923,1386,2026-01-19,Delhi
7924,383,2026-01-06,Bangalore
7925,540,2026-01-01,Mumbai
7926,263,2026-01-05,Delhi
7927,569,2026-01-27,Kolkata
7928,345,2026-01-12,Chennai
7929,989,2026-01-06,Kolkata
7930,1049,2026-01-06,Mumbai
7931,926,2026-01-31,Mumbai
7932,459,2026-01-31,Pune
7933,544,2026-01-05,Kolkata
7934,53,2026-01-16,Ahmedabad
7935,1451,2026-01-14,Pune
7936,143,2026-01-24,Chennai
7937,105,2026-01-06,Mumbai
7938,110,2026-01-05,Mumbai
7939,332,2026-01-04,Delhi
7940,39,2026-01-25,Chennai
7941,523,2026-01-27,Mumbai
7942,1388,2026-01-03,Delhi
7943,293,2026-01-19,Delhi
7944,945,2026-01-03,Bangalore
7945,476,2026-01-17,Ahmedabad
7946,15,2026-01-01,Delhi
7947,936,2026-01-24,Chennai
7948,765,2026-01-08,Bangalore
7949,140,2026-01-08,Bangalore
7950,1101,2026-01-22,Kolkata
7951,421,2026-01-09,Bangalore
7952,743,2026-01-26,Mumbai
7953,1298,2026-01-27,Bangalore
7954,928,2026-01-09,Bangalore
7955,1534,2026-01-20,Chennai
7956,694,2026-01-09,Bangalore
7957,1048,2026-01-25,Delhi
7958,24,2026-01-28,Kolkata
7959,1190,2026-01-25,Delhi
7960,236,2026-01-23,Chennai
7961,1180,2026-01-28,Pune
7962,134,2026-01-28,Mumbai
7963,601,2026-01-06,Mumbai
7964,608,2026-01-27,Chennai
7965,427,2026-01-11,Kolkata
7966,391,2026-01-08,Delhi
7967,550,2026-01-07,Kolkata
7968,730,2026-01-04,Hyderabad
7969,1018,2026-01-26,Bangalore
7970,248,2026-01-17,Bangalore
7971,1511,2026-01-13,Mumbai
7972,333,2026-01-17,Delhi
7973,1225,2026-01-13,Delhi
7974,1,2026-01-14,Chennai
7975,697,2026-01-07,Mumbai
7976,151,2026-01-04,Bangalore
7977,35,2026-01-30,Chennai
7978,1285,2026-01-21,Chennai
7979,879,2026-01-22,Bangalore
7980,144,2026-01-19,Delhi
7981,1548,2026-01-31,Bangalore
7982,1049,2026-01-27,Mumbai
7983,726,2026-01-02,Bangalore
7984,943,2026-01-27,Chennai
7985,641,2026-01-12,Kolkata
7986,866,2026-01-14,Hyderabad
7987,1491,2026-01-26,Chennai
7988,217,2026-01-04,Chennai
7989,318,2026-01-15,Hyderabad
7990,544,2026-01-15,Kolkata
7991,1518,2026-01-30,Delhi
7992,790,2026-01-26,Kolkata
7993,977,2026-01-07,Bangalore
7994,558,2026-01-15,Mumbai
7995,583,2026-01-21,Ahmedabad
7996,1298,2026-01-17,Bangalore
7997,1000,2026-01-22,Mumbai
7998,856,2026-01-21,Delhi
7999,1414,2026-01-08,Chennai
8000,491,2026-01-28,Kolkata
8001,313,2026-01-22,Mumbai
8002,793,2026-01-02,Mumbai
8003,1183,2026-01-01,Chennai
8004,221,2026-01-20,Mumbai
8005,1115,2026-01-26,Bangalore
8006,823,2026-01-11,Chennai
8007,1373,2026-01-09,Mumbai
8008,1160,2026-01-27,Delhi
8009,1563,2026-01-03,Bangalore
8010,1429,2026-01-11,Kolkata
8011,53,2026-01-16,Ahmedabad
8012,202,2026-01-05,Delhi
8013,282,2026-01-10,Chennai
8014,914,2026-01-05,Bangalore
8015,204,2026-01-21,Mumbai
8016,1184,2026-01-16,Mumbai
8017,1399,2026-01-12,Bangalore
8018,598,2026-01-08,Mumbai
8019,588,2026-01-08,Ahmedabad
8020,1497,2026-01-02,Chennai
8021,615,2026-01-24,Mumbai
8022,394,2026-01-08,Bangalore
8023,1084,2026-01-18,Mumbai
8024,681,2026-01-09,Pune
8025,371,2026-01-30,Bangalore
8026,127,2026-01-20,Mumbai
8027,641,2026-01-02,Kolkata
8028,62,2026-01-06,Chennai
8029,255,2026-01-30,Bangalore
8030,1180,2026-01-08,Pune
8031,253,2026-01-01,Hyderabad
8032,54,2026-01-13,Bangalore
8033,1271,2026-01-14,Delhi
8034,255,2026-01-14,Bangalore
8035,390,2026-01-28,Chennai
8036,396,2026-01-03,Chennai
8037,1397,2026-01-31,Delhi
8038,1145,2026-01-20,Bangalore
8039,1421,2026-01-30,Hyderabad
8040,612,2026-01-30,Pune
8041,1224,2026-01-18,Bangalore
8042,288,2026-01-26,Bangalore
8043,112,2026-01-12,Delhi
8044,1274,2026-01-17,Ahmedabad
8045,998,2026-01-06,Mumbai
8046,37,2026-01-02,Bangalore
8047,1345,2026-01-18,Chennai
8048,1114,2026-01-03,Bangalore
8049,791,2026-01-26,Mumbai
8050,1561,2026-01-23,Delhi
8051,33,2026-01-17,Chennai
8052,565,2026-01-20,Chennai
8053,1078,2026-01-19,Mumbai
8054,694,2026-01-24,Bangalore
8055,14,2026-01-12,Chennai
8056,528,2026-01-07,Pune
8057,51,2026-01-06,Bangalore
8058,921,2026-01-15,Mumbai
8059,273,2026-01-12,Kolkata
8060,1031,2026-01-10,Hyderabad
8061,996,2026-01-09,Delhi
8062,589,2026-01-28,Delhi
8063,415,2026-01-14,Pune
8064,604,2026-01-25,Bangalore
8065,1228,2026-01-21,Hyderabad
8066,1409,2026-01-26,Ahmedabad
8067,1322,2026-01-30,Delhi
8068,1068,2026-01-16,Delhi
8069,349,2026-01-30,Chennai
8070,1260,2026-01-15,Mumbai
8071,604,2026-01-13,Bangalore
8072,249,2026-01-08,Delhi
8073,339,2026-01-24,Delhi
8074,1548,2026-01-19,Bangalore
8075,1492,2026-01-18,Mumbai
8076,355,2026-01-08,Delhi
8077,1200,2026-01-11,Kolkata
8078,824,2026-01-18,Bangalore
8079,963,2026-01-02,Bangalore
8080,898,2026-01-31,Kolkata
8081,767,2026-01-28,Mumbai
8082,694,2026-01-23,Bangalore
8083,724,2026-01-11,Mumbai
8084,444,2026-01-14,Hyderabad
8085,991,2026-01-30,Delhi
8086,582,2026-01-11,Delhi
8087,167,2026-01-13,Bangalore
8088,32,2026-01-26,Delhi
8089,461,2026-01-17,Delhi
8090,955,2026-01-25,Delhi
8091,1212,2026-01-14,Bangalore
8092,1139,2026-01-29,Chennai
8093,1064,2026-01-24,Ahmedabad
8094,1396,2026-01-04,Delhi
8095,967,2026-01-02,Mumbai
8096,872,2026-01-18,Mumbai
8097,753,2026-01-05,Delhi
8098,591,2026-01-30,Pune
8099,1113,2026-01-18,Delhi
8100,557,2026-01-17,Pune
8101,780,2026-01-19,Delhi
8102,412,2026-01-25,Pune
8103,1267,2026-01-12,Delhi
8104,1253,2026-01-27,Hyderabad
8105,599,2026-01-12,Pune
8106,128,2026-01-06,Delhi
8107,1387,2026-01-31,Bangalore
8108,954,2026-01-13,Mumbai
8109,716,2026-01-25,Delhi
8110,279,2026-01-26,Bangalore
8111,1365,2026-01-08,Bangalore
8112,125,2026-01-31,Delhi
8113,1149,2026-01-27,Delhi
8114,106,2026-01-09,Chennai
8115,435,2026-01-15,Chennai
8116,1102,2026-01-18,Pune
8117,902,2026-01-16,Ahmedabad
8118,615,2026-01-22,Mumbai
8119,1175,2026-01-07,Hyderabad
8120,73,2026-01-19,Delhi
8121,540,2026-01-05,Mumbai
8122,1053,2026-01-28,Bangalore
8123,61,2026-01-30,Kolkata
8124,445,2026-01-29,Chennai
8125,1126,2026-01-05,Ahmedabad
8126,1037,2026-01-18,Ahmedabad
8127,1101,2026-01-13,Kolkata
8128,285,2026-01-13,Hyderabad
8129,110,2026-01-31,Mumbai
8130,554,2026-01-23,Mumbai
8131,208,2026-01-01,Mumbai
8132,334,2026-01-14,Hyderabad
8133,143,2026-01-26,Chennai
8134,527,2026-01-07,Pune
8135,1361,2026-01-12,Mumbai
8136,1450,2026-01-30,Delhi
8137,282,2026-01-26,Chennai
8138,1006,2026-01-02,Pune
8139,432,2026-01-15,Delhi
8140,1280,2026-01-03,Hyderabad
8141,188,2026-01-04,Mumbai
8142,474,2026-01-31,Bangalore
8143,1215,2026-01-01,Ahmedabad
8144,598,2026-01-06,Mumbai
8145,610,2026-01-16,Chennai
8146,274,2026-01-05,Bangalore
8147,58,2026-01-09,Hyderabad
8148,576,2026-01-26,Mumbai
8149,163,2026-01-27,Delhi
8150,790,2026-01-07,Kolkata
8151,1255,2026-01-23,Delhi
8152,944,2026-01-12,Bangalore
8153,904,2026-01-26,Mumbai
8154,1046,2026-01-04,Delhi
8155,571,2026-01-30,Chennai
8156,867,2026-01-23,Delhi
8157,582,2026-01-24,Delhi
8158,1029,2026-01-04,Chennai
8159,1220,2026-01-22,Ahmedabad
8160,1269,2026-01-15,Bangalore
8161,444,2026-01-25,Hyderabad
8162,1210,2026-01-11,Delhi
8163,763,2026-01-04,Mumbai
8164,1431,2026-01-20,Kolkata
8165,659,2026-01-01,Mumbai
8166,1517,2026-01-12,Mumbai
8167,900,2026-01-04,Mumbai
8168,95,2026-01-04,Delhi
8169,91,2026-01-22,Delhi
8170,146,2026-01-29,Delhi
8171,963,2026-01-19,Bangalore
8172,1118,2026-01-04,Mumbai
8173,777,2026-01-04,Delhi
8174,428,2026-01-18,Bangalore
8175,945,2026-01-08,Bangalore
8176,1595,2026-01-03,Delhi
8177,1423,2026-01-26,Pune
8178,529,2026-01-01,Hyderabad
8179,1221,2026-01-18,Bangalore
8180,872,2026-01-30,Mumbai
8181,1404,2026-01-07,Ahmedabad
8182,1274,2026-01-09,Ahmedabad
8183,1359,2026-01-12,Bangalore
8184,1046,2026-01-24,Delhi
8185,770,2026-01-03,Mumbai
8186,997,2026-01-20,Delhi
8187,1439,2026-01-24,Hyderabad
8188,1399,2026-01-22,Bangalore
8189,828,2026-01-15,Kolkata
8190,829,2026-01-24,Chennai
8191,940,2026-01-11,Ahmedabad
8192,589,2026-01-07,Delhi
8193,912,2026-01-06,Mumbai
8194,1047,2026-01-04,Mumbai
8195,1138,2026-01-22,Bangalore
8196,162,2026-01-07,Pune
8197,1207,2026-01-26,Delhi
8198,666,2026-01-25,Hyderabad
8199,508,2026-01-19,Mumbai
8200,865,2026-01-07,Chennai
8201,1199,2026-01-10,Delhi
8202,571,2026-01-12,Chennai
8203,1330,2026-01-21,Ahmedabad
8204,1223,2026-01-29,Mumbai
8205,1313,2026-01-14,Delhi
8206,267,2026-01-15,Chennai
8207,1299,2026-01-04,Chennai
8208,330,2026-01-19,Delhi
8209,89,2026-01-24,Chennai
8210,1212,2026-01-26,Bangalore
8211,1119,2026-01-05,Chennai
8212,1039,2026-01-28,Chennai
8213,360,2026-01-30,Ahmedabad
8214,224,2026-01-21,Hyderabad
8215,767,2026-01-31,Mumbai
8216,1032,2026-01-07,Delhi
8217,334,2026-01-12,Hyderabad
8218,282,2026-01-01,Chennai
8219,1269,2026-01-22,Bangalore
8220,886,2026-01-21,Bangalore
8221,1160,2026-01-15,Delhi
8222,1164,2026-01-22,Ahmedabad
8223,1253,2026-01-15,Hyderabad
8224,1130,2026-01-10,Pune
8225,279,2026-01-06,Bangalore
8226,1184,2026-01-04,Mumbai
8227,824,2026-01-15,Bangalore
8228,934,2026-01-01,Mumbai
8229,1505,2026-01-12,Mumbai
8230,145,2026-01-29,Mumbai
8231,1142,2026-01-24,Chennai
8232,1317,2026-01-01,Ahmedabad
8233,1368,2026-01-23,Mumbai
8234,1395,2026-01-15,Mumbai
8235,1089,2026-01-21,Delhi
8236,1054,2026-01-21,Pune
8237,855,2026-01-02,Delhi
8238,1149,2026-01-31,Delhi
8239,1376,2026-01-24,Hyderabad
8240,104,2026-01-26,Pune
8241,673,2026-01-21,Mumbai
8242,1148,2026-01-26,Bangalore
8243,1336,2026-01-29,Delhi
8244,1306,2026-01-20,Delhi
8245,261,2026-01-05,Delhi
8246,866,2026-01-01,Hyderabad
8247,786,2026-01-13,Kolkata
8248,704,2026-01-23,Mumbai
8249,565,2026-01-01,Chennai
8250,1058,2026-01-19,Hyderabad
8251,224,2026-01-12,Hyderabad
8252,284,2026-01-14,Kolkata
8253,358,2026-01-16,Mumbai
8254,1263,2026-01-14,Kolkata
8255,666,2026-01-25,Hyderabad
8256,1244,2026-01-28,Ahmedabad
8257,1208,2026-01-14,Hyderabad
8258,1531,2026-01-09,Mumbai
8259,674,2026-01-15,Mumbai
8260,479,2026-01-02,Delhi
8261,635,2026-01-21,Pune
8262,1383,2026-01-30,Hyderabad
8263,1040,2026-01-08,Delhi
8264,1458,2026-01-20,Chennai
8265,113,2026-01-04,Hyderabad
8266,549,2026-01-09,Pune
8267,832,2026-01-16,Delhi
8268,1394,2026-01-26,Kolkata
8269,742,2026-01-24,Delhi
8270,700,2026-01-12,Bangalore
8271,23,2026-01-28,Pune
8272,1337,2026-01-30,Chennai
8273,492,2026-01-15,Hyderabad
8274,1485,2026-01-22,Chennai
8275,589,2026-01-18,Delhi
8276,294,2026-01-15,Delhi
8277,1383,2026-01-20,Hyderabad
8278,654,2026-01-23,Mumbai
8279,1114,2026-01-11,Bangalore
8280,1177,2026-01-09,Bangalore
8281,969,2026-01-05,Chennai
8282,1069,2026-01-18,Hyderabad
8283,745,2026-01-29,Chennai
8284,1578,2026-01-02,Hyderabad
8285,833,2026-01-19,Hyderabad
8286,62,2026-01-29,Chennai
8287,261,2026-01-07,Delhi
8288,826,2026-01-28,Hyderabad
8289,1292,2026-01-25,Hyderabad
8290,814,2026-01-18,Delhi
8291,1292,2026-01-21,Hyderabad
8292,1247,2026-01-26,Pune
8293,65,2026-01-30,Delhi
8294,431,2026-01-10,Mumbai
8295,1403,2026-01-25,Chennai
8296,1467,2026-01-24,Delhi
8297,1201,2026-01-01,Mumbai
8298,240,2026-01-05,Pune
8299,54,2026-01-23,Bangalore
8300,199,2026-01-21,Ahmedabad
8301,308,2026-01-31,Pune
8302,1419,2026-01-15,Mumbai
8303,463,2026-01-09,Pune
8304,1464,2026-01-02,Kolkata
8305,1179,2026-01-03,Mumbai
8306,227,2026-01-05,Bangalore
8307,832,2026-01-03,Delhi
8308,882,2026-01-17,Delhi
8309,56,2026-01-03,Mumbai
8310,1364,2026-01-11,Bangalore
8311,1136,2026-01-29,Mumbai
8312,496,2026-01-29,Pune
8313,1162,2026-01-04,Delhi
8314,165,2026-01-30,Delhi
8315,575,2026-01-30,Hyderabad
8316,712,2026-01-24,Bangalore
8317,416,2026-01-23,Hyderabad
8318,877,2026-01-13,Ahmedabad
8319,117,2026-01-31,Mumbai
8320,1324,2026-01-03,Pune
8321,1468,2026-01-13,Delhi
8322,1463,2026-01-06,Chennai
8323,492,2026-01-26,Hyderabad
8324,1036,2026-01-19,Delhi
8325,466,2026-01-15,Hyderabad
8326,211,2026-01-01,Bangalore
8327,1248,2026-01-09,Bangalore
8328,48,2026-01-30,Bangalore
8329,740,2026-01-05,Chennai
8330,347,2026-01-17,Pune
8331,482,2026-01-25,Mumbai
8332,1586,2026-01-14,Delhi
8333,1288,2026-01-29,Mumbai
8334,1009,2026-01-05,Ahmedabad
8335,759,2026-01-24,Mumbai
8336,1358,2026-01-24,Mumbai
8337,424,2026-01-02,Ahmedabad
8338,866,2026-01-27,Hyderabad
8339,1118,2026-01-04,Mumbai
8340,1064,2026-01-14,Ahmedabad
8341,1471,2026-01-18,Pune
8342,996,2026-01-22,Delhi
8343,409,2026-01-21,Bangalore
8344,782,2026-01-09,Pune
8345,381,2026-01-22,Hyderabad
8346,314,2026-01-30,Delhi
8347,425,2026-01-27,Delhi
8348,1276,2026-01-13,Pune
8349,219,2026-01-09,Bangalore
8350,698,2026-01-31,Delhi
8351,386,2026-01-21,Hyderabad
8352,147,2026-01-30,Kolkata
8353,178,2026-01-31,Bangalore
8354,1421,2026-01-20,Hyderabad
8355,1350,2026-01-07,Ahmedabad
8356,721,2026-01-06,Bangalore
8357,47,2026-01-20,Bangalore
8358,1094,2026-01-22,Chennai
8359,648,2026-01-15,Delhi
8360,889,2026-01-20,Ahmedabad
8361,1328,2026-01-26,Mumbai
8362,1564,2026-01-02,Mumbai
8363,441,2026-01-07,Mumbai
8364,657,2026-01-11,Mumbai
8365,409,2026-01-07,Bangalore
8366,466,2026-01-24,Hyderabad
8367,998,2026-01-23,Mumbai
8368,1038,2026-01-12,Delhi
8369,255,2026-01-27,Bangalore
8370,347,2026-01-07,Pune
8371,289,2026-01-31,Mumbai
8372,180,2026-01-03,Kolkata
8373,818,2026-01-08,Chennai
8374,1481,2026-01-09,Chennai
8375,259,2026-01-15,Pune
8376,212,2026-01-25,Chennai
8377,1103,2026-01-18,Pune
8378,915,2026-01-24,Delhi
8379,1101,2026-01-25,Kolkata
8380,956,2026-01-10,Kolkata
8381,916,2026-01-06,Chennai
8382,414,2026-01-04,Delhi
8383,1401,2026-01-05,Bangalore
8384,1400,2026-01-19,Hyderabad
8385,211,2026-01-09,Bangalore
8386,309,2026-01-08,Ahmedabad
8387,1036,2026-01-15,Delhi
8388,1027,2026-01-10,Ahmedabad
8389,1404,2026-01-20,Ahmedabad
8390,835,2026-01-23,Mumbai
8391,1351,2026-01-13,Mumbai
8392,399,2026-01-13,Hyderabad
8393,1228,2026-01-21,Hyderabad
8394,1048,2026-01-08,Delhi
8395,168,2026-01-20,Mumbai
8396,535,2026-01-25,Chennai
8397,1416,2026-01-29,Hyderabad
8398,1506,2026-01-11,Mumbai
8399,1067,2026-01-27,Mumbai
8400,679,2026-01-09,Mumbai
8401,1168,2026-01-24,Chennai
8402,193,2026-01-31,Kolkata
8403,1031,2026-01-22,Hyderabad
8404,365,2026-01-22,Mumbai
8405,66,2026-01-26,Bangalore
8406,479,2026-01-21,Delhi
8407,25,2026-01-16,Hyderabad
8408,1114,2026-01-21,Bangalore
8409,951,2026-01-18,Hyderabad
8410,304,2026-01-19,Hyderabad
8411,1598,2026-01-28,Pune
8412,1396,2026-01-26,Delhi
8413,996,2026-01-02,Delhi
8414,202,2026-01-12,Delhi
8415,339,2026-01-24,Delhi
8416,1544,2026-01-26,Delhi
8417,1468,2026-01-18,Delhi
8418,383,2026-01-16,Bangalore
8419,1265,2026-01-03,Hyderabad
8420,1190,2026-01-11,Delhi
8421,982,2026-01-17,Hyderabad
8422,601,2026-01-30,Mumbai
8423,251,2026-01-20,Chennai
8424,1343,2026-01-24,Hyderabad
8425,1415,2026-01-15,Bangalore
8426,57,2026-01-14,Pune
8427,61,2026-01-21,Kolkata
8428,391,2026-01-14,Delhi
8429,1307,2026-01-24,Bangalore
8430,1468,2026-01-04,Delhi
8431,1263,2026-01-10,Kolkata
8432,339,2026-01-10,Delhi
8433,1123,2026-01-17,Mumbai
8434,375,2026-01-31,Bangalore
8435,1537,2026-01-03,Hyderabad
8436,655,2026-01-22,Chennai
8437,340,2026-01-11,Chennai
8438,1533,2026-01-20,Bangalore
8439,971,2026-01-02,Bangalore
8440,1387,2026-01-04,Bangalore
8441,555,2026-01-31,Chennai
8442,242,2026-01-02,Hyderabad
8443,524,2026-01-02,Bangalore
8444,747,2026-01-03,Kolkata
8445,1241,2026-01-25,Delhi
8446,1450,2026-01-22,Delhi
8447,1406,2026-01-01,Delhi
8448,178,2026-01-06,Bangalore
8449,1196,2026-01-10,Delhi
8450,319,2026-01-15,Delhi
8451,48,2026-01-19,Bangalore
8452,1037,2026-01-22,Ahmedabad
8453,1211,2026-01-24,Hyderabad
8454,756,2026-01-13,Chennai
8455,415,2026-01-11,Pune
8456,605,2026-01-01,Bangalore
8457,675,2026-01-23,Chennai
8458,1491,2026-01-30,Chennai
8459,1414,2026-01-17,Chennai
8460,755,2026-01-25,Pune
8461,251,2026-01-26,Chennai
8462,635,2026-01-01,Pune
8463,235,2026-01-15,Pune
8464,1169,2026-01-13,Delhi
8465,1198,2026-01-21,Chennai
8466,1231,2026-01-30,Mumbai
8467,1461,2026-01-17,Kolkata
8468,1292,2026-01-10,Hyderabad
8469,1515,2026-01-31,Kolkata
8470,871,2026-01-16,Mumbai
8471,686,2026-01-02,Bangalore
8472,205,2026-01-14,Mumbai
8473,1306,2026-01-02,Delhi
8474,13,2026-01-31,Pune
8475,627,2026-01-14,Bangalore
8476,1101,2026-01-25,Kolkata
8477,1285,2026-01-05,Chennai
8478,892,2026-01-14,Kolkata
8479,1590,2026-01-27,Ahmedabad
8480,1552,2026-01-06,Chennai
8481,962,2026-01-21,Bangalore
8482,226,2026-01-31,Delhi
8483,695,2026-01-24,Mumbai
8484,933,2026-01-14,Mumbai
8485,1076,2026-01-21,Pune
8486,1322,2026-01-16,Delhi
8487,1307,2026-01-25,Bangalore
8488,238,2026-01-12,Mumbai
8489,509,2026-01-21,Chennai
8490,630,2026-01-20,Delhi
8491,131,2026-01-02,Mumbai
8492,1138,2026-01-23,Bangalore
8493,812,2026-01-13,Pune
8494,397,2026-01-19,Mumbai
8495,1393,2026-01-19,Chennai
8496,519,2026-01-26,Ahmedabad
8497,1229,2026-01-20,Ahmedabad
8498,690,2026-02-26,Kolkata
8499,1530,2026-02-20,Mumbai
8500,1392,2026-02-15,Mumbai
8501,735,2026-02-04,Mumbai
8502,1265,2026-02-19,Hyderabad
8503,1545,2026-02-07,Chennai
8504,123,2026-02-26,Delhi
8505,419,2026-02-04,Mumbai
8506,916,2026-02-03,Chennai
8507,1311,2026-02-18,Bangalore
8508,1570,2026-02-05,Mumbai
8509,671,2026-02-25,Bangalore
8510,1310,2026-02-19,Hyderabad
8511,953,2026-02-10,Delhi
8512,1574,2026-02-08,Hyderabad
8513,833,2026-02-23,Hyderabad
8514,836,2026-02-22,Hyderabad
8515,327,2026-02-14,Hyderabad
8516,1218,2026-02-02,Mumbai
8517,263,2026-02-02,Delhi
8518,1528,2026-02-01,Ahmedabad
8519,205,2026-02-21,Mumbai
8520,1198,2026-02-06,Chennai
8521,774,2026-02-16,Bangalore
8522,1523,2026-02-22,Kolkata
8523,967,2026-02-01,Mumbai
8524,886,2026-02-28,Bangalore
8525,520,2026-02-06,Mumbai
8526,1288,2026-02-09,Mumbai
8527,92,2026-02-12,Bangalore
8528,1047,2026-02-08,Mumbai
8529,102,2026-02-18,Chennai
8530,451,2026-02-19,Bangalore
8531,1570,2026-02-13,Mumbai
8532,372,2026-02-16,Mumbai
8533,688,2026-02-10,Bangalore
8534,443,2026-02-26,Mumbai
8535,909,2026-02-26,Ahmedabad
8536,1135,2026-02-02,Ahmedabad
8537,269,2026-02-19,Hyderabad
8538,588,2026-02-18,Ahmedabad
8539,1333,2026-02-17,Pune
8540,985,2026-02-13,Bangalore
8541,170,2026-02-13,Mumbai
8542,1130,2026-02-22,Pune
8543,243,2026-02-01,Bangalore
8544,366,2026-02-28,Ahmedabad
8545,1573,2026-02-11,Mumbai
8546,438,2026-02-14,Hyderabad
8547,659,2026-02-18,Mumbai
8548,1039,2026-02-28,Chennai
8549,1051,2026-02-07,Ahmedabad
8550,1293,2026-02-02,Bangalore
8551,337,2026-02-07,Mumbai
8552,503,2026-02-05,Chennai
8553,211,2026-02-14,Bangalore
8554,1526,2026-02-28,Bangalore
8555,1409,2026-02-11,Ahmedabad
8556,1539,2026-02-13,Mumbai
8557,575,2026-02-25,Hyderabad
8558,682,2026-02-22,Delhi
8559,1299,2026-02-21,Chennai
8560,1584,2026-02-17,Delhi
8561,515,2026-02-20,Ahmedabad
8562,888,2026-02-15,Chennai
8563,157,2026-02-10,Bangalore
8564,416,2026-02-16,Hyderabad
8565,107,2026-02-17,Bangalore
8566,124,2026-02-25,Delhi
8567,1369,2026-02-17,Mumbai
8568,1539,2026-02-06,Mumbai
8569,1383,2026-02-17,Hyderabad
8570,586,2026-02-14,Ahmedabad
8571,850,2026-02-26,Delhi
8572,78,2026-02-14,Kolkata
8573,1317,2026-02-21,Ahmedabad
8574,99,2026-02-15,Mumbai
8575,768,2026-02-23,Kolkata
8576,702,2026-02-25,Delhi
8577,1386,2026-02-23,Delhi
8578,1474,2026-02-16,Bangalore
8579,737,2026-02-18,Bangalore
8580,484,2026-02-20,Ahmedabad
8581,139,2026-02-19,Mumbai
8582,363,2026-02-25,Delhi
8583,998,2026-02-23,Mumbai
8584,910,2026-02-01,Bangalore
8585,1207,2026-02-03,Delhi
8586,445,2026-02-16,Chennai
8587,564,2026-02-16,Kolkata
8588,1532,2026-02-12,Ahmedabad
8589,333,2026-02-08,Delhi
8590,593,2026-02-05,Pune
8591,807,2026-02-05,Bangalore
8592,716,2026-02-17,Delhi
8593,578,2026-02-15,Ahmedabad
8594,609,2026-02-11,Bangalore
8595,1007,2026-02-05,Mumbai
8596,461,2026-02-20,Delhi
8597,1591,2026-02-07,Pune
8598,1412,2026-02-10,Chennai
8599,413,2026-02-14,Delhi
8600,967,2026-02-27,Mumbai
8601,1515,2026-02-07,Kolkata
8602,1021,2026-02-20,Hyderabad
8603,932,2026-02-07,Delhi
8604,708,2026-02-07,Mumbai
8605,1482,2026-02-04,Mumbai
8606,150,2026-02-10,Mumbai
8607,1591,2026-02-05,Pune
8608,727,2026-02-08,Hyderabad
8609,72,2026-02-03,Hyderabad
8610,1024,2026-02-18,Hyderabad
8611,678,2026-02-24,Ahmedabad
8612,212,2026-02-11,Chennai
8613,677,2026-02-14,Mumbai
8614,1579,2026-02-20,Bangalore
8615,745,2026-02-08,Chennai
8616,1529,2026-02-09,Mumbai
8617,905,2026-02-12,Hyderabad
8618,1532,2026-02-03,Ahmedabad
8619,1083,2026-02-05,Bangalore
8620,4,2026-02-02,Chennai
8621,1123,2026-02-14,Mumbai
8622,1006,2026-02-24,Pune
8623,1120,2026-02-15,Chennai
8624,970,2026-02-27,Hyderabad
8625,1136,2026-02-09,Mumbai
8626,337,2026-02-01,Mumbai
8627,1000,2026-02-06,Mumbai
8628,60,2026-02-06,Bangalore
8629,10,2026-02-06,Chennai
8630,1569,2026-02-18,Pune
8631,348,2026-02-24,Delhi
8632,905,2026-02-15,Hyderabad
8633,1088,2026-02-07,Mumbai
8634,36,2026-02-11,Chennai
8635,220,2026-02-06,Chennai
8636,341,2026-02-03,Hyderabad
8637,851,2026-02-12,Bangalore
8638,105,2026-02-02,Mumbai
8639,946,2026-02-04,Hyderabad
8640,171,2026-02-23,Chennai
8641,1361,2026-02-23,Mumbai
8642,123,2026-02-27,Delhi
8643,1567,2026-02-11,Kolkata
8644,400,2026-02-19,Bangalore
8645,1208,2026-02-04,Hyderabad
8646,221,2026-02-20,Mumbai
8647,782,2026-02-23,Pune
8648,1540,2026-02-14,Ahmedabad
8649,606,2026-02-18,Bangalore
8650,1526,2026-02-06,Bangalore
8651,115,2026-02-12,Bangalore
8652,1477,2026-02-10,Kolkata
8653,144,2026-02-16,Delhi
8654,773,2026-02-27,Chennai
8655,756,2026-02-17,Chennai
8656,873,2026-02-14,Chennai
8657,424,2026-02-23,Ahmedabad
8658,957,2026-02-18,Delhi
8659,1150,2026-02-13,Mumbai
8660,125,2026-02-24,Delhi
8661,627,2026-02-08,Bangalore
8662,1223,2026-02-12,Mumbai
8663,468,2026-02-18,Delhi
8664,691,2026-02-06,Hyderabad
8665,965,2026-02-22,Bangalore
8666,1326,2026-02-14,Delhi
8667,214,2026-02-04,Mumbai
8668,1009,2026-02-17,Ahmedabad
8669,945,2026-02-22,Bangalore
8670,924,2026-02-16,Delhi
8671,107,2026-02-20,Bangalore
8672,1444,2026-02-13,Ahmedabad
8673,374,2026-02-27,Mumbai
8674,1574,2026-02-25,Hyderabad
8675,906,2026-02-22,Pune
8676,550,2026-02-27,Kolkata
8677,918,2026-02-05,Bangalore
8678,66,2026-02-19,Bangalore
8679,676,2026-02-04,Bangalore
8680,94,2026-02-06,Mumbai
8681,1581,2026-02-24,Ahmedabad
8682,775,2026-02-12,Chennai
8683,1450,2026-02-01,Delhi
8684,306,2026-02-14,Pune
8685,294,2026-02-13,Delhi
8686,213,2026-02-24,Mumbai
8687,868,2026-02-11,Mumbai
8688,222,2026-02-04,Chennai
8689,1011,2026-02-17,Delhi
8690,1268,2026-02-02,Pune
8691,227,2026-02-16,Bangalore
8692,863,2026-02-03,Mumbai
8693,544,2026-02-19,Kolkata
8694,327,2026-02-27,Hyderabad
8695,629,2026-02-07,Bangalore
8696,641,2026-02-19,Kolkata
8697,1001,2026-02-11,Delhi
8698,1040,2026-02-03,Delhi
8699,958,2026-02-24,Pune
8700,478,2026-02-15,Bangalore
8701,1199,2026-02-06,Delhi
8702,912,2026-02-14,Mumbai
8703,1096,2026-02-16,Delhi
8704,46,2026-02-23,Delhi
8705,1009,2026-02-04,Ahmedabad
8706,934,2026-02-04,Mumbai
8707,750,2026-02-18,Delhi
8708,1187,2026-02-03,Delhi
8709,1016,2026-02-03,Delhi
8710,1493,2026-02-28,Mumbai
8711,972,2026-02-27,Chennai
8712,1273,2026-02-03,Ahmedabad
8713,1211,2026-02-28,Hyderabad
8714,366,2026-02-25,Ahmedabad
8715,158,2026-02-07,Pune
8716,1013,2026-02-18,Bangalore
8717,347,2026-02-10,Pune
8718,749,2026-02-09,Mumbai
8719,936,2026-02-22,Chennai
8720,1113,2026-02-03,Delhi
8721,1209,2026-02-27,Delhi
8722,356,2026-02-09,Delhi
8723,1348,2026-02-12,Chennai
8724,785,2026-02-18,Pune
8725,289,2026-02-08,Mumbai
8726,1278,2026-02-19,Hyderabad
8727,698,2026-02-20,Delhi
8728,1196,2026-02-25,Delhi
8729,237,2026-02-03,Pune
8730,1233,2026-02-07,Bangalore
8731,1558,2026-02-23,Pune
8732,345,2026-02-03,Chennai
8733,819,2026-02-08,Delhi
8734,670,2026-02-20,Bangalore
8735,634,2026-02-02,Mumbai
8736,1123,2026-02-04,Mumbai
8737,156,2026-02-27,Hyderabad
8738,489,2026-02-27,Bangalore
8739,1029,2026-02-22,Chennai
8740,570,2026-02-21,Bangalore
8741,1291,2026-02-09,Mumbai
8742,1489,2026-02-21,Mumbai
8743,986,2026-02-06,Mumbai
8744,450,2026-02-10,Chennai
8745,308,2026-02-22,Pune
8746,725,2026-02-17,Hyderabad
8747,935,2026-02-08,Pune
8748,172,2026-02-24,Mumbai
8749,1351,2026-02-05,Mumbai
8750,464,2026-02-12,Ahmedabad
8751,452,2026-02-19,Bangalore
8752,1242,2026-02-06,Mumbai
8753,1578,2026-02-24,Hyderabad
8754,1230,2026-02-21,Chennai
8755,336,2026-02-26,Bangalore
8756,994,2026-02-22,Pune
8757,449,2026-02-16,Bangalore
8758,157,2026-02-04,Bangalore
8759,781,2026-02-23,Ahmedabad
8760,981,2026-02-03,Bangalore
8761,472,2026-02-26,Mumbai
8762,113,2026-02-23,Hyderabad
8763,1356,2026-02-21,Bangalore
8764,259,2026-02-21,Pune
8765,807,2026-02-21,Bangalore
8766,1114,2026-02-18,Bangalore
8767,928,2026-02-11,Bangalore
8768,1077,2026-02-10,Chennai
8769,1165,2026-02-08,Hyderabad
8770,796,2026-02-20,Ahmedabad
8771,1353,2026-02-05,Pune
8772,1549,2026-02-01,Mumbai
8773,1248,2026-02-03,Bangalore
8774,191,2026-02-24,Delhi
8775,846,2026-02-26,Bangalore
8776,768,2026-02-20,Kolkata
8777,31,2026-02-01,Mumbai
8778,1522,2026-02-01,Hyderabad
8779,413,2026-02-23,Delhi
8780,207,2026-02-25,Bangalore
8781,558,2026-02-06,Mumbai
8782,256,2026-02-14,Pune
8783,1008,2026-02-05,Delhi
8784,1530,2026-02-27,Mumbai
8785,620,2026-02-19,Bangalore
8786,1433,2026-02-02,Pune
8787,831,2026-02-28,Delhi
8788,1452,2026-02-21,Bangalore
8789,489,2026-02-06,Bangalore
8790,366,2026-02-21,Ahmedabad
8791,939,2026-02-12,Hyderabad
8792,532,2026-02-17,Pune
8793,1364,2026-02-10,Bangalore
8794,1464,2026-02-17,Kolkata
8795,1508,2026-02-01,Delhi
8796,910,2026-02-27,Bangalore
8797,1117,2026-02-04,Bangalore
8798,260,2026-02-06,Bangalore
8799,291,2026-02-22,Bangalore
8800,856,2026-02-10,Delhi
8801,290,2026-02-07,Delhi
8802,1295,2026-02-21,Mumbai
8803,354,2026-02-04,Delhi
8804,1049,2026-02-19,Mumbai
8805,885,2026-02-17,Pune
8806,1498,2026-02-18,Mumbai
8807,211,2026-02-15,Bangalore
8808,1402,2026-02-13,Bangalore
8809,1388,2026-02-21,Delhi
8810,376,2026-02-11,Hyderabad
8811,351,2026-02-02,Bangalore
8812,742,2026-02-28,Delhi
8813,994,2026-02-05,Pune
8814,642,2026-02-06,Ahmedabad
8815,974,2026-02-05,Mumbai
8816,90,2026-02-26,Ahmedabad
8817,995,2026-02-15,Bangalore
8818,183,2026-02-27,Kolkata
8819,128,2026-02-28,Delhi
8820,880,2026-02-27,Delhi
8821,146,2026-02-20,Delhi
8822,797,2026-02-15,Mumbai
8823,1363,2026-02-28,Bangalore
8824,989,2026-02-02,Kolkata
8825,745,2026-02-05,Chennai
8826,1010,2026-02-26,Mumbai
8827,709,2026-02-02,Mumbai
8828,817,2026-02-08,Hyderabad
8829,397,2026-02-21,Mumbai
8830,115,2026-02-05,Bangalore
8831,1100,2026-02-02,Delhi
8832,34,2026-02-15,Chennai
8833,485,2026-02-24,Bangalore
8834,561,2026-02-09,Delhi
8835,899,2026-02-20,Chennai
8836,624,2026-02-25,Kolkata
8837,90,2026-02-17,Ahmedabad
8838,1549,2026-02-13,Mumbai
8839,774,2026-02-07,Bangalore
8840,365,2026-02-24,Mumbai
8841,560,2026-02-14,Kolkata
8842,1335,2026-02-25,Chennai
8843,196,2026-02-15,Delhi
8844,128,2026-02-13,Delhi
8845,303,2026-02-09,Bangalore
8846,374,2026-02-27,Mumbai
8847,1581,2026-02-25,Ahmedabad
8848,816,2026-02-03,Mumbai
8849,1192,2026-02-12,Pune
8850,278,2026-02-17,Pune
8851,312,2026-02-27,Bangalore
8852,1201,2026-02-16,Mumbai
8853,151,2026-02-20,Bangalore
8854,1503,2026-02-13,Kolkata
8855,922,2026-02-27,Delhi
8856,275,2026-02-04,Ahmedabad
8857,1296,2026-02-24,Pune
8858,142,2026-02-24,Ahmedabad
8859,223,2026-02-19,Chennai
8860,638,2026-02-06,Hyderabad
8861,1291,2026-02-24,Mumbai
8862,1346,2026-02-08,Mumbai
8863,472,2026-02-19,Mumbai
8864,1054,2026-02-09,Pune
8865,1362,2026-02-25,Delhi
8866,554,2026-02-07,Mumbai
8867,1081,2026-02-15,Bangalore
8868,342,2026-02-02,Ahmedabad
8869,1528,2026-02-21,Ahmedabad
8870,115,2026-02-03,Bangalore
8871,71,2026-02-15,Pune
8872,950,2026-02-12,Pune
8873,38,2026-02-14,Ahmedabad
8874,872,2026-02-12,Mumbai
8875,1010,2026-02-03,Mumbai
8876,480,2026-02-22,Kolkata
8877,877,2026-02-04,Ahmedabad
8878,237,2026-02-17,Pune
8879,52,2026-02-10,Bangalore
8880,959,2026-02-13,Chennai
8881,192,2026-02-27,Bangalore
8882,974,2026-02-08,Mumbai
8883,1369,2026-02-26,Mumbai
8884,989,2026-02-06,Kolkata
8885,857,2026-02-26,Chennai
8886,1350,2026-02-21,Ahmedabad
8887,706,2026-02-20,Delhi
8888,1280,2026-02-28,Hyderabad
8889,886,2026-02-04,Bangalore
8890,1065,2026-02-01,Kolkata
8891,189,2026-02-06,Pune
8892,1189,2026-02-08,Delhi
8893,463,2026-02-17,Pune
8894,787,2026-02-06,Chennai
8895,1397,2026-02-27,Delhi
8896,679,2026-02-03,Mumbai
8897,464,2026-02-07,Ahmedabad
8898,1588,2026-02-27,Delhi
8899,127,2026-02-02,Mumbai
8900,560,2026-02-17,Kolkata
8901,1270,2026-02-04,Mumbai
8902,135,2026-02-22,Mumbai
8903,328,2026-02-12,Pune
8904,1483,2026-02-28,Hyderabad
8905,1477,2026-02-03,Kolkata
8906,1261,2026-02-15,Mumbai
8907,1376,2026-02-08,Hyderabad
8908,1208,2026-02-02,Hyderabad
8909,989,2026-02-27,Kolkata
8910,758,2026-02-27,Bangalore
8911,1456,2026-02-15,Pune
8912,151,2026-02-25,Bangalore
8913,937,2026-02-21,Bangalore
8914,967,2026-02-09,Mumbai
8915,1569,2026-02-24,Pune
8916,58,2026-02-23,Hyderabad
8917,508,2026-02-10,Mumbai
8918,749,2026-02-17,Mumbai
8919,643,2026-02-18,Delhi
8920,596,2026-02-10,Delhi
8921,483,2026-02-22,Bangalore
8922,791,2026-02-22,Mumbai
8923,979,2026-02-20,Chennai
8924,1141,2026-02-03,Ahmedabad
8925,218,2026-02-03,Bangalore
8926,954,2026-02-21,Mumbai
8927,512,2026-02-25,Kolkata
8928,196,2026-02-21,Delhi
8929,214,2026-02-26,Mumbai
8930,185,2026-02-26,Kolkata
8931,1217,2026-02-15,Mumbai
8932,1552,2026-02-09,Chennai
8933,745,2026-02-19,Chennai
8934,228,2026-02-26,Hyderabad
8935,726,2026-02-04,Bangalore
8936,449,2026-02-04,Bangalore
8937,884,2026-02-16,Ahmedabad
8938,573,2026-02-01,Kolkata
8939,263,2026-02-01,Delhi
8940,510,2026-02-16,Delhi
8941,1029,2026-02-15,Chennai
8942,1245,2026-02-24,Delhi
8943,1408,2026-02-12,Hyderabad
8944,1153,2026-02-03,Delhi
8945,1028,2026-02-14,Pune
8946,1483,2026-02-05,Hyderabad
8947,720,2026-02-07,Hyderabad
8948,322,2026-02-14,Mumbai
8949,57,2026-02-03,Pune
8950,995,2026-02-22,Bangalore
8951,832,2026-02-05,Delhi
8952,58,2026-02-21,Hyderabad
8953,1451,2026-02-01,Pune
8954,1256,2026-02-23,Bangalore
8955,1231,2026-02-19,Mumbai
8956,120,2026-02-14,Mumbai
8957,446,2026-02-22,Hyderabad
8958,602,2026-02-07,Mumbai
8959,987,2026-02-18,Pune
8960,114,2026-02-13,Bangalore
8961,296,2026-02-07,Mumbai
8962,626,2026-02-04,Chennai
8963,588,2026-02-24,Ahmedabad
8964,648,2026-02-25,Delhi
8965,530,2026-02-10,Delhi
8966,197,2026-02-10,Mumbai
8967,565,2026-02-23,Chennai
8968,153,2026-02-23,Kolkata
8969,1222,2026-02-20,Ahmedabad
8970,1470,2026-02-24,Pune
8971,87,2026-02-18,Ahmedabad
8972,1256,2026-02-05,Bangalore
8973,1103,2026-02-15,Pune
8974,25,2026-02-22,Hyderabad
8975,793,2026-02-19,Mumbai
8976,76,2026-02-18,Delhi
8977,1557,2026-02-26,Pune
8978,1220,2026-02-03,Ahmedabad
8979,687,2026-02-07,Pune
8980,1346,2026-02-02,Mumbai
8981,1559,2026-02-02,Delhi
8982,158,2026-02-23,Pune
8983,687,2026-02-12,Pune
8984,560,2026-02-03,Kolkata
8985,1039,2026-02-17,Chennai
8986,517,2026-02-20,Chennai
8987,756,2026-02-27,Chennai
8988,414,2026-02-16,Delhi
8989,428,2026-02-03,Bangalore
8990,867,2026-02-17,Delhi
8991,704,2026-02-25,Mumbai
8992,1563,2026-02-16,Bangalore
8993,594,2026-02-10,Mumbai
8994,181,2026-02-23,Chennai
8995,365,2026-02-20,Mumbai
8996,191,2026-02-11,Delhi
8997,304,2026-02-04,Hyderabad
8998,1402,2026-02-11,Bangalore
8999,790,2026-02-05,Kolkata
9000,936,2026-02-17,Chennai
9001,1488,2026-02-18,Bangalore
9002,275,2026-02-24,Ahmedabad
9003,69,2026-02-08,Bangalore
9004,984,2026-02-14,Hyderabad
9005,602,2026-02-03,Mumbai
9006,136,2026-02-01,Chennai
9007,1015,2026-02-06,Chennai
9008,699,2026-02-28,Bangalore
9009,158,2026-02-22,Pune
9010,1009,2026-02-21,Ahmedabad
9011,1327,2026-02-26,Mumbai
9012,583,2026-02-16,Ahmedabad
9013,691,2026-02-07,Hyderabad
9014,818,2026-02-24,Chennai
9015,477,2026-02-09,Ahmedabad
9016,608,2026-02-07,Chennai
9017,205,2026-02-09,Mumbai
9018,290,2026-02-11,Delhi
9019,508,2026-02-02,Mumbai
9020,571,2026-02-28,Chennai
9021,231,2026-02-23,Bangalore
9022,701,2026-02-05,Pune
9023,326,2026-02-27,Ahmedabad
9024,963,2026-02-07,Bangalore
9025,1103,2026-02-14,Pune
9026,1376,2026-02-26,Hyderabad
9027,511,2026-02-15,Kolkata
9028,317,2026-02-03,Pune
9029,565,2026-02-02,Chennai
9030,888,2026-02-09,Chennai
9031,1023,2026-02-03,Chennai
9032,1467,2026-02-16,Delhi
9033,586,2026-02-11,Ahmedabad
9034,256,2026-02-21,Pune
9035,1410,2026-02-28,Mumbai
9036,920,2026-02-02,Mumbai
9037,1092,2026-02-28,Bangalore
9038,1547,2026-02-10,Kolkata
9039,512,2026-02-21,Kolkata
9040,855,2026-02-10,Delhi
9041,1300,2026-02-10,Kolkata
9042,1339,2026-02-09,Bangalore
9043,1312,2026-02-14,Delhi
9044,587,2026-02-24,Pune
9045,1109,2026-02-17,Kolkata
9046,1303,2026-02-17,Mumbai
9047,941,2026-02-22,Delhi
9048,1543,2026-02-28,Chennai
9049,168,2026-02-06,Mumbai
9050,1559,2026-02-26,Delhi
9051,448,2026-02-04,Ahmedabad
9052,196,2026-02-01,Delhi
9053,598,2026-02-02,Mumbai
9054,109,2026-02-02,Chennai
9055,1343,2026-02-03,Hyderabad
9056,319,2026-02-05,Delhi
9057,716,2026-02-09,Delhi
9058,1154,2026-02-28,Bangalore
9059,106,2026-02-15,Chennai
9060,1242,2026-02-05,Mumbai
9061,1333,2026-02-13,Pune
9062,69,2026-02-16,Bangalore
9063,583,2026-02-02,Ahmedabad
9064,299,2026-02-16,Mumbai
9065,130,2026-02-16,Mumbai
9066,991,2026-02-07,Delhi
9067,982,2026-02-23,Hyderabad
9068,985,2026-02-21,Bangalore
9069,251,2026-02-23,Chennai
9070,358,2026-02-07,Mumbai
9071,100,2026-02-14,Delhi
9072,640,2026-02-10,Kolkata
9073,1298,2026-02-10,Bangalore
9074,466,2026-02-13,Hyderabad
9075,1074,2026-02-23,Chennai
9076,975,2026-02-27,Mumbai
9077,1454,2026-02-08,Hyderabad
9078,57,2026-02-25,Pune
9079,839,2026-02-02,Chennai
9080,233,2026-02-27,Bangalore
9081,1278,2026-02-05,Hyderabad
9082,556,2026-02-08,Delhi
9083,899,2026-02-24,Chennai
9084,1280,2026-02-21,Hyderabad
9085,833,2026-02-15,Hyderabad
9086,157,2026-02-02,Bangalore
9087,1270,2026-02-04,Mumbai
9088,1251,2026-02-18,Mumbai
9089,297,2026-02-16,Delhi
9090,1069,2026-02-25,Hyderabad
9091,226,2026-02-13,Delhi
9092,1393,2026-02-10,Chennai
9093,177,2026-02-07,Hyderabad
9094,71,2026-02-21,Pune
9095,751,2026-02-16,Chennai
9096,496,2026-02-26,Pune
9097,1315,2026-02-14,Bangalore
9098,1324,2026-02-26,Pune
9099,1423,2026-02-06,Pune
9100,60,2026-02-27,Bangalore
9101,1545,2026-02-22,Chennai
9102,598,2026-02-01,Mumbai
9103,114,2026-02-06,Bangalore
9104,208,2026-02-06,Mumbai
9105,1355,2026-02-05,Delhi
9106,364,2026-02-26,Delhi
9107,1335,2026-02-14,Chennai
9108,1412,2026-02-09,Chennai
9109,47,2026-02-13,Bangalore
9110,659,2026-02-11,Mumbai
9111,1222,2026-02-10,Ahmedabad
9112,1062,2026-02-27,Ahmedabad
9113,1507,2026-02-27,Hyderabad
9114,1224,2026-02-18,Bangalore
9115,726,2026-02-23,Bangalore
9116,322,2026-02-04,Mumbai
9117,541,2026-02-18,Pune
9118,968,2026-02-04,Bangalore
9119,1071,2026-02-01,Kolkata
9120,372,2026-02-28,Mumbai
9121,1431,2026-02-21,Kolkata
9122,1486,2026-02-19,Delhi
9123,397,2026-02-10,Mumbai
9124,1217,2026-02-07,Mumbai
9125,614,2026-02-16,Chennai
9126,1069,2026-02-19,Hyderabad
9127,1094,2026-02-21,Chennai
9128,1202,2026-02-20,Pune
9129,516,2026-02-07,Chennai
9130,1050,2026-02-05,Mumbai
9131,923,2026-02-25,Kolkata
9132,1259,2026-02-15,Hyderabad
9133,978,2026-02-04,Delhi
9134,1199,2026-02-20,Delhi
9135,362,2026-02-27,Pune
9136,1320,2026-02-28,Bangalore
9137,469,2026-02-03,Kolkata
9138,1286,2026-02-15,Mumbai
9139,1449,2026-02-15,Chennai
9140,676,2026-02-23,Bangalore
9141,975,2026-02-15,Mumbai
9142,850,2026-02-25,Delhi
9143,1181,2026-02-14,Hyderabad
9144,1116,2026-02-06,Bangalore
9145,163,2026-02-06,Delhi
9146,1294,2026-02-01,Mumbai
9147,1574,2026-02-05,Hyderabad
9148,25,2026-02-27,Hyderabad
9149,747,2026-02-01,Kolkata
9150,731,2026-02-05,Mumbai
9151,1296,2026-02-15,Pune
9152,657,2026-02-22,Mumbai
9153,42,2026-02-16,Pune
9154,20,2026-02-16,Chennai
9155,400,2026-02-18,Bangalore
9156,309,2026-02-18,Ahmedabad
9157,1076,2026-02-03,Pune
9158,1404,2026-02-23,Ahmedabad
9159,1414,2026-02-03,Chennai
9160,1039,2026-02-09,Chennai
9161,190,2026-02-19,Pune
9162,478,2026-02-24,Bangalore
9163,849,2026-02-05,Kolkata
9164,1533,2026-02-24,Bangalore
9165,1133,2026-02-24,Bangalore
9166,471,2026-02-11,Kolkata
9167,1088,2026-02-20,Mumbai
9168,685,2026-02-03,Hyderabad
9169,375,2026-02-15,Bangalore
9170,79,2026-02-09,Delhi
9171,1369,2026-02-18,Mumbai
9172,401,2026-02-21,Delhi
9173,84,2026-02-04,Chennai
9174,23,2026-02-09,Pune
9175,1158,2026-02-15,Delhi
9176,918,2026-02-07,Bangalore
9177,143,2026-02-08,Chennai
9178,152,2026-02-04,Ahmedabad
9179,1528,2026-02-03,Ahmedabad
9180,1262,2026-02-26,Hyderabad
9181,1016,2026-02-06,Delhi
9182,1430,2026-02-26,Bangalore
9183,152,2026-02-21,Ahmedabad
9184,20,2026-02-12,Chennai
9185,1312,2026-02-27,Delhi
9186,476,2026-02-09,Ahmedabad
9187,55,2026-02-27,Pune
9188,1360,2026-02-27,Bangalore
9189,650,2026-02-24,Pune
9190,61,2026-02-21,Kolkata
9191,1437,2026-02-06,Hyderabad
9192,959,2026-02-04,Chennai
9193,389,2026-02-11,Hyderabad
9194,611,2026-02-21,Mumbai
9195,1335,2026-02-25,Chennai
9196,938,2026-02-19,Mumbai
9197,699,2026-02-06,Bangalore
9198,1390,2026-02-15,Mumbai
9199,1564,2026-02-27,Mumbai
9200,1534,2026-02-13,Chennai
9201,304,2026-02-09,Hyderabad
9202,607,2026-02-17,Ahmedabad
9203,1082,2026-02-11,Mumbai
9204,328,2026-02-13,Pune
9205,276,2026-02-01,Pune
9206,1291,2026-02-12,Mumbai
9207,1068,2026-02-25,Delhi
9208,1186,2026-02-19,Chennai
9209,517,2026-02-17,Chennai
9210,245,2026-02-15,Kolkata
9211,713,2026-02-02,Pune
9212,1422,2026-02-28,Hyderabad
9213,1512,2026-02-14,Hyderabad
9214,43,2026-02-28,Delhi
9215,118,2026-02-22,Ahmedabad
9216,592,2026-02-02,Delhi
9217,139,2026-02-26,Mumbai
9218,35,2026-02-17,Chennai
9219,1128,2026-02-16,Mumbai
9220,751,2026-02-25,Chennai
9221,1239,2026-02-23,Mumbai
9222,500,2026-02-17,Delhi
9223,1442,2026-02-06,Delhi
9224,1084,2026-02-08,Mumbai
9225,148,2026-02-07,Mumbai
9226,1170,2026-02-16,Bangalore
9227,281,2026-02-06,Bangalore
9228,1345,2026-02-01,Chennai
9229,971,2026-02-26,Bangalore
9230,119,2026-02-21,Ahmedabad
9231,1546,2026-02-27,Mumbai
9232,1559,2026-02-19,Delhi
9233,421,2026-02-13,Bangalore
9234,347,2026-02-17,Pune
9235,1519,2026-02-10,Pune
9236,110,2026-02-19,Mumbai
9237,1307,2026-02-07,Bangalore
9238,70,2026-02-06,Kolkata
9239,1237,2026-02-05,Mumbai
9240,477,2026-02-22,Ahmedabad
9241,500,2026-02-14,Delhi
9242,1231,2026-02-01,Mumbai
9243,557,2026-02-01,Pune
9244,47,2026-02-08,Bangalore
9245,46,2026-02-26,Delhi
9246,813,2026-02-05,Delhi
9247,1409,2026-02-02,Ahmedabad
9248,1469,2026-02-12,Mumbai
9249,455,2026-02-20,Bangalore
9250,1101,2026-02-16,Kolkata
9251,118,2026-02-19,Ahmedabad
9252,454,2026-02-10,Ahmedabad
9253,38,2026-02-28,Ahmedabad
9254,1086,2026-02-20,Ahmedabad
9255,347,2026-02-18,Pune
9256,1515,2026-02-18,Kolkata
9257,837,2026-02-12,Mumbai
9258,274,2026-02-07,Bangalore
9259,95,2026-02-05,Delhi
9260,882,2026-02-13,Delhi
9261,905,2026-02-27,Hyderabad
9262,1126,2026-02-14,Ahmedabad
9263,724,2026-02-20,Mumbai
9264,518,2026-02-02,Pune
9265,1317,2026-02-20,Ahmedabad
9266,1365,2026-02-04,Bangalore
9267,364,2026-02-20,Delhi
9268,1582,2026-02-23,Mumbai
9269,408,2026-02-18,Chennai
9270,950,2026-02-18,Pune
9271,414,2026-02-28,Delhi
9272,1241,2026-02-15,Delhi
9273,362,2026-02-01,Pune
9274,1386,2026-02-08,Delhi
9275,951,2026-02-14,Hyderabad
9276,1367,2026-02-25,Delhi
9277,154,2026-02-27,Delhi
9278,1366,2026-02-16,Chennai
9279,208,2026-02-20,Mumbai
9280,499,2026-02-17,Delhi
9281,1289,2026-02-27,Bangalore
9282,962,2026-02-15,Bangalore
9283,541,2026-02-03,Pune
9284,757,2026-02-16,Mumbai
9285,1402,2026-02-07,Bangalore
9286,734,2026-02-11,Bangalore
9287,22,2026-02-10,Mumbai
9288,204,2026-02-05,Mumbai
9289,247,2026-02-13,Mumbai
9290,212,2026-02-12,Chennai
9291,920,2026-02-18,Mumbai
9292,1043,2026-02-18,Mumbai
9293,176,2026-02-20,Hyderabad
9294,1187,2026-02-06,Delhi
9295,1171,2026-02-11,Delhi
9296,1084,2026-02-20,Mumbai
9297,1246,2026-02-12,Chennai
9298,1114,2026-02-21,Bangalore
9299,1146,2026-02-21,Delhi
9300,1421,2026-02-15,Hyderabad
9301,1497,2026-02-17,Chennai
9302,715,2026-02-05,Chennai
9303,1311,2026-02-21,Bangalore
9304,551,2026-02-28,Ahmedabad
9305,624,2026-02-04,Kolkata
9306,662,2026-02-21,Delhi
9307,710,2026-02-05,Mumbai
9308,1361,2026-02-18,Mumbai
9309,1423,2026-02-15,Pune
9310,165,2026-02-28,Delhi
9311,1104,2026-02-23,Pune
9312,398,2026-02-14,Kolkata
9313,524,2026-02-24,Bangalore
9314,951,2026-02-06,Hyderabad
9315,1370,2026-02-22,Chennai
9316,572,2026-02-27,Bangalore
9317,596,2026-02-14,Delhi
9318,880,2026-02-05,Delhi
9319,870,2026-02-13,Pune
9320,1028,2026-02-21,Pune
9321,113,2026-02-21,Hyderabad
9322,1404,2026-02-07,Ahmedabad
9323,510,2026-02-13,Delhi
9324,1123,2026-02-19,Mumbai
9325,1195,2026-02-15,Kolkata
9326,324,2026-02-08,Chennai
9327,784,2026-02-15,Ahmedabad
9328,33,2026-02-19,Chennai
9329,640,2026-02-10,Kolkata
9330,1418,2026-02-05,Delhi
9331,632,2026-02-21,Ahmedabad
9332,1384,2026-02-02,Mumbai
9333,416,2026-02-10,Hyderabad
9334,787,2026-02-12,Chennai
9335,638,2026-02-16,Hyderabad
9336,80,2026-02-14,Kolkata
9337,1587,2026-02-11,Pune
9338,257,2026-02-04,Bangalore
9339,1392,2026-02-07,Mumbai
9340,409,2026-02-24,Bangalore
9341,1464,2026-02-10,Kolkata
9342,1030,2026-02-01,Delhi
9343,1551,2026-02-22,Mumbai
9344,19,2026-02-27,Hyderabad
9345,42,2026-02-27,Pune
9346,348,2026-02-13,Delhi
9347,934,2026-02-12,Mumbai
9348,539,2026-02-03,Delhi
9349,533,2026-02-06,Chennai
9350,1108,2026-02-19,Mumbai
9351,1008,2026-02-25,Delhi
9352,868,2026-02-22,Mumbai
9353,1149,2026-02-22,Delhi
9354,1173,2026-02-16,Delhi
9355,1012,2026-02-05,Bangalore
9356,1129,2026-02-05,Mumbai
9357,1357,2026-02-28,Hyderabad
9358,1545,2026-02-23,Chennai
9359,1113,2026-02-06,Delhi
9360,1033,2026-02-24,Chennai
9361,511,2026-02-04,Kolkata
9362,1380,2026-02-23,Hyderabad
9363,287,2026-02-06,Mumbai
9364,639,2026-02-13,Mumbai
9365,619,2026-02-20,Hyderabad
9366,604,2026-02-20,Bangalore
9367,1315,2026-02-28,Bangalore
9368,310,2026-02-04,Hyderabad
9369,737,2026-02-13,Bangalore
9370,1398,2026-02-12,Delhi
9371,117,2026-02-21,Mumbai
9372,590,2026-02-10,Delhi
9373,988,2026-02-26,Bangalore
9374,1224,2026-02-16,Bangalore
9375,647,2026-02-26,Delhi
9376,1023,2026-02-12,Chennai
9377,1131,2026-02-06,Ahmedabad
9378,900,2026-02-25,Mumbai
9379,279,2026-02-25,Bangalore
9380,961,2026-02-22,Ahmedabad
9381,664,2026-02-24,Delhi
9382,310,2026-02-04,Hyderabad
9383,584,2026-02-27,Mumbai
9384,661,2026-02-22,Pune
9385,1023,2026-02-11,Chennai
9386,1382,2026-02-07,Delhi
9387,138,2026-02-10,Delhi
9388,560,2026-02-11,Kolkata
9389,930,2026-02-27,Mumbai
9390,292,2026-02-13,Pune
9391,742,2026-02-05,Delhi
9392,245,2026-02-17,Kolkata
9393,266,2026-02-22,Bangalore
9394,528,2026-02-19,Pune
9395,334,2026-02-06,Hyderabad
9396,23,2026-02-12,Pune
9397,852,2026-02-27,Pune
9398,1338,2026-02-05,Mumbai
9399,801,2026-02-28,Ahmedabad
9400,1114,2026-02-28,Bangalore
9401,1143,2026-02-18,Bangalore
9402,41,2026-02-24,Delhi
9403,614,2026-02-02,Chennai
9404,1086,2026-02-24,Ahmedabad
9405,1063,2026-02-03,Pune
9406,1548,2026-02-15,Bangalore
9407,986,2026-02-18,Mumbai
9408,945,2026-02-12,Bangalore
9409,118,2026-02-24,Ahmedabad
9410,758,2026-02-07,Bangalore
9411,1297,2026-02-09,Mumbai
9412,1438,2026-02-09,Pune
9413,1101,2026-02-21,Kolkata
9414,482,2026-02-05,Mumbai
9415,179,2026-02-27,Delhi
9416,937,2026-02-12,Bangalore
9417,1191,2026-02-02,Ahmedabad
9418,1538,2026-02-08,Delhi
9419,814,2026-02-22,Delhi
9420,511,2026-02-08,Kolkata
9421,1567,2026-02-06,Kolkata
9422,1091,2026-02-27,Bangalore
9423,124,2026-02-15,Delhi
9424,866,2026-02-26,Hyderabad
9425,770,2026-02-03,Mumbai
9426,187,2026-02-24,Kolkata
9427,1387,2026-02-15,Bangalore
9428,1312,2026-02-21,Delhi
9429,851,2026-02-24,Bangalore
9430,13,2026-02-06,Pune
9431,27,2026-02-19,Pune
9432,1475,2026-02-20,Ahmedabad
9433,840,2026-02-11,Mumbai
9434,1132,2026-02-10,Ahmedabad
9435,464,2026-02-14,Ahmedabad
9436,535,2026-02-21,Chennai
9437,323,2026-02-04,Chennai
9438,267,2026-02-05,Chennai
9439,845,2026-02-16,Bangalore
9440,389,2026-02-05,Hyderabad
9441,1375,2026-02-21,Delhi
9442,1475,2026-02-23,Ahmedabad
9443,790,2026-02-19,Kolkata
9444,49,2026-02-15,Mumbai
9445,1571,2026-02-22,Delhi
9446,256,2026-02-18,Pune
9447,145,2026-02-26,Mumbai
9448,1317,2026-02-17,Ahmedabad
9449,646,2026-02-02,Delhi
9450,297,2026-02-06,Delhi
9451,1048,2026-02-19,Delhi
9452,870,2026-02-08,Pune
9453,333,2026-02-15,Delhi
9454,1033,2026-02-26,Chennai
9455,1001,2026-02-02,Delhi
9456,834,2026-02-25,Pune
9457,524,2026-02-22,Bangalore
9458,302,2026-02-17,Mumbai
9459,1046,2026-02-01,Delhi
9460,889,2026-02-16,Ahmedabad
9461,52,2026-02-08,Bangalore
9462,1116,2026-02-08,Bangalore
9463,770,2026-02-25,Mumbai
9464,1386,2026-02-18,Delhi
9465,494,2026-02-06,Ahmedabad
9466,920,2026-02-09,Mumbai
9467,1486,2026-02-08,Delhi
9468,267,2026-02-16,Chennai
9469,322,2026-02-16,Mumbai
9470,381,2026-02-28,Hyderabad
9471,1211,2026-02-05,Hyderabad
9472,1262,2026-02-21,Hyderabad
9473,1412,2026-02-03,Chennai
9474,225,2026-02-15,Bangalore
9475,445,2026-02-11,Chennai
9476,564,2026-02-11,Kolkata
9477,610,2026-02-06,Chennai
9478,1270,2026-02-27,Mumbai
9479,1061,2026-02-05,Ahmedabad
9480,1094,2026-02-14,Chennai
9481,60,2026-02-08,Bangalore
9482,1388,2026-02-02,Delhi
9483,1560,2026-02-16,Delhi
9484,894,2026-02-01,Ahmedabad
9485,1106,2026-02-02,Chennai
9486,1199,2026-02-23,Delhi
9487,406,2026-02-22,Kolkata
9488,677,2026-02-03,Mumbai
9489,209,2026-02-11,Mumbai
9490,1042,2026-02-15,Chennai
9491,1353,2026-02-12,Pune
9492,1084,2026-02-19,Mumbai
9493,1208,2026-02-20,Hyderabad
9494,528,2026-02-20,Pune
9495,355,2026-02-22,Delhi
9496,1303,2026-02-07,Mumbai
9497,277,2026-02-05,Hyderabad
9498,1477,2026-02-17,Kolkata
9499,1312,2026-02-24,Delhi
9500,780,2026-02-16,Delhi
9501,1307,2026-02-21,Bangalore
9502,609,2026-02-08,Bangalore
9503,1400,2026-02-02,Hyderabad
9504,803,2026-02-07,Mumbai
9505,499,2026-02-24,Delhi
9506,590,2026-02-28,Delhi
9507,345,2026-02-12,Chennai
9508,346,2026-02-15,Chennai
9509,1304,2026-02-17,Delhi
9510,34,2026-02-19,Chennai
9511,1440,2026-02-09,Delhi
9512,1517,2026-02-12,Mumbai
9513,78,2026-02-08,Kolkata
9514,356,2026-02-24,Delhi
9515,262,2026-02-03,Chennai
9516,769,2026-02-01,Mumbai
9517,1191,2026-02-11,Ahmedabad
9518,1424,2026-02-06,Hyderabad
9519,886,2026-02-01,Bangalore
9520,545,2026-02-08,Ahmedabad
9521,15,2026-02-12,Delhi
9522,848,2026-02-08,Delhi
9523,1566,2026-02-08,Delhi
9524,475,2026-02-19,Pune
9525,743,2026-02-25,Mumbai
9526,144,2026-02-27,Delhi
9527,1432,2026-02-18,Bangalore
9528,414,2026-02-24,Delhi
9529,1564,2026-02-25,Mumbai
9530,305,2026-02-03,Bangalore
9531,828,2026-02-09,Kolkata
9532,65,2026-02-07,Delhi
9533,1122,2026-02-17,Pune
9534,543,2026-02-01,Pune
9535,93,2026-02-14,Delhi
9536,1458,2026-02-13,Chennai
9537,250,2026-02-12,Bangalore
9538,983,2026-02-05,Pune
9539,1219,2026-02-22,Bangalore
9540,570,2026-02-13,Bangalore
9541,1447,2026-02-17,Kolkata
9542,10,2026-02-20,Chennai
9543,1487,2026-02-15,Mumbai
9544,297,2026-02-12,Delhi
9545,1111,2026-02-18,Mumbai
9546,370,2026-02-09,Hyderabad
9547,246,2026-02-16,Pune
9548,1060,2026-02-28,Bangalore
9549,662,2026-02-14,Delhi
9550,968,2026-02-27,Bangalore
9551,1578,2026-02-17,Hyderabad
9552,888,2026-02-07,Chennai
9553,911,2026-02-05,Pune
9554,854,2026-02-03,Bangalore
9555,98,2026-02-16,Kolkata
9556,1460,2026-02-01,Delhi
9557,1455,2026-02-20,Bangalore
9558,1600,2026-02-05,Ahmedabad
9559,492,2026-02-22,Hyderabad
9560,523,2026-02-25,Mumbai
9561,627,2026-02-07,Bangalore
9562,1489,2026-02-13,Mumbai
9563,1540,2026-02-20,Ahmedabad
9564,506,2026-02-12,Hyderabad
9565,1330,2026-02-03,Ahmedabad
9566,811,2026-02-20,Bangalore
9567,270,2026-02-10,Mumbai
9568,1340,2026-02-15,Hyderabad
9569,1531,2026-02-03,Mumbai
9570,248,2026-02-16,Bangalore
9571,34,2026-02-06,Chennai
9572,187,2026-02-12,Kolkata
9573,1266,2026-02-27,Chennai
9574,375,2026-02-12,Bangalore
9575,817,2026-02-09,Hyderabad
9576,328,2026-02-17,Pune
9577,1479,2026-02-16,Mumbai
9578,157,2026-02-26,Bangalore
9579,241,2026-02-08,Bangalore
9580,1002,2026-02-24,Pune
9581,1083,2026-02-26,Bangalore
9582,1498,2026-02-07,Mumbai
9583,1052,2026-02-11,Bangalore
9584,1224,2026-02-07,Bangalore
9585,26,2026-02-13,Mumbai
9586,317,2026-02-18,Pune
9587,1354,2026-02-11,Hyderabad
9588,499,2026-02-25,Delhi
9589,371,2026-02-24,Bangalore
9590,942,2026-02-07,Delhi
9591,206,2026-02-16,Bangalore
9592,1558,2026-02-07,Pune
9593,221,2026-02-01,Mumbai
9594,58,2026-02-15,Hyderabad
9595,889,2026-02-20,Ahmedabad
9596,1140,2026-02-05,Pune
9597,240,2026-02-22,Pune
9598,1048,2026-02-27,Delhi
9599,527,2026-02-13,Pune
9600,1065,2026-02-24,Kolkata
9601,1132,2026-02-21,Ahmedabad
9602,1418,2026-02-02,Delhi
9603,1290,2026-02-27,Mumbai
9604,1579,2026-02-27,Bangalore
9605,966,2026-02-04,Delhi
9606,1030,2026-02-07,Delhi
9607,1041,2026-02-19,Delhi
9608,1583,2026-02-19,Kolkata
9609,1436,2026-02-28,Chennai
9610,115,2026-02-09,Bangalore
9611,419,2026-02-03,Mumbai
9612,1092,2026-02-07,Bangalore
9613,1137,2026-02-10,Mumbai
9614,1067,2026-02-10,Mumbai
9615,201,2026-02-25,Bangalore
9616,1392,2026-02-19,Mumbai
9617,1426,2026-02-22,Hyderabad
9618,1550,2026-02-22,Pune
9619,1192,2026-02-01,Pune
9620,641,2026-02-24,Kolkata
9621,630,2026-02-26,Delhi
9622,375,2026-02-11,Bangalore
9623,826,2026-02-25,Hyderabad
9624,1512,2026-02-24,Hyderabad
9625,710,2026-02-05,Mumbai
9626,1222,2026-02-02,Ahmedabad
9627,946,2026-02-01,Hyderabad
9628,429,2026-02-26,Delhi
9629,451,2026-02-20,Bangalore
9630,92,2026-02-05,Bangalore
9631,1584,2026-02-11,Delhi
9632,653,2026-02-14,Kolkata
9633,1267,2026-02-18,Delhi
9634,967,2026-02-16,Mumbai
9635,207,2026-02-18,Bangalore
9636,1057,2026-02-15,Chennai
9637,434,2026-02-01,Kolkata
9638,1556,2026-02-27,Pune
9639,749,2026-02-21,Mumbai
9640,197,2026-02-14,Mumbai
9641,1504,2026-02-12,Chennai
9642,1036,2026-02-11,Delhi
9643,1527,2026-02-03,Chennai
9644,356,2026-02-26,Delhi
9645,138,2026-02-12,Delhi
9646,162,2026-02-15,Pune
9647,43,2026-02-28,Delhi
9648,1252,2026-02-03,Chennai
9649,1230,2026-02-06,Chennai
9650,36,2026-02-23,Chennai
9651,1542,2026-02-21,Hyderabad
9652,779,2026-02-11,Kolkata
9653,1142,2026-02-08,Chennai
9654,920,2026-02-26,Mumbai
9655,522,2026-02-09,Delhi
9656,1001,2026-02-01,Delhi
9657,973,2026-02-17,Delhi
9658,285,2026-02-21,Hyderabad
9659,1463,2026-02-04,Chennai
9660,841,2026-02-05,Mumbai
9661,1014,2026-02-20,Kolkata
9662,322,2026-02-12,Mumbai
9663,1364,2026-02-23,Bangalore
9664,1578,2026-02-18,Hyderabad
9665,1045,2026-02-10,Chennai
9666,960,2026-02-17,Pune
9667,458,2026-02-05,Kolkata
9668,232,2026-02-04,Chennai
9669,89,2026-02-22,Chennai
9670,1155,2026-02-25,Hyderabad
9671,596,2026-02-21,Delhi
9672,280,2026-02-16,Bangalore
9673,994,2026-02-12,Pune
9674,1177,2026-02-02,Bangalore
9675,301,2026-02-20,Pune
9676,876,2026-02-13,Delhi
9677,910,2026-02-28,Bangalore
9678,1136,2026-02-20,Mumbai
9679,946,2026-02-28,Hyderabad
9680,526,2026-02-24,Kolkata
9681,923,2026-02-14,Kolkata
9682,1006,2026-02-12,Pune
9683,331,2026-02-01,Pune
9684,660,2026-02-06,Ahmedabad
9685,1472,2026-02-19,Mumbai
9686,145,2026-02-23,Mumbai
9687,1330,2026-02-09,Ahmedabad
9688,199,2026-02-08,Ahmedabad
9689,729,2026-02-23,Chennai
9690,182,2026-02-03,Mumbai
9691,845,2026-02-22,Bangalore
9692,272,2026-02-13,Ahmedabad
9693,159,2026-02-17,Ahmedabad
9694,897,2026-02-26,Hyderabad
9695,579,2026-02-01,Mumbai
9696,1066,2026-02-08,Delhi
9697,140,2026-02-26,Bangalore
9698,237,2026-02-15,Pune
9699,1149,2026-02-15,Delhi
9700,1490,2026-02-09,Pune
9701,439,2026-02-28,Hyderabad
9702,1092,2026-02-03,Bangalore
9703,29,2026-02-26,Bangalore
9704,559,2026-02-22,Bangalore
9705,540,2026-02-02,Mumbai
9706,86,2026-02-09,Kolkata
9707,1492,2026-02-09,Mumbai
9708,1298,2026-02-06,Bangalore
9709,204,2026-02-05,Mumbai
9710,1341,2026-02-02,Hyderabad
9711,171,2026-02-22,Chennai
9712,1595,2026-02-05,Delhi
9713,971,2026-02-23,Bangalore
9714,1039,2026-02-07,Chennai
9715,241,2026-02-24,Bangalore
9716,1495,2026-02-04,Kolkata
9717,1571,2026-02-11,Delhi
9718,1042,2026-02-09,Chennai
9719,1363,2026-02-25,Bangalore
9720,305,2026-02-15,Bangalore
9721,283,2026-02-17,Chennai
9722,615,2026-02-01,Mumbai
9723,962,2026-02-08,Bangalore
9724,1407,2026-02-15,Delhi
9725,164,2026-02-14,Delhi
9726,925,2026-02-16,Ahmedabad
9727,1531,2026-02-09,Mumbai
9728,546,2026-02-18,Pune
9729,1073,2026-02-18,Delhi
9730,1502,2026-02-20,Hyderabad
9731,600,2026-02-11,Hyderabad
9732,852,2026-02-14,Pune
9733,436,2026-02-06,Bangalore
9734,1133,2026-02-14,Bangalore
9735,668,2026-02-17,Mumbai
9736,772,2026-02-17,Pune
9737,1065,2026-02-21,Kolkata
9738,430,2026-02-13,Pune
9739,826,2026-02-04,Hyderabad
9740,1490,2026-02-17,Pune
9741,639,2026-02-15,Mumbai
9742,258,2026-02-16,Pune
9743,68,2026-02-01,Ahmedabad
9744,458,2026-02-14,Kolkata
9745,962,2026-02-25,Bangalore
9746,1472,2026-02-07,Mumbai
9747,1058,2026-02-21,Hyderabad
9748,440,2026-02-22,Delhi
9749,1070,2026-02-28,Kolkata
9750,1247,2026-02-14,Pune
9751,14,2026-02-10,Chennai
9752,806,2026-02-12,Pune
9753,694,2026-02-16,Bangalore
9754,394,2026-02-17,Bangalore
9755,927,2026-02-15,Hyderabad
9756,50,2026-02-28,Hyderabad
9757,484,2026-02-14,Ahmedabad
9758,704,2026-02-05,Mumbai
9759,338,2026-02-21,Delhi
9760,104,2026-02-17,Pune
9761,1292,2026-02-18,Hyderabad
9762,866,2026-02-08,Hyderabad
9763,1166,2026-02-22,Hyderabad
9764,93,2026-02-04,Delhi
9765,1415,2026-02-26,Bangalore
9766,253,2026-02-20,Hyderabad
9767,695,2026-02-03,Mumbai
9768,1432,2026-02-19,Bangalore
9769,83,2026-02-26,Pune
9770,1100,2026-02-26,Delhi
9771,1509,2026-02-01,Delhi
9772,943,2026-02-23,Chennai
9773,896,2026-02-17,Chennai
9774,1415,2026-02-05,Bangalore
9775,1091,2026-02-17,Bangalore
9776,257,2026-02-06,Bangalore
9777,693,2026-02-19,Bangalore
9778,443,2026-02-08,Mumbai
9779,1416,2026-02-08,Hyderabad
9780,494,2026-02-15,Ahmedabad
9781,767,2026-02-16,Mumbai
9782,213,2026-02-07,Mumbai
9783,181,2026-02-13,Chennai
9784,625,2026-02-17,Kolkata
9785,1299,2026-02-02,Chennai
9786,353,2026-02-02,Delhi
9787,113,2026-02-23,Hyderabad
9788,440,2026-02-11,Delhi
9789,65,2026-02-15,Delhi
9790,696,2026-02-15,Bangalore
9791,282,2026-02-06,Chennai
9792,170,2026-02-11,Mumbai
9793,1299,2026-02-14,Chennai
9794,14,2026-02-10,Chennai
9795,1196,2026-02-12,Delhi
9796,103,2026-02-14,Hyderabad
9797,75,2026-02-02,Kolkata
9798,927,2026-02-19,Hyderabad
9799,996,2026-02-04,Delhi
9800,1505,2026-02-23,Mumbai
9801,192,2026-02-10,Bangalore
9802,319,2026-02-22,Delhi
9803,345,2026-02-10,Chennai
9804,984,2026-02-19,Hyderabad
9805,147,2026-02-08,Kolkata
9806,1191,2026-02-15,Ahmedabad
9807,1299,2026-02-10,Chennai
9808,1265,2026-02-21,Hyderabad
9809,1219,2026-02-19,Bangalore
9810,620,2026-02-18,Bangalore
9811,1488,2026-02-08,Bangalore
9812,1352,2026-02-10,Delhi
9813,1572,2026-02-05,Delhi
9814,382,2026-02-26,Delhi
9815,844,2026-02-09,Ahmedabad
9816,266,2026-02-04,Bangalore
9817,567,2026-02-08,Delhi
9818,230,2026-02-06,Chennai
9819,131,2026-02-17,Mumbai
9820,860,2026-02-24,Mumbai
9821,1240,2026-02-20,Delhi
9822,1080,2026-02-27,Bangalore
9823,457,2026-02-27,Bangalore
9824,1239,2026-02-05,Mumbai
9825,568,2026-02-23,Mumbai
9826,1496,2026-02-09,Bangalore
9827,341,2026-02-15,Hyderabad
9828,1384,2026-02-09,Mumbai
9829,728,2026-02-27,Bangalore
9830,133,2026-02-16,Mumbai
9831,450,2026-02-06,Chennai
9832,1507,2026-02-11,Hyderabad
9833,64,2026-02-03,Pune
9834,1197,2026-02-06,Bangalore
9835,791,2026-02-09,Mumbai
9836,802,2026-02-14,Delhi
9837,312,2026-02-23,Bangalore
9838,416,2026-02-26,Hyderabad
9839,608,2026-02-11,Chennai
9840,1321,2026-02-27,Ahmedabad
9841,42,2026-02-07,Pune
9842,1087,2026-02-19,Hyderabad
9843,1372,2026-02-05,Bangalore
9844,1025,2026-02-14,Ahmedabad
9845,480,2026-02-27,Kolkata
9846,385,2026-02-28,Ahmedabad
9847,1485,2026-02-03,Chennai
9848,586,2026-02-18,Ahmedabad
9849,74,2026-02-03,Hyderabad
9850,1390,2026-02-19,Mumbai
9851,345,2026-02-28,Chennai
9852,1558,2026-02-08,Pune
9853,1475,2026-02-27,Ahmedabad
9854,497,2026-02-23,Bangalore
9855,587,2026-02-05,Pune
9856,423,2026-02-06,Bangalore
9857,279,2026-02-09,Bangalore
9858,1552,2026-02-27,Chennai
9859,680,2026-02-13,Ahmedabad
9860,431,2026-02-22,Mumbai
9861,422,2026-02-21,Mumbai
9862,1532,2026-02-15,Ahmedabad
9863,23,2026-02-26,Pune
9864,1510,2026-02-16,Delhi
9865,915,2026-02-21,Delhi
9866,171,2026-02-12,Chennai
9867,837,2026-02-25,Mumbai
9868,294,2026-02-12,Delhi
9869,402,2026-02-20,Kolkata
9870,1430,2026-02-11,Bangalore
9871,743,2026-02-19,Mumbai
9872,97,2026-02-15,Mumbai
9873,175,2026-02-23,Mumbai
9874,1365,2026-02-06,Bangalore
9875,1477,2026-02-09,Kolkata
9876,78,2026-02-26,Kolkata
9877,353,2026-02-03,Delhi
9878,465,2026-02-20,Kolkata
9879,1435,2026-02-24,Chennai
9880,940,2026-02-19,Ahmedabad
9881,724,2026-02-21,Mumbai
9882,1088,2026-02-27,Mumbai
9883,700,2026-02-19,Bangalore
9884,318,2026-02-02,Hyderabad
9885,679,2026-02-01,Mumbai
9886,854,2026-02-09,Bangalore
9887,434,2026-02-28,Kolkata
9888,1072,2026-02-19,Delhi
9889,844,2026-02-17,Ahmedabad
9890,1256,2026-02-07,Bangalore
9891,1266,2026-02-09,Chennai
9892,1054,2026-02-07,Pune
9893,1499,2026-02-20,Hyderabad
9894,1241,2026-02-15,Delhi
9895,265,2026-02-19,Mumbai
9896,123,2026-02-10,Delhi
9897,1024,2026-02-16,Hyderabad
9898,537,2026-02-15,Hyderabad
9899,1088,2026-02-14,Mumbai
9900,1439,2026-02-23,Hyderabad
9901,665,2026-02-08,Pune
9902,711,2026-02-25,Mumbai
9903,1545,2026-02-14,Chennai
9904,1300,2026-02-01,Kolkata
9905,497,2026-02-28,Bangalore
9906,432,2026-02-05,Delhi
9907,370,2026-02-26,Hyderabad
9908,670,2026-02-17,Bangalore
9909,285,2026-02-20,Hyderabad
9910,1059,2026-02-22,Kolkata
9911,1258,2026-02-15,Kolkata
9912,410,2026-02-27,Bangalore
9913,1122,2026-02-27,Pune
9914,741,2026-02-08,Pune
9915,1168,2026-02-26,Chennai
9916,396,2026-02-06,Chennai
9917,806,2026-02-19,Pune
9918,545,2026-02-16,Ahmedabad
9919,1544,2026-02-10,Delhi
9920,1121,2026-02-23,Delhi
9921,212,2026-02-17,Chennai
9922,1018,2026-02-01,Bangalore
9923,559,2026-02-21,Bangalore
9924,1103,2026-02-14,Pune
9925,461,2026-02-21,Delhi
9926,19,2026-02-04,Hyderabad
9927,209,2026-02-14,Mumbai
9928,1329,2026-02-24,Mumbai
9929,679,2026-02-12,Mumbai
9930,1452,2026-02-09,Bangalore
9931,1012,2026-02-14,Bangalore
9932,519,2026-02-12,Ahmedabad
9933,45,2026-02-01,Kolkata
9934,955,2026-02-13,Delhi
9935,1595,2026-02-15,Delhi
9936,911,2026-02-03,Pune
9937,277,2026-02-20,Hyderabad
9938,1306,2026-02-19,Delhi
9939,697,2026-02-20,Mumbai
9940,1600,2026-02-11,Ahmedabad
9941,421,2026-02-28,Bangalore
9942,1372,2026-02-18,Bangalore
9943,708,2026-02-08,Mumbai
9944,371,2026-02-21,Bangalore
9945,630,2026-02-01,Delhi
9946,1,2026-02-11,Chennai
9947,914,2026-02-22,Bangalore
9948,362,2026-02-18,Pune
9949,1063,2026-02-12,Pune
9950,1267,2026-02-28,Delhi
9951,168,2026-02-16,Mumbai
9952,1077,2026-02-19,Chennai
9953,522,2026-02-10,Delhi
9954,885,2026-02-01,Pune
9955,455,2026-02-01,Bangalore
9956,180,2026-02-12,Kolkata
9957,290,2026-02-18,Delhi
9958,494,2026-02-26,Ahmedabad
9959,357,2026-02-24,Ahmedabad
9960,1296,2026-02-28,Pune
9961,528,2026-02-05,Pune
9962,64,2026-02-27,Pune
9963,1538,2026-02-14,Delhi
9964,1103,2026-02-10,Pune
9965,129,2026-02-20,Hyderabad
9966,1559,2026-03-22,Delhi
9967,425,2026-03-17,Delhi
9968,1486,2026-03-24,Delhi
9969,1490,2026-03-15,Pune
9970,1448,2026-03-21,Kolkata
9971,248,2026-03-16,Bangalore
9972,380,2026-03-12,Hyderabad
9973,673,2026-03-01,Mumbai
9974,1253,2026-03-03,Hyderabad
9975,1194,2026-03-22,Chennai
9976,62,2026-03-15,Chennai
9977,75,2026-03-14,Kolkata
9978,361,2026-03-26,Hyderabad
9979,1290,2026-03-17,Mumbai
9980,425,2026-03-20,Delhi
9981,1046,2026-03-08,Delhi
9982,420,2026-03-17,Bangalore
9983,1472,2026-03-29,Mumbai
9984,1304,2026-03-17,Delhi
9985,590,2026-03-07,Delhi
9986,1202,2026-03-15,Pune
9987,429,2026-03-31,Delhi
9988,527,2026-03-10,Pune
9989,1001,2026-03-04,Delhi
9990,1117,2026-03-24,Bangalore
9991,106,2026-03-05,Chennai
9992,1563,2026-03-02,Bangalore
9993,1456,2026-03-01,Pune
9994,392,2026-03-15,Mumbai
9995,1211,2026-03-21,Hyderabad
9996,209,2026-03-02,Mumbai
9997,1591,2026-03-11,Pune
9998,242,2026-03-25,Hyderabad
9999,1089,2026-03-28,Delhi
10000,839,2026-03-09,Chennai
10001,1326,2026-03-02,Delhi
10002,71,2026-03-29,Pune
10003,198,2026-03-23,Delhi
10004,392,2026-03-16,Mumbai
10005,1176,2026-03-24,Hyderabad
10006,654,2026-03-19,Mumbai
10007,908,2026-03-02,Mumbai
10008,245,2026-03-04,Kolkata
10009,365,2026-03-18,Mumbai
10010,97,2026-03-04,Mumbai
10011,1254,2026-03-03,Kolkata
10012,751,2026-03-13,Chennai
10013,392,2026-03-10,Mumbai
10014,888,2026-03-12,Chennai
10015,1382,2026-03-15,Delhi
10016,1108,2026-03-02,Mumbai
10017,274,2026-03-09,Bangalore
10018,382,2026-03-20,Delhi
10019,1055,2026-03-27,Delhi
10020,1363,2026-03-06,Bangalore
10021,1119,2026-03-28,Chennai
10022,579,2026-03-30,Mumbai
10023,735,2026-03-21,Mumbai
10024,357,2026-03-02,Ahmedabad
10025,1498,2026-03-24,Mumbai
10026,945,2026-03-06,Bangalore
10027,763,2026-03-04,Mumbai
10028,435,2026-03-12,Chennai
10029,590,2026-03-29,Delhi
10030,1001,2026-03-18,Delhi
10031,11,2026-03-13,Delhi
10032,359,2026-03-29,Delhi
10033,794,2026-03-04,Mumbai
10034,833,2026-03-31,Hyderabad
10035,648,2026-03-02,Delhi
10036,630,2026-03-15,Delhi
10037,1418,2026-03-23,Delhi
10038,1166,2026-03-01,Hyderabad
10039,1291,2026-03-31,Mumbai
10040,172,2026-03-28,Mumbai
10041,90,2026-03-18,Ahmedabad
10042,704,2026-03-30,Mumbai
10043,464,2026-03-11,Ahmedabad
10044,1124,2026-03-24,Delhi
10045,1130,2026-03-13,Pune
10046,1514,2026-03-10,Pune
10047,1369,2026-03-24,Mumbai
10048,1354,2026-03-20,Hyderabad
10049,1165,2026-03-10,Hyderabad
10050,1533,2026-03-29,Bangalore
10051,856,2026-03-08,Delhi
10052,1077,2026-03-21,Chennai
10053,1593,2026-03-29,Mumbai
10054,1287,2026-03-27,Delhi
10055,429,2026-03-07,Delhi
10056,184,2026-03-28,Ahmedabad
10057,1333,2026-03-23,Pune
10058,754,2026-03-06,Chennai
10059,132,2026-03-19,Bangalore
10060,1293,2026-03-17,Bangalore
10061,909,2026-03-21,Ahmedabad
10062,847,2026-03-26,Pune
10063,239,2026-03-01,Ahmedabad
10064,359,2026-03-31,Delhi
10065,1484,2026-03-01,Bangalore
10066,1250,2026-03-01,Chennai
10067,649,2026-03-17,Hyderabad
10068,773,2026-03-12,Chennai
10069,798,2026-03-02,Delhi
10070,1042,2026-03-31,Chennai
10071,1206,2026-03-02,Pune
10072,1009,2026-03-25,Ahmedabad
10073,1529,2026-03-28,Mumbai
10074,854,2026-03-03,Bangalore
10075,1232,2026-03-25,Bangalore
10076,215,2026-03-27,Kolkata
10077,1047,2026-03-22,Mumbai
10078,902,2026-03-23,Ahmedabad
10079,254,2026-03-21,Bangalore
10080,780,2026-03-15,Delhi
10081,689,2026-03-29,Bangalore
10082,470,2026-03-03,Hyderabad
10083,708,2026-03-08,Mumbai
10084,1325,2026-03-12,Delhi
10085,1151,2026-03-02,Bangalore
10086,745,2026-03-31,Chennai
10087,673,2026-03-22,Mumbai
10088,1592,2026-03-15,Pune
10089,1059,2026-03-13,Kolkata
10090,1155,2026-03-08,Hyderabad
10091,88,2026-03-02,Pune
10092,115,2026-03-01,Bangalore
10093,630,2026-03-08,Delhi
10094,970,2026-03-20,Hyderabad
10095,973,2026-03-01,Delhi
10096,106,2026-03-25,Chennai
10097,1594,2026-03-13,Mumbai
10098,904,2026-03-29,Mumbai
10099,1585,2026-03-31,Bangalore
10100,705,2026-03-02,Mumbai
10101,9,2026-03-23,Mumbai
10102,17,2026-03-26,Mumbai
10103,111,2026-03-26,Chennai
10104,848,2026-03-08,Delhi
10105,302,2026-03-21,Mumbai
10106,467,2026-03-20,Delhi
10107,509,2026-03-11,Chennai
10108,1320,2026-03-17,Bangalore
10109,984,2026-03-10,Hyderabad
10110,240,2026-03-10,Pune
10111,552,2026-03-16,Delhi
10112,1386,2026-03-11,Delhi
10113,1096,2026-03-28,Delhi
10114,1301,2026-03-10,Hyderabad
10115,193,2026-03-16,Kolkata
10116,1069,2026-03-17,Hyderabad
10117,59,2026-03-04,Bangalore
10118,758,2026-03-27,Bangalore
10119,1540,2026-03-05,Ahmedabad
10120,1199,2026-03-19,Delhi
10121,1062,2026-03-05,Ahmedabad
10122,873,2026-03-07,Chennai
10123,397,2026-03-18,Mumbai
10124,590,2026-03-19,Delhi
10125,25,2026-03-15,Hyderabad
10126,349,2026-03-05,Chennai
10127,69,2026-03-25,Bangalore
10128,626,2026-03-29,Chennai
10129,1146,2026-03-06,Delhi
10130,1075,2026-03-29,Mumbai
10131,1420,2026-03-08,Hyderabad
10132,1280,2026-03-08,Hyderabad
10133,543,2026-03-12,Pune
10134,769,2026-03-05,Mumbai
10135,1204,2026-03-18,Delhi
10136,740,2026-03-17,Chennai
10137,642,2026-03-04,Ahmedabad
10138,1080,2026-03-24,Bangalore
10139,50,2026-03-25,Hyderabad
10140,1350,2026-03-16,Ahmedabad
10141,455,2026-03-05,Bangalore
10142,1595,2026-03-23,Delhi
10143,77,2026-03-23,Mumbai
10144,1115,2026-03-06,Bangalore
10145,962,2026-03-01,Bangalore
10146,1599,2026-03-05,Mumbai
10147,5,2026-03-14,Mumbai
10148,1200,2026-03-10,Kolkata
10149,1449,2026-03-18,Chennai
10150,688,2026-03-27,Bangalore
10151,1599,2026-03-05,Mumbai
10152,1439,2026-03-08,Hyderabad
10153,114,2026-03-27,Bangalore
10154,1456,2026-03-28,Pune
10155,1408,2026-03-24,Hyderabad
10156,1115,2026-03-21,Bangalore
10157,66,2026-03-02,Bangalore
10158,443,2026-03-20,Mumbai
10159,1202,2026-03-22,Pune
10160,1388,2026-03-21,Delhi
10161,957,2026-03-14,Delhi
10162,596,2026-03-10,Delhi
10163,760,2026-03-22,Mumbai
10164,359,2026-03-18,Delhi
10165,712,2026-03-09,Bangalore
10166,773,2026-03-30,Chennai
10167,1221,2026-03-29,Bangalore
10168,522,2026-03-05,Delhi
10169,1098,2026-03-12,Bangalore
10170,766,2026-03-28,Pune
10171,699,2026-03-10,Bangalore
10172,349,2026-03-19,Chennai
10173,1587,2026-03-18,Pune
10174,1304,2026-03-18,Delhi
10175,334,2026-03-02,Hyderabad
10176,175,2026-03-02,Mumbai
10177,866,2026-03-14,Hyderabad
10178,1139,2026-03-03,Chennai
10179,952,2026-03-20,Delhi
10180,1140,2026-03-23,Pune
10181,517,2026-03-13,Chennai
10182,14,2026-03-09,Chennai
10183,1580,2026-03-31,Mumbai
10184,183,2026-03-12,Kolkata
10185,247,2026-03-24,Mumbai
10186,1325,2026-03-29,Delhi
10187,1061,2026-03-04,Ahmedabad
10188,1123,2026-03-09,Mumbai
10189,345,2026-03-30,Chennai
10190,416,2026-03-24,Hyderabad
10191,143,2026-03-07,Chennai
10192,392,2026-03-03,Mumbai
10193,1362,2026-03-30,Delhi
10194,592,2026-03-02,Delhi
10195,552,2026-03-15,Delhi
10196,399,2026-03-16,Hyderabad
10197,803,2026-03-24,Mumbai
10198,1372,2026-03-11,Bangalore
10199,95,2026-03-30,Delhi
10200,89,2026-03-12,Chennai
10201,1401,2026-03-02,Bangalore
10202,789,2026-03-19,Chennai
10203,917,2026-03-20,Pune
10204,662,2026-03-19,Delhi
10205,1045,2026-03-21,Chennai
10206,673,2026-03-17,Mumbai
10207,678,2026-03-29,Ahmedabad
10208,1040,2026-03-26,Delhi
10209,1073,2026-03-28,Delhi
10210,24,2026-03-13,Kolkata
10211,817,2026-03-05,Hyderabad
10212,442,2026-03-21,Bangalore
10213,51,2026-03-27,Bangalore
10214,1110,2026-03-06,Hyderabad
10215,1006,2026-03-08,Pune
10216,1343,2026-03-20,Hyderabad
10217,576,2026-03-08,Mumbai
10218,1195,2026-03-03,Kolkata
10219,426,2026-03-01,Delhi
10220,516,2026-03-03,Chennai
10221,994,2026-03-28,Pune
10222,1319,2026-03-18,Ahmedabad
10223,500,2026-03-22,Delhi
10224,317,2026-03-31,Pune
10225,478,2026-03-03,Bangalore
10226,354,2026-03-18,Delhi
10227,1315,2026-03-02,Bangalore
10228,835,2026-03-16,Mumbai
10229,492,2026-03-28,Hyderabad
10230,284,2026-03-21,Kolkata
10231,788,2026-03-06,Hyderabad
10232,138,2026-03-27,Delhi
10233,147,2026-03-22,Kolkata
10234,695,2026-03-02,Mumbai
10235,195,2026-03-19,Delhi
10236,1045,2026-03-17,Chennai
10237,444,2026-03-12,Hyderabad
10238,130,2026-03-26,Mumbai
10239,355,2026-03-30,Delhi
10240,739,2026-03-26,Bangalore
10241,985,2026-03-08,Bangalore
10242,131,2026-03-25,Mumbai
10243,375,2026-03-21,Bangalore
10244,144,2026-03-15,Delhi
10245,498,2026-03-22,Kolkata
10246,579,2026-03-15,Mumbai
10247,40,2026-03-09,Chennai
10248,210,2026-03-11,Chennai
10249,931,2026-03-27,Hyderabad
10250,1539,2026-03-23,Mumbai
10251,252,2026-03-20,Hyderabad
10252,772,2026-03-08,Pune
10253,452,2026-03-02,Bangalore
10254,1366,2026-03-24,Chennai
10255,976,2026-03-28,Delhi
10256,954,2026-03-26,Mumbai
10257,113,2026-03-11,Hyderabad
10258,270,2026-03-02,Mumbai
10259,394,2026-03-15,Bangalore
10260,231,2026-03-09,Bangalore
10261,645,2026-03-29,Mumbai
10262,1082,2026-03-18,Mumbai
10263,1583,2026-03-04,Kolkata
10264,1253,2026-03-30,Hyderabad
10265,998,2026-03-30,Mumbai
10266,455,2026-03-22,Bangalore
10267,283,2026-03-05,Chennai
10268,90,2026-03-01,Ahmedabad
10269,1513,2026-03-06,Delhi
10270,348,2026-03-19,Delhi
10271,1243,2026-03-19,Bangalore
10272,1378,2026-03-18,Bangalore
10273,1570,2026-03-14,Mumbai
10274,1505,2026-03-29,Mumbai
10275,594,2026-03-11,Mumbai
10276,1111,2026-03-09,Mumbai
10277,20,2026-03-14,Chennai
10278,1559,2026-03-25,Delhi
10279,800,2026-03-21,Delhi
10280,278,2026-03-08,Pune
10281,754,2026-03-06,Chennai
10282,139,2026-03-20,Mumbai
10283,1582,2026-03-01,Mumbai
10284,122,2026-03-12,Kolkata
10285,1046,2026-03-20,Delhi
10286,1360,2026-03-27,Bangalore
10287,1577,2026-03-15,Delhi
10288,322,2026-03-16,Mumbai
10289,1579,2026-03-22,Bangalore
10290,101,2026-03-02,Delhi
10291,1583,2026-03-31,Kolkata
10292,329,2026-03-14,Bangalore
10293,807,2026-03-06,Bangalore
10294,988,2026-03-02,Bangalore
10295,326,2026-03-31,Ahmedabad
10296,1356,2026-03-07,Bangalore
10297,372,2026-03-09,Mumbai
10298,1046,2026-03-09,Delhi
10299,459,2026-03-26,Pune
10300,329,2026-03-09,Bangalore
10301,714,2026-03-02,Chennai
10302,420,2026-03-08,Bangalore
10303,1537,2026-03-08,Hyderabad
10304,1179,2026-03-01,Mumbai
10305,1186,2026-03-19,Chennai
10306,307,2026-03-18,Hyderabad
10307,1138,2026-03-06,Bangalore
10308,534,2026-03-08,Hyderabad
10309,1176,2026-03-11,Hyderabad
10310,1486,2026-03-30,Delhi
10311,374,2026-03-15,Mumbai
10312,1523,2026-03-28,Kolkata
10313,1310,2026-03-16,Hyderabad
10314,406,2026-03-27,Kolkata
10315,1585,2026-03-05,Bangalore
10316,1344,2026-03-13,Mumbai
10317,232,2026-03-26,Chennai
10318,1492,2026-03-07,Mumbai
10319,1037,2026-03-11,Ahmedabad
10320,380,2026-03-30,Hyderabad
10321,753,2026-03-10,Delhi
10322,7,2026-03-27,Delhi
10323,822,2026-03-29,Hyderabad
10324,327,2026-03-12,Hyderabad
10325,1321,2026-03-31,Ahmedabad
10326,101,2026-03-28,Delhi
10327,606,2026-03-16,Bangalore
10328,125,2026-03-08,Delhi
10329,1420,2026-03-15,Hyderabad
10330,883,2026-03-30,Chennai
10331,690,2026-03-14,Kolkata
10332,1543,2026-03-29,Chennai
10333,63,2026-03-04,Chennai
10334,1394,2026-03-29,Kolkata
10335,719,2026-03-25,Chennai
10336,776,2026-03-17,Hyderabad
10337,472,2026-03-03,Mumbai
10338,1015,2026-03-14,Chennai
10339,1588,2026-03-30,Delhi
10340,105,2026-03-13,Mumbai
10341,1197,2026-03-10,Bangalore
10342,30,2026-03-01,Chennai
10343,313,2026-03-17,Mumbai
10344,236,2026-03-02,Chennai
10345,382,2026-03-22,Delhi
10346,813,2026-03-01,Delhi
10347,212,2026-03-06,Chennai
10348,1474,2026-03-31,Bangalore
10349,573,2026-03-08,Kolkata
10350,441,2026-03-01,Mumbai
10351,1184,2026-03-07,Mumbai
10352,656,2026-03-21,Kolkata
10353,165,2026-03-08,Delhi
10354,554,2026-03-08,Mumbai
10355,1236,2026-03-12,Bangalore
10356,871,2026-03-04,Mumbai
10357,185,2026-03-31,Kolkata
10358,1302,2026-03-13,Chennai
10359,1369,2026-03-20,Mumbai
10360,578,2026-03-22,Ahmedabad
10361,840,2026-03-20,Mumbai
10362,1029,2026-03-27,Chennai
10363,298,2026-03-15,Pune
10364,1538,2026-03-03,Delhi
10365,860,2026-03-06,Mumbai
10366,210,2026-03-26,Chennai
10367,1361,2026-03-29,Mumbai
10368,40,2026-03-03,Chennai
10369,1154,2026-03-10,Bangalore
10370,246,2026-03-09,Pune
10371,372,2026-03-15,Mumbai
10372,939,2026-03-26,Hyderabad
10373,1151,2026-03-23,Bangalore
10374,876,2026-03-27,Delhi
10375,745,2026-03-20,Chennai
10376,1577,2026-03-27,Delhi
10377,806,2026-03-08,Pune
10378,501,2026-03-08,Bangalore
10379,51,2026-03-25,Bangalore
10380,184,2026-03-17,Ahmedabad
10381,1404,2026-03-11,Ahmedabad
10382,805,2026-03-13,Chennai
10383,1287,2026-03-06,Delhi
10384,1003,2026-03-23,Hyderabad
10385,1547,2026-03-24,Kolkata
10386,1031,2026-03-22,Hyderabad
10387,1429,2026-03-30,Kolkata
10388,1291,2026-03-07,Mumbai
10389,1108,2026-03-15,Mumbai
10390,798,2026-03-13,Delhi
10391,972,2026-03-19,Chennai
10392,463,2026-03-22,Pune
10393,1511,2026-03-28,Mumbai
10394,585,2026-03-24,Chennai
10395,1278,2026-03-09,Hyderabad
10396,535,2026-03-02,Chennai
10397,1144,2026-03-21,Pune
10398,690,2026-03-17,Kolkata
10399,1206,2026-03-17,Pune
10400,290,2026-03-23,Delhi
10401,566,2026-03-05,Mumbai
10402,1219,2026-03-19,Bangalore
10403,1545,2026-03-04,Chennai
10404,1180,2026-03-08,Pune
10405,1502,2026-03-02,Hyderabad
10406,1548,2026-03-23,Bangalore
10407,1227,2026-03-29,Bangalore
10408,254,2026-03-30,Bangalore
10409,771,2026-03-23,Pune
10410,620,2026-03-22,Bangalore
10411,1134,2026-03-01,Delhi
10412,688,2026-03-12,Bangalore
10413,1534,2026-03-14,Chennai
10414,423,2026-03-29,Bangalore
10415,1587,2026-03-27,Pune
10416,1263,2026-03-21,Kolkata
10417,373,2026-03-18,Delhi
10418,1022,2026-03-04,Pune
10419,727,2026-03-26,Hyderabad
10420,1033,2026-03-20,Chennai
10421,1095,2026-03-01,Kolkata
10422,1341,2026-03-31,Hyderabad
10423,220,2026-03-26,Chennai
10424,81,2026-03-11,Mumbai
10425,1007,2026-03-15,Mumbai
10426,520,2026-03-24,Mumbai
10427,1323,2026-03-13,Bangalore
10428,1149,2026-03-27,Delhi
10429,86,2026-03-08,Kolkata
10430,806,2026-03-02,Pune
10431,428,2026-03-18,Bangalore
10432,1272,2026-03-31,Delhi
10433,918,2026-03-27,Bangalore
10434,213,2026-03-08,Mumbai
10435,1114,2026-03-03,Bangalore
10436,1563,2026-03-11,Bangalore
10437,677,2026-03-21,Mumbai
10438,171,2026-03-28,Chennai
10439,390,2026-03-29,Chennai
10440,399,2026-03-10,Hyderabad
10441,1044,2026-03-11,Delhi
10442,789,2026-03-06,Chennai
10443,1522,2026-03-11,Hyderabad
10444,651,2026-03-26,Hyderabad
10445,1098,2026-03-02,Bangalore
10446,983,2026-03-26,Pune
10447,302,2026-03-02,Mumbai
10448,1260,2026-03-04,Mumbai
10449,1286,2026-03-13,Mumbai
10450,1558,2026-03-22,Pune
10451,112,2026-03-28,Delhi
10452,631,2026-03-26,Chennai
10453,1170,2026-03-29,Bangalore
10454,95,2026-03-19,Delhi
10455,1351,2026-03-18,Mumbai
10456,1537,2026-03-16,Hyderabad
10457,1549,2026-03-09,Mumbai
10458,336,2026-03-13,Bangalore
10459,996,2026-03-24,Delhi
10460,605,2026-03-01,Bangalore
10461,851,2026-03-30,Bangalore
10462,1355,2026-03-12,Delhi
10463,345,2026-03-08,Chennai
10464,647,2026-03-12,Delhi
10465,204,2026-03-01,Mumbai
10466,1254,2026-03-19,Kolkata
10467,839,2026-03-13,Chennai
10468,1134,2026-03-08,Delhi
10469,931,2026-03-06,Hyderabad
10470,688,2026-03-22,Bangalore
10471,1219,2026-03-30,Bangalore
10472,813,2026-03-13,Delhi
10473,51,2026-03-09,Bangalore
10474,449,2026-03-26,Bangalore
10475,1566,2026-03-31,Delhi
10476,143,2026-03-08,Chennai
10477,840,2026-03-17,Mumbai
10478,412,2026-03-31,Pune
10479,1229,2026-03-01,Ahmedabad
10480,67,2026-03-30,Mumbai
10481,1437,2026-03-10,Hyderabad
10482,282,2026-03-21,Chennai
10483,428,2026-03-21,Bangalore
10484,1138,2026-03-15,Bangalore
10485,877,2026-03-09,Ahmedabad
10486,633,2026-03-02,Mumbai
10487,1012,2026-03-31,Bangalore
10488,1048,2026-03-20,Delhi
10489,325,2026-03-04,Mumbai
10490,668,2026-03-30,Mumbai
10491,585,2026-03-25,Chennai
10492,913,2026-03-20,Chennai
10493,1214,2026-03-08,Delhi
10494,216,2026-03-25,Delhi
10495,941,2026-03-01,Delhi
10496,234,2026-03-02,Hyderabad
10497,1162,2026-03-04,Delhi
10498,1023,2026-03-01,Chennai
10499,14,2026-03-06,Chennai
10500,216,2026-03-16,Delhi
10501,670,2026-03-23,Bangalore
10502,1414,2026-03-18,Chennai
10503,851,2026-03-15,Bangalore
10504,6,2026-03-11,Mumbai
10505,591,2026-03-01,Pune
10506,883,2026-03-19,Chennai
10507,820,2026-03-27,Delhi
10508,986,2026-03-02,Mumbai
10509,207,2026-03-03,Bangalore
10510,143,2026-03-18,Chennai
10511,1255,2026-03-30,Delhi
10512,29,2026-03-22,Bangalore
10513,310,2026-03-26,Hyderabad
10514,766,2026-03-15,Pune
10515,516,2026-03-16,Chennai
10516,1221,2026-03-13,Bangalore
10517,1162,2026-03-13,Delhi
10518,891,2026-03-14,Delhi
10519,1511,2026-03-13,Mumbai
10520,673,2026-03-27,Mumbai
10521,1044,2026-03-08,Delhi
10522,108,2026-03-14,Kolkata
10523,1260,2026-03-11,Mumbai
10524,1279,2026-03-24,Bangalore
10525,1426,2026-03-02,Hyderabad
10526,777,2026-03-25,Delhi
10527,1261,2026-03-30,Mumbai
10528,649,2026-03-05,Hyderabad
10529,395,2026-03-26,Delhi
10530,584,2026-03-29,Mumbai
10531,159,2026-03-17,Ahmedabad
10532,1094,2026-03-01,Chennai
10533,17,2026-03-22,Mumbai
10534,740,2026-03-15,Chennai
10535,374,2026-03-28,Mumbai
10536,352,2026-03-05,Delhi
10537,659,2026-03-27,Mumbai
10538,1180,2026-03-09,Pune
10539,395,2026-03-29,Delhi
10540,187,2026-03-02,Kolkata
10541,602,2026-03-23,Mumbai
10542,1040,2026-03-09,Delhi
10543,1002,2026-03-06,Pune
10544,433,2026-03-02,Mumbai
10545,923,2026-03-25,Kolkata
10546,10,2026-03-23,Chennai
10547,1094,2026-03-02,Chennai
10548,140,2026-03-15,Bangalore
10549,1128,2026-03-08,Mumbai
10550,887,2026-03-18,Mumbai
10551,1316,2026-03-13,Pune
10552,1244,2026-03-01,Ahmedabad
10553,1023,2026-03-22,Chennai
10554,1440,2026-03-08,Delhi
10555,391,2026-03-03,Delhi
10556,316,2026-03-02,Pune
10557,884,2026-03-23,Ahmedabad
10558,1302,2026-03-29,Chennai
10559,497,2026-03-29,Bangalore
10560,1586,2026-03-31,Delhi
10561,1083,2026-03-30,Bangalore
10562,93,2026-03-08,Delhi
10563,486,2026-03-24,Delhi
10564,900,2026-03-15,Mumbai
10565,1242,2026-03-16,Mumbai
10566,1540,2026-03-30,Ahmedabad
10567,1356,2026-03-25,Bangalore
10568,134,2026-03-15,Mumbai
10569,759,2026-03-21,Mumbai
10570,585,2026-03-10,Chennai
10571,913,2026-03-27,Chennai
10572,1013,2026-03-07,Bangalore
10573,20,2026-03-21,Chennai
10574,806,2026-03-27,Pune
10575,497,2026-03-07,Bangalore
10576,1091,2026-03-26,Bangalore
10577,309,2026-03-11,Ahmedabad
10578,716,2026-03-19,Delhi
10579,1294,2026-03-24,Mumbai
10580,1246,2026-03-21,Chennai
10581,1376,2026-03-28,Hyderabad
10582,792,2026-03-22,Delhi
10583,786,2026-03-22,Kolkata
10584,641,2026-03-03,Kolkata
10585,985,2026-03-26,Bangalore
10586,1574,2026-03-18,Hyderabad
10587,1191,2026-03-21,Ahmedabad
10588,720,2026-03-09,Hyderabad
10589,1497,2026-03-20,Chennai
10590,1152,2026-03-20,Chennai
10591,647,2026-03-12,Delhi
10592,1220,2026-03-02,Ahmedabad
10593,62,2026-03-02,Chennai
10594,1182,2026-03-02,Mumbai
10595,1020,2026-03-24,Kolkata
10596,1234,2026-03-25,Hyderabad
10597,131,2026-03-12,Mumbai
10598,1258,2026-03-20,Kolkata
10599,1488,2026-03-30,Bangalore
10600,759,2026-03-20,Mumbai
10601,1171,2026-03-31,Delhi
10602,700,2026-03-15,Bangalore
10603,660,2026-03-16,Ahmedabad
10604,404,2026-03-24,Pune
10605,1361,2026-03-04,Mumbai
10606,1189,2026-03-30,Delhi
10607,1070,2026-03-02,Kolkata
10608,1116,2026-03-05,Bangalore
10609,258,2026-03-23,Pune
10610,577,2026-03-20,Delhi
10611,1416,2026-03-14,Hyderabad
10612,907,2026-03-01,Mumbai
10613,467,2026-03-11,Delhi
10614,227,2026-03-31,Bangalore
10615,1044,2026-03-29,Delhi
10616,1045,2026-03-31,Chennai
10617,64,2026-03-04,Pune
10618,175,2026-03-16,Mumbai
10619,265,2026-03-12,Mumbai
10620,10,2026-03-09,Chennai
10621,433,2026-03-25,Mumbai
10622,557,2026-03-19,Pune
10623,230,2026-03-25,Chennai
10624,582,2026-03-19,Delhi
10625,318,2026-03-13,Hyderabad
10626,841,2026-03-23,Mumbai
10627,1508,2026-03-03,Delhi
10628,1314,2026-03-28,Delhi
10629,653,2026-03-03,Kolkata
10630,704,2026-03-15,Mumbai
10631,545,2026-03-26,Ahmedabad
10632,544,2026-03-06,Kolkata
10633,487,2026-03-26,Chennai
10634,613,2026-03-09,Chennai
10635,1566,2026-03-06,Delhi
10636,680,2026-03-17,Ahmedabad
10637,32,2026-03-21,Delhi
10638,894,2026-03-04,Ahmedabad
10639,272,2026-03-29,Ahmedabad
10640,1052,2026-03-01,Bangalore
10641,1521,2026-03-16,Delhi
10642,1516,2026-03-03,Bangalore
10643,24,2026-03-06,Kolkata
10644,435,2026-03-20,Chennai
10645,252,2026-03-13,Hyderabad
10646,1159,2026-03-06,Pune
10647,941,2026-03-22,Delhi
10648,1199,2026-03-18,Delhi
10649,766,2026-03-29,Pune
10650,185,2026-03-22,Kolkata
10651,1241,2026-03-07,Delhi
10652,389,2026-03-14,Hyderabad
10653,155,2026-03-24,Pune
10654,457,2026-03-04,Bangalore
10655,1420,2026-03-15,Hyderabad
10656,1549,2026-03-01,Mumbai
10657,1011,2026-03-15,Delhi
10658,1488,2026-03-05,Bangalore
10659,697,2026-03-01,Mumbai
10660,428,2026-03-12,Bangalore
10661,1005,2026-03-04,Bangalore
10662,673,2026-03-07,Mumbai
10663,320,2026-03-07,Chennai
10664,1493,2026-03-11,Mumbai
10665,257,2026-03-06,Bangalore
10666,1143,2026-03-23,Bangalore
10667,100,2026-03-02,Delhi
10668,392,2026-03-08,Mumbai
10669,346,2026-03-13,Chennai
10670,124,2026-03-30,Delhi
10671,880,2026-03-20,Delhi
10672,1183,2026-03-25,Chennai
10673,1382,2026-03-17,Delhi
10674,442,2026-03-11,Bangalore
10675,112,2026-03-26,Delhi
10676,70,2026-03-11,Kolkata
10677,449,2026-03-01,Bangalore
10678,57,2026-03-26,Pune
10679,643,2026-03-08,Delhi
10680,713,2026-03-12,Pune
10681,787,2026-03-26,Chennai
10682,1039,2026-03-20,Chennai
10683,521,2026-03-24,Hyderabad
10684,1164,2026-03-08,Ahmedabad
10685,370,2026-03-13,Hyderabad
10686,41,2026-03-15,Delhi
10687,297,2026-03-25,Delhi
10688,67,2026-03-03,Mumbai
10689,907,2026-03-27,Mumbai
10690,563,2026-03-01,Chennai
10691,519,2026-03-06,Ahmedabad
10692,833,2026-03-16,Hyderabad
10693,429,2026-03-04,Delhi
10694,355,2026-03-21,Delhi
10695,28,2026-03-23,Kolkata
10696,1529,2026-03-20,Mumbai
10697,254,2026-03-22,Bangalore
10698,633,2026-03-13,Mumbai
10699,116,2026-03-16,Bangalore
10700,39,2026-03-09,Chennai
10701,947,2026-03-03,Kolkata
10702,570,2026-03-26,Bangalore
10703,463,2026-03-04,Pune
10704,931,2026-03-08,Hyderabad
10705,1338,2026-03-09,Mumbai
10706,960,2026-03-24,Pune
10707,1146,2026-03-30,Delhi
10708,1271,2026-03-15,Delhi
10709,1381,2026-03-11,Mumbai
10710,859,2026-03-30,Hyderabad
10711,337,2026-03-11,Mumbai
10712,1251,2026-03-19,Mumbai
10713,1242,2026-03-08,Mumbai
10714,525,2026-03-22,Hyderabad
10715,48,2026-03-23,Bangalore
10716,1199,2026-03-09,Delhi
10717,789,2026-03-05,Chennai
10718,1472,2026-03-28,Mumbai
10719,138,2026-03-11,Delhi
10720,865,2026-03-10,Chennai
10721,961,2026-03-22,Ahmedabad
10722,814,2026-03-14,Delhi
10723,1421,2026-03-12,Hyderabad
10724,994,2026-03-04,Pune
10725,1478,2026-03-19,Mumbai
10726,219,2026-03-23,Bangalore
10727,177,2026-03-11,Hyderabad
10728,1072,2026-03-07,Delhi
10729,1060,2026-03-07,Bangalore
10730,97,2026-03-07,Mumbai
10731,1036,2026-03-26,Delhi
10732,966,2026-03-12,Delhi
10733,689,2026-03-10,Bangalore
10734,244,2026-03-14,Mumbai
10735,1141,2026-03-30,Ahmedabad
10736,636,2026-03-23,Pune
10737,87,2026-03-11,Ahmedabad
10738,1246,2026-03-02,Chennai
10739,1456,2026-03-09,Pune
10740,1095,2026-03-30,Kolkata
10741,720,2026-03-29,Hyderabad
10742,784,2026-03-14,Ahmedabad
10743,549,2026-03-16,Pune
10744,1015,2026-03-02,Chennai
10745,859,2026-03-16,Hyderabad
10746,513,2026-03-24,Hyderabad
10747,185,2026-03-19,Kolkata
10748,380,2026-03-29,Hyderabad
10749,1066,2026-03-05,Delhi
10750,905,2026-03-21,Hyderabad
10751,69,2026-03-09,Bangalore
10752,1203,2026-03-09,Kolkata
10753,1363,2026-03-09,Bangalore
10754,1592,2026-03-12,Pune
10755,896,2026-03-01,Chennai
10756,610,2026-03-15,Chennai
10757,323,2026-03-30,Chennai
10758,1175,2026-03-28,Hyderabad
10759,735,2026-03-27,Mumbai
10760,886,2026-03-09,Bangalore
10761,285,2026-03-10,Hyderabad
10762,1103,2026-03-23,Pune
10763,608,2026-03-08,Chennai
10764,1405,2026-03-16,Hyderabad
10765,1537,2026-03-23,Hyderabad
10766,457,2026-03-01,Bangalore
10767,274,2026-03-24,Bangalore
10768,393,2026-03-29,Bangalore
10769,248,2026-03-18,Bangalore
10770,246,2026-03-15,Pune
10771,1327,2026-03-25,Mumbai
10772,9,2026-03-17,Mumbai
10773,754,2026-03-15,Chennai
10774,1238,2026-03-12,Bangalore
10775,1044,2026-03-27,Delhi
10776,115,2026-03-05,Bangalore
10777,1565,2026-03-10,Mumbai
10778,1048,2026-03-07,Delhi
10779,494,2026-03-02,Ahmedabad
10780,1123,2026-03-05,Mumbai
10781,1221,2026-03-24,Bangalore
10782,131,2026-03-30,Mumbai
10783,1292,2026-03-18,Hyderabad
10784,13,2026-03-09,Pune
10785,408,2026-03-20,Chennai
10786,1392,2026-03-05,Mumbai
10787,1009,2026-03-08,Ahmedabad
10788,364,2026-03-06,Delhi
10789,308,2026-03-07,Pune
10790,1455,2026-03-23,Bangalore
10791,1217,2026-03-15,Mumbai
10792,596,2026-03-19,Delhi
10793,1592,2026-03-09,Pune
10794,1361,2026-03-15,Mumbai
10795,430,2026-03-06,Pune
10796,1364,2026-03-18,Bangalore
10797,236,2026-03-12,Chennai
10798,130,2026-03-02,Mumbai
10799,1008,2026-03-25,Delhi
10800,22,2026-03-29,Mumbai
10801,407,2026-03-02,Mumbai
10802,303,2026-03-05,Bangalore
10803,1100,2026-03-17,Delhi
10804,1402,2026-03-25,Bangalore
10805,1546,2026-03-02,Mumbai
10806,1220,2026-03-05,Ahmedabad
10807,1567,2026-03-23,Kolkata
10808,760,2026-03-26,Mumbai
10809,768,2026-03-17,Kolkata
10810,1554,2026-03-01,Bangalore
10811,1119,2026-03-23,Chennai
10812,416,2026-03-09,Hyderabad
10813,347,2026-03-04,Pune
10814,119,2026-03-24,Ahmedabad
10815,1462,2026-03-09,Pune
10816,214,2026-03-08,Mumbai
10817,1259,2026-03-24,Hyderabad
10818,716,2026-03-14,Delhi
10819,15,2026-03-08,Delhi
10820,1494,2026-03-20,Mumbai
10821,1540,2026-03-13,Ahmedabad
10822,1192,2026-03-04,Pune
10823,1339,2026-03-13,Bangalore
10824,1158,2026-03-23,Delhi
10825,1445,2026-03-14,Pune
10826,1134,2026-03-05,Delhi
10827,50,2026-03-26,Hyderabad
10828,1286,2026-03-07,Mumbai
10829,820,2026-03-02,Delhi
10830,615,2026-03-27,Mumbai
10831,494,2026-03-05,Ahmedabad
10832,1105,2026-03-23,Bangalore
10833,294,2026-03-26,Delhi
10834,633,2026-03-22,Mumbai
10835,965,2026-03-10,Bangalore
10836,1280,2026-03-10,Hyderabad
10837,1262,2026-03-20,Hyderabad
10838,752,2026-03-08,Mumbai
10839,389,2026-03-07,Hyderabad
10840,1563,2026-03-19,Bangalore
10841,853,2026-03-18,Delhi
10842,673,2026-03-20,Mumbai
10843,730,2026-03-03,Hyderabad
10844,1570,2026-03-18,Mumbai
10845,1579,2026-03-17,Bangalore
10846,193,2026-03-27,Kolkata
10847,1315,2026-03-26,Bangalore
10848,1027,2026-03-05,Ahmedabad
10849,1072,2026-03-13,Delhi
10850,1502,2026-03-27,Hyderabad
10851,651,2026-03-26,Hyderabad
10852,884,2026-03-26,Ahmedabad
10853,426,2026-03-12,Delhi
10854,709,2026-03-03,Mumbai
10855,715,2026-03-27,Chennai
10856,1070,2026-03-05,Kolkata
10857,34,2026-03-22,Chennai
10858,1283,2026-03-12,Chennai
10859,1294,2026-03-25,Mumbai
10860,570,2026-03-10,Bangalore
10861,634,2026-03-06,Mumbai
10862,1150,2026-03-18,Mumbai
10863,413,2026-03-29,Delhi
10864,1562,2026-03-23,Hyderabad
10865,773,2026-03-20,Chennai
10866,652,2026-03-12,Hyderabad
10867,79,2026-03-03,Delhi
10868,1228,2026-03-24,Hyderabad
10869,452,2026-03-10,Bangalore
10870,793,2026-03-04,Mumbai
10871,404,2026-03-19,Pune
10872,643,2026-03-22,Delhi
10873,191,2026-03-26,Delhi
10874,11,2026-03-10,Delhi
10875,1593,2026-03-27,Mumbai
10876,938,2026-03-07,Mumbai
10877,1099,2026-03-23,Pune
10878,924,2026-03-22,Delhi
10879,1508,2026-03-28,Delhi
10880,910,2026-03-05,Bangalore
10881,348,2026-03-28,Delhi
10882,757,2026-03-12,Mumbai
10883,475,2026-03-08,Pune
10884,180,2026-03-20,Kolkata
10885,1426,2026-03-27,Hyderabad
10886,601,2026-03-09,Mumbai
10887,489,2026-03-01,Bangalore
10888,962,2026-03-05,Bangalore
10889,561,2026-03-09,Delhi
10890,1115,2026-03-18,Bangalore
10891,25,2026-03-02,Hyderabad
10892,1177,2026-03-21,Bangalore
10893,408,2026-03-07,Chennai
10894,375,2026-03-25,Bangalore
10895,769,2026-03-06,Mumbai
10896,1054,2026-03-02,Pune
10897,458,2026-03-21,Kolkata
10898,344,2026-03-16,Bangalore
10899,109,2026-03-27,Chennai
10900,756,2026-03-29,Chennai
10901,1483,2026-03-26,Hyderabad
10902,924,2026-03-15,Delhi
10903,387,2026-03-27,Hyderabad
10904,1156,2026-03-21,Mumbai
10905,30,2026-03-05,Chennai
10906,1080,2026-03-04,Bangalore
10907,364,2026-03-05,Delhi
10908,397,2026-03-08,Mumbai
10909,1444,2026-03-13,Ahmedabad
10910,1493,2026-03-03,Mumbai
10911,778,2026-03-16,Delhi
10912,407,2026-03-21,Mumbai
10913,437,2026-03-03,Mumbai
10914,659,2026-03-19,Mumbai
10915,1271,2026-03-03,Delhi
10916,958,2026-03-26,Pune
10917,979,2026-03-08,Chennai
10918,1595,2026-03-22,Delhi
10919,1315,2026-03-17,Bangalore
10920,1435,2026-03-08,Chennai
10921,318,2026-03-31,Hyderabad
10922,1464,2026-03-14,Kolkata
10923,488,2026-03-16,Kolkata
10924,359,2026-03-02,Delhi
10925,1151,2026-03-10,Bangalore
10926,1403,2026-03-19,Chennai
10927,29,2026-03-04,Bangalore
10928,1295,2026-03-30,Mumbai
10929,914,2026-03-08,Bangalore
10930,96,2026-03-30,Mumbai
10931,311,2026-03-17,Hyderabad
10932,87,2026-03-14,Ahmedabad
10933,789,2026-03-07,Chennai
10934,478,2026-03-20,Bangalore
10935,635,2026-03-05,Pune
10936,1134,2026-03-22,Delhi
10937,603,2026-03-14,Bangalore
10938,15,2026-03-07,Delhi
10939,603,2026-03-21,Bangalore
10940,1264,2026-03-20,Mumbai
10941,555,2026-03-25,Chennai
10942,410,2026-03-07,Bangalore
10943,334,2026-03-16,Hyderabad
10944,229,2026-03-22,Bangalore
10945,995,2026-03-09,Bangalore
10946,241,2026-03-02,Bangalore
10947,807,2026-03-29,Bangalore
10948,785,2026-03-05,Pune
10949,691,2026-03-26,Hyderabad
10950,306,2026-03-29,Pune
10951,841,2026-03-26,Mumbai
10952,1274,2026-03-10,Ahmedabad
10953,761,2026-03-28,Delhi
10954,652,2026-03-25,Hyderabad
10955,1081,2026-03-05,Bangalore
10956,1308,2026-03-14,Delhi
10957,826,2026-03-15,Hyderabad
10958,1324,2026-03-31,Pune
10959,575,2026-03-19,Hyderabad
10960,1185,2026-03-01,Mumbai
10961,1599,2026-03-07,Mumbai
10962,1192,2026-03-04,Pune
10963,813,2026-03-24,Delhi
10964,443,2026-03-11,Mumbai
10965,530,2026-03-15,Delhi
10966,933,2026-03-13,Mumbai
10967,49,2026-03-06,Mumbai
10968,93,2026-03-06,Delhi
10969,648,2026-03-02,Delhi
10970,632,2026-03-01,Ahmedabad
10971,820,2026-03-29,Delhi
10972,1150,2026-03-05,Mumbai
10973,411,2026-03-19,Mumbai
10974,760,2026-03-20,Mumbai
10975,189,2026-03-31,Pune
10976,937,2026-03-20,Bangalore
10977,267,2026-03-29,Chennai
10978,1572,2026-03-24,Delhi
10979,336,2026-03-11,Bangalore
10980,1572,2026-03-13,Delhi
10981,356,2026-03-18,Delhi
10982,1282,2026-03-05,Delhi
10983,92,2026-03-06,Bangalore
10984,306,2026-03-18,Pune
10985,52,2026-03-16,Bangalore
10986,1013,2026-03-15,Bangalore
10987,295,2026-03-16,Bangalore
10988,516,2026-03-26,Chennai
10989,1112,2026-03-24,Bangalore
10990,664,2026-03-16,Delhi
10991,868,2026-03-09,Mumbai
10992,527,2026-03-06,Pune
10993,20,2026-03-22,Chennai
10994,854,2026-03-30,Bangalore
10995,657,2026-03-16,Mumbai
10996,1548,2026-03-22,Bangalore
10997,168,2026-03-19,Mumbai
10998,571,2026-03-17,Chennai
10999,634,2026-03-12,Mumbai
11000,1443,2026-03-28,Ahmedabad
11001,1059,2026-03-31,Kolkata
11002,27,2026-03-23,Pune
11003,316,2026-03-18,Pune
11004,339,2026-03-11,Delhi
11005,1560,2026-03-09,Delhi
11006,29,2026-03-25,Bangalore
11007,309,2026-03-02,Ahmedabad
11008,1070,2026-03-06,Kolkata
11009,1344,2026-03-01,Mumbai
11010,613,2026-03-20,Chennai
11011,674,2026-03-14,Mumbai
11012,1185,2026-03-16,Mumbai
11013,746,2026-03-20,Ahmedabad
11014,1128,2026-03-14,Mumbai
11015,753,2026-03-21,Delhi
11016,1422,2026-03-05,Hyderabad
11017,1328,2026-03-28,Mumbai
11018,873,2026-03-02,Chennai
11019,1419,2026-03-11,Mumbai
11020,194,2026-03-02,Mumbai
11021,868,2026-03-20,Mumbai
11022,272,2026-03-27,Ahmedabad
11023,961,2026-03-02,Ahmedabad
11024,1333,2026-03-18,Pune
11025,188,2026-03-28,Mumbai
11026,632,2026-03-27,Ahmedabad
11027,1167,2026-03-14,Ahmedabad
11028,1274,2026-03-20,Ahmedabad
11029,861,2026-03-05,Chennai
11030,352,2026-03-07,Delhi
11031,284,2026-03-30,Kolkata
11032,1199,2026-03-25,Delhi
11033,1197,2026-03-30,Bangalore
11034,493,2026-03-02,Chennai
11035,723,2026-03-04,Mumbai
11036,798,2026-03-18,Delhi
11037,933,2026-03-29,Mumbai
11038,1250,2026-03-12,Chennai
11039,1003,2026-03-06,Hyderabad
11040,923,2026-03-05,Kolkata
11041,443,2026-03-10,Mumbai
11042,698,2026-03-07,Delhi
11043,419,2026-03-07,Mumbai
11044,1580,2026-03-13,Mumbai
11045,78,2026-03-03,Kolkata
11046,535,2026-03-02,Chennai
11047,509,2026-03-06,Chennai
11048,843,2026-03-23,Kolkata
11049,700,2026-03-02,Bangalore
11050,442,2026-03-06,Bangalore
11051,1007,2026-03-04,Mumbai
11052,859,2026-03-19,Hyderabad
11053,1061,2026-03-15,Ahmedabad
11054,876,2026-03-23,Delhi
11055,1555,2026-03-07,Mumbai
11056,1066,2026-03-21,Delhi
11057,456,2026-03-10,Bangalore
11058,1551,2026-03-18,Mumbai
11059,1584,2026-03-05,Delhi
11060,1136,2026-03-23,Mumbai
11061,411,2026-03-21,Mumbai
11062,315,2026-03-06,Kolkata
11063,589,2026-03-14,Delhi
11064,1129,2026-03-17,Mumbai
11065,733,2026-03-17,Ahmedabad
11066,777,2026-03-01,Delhi
11067,563,2026-03-20,Chennai
11068,424,2026-03-17,Ahmedabad
11069,1489,2026-03-09,Mumbai
11070,1419,2026-03-27,Mumbai
11071,15,2026-03-04,Delhi
11072,1290,2026-03-27,Mumbai
11073,1425,2026-03-22,Pune
11074,619,2026-03-29,Hyderabad
11075,512,2026-03-05,Kolkata
11076,1048,2026-03-16,Delhi
11077,1434,2026-03-17,Delhi
11078,680,2026-03-17,Ahmedabad
11079,839,2026-03-12,Chennai
11080,458,2026-03-02,Kolkata
11081,921,2026-03-07,Mumbai
11082,107,2026-03-20,Bangalore
11083,409,2026-03-16,Bangalore
11084,1008,2026-03-13,Delhi
11085,1594,2026-03-18,Mumbai
11086,474,2026-03-14,Bangalore
11087,48,2026-03-23,Bangalore
11088,1014,2026-03-18,Kolkata
11089,472,2026-03-12,Mumbai
11090,873,2026-03-29,Chennai
11091,1330,2026-03-13,Ahmedabad
11092,1022,2026-03-23,Pune
11093,878,2026-03-21,Hyderabad
11094,409,2026-03-29,Bangalore
11095,283,2026-03-11,Chennai
11096,349,2026-03-15,Chennai
11097,1568,2026-03-14,Chennai
11098,285,2026-03-29,Hyderabad
11099,372,2026-03-27,Mumbai
11100,1280,2026-03-26,Hyderabad
11101,1217,2026-03-06,Mumbai
11102,989,2026-03-28,Kolkata
11103,358,2026-03-04,Mumbai
11104,61,2026-03-17,Kolkata
11105,1233,2026-03-08,Bangalore
11106,728,2026-03-22,Bangalore
11107,1,2026-03-21,Chennai
11108,1201,2026-03-28,Mumbai
11109,79,2026-03-04,Delhi
11110,1446,2026-03-15,Ahmedabad
11111,1053,2026-03-09,Bangalore
11112,6,2026-03-12,Mumbai
11113,914,2026-03-31,Bangalore
11114,1214,2026-03-15,Delhi
11115,1498,2026-03-19,Mumbai
11116,627,2026-03-13,Bangalore
11117,1391,2026-03-21,Pune
11118,255,2026-03-18,Bangalore
11119,1056,2026-03-09,Mumbai
11120,331,2026-03-09,Pune
11121,720,2026-03-25,Hyderabad
11122,1297,2026-03-22,Mumbai
11123,1098,2026-03-03,Bangalore
11124,832,2026-03-21,Delhi
11125,1456,2026-03-11,Pune
11126,1118,2026-03-11,Mumbai
11127,170,2026-03-24,Mumbai
11128,1438,2026-03-11,Pune
11129,110,2026-03-28,Mumbai
11130,1074,2026-03-18,Chennai
11131,1090,2026-03-16,Mumbai
11132,403,2026-03-27,Mumbai
11133,434,2026-03-14,Kolkata
11134,957,2026-03-04,Delhi
11135,908,2026-03-07,Mumbai
11136,397,2026-03-21,Mumbai
11137,1573,2026-03-15,Mumbai
11138,218,2026-03-13,Bangalore
11139,544,2026-03-17,Kolkata
11140,242,2026-03-07,Hyderabad
11141,533,2026-03-14,Chennai
11142,1598,2026-03-02,Pune
11143,98,2026-03-31,Kolkata
11144,166,2026-03-06,Kolkata
11145,523,2026-03-11,Mumbai
11146,1236,2026-03-14,Bangalore
11147,182,2026-03-08,Mumbai
11148,1297,2026-03-07,Mumbai
11149,1559,2026-03-23,Delhi
11150,730,2026-03-22,Hyderabad
11151,1223,2026-03-12,Mumbai
11152,193,2026-03-09,Kolkata
11153,1055,2026-03-24,Delhi
11154,1269,2026-03-05,Bangalore
11155,962,2026-03-05,Bangalore
11156,486,2026-03-05,Delhi
11157,1327,2026-03-31,Mumbai
11158,122,2026-03-05,Kolkata
11159,1527,2026-03-02,Chennai
11160,1359,2026-03-26,Bangalore
11161,1440,2026-03-18,Delhi
11162,1239,2026-03-08,Mumbai
11163,1436,2026-03-22,Chennai
11164,1357,2026-03-15,Hyderabad
11165,1176,2026-03-24,Hyderabad
11166,883,2026-03-09,Chennai
11167,10,2026-03-04,Chennai
11168,1195,2026-03-01,Kolkata
11169,500,2026-03-30,Delhi
11170,1232,2026-03-26,Bangalore
11171,735,2026-03-06,Mumbai
11172,273,2026-03-18,Kolkata
11173,1330,2026-03-16,Ahmedabad
11174,1494,2026-03-02,Mumbai
11175,1072,2026-03-22,Delhi
11176,936,2026-03-14,Chennai
11177,436,2026-03-24,Bangalore
11178,859,2026-03-11,Hyderabad
11179,828,2026-03-27,Kolkata
11180,1427,2026-03-16,Mumbai
11181,1578,2026-03-14,Hyderabad
11182,1008,2026-03-14,Delhi
11183,614,2026-03-15,Chennai
11184,482,2026-03-22,Mumbai
11185,829,2026-03-04,Chennai
11186,461,2026-03-21,Delhi
11187,236,2026-03-26,Chennai
11188,313,2026-03-17,Mumbai
11189,404,2026-03-24,Pune
11190,594,2026-03-01,Mumbai
11191,1514,2026-03-27,Pune
11192,1342,2026-03-25,Chennai
11193,1440,2026-03-24,Delhi
11194,154,2026-03-20,Delhi
11195,1165,2026-03-13,Hyderabad
11196,1336,2026-03-01,Delhi
11197,945,2026-03-04,Bangalore
11198,1020,2026-03-10,Kolkata
11199,479,2026-03-19,Delhi
11200,501,2026-03-30,Bangalore
11201,555,2026-03-04,Chennai
11202,1036,2026-03-21,Delhi
11203,451,2026-03-03,Bangalore
11204,1538,2026-03-19,Delhi
11205,1317,2026-03-24,Ahmedabad
11206,655,2026-03-18,Chennai
11207,774,2026-03-13,Bangalore
11208,859,2026-03-07,Hyderabad
11209,552,2026-03-03,Delhi
11210,11,2026-03-31,Delhi
11211,371,2026-03-29,Bangalore
11212,762,2026-03-16,Mumbai
11213,932,2026-03-30,Delhi
11214,824,2026-03-29,Bangalore
11215,830,2026-03-05,Delhi
11216,947,2026-03-09,Kolkata
11217,472,2026-03-19,Mumbai
11218,1551,2026-03-24,Mumbai
11219,215,2026-03-28,Kolkata
11220,576,2026-03-01,Mumbai
11221,1149,2026-03-06,Delhi
11222,290,2026-03-06,Delhi
11223,1266,2026-03-03,Chennai
11224,414,2026-03-24,Delhi
11225,1049,2026-03-12,Mumbai
11226,1355,2026-03-26,Delhi
11227,1097,2026-03-03,Delhi
11228,648,2026-03-23,Delhi
11229,1556,2026-03-20,Pune
11230,1167,2026-03-18,Ahmedabad
11231,850,2026-03-05,Delhi
11232,1417,2026-03-22,Delhi
11233,967,2026-03-25,Mumbai
11234,274,2026-03-19,Bangalore
11235,1535,2026-03-16,Bangalore
11236,433,2026-03-30,Mumbai
11237,138,2026-03-22,Delhi
11238,785,2026-03-12,Pune
11239,317,2026-03-11,Pune
11240,1470,2026-03-26,Pune
11241,1323,2026-03-05,Bangalore
11242,240,2026-03-31,Pune
11243,1405,2026-03-22,Hyderabad
11244,954,2026-03-05,Mumbai
11245,1207,2026-03-05,Delhi
11246,466,2026-03-08,Hyderabad
11247,832,2026-03-30,Delhi
11248,1527,2026-03-20,Chennai
11249,1403,2026-03-05,Chennai
11250,545,2026-03-21,Ahmedabad
11251,1240,2026-03-20,Delhi
11252,1233,2026-03-31,Bangalore
11253,1600,2026-03-10,Ahmedabad
11254,1516,2026-03-04,Bangalore
11255,384,2026-03-24,Delhi
11256,1267,2026-03-31,Delhi
11257,705,2026-03-01,Mumbai
11258,574,2026-03-03,Mumbai
11259,1554,2026-03-23,Bangalore
11260,886,2026-03-03,Bangalore
11261,166,2026-03-04,Kolkata
11262,1115,2026-03-07,Bangalore
11263,840,2026-03-16,Mumbai
11264,2,2026-03-09,Pune
11265,543,2026-03-07,Pune
11266,5,2026-03-26,Mumbai
11267,1391,2026-03-19,Pune
11268,215,2026-03-17,Kolkata
11269,1187,2026-03-23,Delhi
11270,1329,2026-03-20,Mumbai
11271,930,2026-03-06,Mumbai
11272,16,2026-03-06,Ahmedabad
11273,298,2026-03-31,Pune
11274,1356,2026-03-17,Bangalore
11275,32,2026-03-07,Delhi
11276,245,2026-03-15,Kolkata
11277,1166,2026-03-19,Hyderabad
11278,1048,2026-03-18,Delhi
11279,1061,2026-03-18,Ahmedabad
11280,900,2026-03-04,Mumbai
11281,1031,2026-03-23,Hyderabad
11282,1105,2026-03-02,Bangalore
11283,892,2026-03-07,Kolkata
11284,1120,2026-03-06,Chennai
11285,1574,2026-03-04,Hyderabad
11286,1478,2026-03-17,Mumbai
11287,696,2026-03-04,Bangalore
11288,1571,2026-03-21,Delhi
11289,283,2026-03-05,Chennai
11290,264,2026-03-31,Kolkata
11291,1192,2026-03-09,Pune
11292,1420,2026-03-27,Hyderabad
11293,1373,2026-03-13,Mumbai
11294,1592,2026-03-26,Pune
11295,472,2026-03-05,Mumbai
11296,1039,2026-03-02,Chennai
11297,506,2026-03-31,Hyderabad
11298,989,2026-03-19,Kolkata
11299,55,2026-03-11,Pune
11300,340,2026-03-28,Chennai
11301,869,2026-03-30,Bangalore
11302,1512,2026-03-03,Hyderabad
11303,108,2026-03-25,Kolkata
11304,1508,2026-03-07,Delhi
11305,237,2026-03-20,Pune
11306,1083,2026-03-05,Bangalore
11307,286,2026-03-29,Hyderabad
11308,745,2026-03-06,Chennai
11309,336,2026-03-31,Bangalore
11310,1108,2026-03-26,Mumbai
11311,60,2026-03-17,Bangalore
11312,361,2026-03-01,Hyderabad
11313,417,2026-03-04,Ahmedabad
11314,167,2026-03-12,Bangalore
11315,22,2026-03-03,Mumbai
11316,907,2026-03-03,Mumbai
11317,390,2026-03-03,Chennai
11318,401,2026-03-22,Delhi
11319,1183,2026-03-22,Chennai
11320,1007,2026-03-09,Mumbai
11321,302,2026-03-31,Mumbai
11322,1231,2026-03-04,Mumbai
11323,89,2026-03-20,Chennai
11324,348,2026-03-04,Delhi
11325,476,2026-03-07,Ahmedabad
11326,604,2026-03-07,Bangalore
11327,869,2026-03-16,Bangalore
11328,985,2026-03-26,Bangalore
11329,92,2026-03-22,Bangalore
11330,1178,2026-03-22,Delhi
11331,882,2026-03-27,Delhi
11332,666,2026-03-24,Hyderabad
11333,447,2026-03-06,Bangalore
11334,59,2026-03-26,Bangalore
11335,713,2026-03-23,Pune
11336,652,2026-03-05,Hyderabad
11337,492,2026-03-17,Hyderabad
11338,257,2026-03-06,Bangalore
11339,1565,2026-03-11,Mumbai
11340,1308,2026-03-07,Delhi
11341,659,2026-03-23,Mumbai
11342,927,2026-03-16,Hyderabad
11343,1513,2026-03-08,Delhi
11344,427,2026-03-27,Kolkata
11345,1056,2026-03-10,Mumbai
11346,634,2026-03-08,Mumbai
11347,201,2026-03-22,Bangalore
11348,1574,2026-03-25,Hyderabad
11349,819,2026-03-26,Delhi
11350,1055,2026-03-20,Delhi
11351,1212,2026-03-27,Bangalore
11352,1498,2026-03-09,Mumbai
11353,191,2026-03-20,Delhi
11354,500,2026-03-03,Delhi
11355,1423,2026-03-19,Pune
11356,326,2026-03-31,Ahmedabad
11357,509,2026-03-18,Chennai
11358,854,2026-03-21,Bangalore
11359,1298,2026-03-11,Bangalore
11360,343,2026-03-25,Delhi
11361,695,2026-03-10,Mumbai
11362,72,2026-03-13,Hyderabad
11363,638,2026-03-27,Hyderabad
11364,356,2026-03-09,Delhi
11365,549,2026-03-07,Pune
11366,1228,2026-03-22,Hyderabad
11367,347,2026-03-09,Pune
11368,910,2026-03-07,Bangalore
11369,140,2026-04-22,Bangalore
11370,628,2026-04-06,Bangalore
11371,1004,2026-04-14,Hyderabad
11372,572,2026-04-17,Bangalore
11373,1574,2026-04-15,Hyderabad
11374,337,2026-04-22,Mumbai
11375,1489,2026-04-22,Mumbai
11376,303,2026-04-15,Bangalore
11377,734,2026-04-19,Bangalore
11378,1498,2026-04-29,Mumbai
11379,470,2026-04-17,Hyderabad
11380,189,2026-04-04,Pune
11381,1380,2026-04-17,Hyderabad
11382,602,2026-04-09,Mumbai
11383,366,2026-04-29,Ahmedabad
11384,579,2026-04-28,Mumbai
11385,971,2026-04-14,Bangalore
11386,914,2026-04-11,Bangalore
11387,1307,2026-04-26,Bangalore
11388,1156,2026-04-16,Mumbai
11389,769,2026-04-04,Mumbai
11390,914,2026-04-23,Bangalore
11391,1492,2026-04-04,Mumbai
11392,1214,2026-04-15,Delhi
11393,164,2026-04-25,Delhi
11394,31,2026-04-19,Mumbai
11395,385,2026-04-30,Ahmedabad
11396,998,2026-04-11,Mumbai
11397,615,2026-04-05,Mumbai
11398,584,2026-04-12,Mumbai
11399,1505,2026-04-02,Mumbai
11400,1050,2026-04-25,Mumbai
11401,1151,2026-04-19,Bangalore
11402,1571,2026-04-09,Delhi
11403,381,2026-04-03,Hyderabad
11404,1434,2026-04-08,Delhi
11405,35,2026-04-20,Chennai
11406,1173,2026-04-12,Delhi
11407,967,2026-04-23,Mumbai
11408,347,2026-04-12,Pune
11409,1355,2026-04-04,Delhi
11410,222,2026-04-08,Chennai
11411,721,2026-04-27,Bangalore
11412,867,2026-04-22,Delhi
11413,765,2026-04-26,Bangalore
11414,1015,2026-04-16,Chennai
11415,566,2026-04-01,Mumbai
11416,637,2026-04-24,Mumbai
11417,1143,2026-04-07,Bangalore
11418,665,2026-04-23,Pune
11419,1081,2026-04-09,Bangalore
11420,1167,2026-04-02,Ahmedabad
11421,363,2026-04-10,Delhi
11422,4,2026-04-24,Chennai
11423,358,2026-04-12,Mumbai
11424,784,2026-04-26,Ahmedabad
11425,1567,2026-04-29,Kolkata
11426,890,2026-04-14,Chennai
11427,466,2026-04-17,Hyderabad
11428,642,2026-04-09,Ahmedabad
11429,460,2026-04-22,Delhi
11430,1281,2026-04-03,Mumbai
11431,657,2026-04-07,Mumbai
11432,10,2026-04-26,Chennai
11433,270,2026-04-30,Mumbai
11434,1001,2026-04-13,Delhi
11435,630,2026-04-18,Delhi
11436,1039,2026-04-22,Chennai
11437,754,2026-04-29,Chennai
11438,278,2026-04-09,Pune
11439,45,2026-04-06,Kolkata
11440,872,2026-04-10,Mumbai
11441,992,2026-04-23,Ahmedabad
11442,1349,2026-04-15,Ahmedabad
11443,1566,2026-04-03,Delhi
11444,510,2026-04-24,Delhi
11445,340,2026-04-12,Chennai
11446,875,2026-04-07,Delhi
11447,1372,2026-04-12,Bangalore
11448,1590,2026-04-13,Ahmedabad
11449,106,2026-04-12,Chennai
11450,226,2026-04-14,Delhi
11451,1446,2026-04-09,Ahmedabad
11452,533,2026-04-25,Chennai
11453,713,2026-04-07,Pune
11454,449,2026-04-20,Bangalore
11455,281,2026-04-29,Bangalore
11456,993,2026-04-28,Hyderabad
11457,1140,2026-04-09,Pune
11458,1058,2026-04-23,Hyderabad
11459,152,2026-04-12,Ahmedabad
11460,637,2026-04-06,Mumbai
11461,802,2026-04-30,Delhi
11462,1492,2026-04-06,Mumbai
11463,1236,2026-04-04,Bangalore
11464,1372,2026-04-08,Bangalore
11465,66,2026-04-26,Bangalore
11466,1411,2026-04-25,Ahmedabad
11467,1536,2026-04-29,Mumbai
11468,969,2026-04-19,Chennai
11469,266,2026-04-22,Bangalore
11470,3,2026-04-29,Delhi
11471,1369,2026-04-07,Mumbai
11472,368,2026-04-14,Chennai
11473,1051,2026-04-16,Ahmedabad
11474,1266,2026-04-29,Chennai
11475,1198,2026-04-14,Chennai
11476,616,2026-04-06,Delhi
11477,318,2026-04-09,Hyderabad
11478,425,2026-04-30,Delhi
11479,245,2026-04-25,Kolkata
11480,1129,2026-04-24,Mumbai
11481,601,2026-04-16,Mumbai
11482,991,2026-04-02,Delhi
11483,1548,2026-04-12,Bangalore
11484,564,2026-04-22,Kolkata
11485,683,2026-04-22,Bangalore
11486,792,2026-04-16,Delhi
11487,933,2026-04-19,Mumbai
11488,1598,2026-04-27,Pune
11489,16,2026-04-09,Ahmedabad
11490,518,2026-04-02,Pune
11491,92,2026-04-13,Bangalore
11492,1455,2026-04-14,Bangalore
11493,396,2026-04-28,Chennai
11494,1362,2026-04-12,Delhi
11495,190,2026-04-05,Pune
11496,876,2026-04-09,Delhi
11497,1409,2026-04-23,Ahmedabad
11498,472,2026-04-10,Mumbai
11499,1352,2026-04-06,Delhi
11500,1049,2026-04-28,Mumbai
11501,935,2026-04-25,Pune
11502,1382,2026-04-07,Delhi
11503,1257,2026-04-20,Kolkata
11504,175,2026-04-17,Mumbai
11505,828,2026-04-08,Kolkata
11506,711,2026-04-20,Mumbai
11507,188,2026-04-02,Mumbai
11508,409,2026-04-01,Bangalore
11509,252,2026-04-27,Hyderabad
11510,355,2026-04-10,Delhi
11511,653,2026-04-03,Kolkata
11512,582,2026-04-18,Delhi
11513,839,2026-04-21,Chennai
11514,1485,2026-04-23,Chennai
11515,657,2026-04-05,Mumbai
11516,588,2026-04-01,Ahmedabad
11517,1084,2026-04-04,Mumbai
11518,414,2026-04-01,Delhi
11519,1499,2026-04-08,Hyderabad
11520,445,2026-04-04,Chennai
11521,596,2026-04-30,Delhi
11522,642,2026-04-18,Ahmedabad
11523,499,2026-04-03,Delhi
11524,263,2026-04-04,Delhi
11525,520,2026-04-04,Mumbai
11526,552,2026-04-11,Delhi
11527,257,2026-04-23,Bangalore
11528,811,2026-04-14,Bangalore
11529,1288,2026-04-19,Mumbai
11530,692,2026-04-24,Bangalore
11531,492,2026-04-18,Hyderabad
11532,153,2026-04-01,Kolkata
11533,970,2026-04-30,Hyderabad
11534,940,2026-04-21,Ahmedabad
11535,1045,2026-04-12,Chennai
11536,1579,2026-04-23,Bangalore
11537,1060,2026-04-12,Bangalore
11538,1546,2026-04-17,Mumbai
11539,1092,2026-04-30,Bangalore
11540,1185,2026-04-14,Mumbai
11541,553,2026-04-21,Mumbai
11542,1561,2026-04-06,Delhi
11543,1091,2026-04-02,Bangalore
11544,1522,2026-04-17,Hyderabad
11545,425,2026-04-01,Delhi
11546,76,2026-04-23,Delhi
11547,636,2026-04-20,Pune
11548,104,2026-04-26,Pune
11549,758,2026-04-21,Bangalore
11550,593,2026-04-20,Pune
11551,870,2026-04-25,Pune
11552,73,2026-04-29,Delhi
11553,1428,2026-04-15,Pune
11554,553,2026-04-04,Mumbai
11555,799,2026-04-05,Ahmedabad
11556,404,2026-04-18,Pune
11557,327,2026-04-21,Hyderabad
11558,627,2026-04-12,Bangalore
11559,1253,2026-04-30,Hyderabad
11560,370,2026-04-30,Hyderabad
11561,210,2026-04-20,Chennai
11562,1302,2026-04-17,Chennai
11563,223,2026-04-09,Chennai
11564,132,2026-04-01,Bangalore
11565,250,2026-04-29,Bangalore
11566,605,2026-04-22,Bangalore
11567,1577,2026-04-26,Delhi
11568,1495,2026-04-15,Kolkata
11569,1084,2026-04-21,Mumbai
11570,547,2026-04-16,Pune
11571,1551,2026-04-03,Mumbai
11572,756,2026-04-08,Chennai
11573,956,2026-04-27,Kolkata
11574,1375,2026-04-16,Delhi
11575,841,2026-04-03,Mumbai
11576,1393,2026-04-22,Chennai
11577,899,2026-04-10,Chennai
11578,1324,2026-04-22,Pune
11579,1126,2026-04-12,Ahmedabad
11580,655,2026-04-27,Chennai
11581,669,2026-04-28,Delhi
11582,171,2026-04-24,Chennai
11583,1133,2026-04-25,Bangalore
11584,343,2026-04-02,Delhi
11585,1493,2026-04-28,Mumbai
11586,1340,2026-04-25,Hyderabad
11587,465,2026-04-01,Kolkata
11588,367,2026-04-08,Delhi
11589,1242,2026-04-22,Mumbai
11590,1545,2026-04-25,Chennai
11591,554,2026-04-18,Mumbai
11592,1305,2026-04-18,Mumbai
11593,1428,2026-04-05,Pune
11594,22,2026-04-09,Mumbai
11595,938,2026-04-21,Mumbai
11596,1170,2026-04-23,Bangalore
11597,389,2026-04-17,Hyderabad
11598,1439,2026-04-29,Hyderabad
11599,1122,2026-04-30,Pune
11600,138,2026-04-05,Delhi
11601,211,2026-04-24,Bangalore
11602,1356,2026-04-09,Bangalore
11603,977,2026-04-09,Bangalore
11604,1408,2026-04-12,Hyderabad
11605,966,2026-04-09,Delhi
11606,871,2026-04-04,Mumbai
11607,1498,2026-04-08,Mumbai
11608,317,2026-04-23,Pune
11609,781,2026-04-12,Ahmedabad
11610,1400,2026-04-14,Hyderabad
11611,256,2026-04-15,Pune
11612,1498,2026-04-25,Mumbai
11613,769,2026-04-27,Mumbai
11614,1179,2026-04-28,Mumbai
11615,1453,2026-04-21,Hyderabad
11616,1411,2026-04-20,Ahmedabad
11617,270,2026-04-06,Mumbai
11618,385,2026-04-05,Ahmedabad
11619,1072,2026-04-22,Delhi
11620,677,2026-04-25,Mumbai
11621,590,2026-04-28,Delhi
11622,504,2026-04-17,Mumbai
11623,1099,2026-04-02,Pune
11624,1312,2026-04-16,Delhi
11625,799,2026-04-06,Ahmedabad
11626,560,2026-04-29,Kolkata
11627,101,2026-04-02,Delhi
11628,311,2026-04-14,Hyderabad
11629,834,2026-04-04,Pune
11630,158,2026-04-19,Pune
11631,1114,2026-04-05,Bangalore
11632,468,2026-04-09,Delhi
11633,1479,2026-04-03,Mumbai
11634,197,2026-04-30,Mumbai
11635,566,2026-04-04,Mumbai
11636,1143,2026-04-30,Bangalore
11637,970,2026-04-11,Hyderabad
11638,1543,2026-04-20,Chennai
11639,159,2026-04-15,Ahmedabad
11640,1444,2026-04-03,Ahmedabad
11641,1285,2026-04-19,Chennai
11642,323,2026-04-26,Chennai
11643,183,2026-04-11,Kolkata
11644,1546,2026-04-26,Mumbai
11645,175,2026-04-22,Mumbai
11646,812,2026-04-24,Pune
11647,539,2026-04-02,Delhi
11648,300,2026-04-15,Ahmedabad
11649,522,2026-04-11,Delhi
11650,1505,2026-04-13,Mumbai
11651,552,2026-04-05,Delhi
11652,708,2026-04-15,Mumbai
11653,1474,2026-04-14,Bangalore
11654,103,2026-04-30,Hyderabad
11655,1233,2026-04-22,Bangalore
11656,1565,2026-04-15,Mumbai
11657,857,2026-04-06,Chennai
11658,185,2026-04-26,Kolkata
11659,796,2026-04-25,Ahmedabad
11660,1476,2026-04-14,Delhi
11661,1530,2026-04-09,Mumbai
11662,982,2026-04-07,Hyderabad
11663,138,2026-04-15,Delhi
11664,410,2026-04-10,Bangalore
11665,382,2026-04-12,Delhi
11666,1587,2026-04-14,Pune
11667,817,2026-04-25,Hyderabad
11668,557,2026-04-30,Pune
11669,1422,2026-04-16,Hyderabad
11670,1181,2026-04-23,Hyderabad
11671,735,2026-04-05,Mumbai
11672,562,2026-04-23,Delhi
11673,1169,2026-04-29,Delhi
11674,612,2026-04-18,Pune
11675,1501,2026-04-23,Delhi
11676,1202,2026-04-17,Pune
11677,1183,2026-04-20,Chennai
11678,480,2026-04-13,Kolkata
11679,1433,2026-04-15,Pune
11680,1018,2026-04-23,Bangalore
11681,275,2026-04-24,Ahmedabad
11682,424,2026-04-22,Ahmedabad
11683,800,2026-04-20,Delhi
11684,1593,2026-04-20,Mumbai
11685,1520,2026-04-26,Bangalore
11686,753,2026-04-05,Delhi
11687,1540,2026-04-22,Ahmedabad
11688,1105,2026-04-16,Bangalore
11689,30,2026-04-12,Chennai
11690,544,2026-04-25,Kolkata
11691,86,2026-04-12,Kolkata
11692,1308,2026-04-14,Delhi
11693,1103,2026-04-25,Pune
11694,1545,2026-04-20,Chennai
11695,577,2026-04-02,Delhi
11696,556,2026-04-17,Delhi
11697,216,2026-04-16,Delhi
11698,750,2026-04-13,Delhi
11699,1489,2026-04-02,Mumbai
11700,493,2026-04-28,Chennai
11701,1307,2026-04-21,Bangalore
11702,768,2026-04-17,Kolkata
11703,791,2026-04-06,Mumbai
11704,223,2026-04-08,Chennai
11705,413,2026-04-15,Delhi
11706,362,2026-04-28,Pune
11707,1253,2026-04-20,Hyderabad
11708,1105,2026-04-09,Bangalore
11709,778,2026-04-21,Delhi
11710,903,2026-04-11,Delhi
11711,736,2026-04-05,Ahmedabad
11712,614,2026-04-13,Chennai
11713,1199,2026-04-29,Delhi
11714,1405,2026-04-26,Hyderabad
11715,1189,2026-04-03,Delhi
11716,1263,2026-04-09,Kolkata
11717,280,2026-04-07,Bangalore
11718,206,2026-04-16,Bangalore
11719,852,2026-04-26,Pune
11720,314,2026-04-04,Delhi
11721,986,2026-04-28,Mumbai
11722,137,2026-04-12,Bangalore
11723,401,2026-04-28,Delhi
11724,1363,2026-04-04,Bangalore
11725,770,2026-04-08,Mumbai
11726,14,2026-04-07,Chennai
11727,1237,2026-04-02,Mumbai
11728,700,2026-04-29,Bangalore
11729,403,2026-04-17,Mumbai
11730,814,2026-04-11,Delhi
11731,1262,2026-04-16,Hyderabad
11732,299,2026-04-07,Mumbai
11733,994,2026-04-09,Pune
11734,1094,2026-04-11,Chennai
11735,18,2026-04-05,Mumbai
11736,1095,2026-04-25,Kolkata
11737,1198,2026-04-14,Chennai
11738,235,2026-04-21,Pune
11739,1325,2026-04-06,Delhi
11740,41,2026-04-26,Delhi
11741,1382,2026-04-01,Delhi
11742,1185,2026-04-21,Mumbai
11743,237,2026-04-12,Pune
11744,1081,2026-04-19,Bangalore
11745,405,2026-04-22,Pune
11746,66,2026-04-23,Bangalore
11747,901,2026-04-07,Bangalore
11748,756,2026-04-13,Chennai
11749,122,2026-04-05,Kolkata
11750,25,2026-04-01,Hyderabad
11751,1435,2026-04-10,Chennai
11752,238,2026-04-03,Mumbai
11753,1534,2026-04-20,Chennai
11754,99,2026-04-28,Mumbai
11755,615,2026-04-27,Mumbai
11756,1205,2026-04-11,Hyderabad
11757,748,2026-04-14,Mumbai
11758,217,2026-04-17,Chennai
11759,1051,2026-04-12,Ahmedabad
11760,504,2026-04-10,Mumbai
11761,120,2026-04-06,Mumbai
11762,1231,2026-04-09,Mumbai
11763,945,2026-04-18,Bangalore
11764,1331,2026-04-06,Bangalore
11765,919,2026-04-18,Pune
11766,873,2026-04-28,Chennai
11767,487,2026-04-19,Chennai
11768,1266,2026-04-01,Chennai
11769,199,2026-04-12,Ahmedabad
11770,545,2026-04-13,Ahmedabad
11771,437,2026-04-25,Mumbai
11772,1481,2026-04-24,Chennai
11773,1001,2026-04-22,Delhi
11774,1587,2026-04-15,Pune
11775,77,2026-04-17,Mumbai
11776,1071,2026-04-24,Kolkata
11777,1097,2026-04-10,Delhi
11778,445,2026-04-11,Chennai
11779,1361,2026-04-10,Mumbai
11780,82,2026-04-06,Pune
11781,351,2026-04-23,Bangalore
11782,267,2026-04-30,Chennai
11783,231,2026-04-28,Bangalore
11784,312,2026-04-29,Bangalore
11785,236,2026-04-09,Chennai
11786,206,2026-04-01,Bangalore
11787,994,2026-04-20,Pune
11788,972,2026-04-12,Chennai
11789,310,2026-04-27,Hyderabad
11790,1238,2026-04-04,Bangalore
11791,107,2026-04-15,Bangalore
11792,702,2026-04-26,Delhi
11793,322,2026-04-17,Mumbai
11794,961,2026-04-17,Ahmedabad
11795,108,2026-04-10,Kolkata
11796,222,2026-04-13,Chennai
11797,171,2026-04-30,Chennai
11798,1386,2026-04-01,Delhi
11799,576,2026-04-10,Mumbai
11800,1319,2026-04-16,Ahmedabad
11801,502,2026-04-27,Hyderabad
11802,1454,2026-04-02,Hyderabad
11803,978,2026-04-29,Delhi
11804,1196,2026-04-29,Delhi
11805,40,2026-04-04,Chennai
11806,1086,2026-04-17,Ahmedabad
11807,921,2026-04-23,Mumbai
11808,556,2026-04-24,Delhi
11809,1168,2026-04-19,Chennai
11810,1340,2026-04-01,Hyderabad
11811,1501,2026-04-21,Delhi
11812,904,2026-04-11,Mumbai
11813,775,2026-04-04,Chennai
11814,1331,2026-04-09,Bangalore
11815,377,2026-04-12,Mumbai
11816,963,2026-04-27,Bangalore
11817,141,2026-04-06,Hyderabad
11818,432,2026-04-12,Delhi
11819,432,2026-04-21,Delhi
11820,1290,2026-04-08,Mumbai
11821,214,2026-04-02,Mumbai
11822,401,2026-04-10,Delhi
11823,1459,2026-04-01,Bangalore
11824,907,2026-04-18,Mumbai
11825,1596,2026-04-15,Ahmedabad
11826,813,2026-04-12,Delhi
11827,921,2026-04-18,Mumbai
11828,495,2026-04-08,Bangalore
11829,1250,2026-04-22,Chennai
11830,241,2026-04-20,Bangalore
11831,1378,2026-04-14,Bangalore
11832,321,2026-04-16,Pune
11833,896,2026-04-22,Chennai
11834,438,2026-04-16,Hyderabad
11835,1084,2026-04-09,Mumbai
11836,1292,2026-04-18,Hyderabad
11837,656,2026-04-01,Kolkata
11838,158,2026-04-04,Pune
11839,688,2026-04-30,Bangalore
11840,24,2026-04-15,Kolkata
11841,1012,2026-04-19,Bangalore
11842,1306,2026-04-28,Delhi
11843,76,2026-04-19,Delhi
11844,1287,2026-04-04,Delhi
11845,1365,2026-04-05,Bangalore
11846,118,2026-04-25,Ahmedabad
11847,1139,2026-04-25,Chennai
11848,420,2026-04-23,Bangalore
11849,885,2026-04-05,Pune
11850,991,2026-04-09,Delhi
11851,456,2026-04-29,Bangalore
11852,1397,2026-04-28,Delhi
11853,1299,2026-04-10,Chennai
11854,1585,2026-04-23,Bangalore
11855,1143,2026-04-20,Bangalore
11856,1117,2026-04-04,Bangalore
11857,1340,2026-04-16,Hyderabad
11858,1141,2026-04-28,Ahmedabad
11859,153,2026-04-26,Kolkata
11860,323,2026-04-27,Chennai
11861,337,2026-04-05,Mumbai
11862,506,2026-04-20,Hyderabad
11863,1263,2026-04-23,Kolkata
11864,1165,2026-04-13,Hyderabad
11865,189,2026-04-11,Pune
11866,1355,2026-04-27,Delhi
11867,588,2026-04-25,Ahmedabad
11868,512,2026-04-26,Kolkata
11869,413,2026-04-07,Delhi
11870,1317,2026-04-02,Ahmedabad
11871,654,2026-04-03,Mumbai
11872,1310,2026-04-22,Hyderabad
11873,665,2026-04-20,Pune
11874,1505,2026-04-26,Mumbai
11875,1211,2026-04-12,Hyderabad
11876,689,2026-04-03,Bangalore
11877,1325,2026-04-22,Delhi
11878,309,2026-04-14,Ahmedabad
11879,882,2026-04-20,Delhi
11880,1398,2026-04-13,Delhi
11881,112,2026-04-04,Delhi
11882,220,2026-04-16,Chennai
11883,1215,2026-04-14,Ahmedabad
11884,1425,2026-04-12,Pune
11885,1347,2026-04-27,Mumbai
11886,280,2026-04-21,Bangalore
11887,55,2026-04-01,Pune
11888,293,2026-04-21,Delhi
11889,418,2026-04-19,Pune
11890,45,2026-04-18,Kolkata
11891,1183,2026-04-16,Chennai
11892,421,2026-04-05,Bangalore
11893,1312,2026-04-18,Delhi
11894,990,2026-04-08,Delhi
11895,663,2026-04-26,Delhi
11896,979,2026-04-09,Chennai
11897,320,2026-04-16,Chennai
11898,116,2026-04-10,Bangalore
11899,945,2026-04-03,Bangalore
11900,318,2026-04-29,Hyderabad
11901,1477,2026-04-12,Kolkata
11902,649,2026-04-10,Hyderabad
11903,1466,2026-04-05,Pune
11904,1229,2026-04-13,Ahmedabad
11905,124,2026-04-24,Delhi
11906,887,2026-04-18,Mumbai
11907,38,2026-04-22,Ahmedabad
11908,30,2026-04-24,Chennai
11909,262,2026-04-03,Chennai
11910,113,2026-04-15,Hyderabad
11911,303,2026-04-20,Bangalore
11912,860,2026-04-12,Mumbai
11913,249,2026-04-05,Delhi
11914,799,2026-04-23,Ahmedabad
11915,538,2026-04-16,Mumbai
11916,1595,2026-04-30,Delhi
11917,1462,2026-04-07,Pune
11918,732,2026-04-02,Bangalore
11919,1509,2026-04-12,Delhi
11920,1065,2026-04-19,Kolkata
11921,1361,2026-04-25,Mumbai
11922,816,2026-04-22,Mumbai
11923,1246,2026-04-28,Chennai
11924,1096,2026-04-20,Delhi
11925,956,2026-04-15,Kolkata
11926,735,2026-04-29,Mumbai
11927,1126,2026-04-09,Ahmedabad
11928,666,2026-04-11,Hyderabad
11929,1089,2026-04-24,Delhi
11930,827,2026-04-17,Hyderabad
11931,206,2026-04-23,Bangalore
11932,422,2026-04-20,Mumbai
11933,1521,2026-04-13,Delhi
11934,806,2026-04-29,Pune
11935,76,2026-04-08,Delhi
11936,1534,2026-04-02,Chennai
11937,1079,2026-04-02,Kolkata
11938,1404,2026-04-25,Ahmedabad
11939,783,2026-04-25,Bangalore
11940,583,2026-04-02,Ahmedabad
11941,180,2026-04-17,Kolkata
11942,1576,2026-04-10,Delhi
11943,1212,2026-04-30,Bangalore
11944,224,2026-04-03,Hyderabad
11945,1028,2026-04-17,Pune
11946,224,2026-04-12,Hyderabad
11947,403,2026-04-25,Mumbai
11948,1399,2026-04-16,Bangalore
11949,191,2026-04-05,Delhi
11950,1015,2026-04-05,Chennai
11951,1589,2026-04-19,Hyderabad
11952,1090,2026-04-29,Mumbai
11953,487,2026-04-18,Chennai
11954,1123,2026-04-02,Mumbai
11955,8,2026-04-21,Hyderabad
11956,1177,2026-04-24,Bangalore
11957,459,2026-04-21,Pune
11958,956,2026-04-22,Kolkata
11959,635,2026-04-21,Pune
11960,758,2026-04-05,Bangalore
11961,107,2026-04-26,Bangalore
11962,478,2026-04-06,Bangalore
11963,276,2026-04-05,Pune
11964,454,2026-04-07,Ahmedabad
11965,1513,2026-04-26,Delhi
11966,895,2026-04-20,Ahmedabad
11967,559,2026-04-26,Bangalore
11968,856,2026-04-09,Delhi
11969,1363,2026-04-05,Bangalore
11970,749,2026-04-03,Mumbai
11971,1055,2026-04-27,Delhi
11972,1320,2026-04-22,Bangalore
11973,1255,2026-04-02,Delhi
11974,1578,2026-04-06,Hyderabad
11975,246,2026-04-21,Pune
11976,1134,2026-04-20,Delhi
11977,1550,2026-04-05,Pune
11978,823,2026-04-09,Chennai
11979,193,2026-04-24,Kolkata
11980,970,2026-04-06,Hyderabad
11981,497,2026-04-19,Bangalore
11982,434,2026-04-27,Kolkata
11983,1420,2026-04-28,Hyderabad
11984,486,2026-04-26,Delhi
11985,566,2026-04-28,Mumbai
11986,493,2026-04-18,Chennai
11987,1232,2026-04-16,Bangalore
11988,842,2026-04-12,Mumbai
11989,904,2026-04-16,Mumbai
11990,169,2026-04-20,Pune
11991,1450,2026-04-01,Delhi
11992,1111,2026-04-05,Mumbai
11993,887,2026-04-16,Mumbai
11994,185,2026-04-20,Kolkata
11995,1223,2026-04-07,Mumbai
11996,717,2026-04-07,Delhi
11997,1179,2026-04-09,Mumbai
11998,602,2026-04-25,Mumbai
11999,1113,2026-04-27,Delhi
12000,405,2026-04-23,Pune
12001,63,2026-04-21,Chennai
12002,1254,2026-04-07,Kolkata
12003,393,2026-04-15,Bangalore
12004,1143,2026-04-25,Bangalore
12005,354,2026-04-07,Delhi
12006,1357,2026-04-27,Hyderabad
12007,602,2026-04-01,Mumbai
12008,655,2026-04-19,Chennai
12009,1176,2026-04-25,Hyderabad
12010,444,2026-04-26,Hyderabad
12011,998,2026-04-25,Mumbai
12012,1399,2026-04-16,Bangalore
12013,526,2026-04-23,Kolkata
12014,15,2026-04-02,Delhi
12015,494,2026-04-14,Ahmedabad
12016,179,2026-04-01,Delhi
12017,1035,2026-04-21,Pune
12018,939,2026-04-08,Hyderabad
12019,6,2026-04-08,Mumbai
12020,989,2026-04-02,Kolkata
12021,238,2026-04-19,Mumbai
12022,261,2026-04-06,Delhi
12023,1300,2026-04-27,Kolkata
12024,1497,2026-04-02,Chennai
12025,1008,2026-04-04,Delhi
12026,1458,2026-04-27,Chennai
12027,803,2026-04-11,Mumbai
12028,796,2026-04-20,Ahmedabad
12029,308,2026-04-15,Pune
12030,631,2026-04-11,Chennai
12031,406,2026-04-25,Kolkata
12032,1549,2026-04-18,Mumbai
12033,1452,2026-04-28,Bangalore
12034,974,2026-04-18,Mumbai
12035,755,2026-04-27,Pune
12036,1024,2026-04-13,Hyderabad
12037,504,2026-04-30,Mumbai
12038,1534,2026-04-21,Chennai
12039,975,2026-04-22,Mumbai
12040,147,2026-04-26,Kolkata
12041,300,2026-04-18,Ahmedabad
12042,33,2026-04-22,Chennai
12043,837,2026-04-06,Mumbai
12044,263,2026-04-24,Delhi
12045,1410,2026-04-02,Mumbai
12046,1217,2026-04-28,Mumbai
12047,163,2026-04-23,Delhi
12048,964,2026-04-17,Ahmedabad
12049,1074,2026-04-09,Chennai
12050,1296,2026-04-06,Pune
12051,1196,2026-04-07,Delhi
12052,464,2026-04-12,Ahmedabad
12053,680,2026-04-17,Ahmedabad
12054,19,2026-04-29,Hyderabad
12055,1338,2026-04-02,Mumbai
12056,120,2026-04-01,Mumbai
12057,1341,2026-04-18,Hyderabad
12058,232,2026-04-06,Chennai
12059,312,2026-04-02,Bangalore
12060,1181,2026-04-19,Hyderabad
12061,1015,2026-04-27,Chennai
12062,602,2026-04-03,Mumbai
12063,1387,2026-04-12,Bangalore
12064,337,2026-04-11,Mumbai
12065,1186,2026-04-06,Chennai
12066,1069,2026-04-30,Hyderabad
12067,369,2026-04-17,Mumbai
12068,645,2026-04-18,Mumbai
12069,166,2026-04-14,Kolkata
12070,880,2026-04-03,Delhi
12071,1228,2026-04-10,Hyderabad
12072,527,2026-04-05,Pune
12073,312,2026-04-19,Bangalore
12074,1136,2026-04-09,Mumbai
12075,1047,2026-04-12,Mumbai
12076,1137,2026-04-17,Mumbai
12077,1365,2026-04-08,Bangalore
12078,1167,2026-04-27,Ahmedabad
12079,1416,2026-04-07,Hyderabad
12080,675,2026-04-24,Chennai
12081,1034,2026-04-30,Kolkata
12082,333,2026-04-30,Delhi
12083,1495,2026-04-23,Kolkata
12084,69,2026-04-12,Bangalore
12085,1467,2026-04-22,Delhi
12086,1482,2026-04-20,Mumbai
12087,713,2026-04-22,Pune
12088,415,2026-04-05,Pune
12089,973,2026-04-01,Delhi
12090,1302,2026-04-10,Chennai
12091,1028,2026-04-19,Pune
12092,1005,2026-04-21,Bangalore
12093,122,2026-04-03,Kolkata
12094,174,2026-04-14,Hyderabad
12095,646,2026-04-07,Delhi
12096,1301,2026-04-17,Hyderabad
12097,1168,2026-04-12,Chennai
12098,41,2026-04-07,Delhi
12099,1444,2026-04-03,Ahmedabad
12100,849,2026-04-26,Kolkata
12101,1277,2026-04-26,Bangalore
12102,805,2026-04-22,Chennai
12103,398,2026-04-17,Kolkata
12104,900,2026-04-21,Mumbai
12105,527,2026-04-11,Pune
12106,1205,2026-04-04,Hyderabad
12107,1436,2026-04-25,Chennai
12108,144,2026-04-10,Delhi
12109,901,2026-04-02,Bangalore
12110,170,2026-04-18,Mumbai
12111,1238,2026-04-25,Bangalore
12112,1050,2026-04-28,Mumbai
12113,153,2026-04-22,Kolkata
12114,1208,2026-04-26,Hyderabad
12115,707,2026-04-19,Pune
12116,376,2026-04-21,Hyderabad
12117,1230,2026-04-28,Chennai
12118,1532,2026-04-22,Ahmedabad
12119,1496,2026-04-03,Bangalore
12120,431,2026-04-17,Mumbai
12121,682,2026-04-25,Delhi
12122,648,2026-04-05,Delhi
12123,1447,2026-04-07,Kolkata
12124,202,2026-04-21,Delhi
12125,451,2026-04-12,Bangalore
12126,10,2026-04-17,Chennai
12127,1312,2026-04-08,Delhi
12128,1518,2026-04-08,Delhi
12129,48,2026-04-24,Bangalore
12130,973,2026-04-09,Delhi
12131,322,2026-04-24,Mumbai
12132,1222,2026-04-10,Ahmedabad
12133,1217,2026-04-15,Mumbai
12134,393,2026-04-09,Bangalore
12135,1236,2026-04-07,Bangalore
12136,1086,2026-04-03,Ahmedabad
12137,538,2026-04-26,Mumbai
12138,1297,2026-04-27,Mumbai
12139,438,2026-04-02,Hyderabad
12140,1384,2026-04-05,Mumbai
12141,585,2026-04-24,Chennai
12142,1424,2026-04-29,Hyderabad
12143,1181,2026-04-06,Hyderabad
12144,32,2026-04-29,Delhi
12145,247,2026-04-17,Mumbai
12146,1399,2026-04-22,Bangalore
12147,1358,2026-04-14,Mumbai
12148,93,2026-04-27,Delhi
12149,1236,2026-04-29,Bangalore
12150,1268,2026-04-13,Pune
12151,1326,2026-04-04,Delhi
12152,198,2026-04-08,Delhi
12153,1015,2026-04-19,Chennai
12154,1031,2026-04-26,Hyderabad
12155,1079,2026-04-11,Kolkata
12156,1498,2026-04-12,Mumbai
12157,1312,2026-04-22,Delhi
12158,1574,2026-04-24,Hyderabad
12159,103,2026-04-19,Hyderabad
12160,484,2026-04-03,Ahmedabad
12161,591,2026-04-28,Pune
12162,34,2026-04-04,Chennai
12163,1299,2026-04-08,Chennai
12164,1254,2026-04-06,Kolkata
12165,1522,2026-04-13,Hyderabad
12166,800,2026-04-13,Delhi
12167,1246,2026-04-14,Chennai
12168,1352,2026-04-01,Delhi
12169,1126,2026-04-01,Ahmedabad
12170,172,2026-04-02,Mumbai
12171,1429,2026-04-29,Kolkata
12172,377,2026-04-22,Mumbai
12173,947,2026-04-23,Kolkata
12174,1050,2026-04-25,Mumbai
12175,98,2026-04-29,Kolkata
12176,1283,2026-04-24,Chennai
12177,339,2026-04-28,Delhi
12178,965,2026-04-15,Bangalore
12179,309,2026-04-11,Ahmedabad
12180,1440,2026-04-16,Delhi
12181,1450,2026-04-17,Delhi
12182,1032,2026-04-12,Delhi
12183,625,2026-04-26,Kolkata
12184,945,2026-04-03,Bangalore
12185,103,2026-04-25,Hyderabad
12186,375,2026-04-17,Bangalore
12187,1451,2026-04-02,Pune
12188,181,2026-04-14,Chennai
12189,1524,2026-04-15,Ahmedabad
12190,63,2026-04-09,Chennai
12191,1073,2026-04-29,Delhi
12192,59,2026-04-08,Bangalore
12193,1059,2026-04-21,Kolkata
12194,1326,2026-04-06,Delhi
12195,724,2026-04-01,Mumbai
12196,641,2026-04-22,Kolkata
12197,299,2026-04-17,Mumbai
12198,6,2026-04-14,Mumbai
12199,1290,2026-04-30,Mumbai
12200,1218,2026-04-26,Mumbai
12201,1277,2026-04-28,Bangalore
12202,1547,2026-04-28,Kolkata
12203,841,2026-04-21,Mumbai
12204,139,2026-04-19,Mumbai
12205,1273,2026-04-20,Ahmedabad
12206,382,2026-04-09,Delhi
12207,154,2026-04-03,Delhi
12208,403,2026-04-01,Mumbai
12209,1331,2026-04-01,Bangalore
12210,181,2026-04-10,Chennai
12211,676,2026-04-22,Bangalore
12212,852,2026-04-27,Pune
12213,1202,2026-04-25,Pune
12214,914,2026-04-06,Bangalore
12215,242,2026-04-07,Hyderabad
12216,1139,2026-04-15,Chennai
12217,1136,2026-04-24,Mumbai
12218,315,2026-04-18,Kolkata
12219,1328,2026-04-04,Mumbai
12220,205,2026-04-28,Mumbai
12221,657,2026-04-03,Mumbai
12222,1458,2026-04-12,Chennai
12223,435,2026-04-11,Chennai
12224,59,2026-04-14,Bangalore
12225,853,2026-04-09,Delhi
12226,1088,2026-04-21,Mumbai
12227,1146,2026-04-26,Delhi
12228,584,2026-04-11,Mumbai
12229,539,2026-04-19,Delhi
12230,937,2026-04-16,Bangalore
12231,128,2026-04-29,Delhi
12232,417,2026-04-06,Ahmedabad
12233,177,2026-04-12,Hyderabad
12234,902,2026-04-28,Ahmedabad
12235,953,2026-04-03,Delhi
12236,576,2026-04-12,Mumbai
12237,572,2026-04-28,Bangalore
12238,1129,2026-04-17,Mumbai
12239,1157,2026-04-24,Delhi
12240,653,2026-04-27,Kolkata
12241,1046,2026-04-22,Delhi
12242,1343,2026-04-16,Hyderabad
12243,1509,2026-04-24,Delhi
12244,1323,2026-04-04,Bangalore
12245,247,2026-04-30,Mumbai
12246,314,2026-04-09,Delhi
12247,394,2026-04-03,Bangalore
12248,1089,2026-04-15,Delhi
12249,1377,2026-04-30,Chennai
12250,101,2026-04-21,Delhi
12251,1061,2026-04-11,Ahmedabad
12252,1577,2026-04-28,Delhi
12253,307,2026-04-02,Hyderabad
12254,798,2026-04-30,Delhi
12255,883,2026-04-07,Chennai
12256,1001,2026-04-01,Delhi
12257,1477,2026-04-05,Kolkata
12258,239,2026-04-10,Ahmedabad
12259,943,2026-04-21,Chennai
12260,607,2026-04-19,Ahmedabad
12261,537,2026-04-19,Hyderabad
12262,1374,2026-04-02,Bangalore
12263,765,2026-04-20,Bangalore
12264,49,2026-04-16,Mumbai
12265,448,2026-04-09,Ahmedabad
12266,1144,2026-04-03,Pune
12267,52,2026-04-06,Bangalore
12268,31,2026-04-20,Mumbai
12269,1048,2026-04-18,Delhi
12270,715,2026-04-28,Chennai
12271,696,2026-04-30,Bangalore
12272,844,2026-04-20,Ahmedabad
12273,654,2026-04-07,Mumbai
12274,1538,2026-04-27,Delhi
12275,682,2026-04-16,Delhi
12276,938,2026-04-13,Mumbai
12277,1426,2026-04-28,Hyderabad
12278,16,2026-04-09,Ahmedabad
12279,1194,2026-04-13,Chennai
12280,742,2026-04-13,Delhi
12281,441,2026-04-06,Mumbai
12282,1560,2026-04-29,Delhi
12283,535,2026-04-06,Chennai
12284,630,2026-04-22,Delhi
12285,1552,2026-04-29,Chennai
12286,708,2026-04-27,Mumbai
12287,1066,2026-04-11,Delhi
12288,716,2026-04-25,Delhi
12289,879,2026-04-20,Bangalore
12290,854,2026-04-08,Bangalore
12291,407,2026-04-17,Mumbai
12292,12,2026-04-29,Delhi
12293,1476,2026-04-22,Delhi
12294,321,2026-04-12,Pune
12295,530,2026-04-27,Delhi
12296,873,2026-04-09,Chennai
12297,960,2026-04-13,Pune
12298,376,2026-04-21,Hyderabad
12299,771,2026-04-23,Pune
12300,984,2026-04-21,Hyderabad
12301,235,2026-04-08,Pune
12302,9,2026-04-08,Mumbai
12303,1283,2026-04-21,Chennai
12304,1335,2026-04-14,Chennai
12305,428,2026-04-03,Bangalore
12306,987,2026-04-26,Pune
12307,969,2026-04-08,Chennai
12308,991,2026-04-03,Delhi
12309,549,2026-04-17,Pune
12310,1374,2026-04-03,Bangalore
12311,1502,2026-04-26,Hyderabad
12312,395,2026-04-28,Delhi
12313,1158,2026-04-05,Delhi
12314,5,2026-04-14,Mumbai
12315,1562,2026-04-08,Hyderabad
12316,599,2026-04-04,Pune
12317,1033,2026-04-29,Chennai
12318,1199,2026-04-12,Delhi
12319,604,2026-04-05,Bangalore
12320,1555,2026-04-10,Mumbai
12321,485,2026-04-02,Bangalore
12322,310,2026-04-25,Hyderabad
12323,375,2026-04-12,Bangalore
12324,399,2026-04-29,Hyderabad
12325,1092,2026-04-20,Bangalore
12326,865,2026-04-17,Chennai
12327,1571,2026-04-14,Delhi
12328,747,2026-04-16,Kolkata
12329,284,2026-04-21,Kolkata
12330,383,2026-04-12,Bangalore
12331,1178,2026-04-14,Delhi
12332,414,2026-04-24,Delhi
12333,302,2026-04-01,Mumbai
12334,688,2026-04-08,Bangalore
12335,518,2026-04-08,Pune
12336,890,2026-04-09,Chennai
12337,155,2026-04-16,Pune
12338,351,2026-04-26,Bangalore
12339,582,2026-04-20,Delhi
12340,160,2026-04-01,Ahmedabad
12341,1145,2026-04-28,Bangalore
12342,688,2026-04-28,Bangalore
12343,1555,2026-04-27,Mumbai
12344,478,2026-04-06,Bangalore
12345,1487,2026-04-11,Mumbai
12346,761,2026-04-17,Delhi
12347,43,2026-04-18,Delhi
12348,752,2026-04-09,Mumbai
12349,961,2026-04-02,Ahmedabad
12350,72,2026-04-22,Hyderabad
12351,675,2026-04-28,Chennai
12352,729,2026-04-20,Chennai
12353,681,2026-04-03,Pune
12354,39,2026-04-18,Chennai
12355,1119,2026-04-25,Chennai
12356,32,2026-04-01,Delhi
12357,1576,2026-04-29,Delhi
12358,817,2026-04-04,Hyderabad
12359,486,2026-04-08,Delhi
12360,1199,2026-04-09,Delhi
12361,35,2026-04-21,Chennai
12362,330,2026-04-07,Delhi
12363,1220,2026-04-11,Ahmedabad
12364,748,2026-04-20,Mumbai
12365,653,2026-04-10,Kolkata
12366,181,2026-04-19,Chennai
12367,491,2026-04-11,Kolkata
12368,276,2026-04-06,Pune
12369,64,2026-04-02,Pune
12370,1144,2026-04-08,Pune
12371,1563,2026-04-30,Bangalore
12372,1166,2026-04-22,Hyderabad
12373,1031,2026-04-20,Hyderabad
12374,569,2026-04-24,Kolkata
12375,268,2026-04-21,Bangalore
12376,1204,2026-04-23,Delhi
12377,653,2026-04-10,Kolkata
12378,1495,2026-04-02,Kolkata
12379,1140,2026-04-18,Pune
12380,115,2026-04-01,Bangalore
12381,1346,2026-04-04,Mumbai
12382,179,2026-04-03,Delhi
12383,811,2026-04-04,Bangalore
12384,811,2026-04-25,Bangalore
12385,880,2026-04-04,Delhi
12386,1092,2026-04-21,Bangalore
12387,141,2026-04-17,Hyderabad
12388,49,2026-04-25,Mumbai
12389,1328,2026-04-10,Mumbai
12390,428,2026-04-22,Bangalore
12391,1414,2026-04-22,Chennai
12392,1158,2026-04-12,Delhi
12393,491,2026-04-12,Kolkata
12394,1307,2026-04-27,Bangalore
12395,913,2026-04-06,Chennai
12396,590,2026-04-26,Delhi
12397,426,2026-04-06,Delhi
12398,900,2026-04-14,Mumbai
12399,1235,2026-04-20,Mumbai
12400,1573,2026-04-20,Mumbai
12401,752,2026-04-11,Mumbai
12402,842,2026-04-29,Mumbai
12403,155,2026-04-21,Pune
12404,1173,2026-04-11,Delhi
12405,1059,2026-04-16,Kolkata
12406,1321,2026-04-15,Ahmedabad
12407,520,2026-04-26,Mumbai
12408,297,2026-04-03,Delhi
12409,985,2026-04-13,Bangalore
12410,1225,2026-04-21,Delhi
12411,681,2026-04-26,Pune
12412,229,2026-04-25,Bangalore
12413,1435,2026-04-01,Chennai
12414,205,2026-04-07,Mumbai
12415,1053,2026-04-28,Bangalore
12416,696,2026-04-18,Bangalore
12417,584,2026-04-29,Mumbai
12418,1358,2026-04-25,Mumbai
12419,1456,2026-04-10,Pune
12420,524,2026-04-14,Bangalore
12421,304,2026-04-17,Hyderabad
12422,97,2026-04-07,Mumbai
12423,1234,2026-04-17,Hyderabad
12424,1444,2026-04-10,Ahmedabad
12425,1512,2026-04-08,Hyderabad
12426,1069,2026-04-01,Hyderabad
12427,1201,2026-04-14,Mumbai
12428,565,2026-04-26,Chennai
12429,430,2026-04-25,Pune
12430,592,2026-04-01,Delhi
12431,58,2026-04-28,Hyderabad
12432,310,2026-04-02,Hyderabad
12433,145,2026-04-11,Mumbai
12434,169,2026-04-08,Pune
12435,932,2026-04-04,Delhi
12436,1047,2026-04-13,Mumbai
12437,997,2026-04-01,Delhi
12438,1069,2026-04-06,Hyderabad
12439,875,2026-04-18,Delhi
12440,121,2026-04-09,Bangalore
12441,718,2026-04-20,Mumbai
12442,715,2026-04-23,Chennai
12443,896,2026-04-02,Chennai
12444,350,2026-04-10,Chennai
12445,1310,2026-04-05,Hyderabad
12446,1275,2026-04-28,Mumbai
12447,752,2026-04-01,Mumbai
12448,445,2026-04-12,Chennai
12449,1056,2026-04-14,Mumbai
12450,970,2026-04-28,Hyderabad
12451,179,2026-04-01,Delhi
12452,439,2026-04-11,Hyderabad
12453,11,2026-04-04,Delhi
12454,755,2026-04-17,Pune
12455,429,2026-04-30,Delhi
12456,1528,2026-04-06,Ahmedabad
12457,738,2026-04-27,Delhi
12458,126,2026-04-14,Chennai
12459,570,2026-04-13,Bangalore
12460,777,2026-04-17,Delhi
12461,1215,2026-04-24,Ahmedabad
12462,244,2026-04-30,Mumbai
12463,580,2026-04-23,Hyderabad
12464,437,2026-04-14,Mumbai
12465,581,2026-04-09,Delhi
12466,528,2026-04-26,Pune
12467,257,2026-04-10,Bangalore
12468,710,2026-04-20,Mumbai
12469,505,2026-04-03,Hyderabad
12470,1513,2026-04-28,Delhi
12471,1500,2026-04-18,Chennai
12472,1028,2026-04-09,Pune
12473,630,2026-04-17,Delhi
12474,63,2026-04-24,Chennai
12475,626,2026-04-19,Chennai
12476,662,2026-04-25,Delhi
12477,1466,2026-04-04,Pune
12478,1555,2026-04-12,Mumbai
12479,818,2026-04-24,Chennai
12480,803,2026-04-03,Mumbai
12481,1379,2026-04-09,Kolkata
12482,917,2026-04-06,Pune
12483,1129,2026-04-30,Mumbai
12484,1313,2026-04-06,Delhi
12485,102,2026-04-05,Chennai
12486,1076,2026-04-28,Pune
12487,519,2026-04-15,Ahmedabad
12488,1343,2026-04-30,Hyderabad
12489,137,2026-04-10,Bangalore
12490,1287,2026-04-07,Delhi
12491,520,2026-04-18,Mumbai
12492,1290,2026-04-21,Mumbai
12493,136,2026-04-26,Chennai
12494,165,2026-04-19,Delhi
12495,628,2026-04-25,Bangalore
12496,1157,2026-04-22,Delhi
12497,1236,2026-04-30,Bangalore
12498,857,2026-04-20,Chennai
12499,1171,2026-04-02,Delhi
12500,370,2026-04-22,Hyderabad
12501,1408,2026-04-05,Hyderabad
12502,1519,2026-04-17,Pune
12503,1429,2026-04-04,Kolkata
12504,49,2026-04-13,Mumbai
12505,237,2026-04-15,Pune
12506,269,2026-04-17,Hyderabad
12507,176,2026-04-16,Hyderabad
12508,527,2026-04-18,Pune
12509,817,2026-04-10,Hyderabad
12510,151,2026-04-13,Bangalore
12511,1270,2026-04-15,Mumbai
12512,38,2026-04-24,Ahmedabad
12513,1136,2026-04-28,Mumbai
12514,95,2026-04-04,Delhi
12515,25,2026-04-06,Hyderabad
12516,572,2026-04-21,Bangalore
12517,1037,2026-04-19,Ahmedabad
12518,1580,2026-04-05,Mumbai
12519,1083,2026-04-23,Bangalore
12520,825,2026-04-08,Mumbai
12521,798,2026-04-17,Delhi
12522,619,2026-04-08,Hyderabad
12523,958,2026-04-21,Pune
12524,1313,2026-04-07,Delhi
12525,1119,2026-04-20,Chennai
12526,1562,2026-04-15,Hyderabad
12527,1009,2026-04-27,Ahmedabad
12528,1419,2026-04-25,Mumbai
12529,489,2026-04-15,Bangalore
12530,527,2026-04-08,Pune
12531,1433,2026-04-06,Pune
12532,1146,2026-04-08,Delhi
12533,838,2026-04-18,Ahmedabad
12534,953,2026-04-27,Delhi
12535,1411,2026-04-20,Ahmedabad
12536,948,2026-04-07,Pune
12537,491,2026-04-21,Kolkata
12538,1244,2026-04-22,Ahmedabad
12539,557,2026-04-27,Pune
12540,44,2026-04-24,Kolkata
12541,1231,2026-04-14,Mumbai
12542,133,2026-04-22,Mumbai
12543,888,2026-04-07,Chennai
12544,1269,2026-04-04,Bangalore
12545,460,2026-04-29,Delhi
12546,1226,2026-04-19,Mumbai
12547,568,2026-04-05,Mumbai
12548,1100,2026-04-08,Delhi
12549,990,2026-04-28,Delhi
12550,821,2026-04-20,Hyderabad
12551,265,2026-04-27,Mumbai
12552,523,2026-04-22,Mumbai
12553,37,2026-04-22,Bangalore
12554,737,2026-04-02,Bangalore
12555,1018,2026-04-08,Bangalore
12556,1045,2026-04-18,Chennai
12557,1467,2026-04-06,Delhi
12558,116,2026-04-21,Bangalore
12559,851,2026-04-24,Bangalore
12560,549,2026-04-12,Pune
12561,810,2026-04-11,Hyderabad
12562,271,2026-04-07,Bangalore
12563,1021,2026-04-02,Hyderabad
12564,39,2026-04-07,Chennai
12565,499,2026-04-08,Delhi
12566,168,2026-04-01,Mumbai
12567,126,2026-04-07,Chennai
12568,399,2026-04-25,Hyderabad
12569,803,2026-04-11,Mumbai
12570,655,2026-04-06,Chennai
12571,1162,2026-04-07,Delhi
12572,1509,2026-04-01,Delhi
12573,1128,2026-04-23,Mumbai
12574,1067,2026-04-07,Mumbai
12575,549,2026-04-06,Pune
12576,679,2026-04-18,Mumbai
12577,170,2026-04-13,Mumbai
12578,482,2026-04-13,Mumbai
12579,1564,2026-04-20,Mumbai
12580,776,2026-04-03,Hyderabad
12581,372,2026-04-21,Mumbai
12582,960,2026-04-14,Pune
12583,268,2026-04-13,Bangalore
12584,980,2026-04-01,Mumbai
12585,1032,2026-04-21,Delhi
12586,461,2026-04-07,Delhi
12587,731,2026-04-14,Mumbai
12588,1166,2026-04-03,Hyderabad
12589,612,2026-04-27,Pune
12590,420,2026-04-21,Bangalore
12591,681,2026-04-03,Pune
12592,1578,2026-04-30,Hyderabad
12593,693,2026-04-16,Bangalore
12594,57,2026-04-20,Pune
12595,1496,2026-04-06,Bangalore
12596,490,2026-04-07,Hyderabad
12597,857,2026-04-28,Chennai
12598,782,2026-04-12,Pune
12599,1143,2026-04-03,Bangalore
12600,892,2026-04-04,Kolkata
12601,489,2026-04-16,Bangalore
12602,203,2026-04-14,Mumbai
12603,651,2026-04-27,Hyderabad
12604,222,2026-04-06,Chennai
12605,661,2026-04-28,Pune
12606,1289,2026-04-22,Bangalore
12607,1431,2026-04-22,Kolkata
12608,623,2026-04-06,Mumbai
12609,1470,2026-04-07,Pune
12610,916,2026-04-16,Chennai
12611,462,2026-04-11,Delhi
12612,55,2026-04-27,Pune
12613,537,2026-04-29,Hyderabad
12614,1074,2026-04-29,Chennai
12615,505,2026-04-10,Hyderabad
12616,1001,2026-04-13,Delhi
12617,99,2026-04-07,Mumbai
12618,28,2026-04-14,Kolkata
12619,791,2026-04-15,Mumbai
12620,446,2026-04-03,Hyderabad
12621,1043,2026-04-18,Mumbai
12622,1420,2026-04-13,Hyderabad
12623,906,2026-04-12,Pune
12624,426,2026-04-24,Delhi
12625,486,2026-04-10,Delhi
12626,1131,2026-04-25,Ahmedabad
12627,644,2026-04-20,Hyderabad
12628,1385,2026-04-02,Mumbai
12629,1177,2026-04-27,Bangalore
12630,255,2026-04-26,Bangalore
12631,246,2026-04-19,Pune
12632,1145,2026-04-24,Bangalore
12633,1557,2026-04-01,Pune
12634,1092,2026-04-03,Bangalore
12635,1094,2026-04-29,Chennai
12636,511,2026-04-27,Kolkata
12637,204,2026-04-09,Mumbai
12638,369,2026-04-06,Mumbai
12639,1010,2026-04-26,Mumbai
12640,204,2026-04-27,Mumbai
12641,835,2026-04-26,Mumbai
12642,887,2026-04-16,Mumbai
12643,467,2026-04-23,Delhi
12644,586,2026-04-15,Ahmedabad
12645,301,2026-04-20,Pune
12646,1349,2026-04-28,Ahmedabad
12647,1568,2026-04-02,Chennai
12648,1297,2026-04-18,Mumbai
12649,528,2026-04-27,Pune
12650,6,2026-04-11,Mumbai
12651,1021,2026-04-30,Hyderabad
12652,565,2026-04-05,Chennai
12653,657,2026-04-27,Mumbai
12654,38,2026-04-15,Ahmedabad
12655,542,2026-04-07,Hyderabad
12656,658,2026-04-20,Hyderabad
12657,540,2026-04-03,Mumbai
12658,857,2026-04-13,Chennai
12659,946,2026-04-11,Hyderabad
12660,1331,2026-04-14,Bangalore
12661,454,2026-04-27,Ahmedabad
12662,696,2026-04-01,Bangalore
12663,58,2026-04-07,Hyderabad
12664,948,2026-04-06,Pune
12665,1545,2026-04-13,Chennai
12666,945,2026-04-16,Bangalore
12667,32,2026-04-11,Delhi
12668,395,2026-04-06,Delhi
12669,590,2026-04-25,Delhi
12670,1593,2026-04-30,Mumbai
12671,281,2026-04-17,Bangalore
12672,784,2026-04-18,Ahmedabad
12673,5,2026-04-26,Mumbai
12674,86,2026-04-24,Kolkata
12675,93,2026-04-18,Delhi
12676,531,2026-04-10,Hyderabad
12677,781,2026-04-24,Ahmedabad
12678,373,2026-04-24,Delhi
12679,664,2026-04-26,Delhi
12680,1060,2026-04-08,Bangalore
12681,1239,2026-04-12,Mumbai
12682,410,2026-04-27,Bangalore
12683,650,2026-04-19,Pune
12684,108,2026-04-30,Kolkata
12685,878,2026-04-13,Hyderabad
12686,839,2026-04-11,Chennai
12687,424,2026-04-16,Ahmedabad
12688,1245,2026-04-02,Delhi
12689,888,2026-04-17,Chennai
12690,470,2026-04-02,Hyderabad
12691,175,2026-04-12,Mumbai
12692,1192,2026-04-21,Pune
12693,547,2026-04-24,Pune
12694,22,2026-04-01,Mumbai
12695,756,2026-04-17,Chennai
12696,1132,2026-04-19,Ahmedabad
12697,1231,2026-04-02,Mumbai
12698,776,2026-04-13,Hyderabad
12699,838,2026-04-29,Ahmedabad
12700,426,2026-04-10,Delhi
12701,851,2026-04-06,Bangalore
12702,1403,2026-04-20,Chennai
12703,967,2026-04-20,Mumbai
12704,733,2026-04-29,Ahmedabad
12705,472,2026-04-09,Mumbai
12706,376,2026-04-23,Hyderabad
12707,877,2026-04-05,Ahmedabad
12708,1304,2026-04-13,Delhi
12709,138,2026-04-06,Delhi
12710,426,2026-04-29,Delhi
12711,1240,2026-04-25,Delhi
12712,1193,2026-04-01,Kolkata
12713,675,2026-04-13,Chennai
12714,408,2026-04-02,Chennai
12715,449,2026-04-14,Bangalore
12716,1008,2026-04-11,Delhi
12717,1154,2026-04-23,Bangalore
12718,1420,2026-04-22,Hyderabad
12719,736,2026-04-23,Ahmedabad
12720,806,2026-04-07,Pune
12721,60,2026-04-15,Bangalore
12722,4,2026-04-08,Chennai
12723,789,2026-04-15,Chennai
12724,1598,2026-04-05,Pune
12725,1383,2026-04-05,Hyderabad
12726,380,2026-04-19,Hyderabad
12727,1453,2026-04-06,Hyderabad
12728,632,2026-04-06,Ahmedabad
12729,735,2026-04-28,Mumbai
12730,559,2026-04-10,Bangalore
12731,985,2026-04-01,Bangalore
12732,198,2026-04-06,Delhi
12733,1564,2026-04-07,Mumbai
12734,1322,2026-04-01,Delhi
12735,936,2026-04-22,Chennai
12736,1384,2026-04-15,Mumbai
12737,1201,2026-04-15,Mumbai
12738,490,2026-04-11,Hyderabad
12739,304,2026-04-09,Hyderabad
12740,674,2026-04-18,Mumbai
12741,1313,2026-04-17,Delhi
12742,1032,2026-04-04,Delhi
12743,695,2026-04-15,Mumbai
12744,1556,2026-04-11,Pune
12745,686,2026-04-21,Bangalore
12746,233,2026-04-10,Bangalore
12747,1033,2026-04-13,Chennai
12748,859,2026-04-29,Hyderabad
12749,812,2026-04-08,Pune
12750,1207,2026-04-14,Delhi
12751,298,2026-04-26,Pune
12752,1328,2026-04-16,Mumbai
12753,909,2026-04-11,Ahmedabad
12754,904,2026-04-19,Mumbai
12755,1403,2026-04-26,Chennai
12756,1596,2026-04-17,Ahmedabad
12757,285,2026-04-24,Hyderabad
12758,1007,2026-04-01,Mumbai
12759,1554,2026-04-20,Bangalore
12760,46,2026-04-08,Delhi
12761,188,2026-04-30,Mumbai
12762,288,2026-04-07,Bangalore
12763,1206,2026-04-04,Pune
12764,379,2026-04-05,Ahmedabad
12765,741,2026-04-24,Pune
12766,888,2026-04-04,Chennai
12767,169,2026-04-22,Pune
12768,1241,2026-04-02,Delhi
12769,597,2026-04-21,Mumbai
12770,105,2026-04-30,Mumbai
12771,927,2026-04-24,Hyderabad
12772,741,2026-04-27,Pune
12773,1279,2026-04-28,Bangalore
12774,1507,2026-04-04,Hyderabad
12775,799,2026-04-03,Ahmedabad
12776,78,2026-04-10,Kolkata
12777,179,2026-04-17,Delhi
12778,1314,2026-04-13,Delhi
12779,883,2026-04-19,Chennai
12780,577,2026-04-05,Delhi
12781,1594,2026-04-28,Mumbai
12782,82,2026-04-25,Pune
12783,1265,2026-04-26,Hyderabad
12784,13,2026-04-30,Pune
12785,1170,2026-04-27,Bangalore
12786,1034,2026-04-12,Kolkata
12787,1305,2026-04-02,Mumbai
12788,1445,2026-04-27,Pune
12789,854,2026-04-30,Bangalore
12790,68,2026-04-02,Ahmedabad
12791,666,2026-04-05,Hyderabad
12792,674,2026-04-12,Mumbai
12793,1364,2026-04-01,Bangalore
12794,994,2026-04-29,Pune
12795,1192,2026-04-05,Pune
12796,832,2026-04-26,Delhi
12797,198,2026-04-03,Delhi
12798,1099,2026-04-20,Pune
12799,187,2026-04-22,Kolkata
12800,98,2026-04-16,Kolkata
12801,1492,2026-04-08,Mumbai
12802,540,2026-04-16,Mumbai
12803,456,2026-04-02,Bangalore
12804,1250,2026-04-08,Chennai
12805,464,2026-04-18,Ahmedabad
12806,592,2026-04-14,Delhi
12807,248,2026-04-05,Bangalore
12808,511,2026-04-19,Kolkata
12809,823,2026-04-11,Chennai
12810,92,2026-04-02,Bangalore
12811,1002,2026-04-05,Pune
12812,355,2026-04-17,Delhi
12813,763,2026-04-14,Mumbai
12814,506,2026-04-23,Hyderabad
12815,863,2026-04-04,Mumbai
12816,1308,2026-04-01,Delhi
12817,382,2026-04-07,Delhi
12818,1039,2026-04-29,Chennai
12819,1380,2026-04-02,Hyderabad
12820,800,2026-04-27,Delhi
12821,513,2026-04-11,Hyderabad
12822,1048,2026-04-06,Delhi
12823,338,2026-04-18,Delhi
12824,569,2026-04-26,Kolkata
12825,1422,2026-04-03,Hyderabad
12826,435,2026-04-11,Chennai
12827,1281,2026-04-04,Mumbai
12828,1384,2026-04-26,Mumbai
12829,402,2026-04-04,Kolkata
12830,1558,2026-04-24,Pune
12831,800,2026-04-15,Delhi
12832,765,2026-04-23,Bangalore
12833,1011,2026-04-27,Delhi
12834,87,2026-04-22,Ahmedabad
12835,836,2026-04-14,Hyderabad
12836,740,2026-04-09,Chennai
12837,917,2026-04-03,Pune
12838,1364,2026-04-24,Bangalore
12839,206,2026-04-16,Bangalore
12840,175,2026-04-14,Mumbai
12841,1443,2026-04-01,Ahmedabad
12842,1104,2026-04-07,Pune
12843,475,2026-04-26,Pune
12844,1454,2026-04-17,Hyderabad
12845,449,2026-04-03,Bangalore
12846,310,2026-04-02,Hyderabad
12847,278,2026-04-16,Pune
12848,635,2026-04-27,Pune
12849,821,2026-04-27,Hyderabad
12850,973,2026-04-04,Delhi
12851,727,2026-04-21,Hyderabad
12852,73,2026-04-06,Delhi
12853,1019,2026-04-13,Ahmedabad
12854,952,2026-04-27,Delhi
12855,1228,2026-04-16,Hyderabad
12856,1415,2026-04-19,Bangalore
12857,1164,2026-04-03,Ahmedabad
12858,1108,2026-04-17,Mumbai
12859,763,2026-04-17,Mumbai
12860,779,2026-04-20,Kolkata
12861,488,2026-04-16,Kolkata
12862,501,2026-04-26,Bangalore
12863,987,2026-04-17,Pune
12864,92,2026-04-27,Bangalore
12865,477,2026-04-18,Ahmedabad
12866,336,2026-05-10,Bangalore
12867,1496,2026-05-27,Bangalore
12868,334,2026-05-24,Hyderabad
12869,402,2026-05-14,Kolkata
12870,410,2026-05-14,Bangalore
12871,1418,2026-05-06,Delhi
12872,718,2026-05-09,Mumbai
12873,1501,2026-05-31,Delhi
12874,1203,2026-05-16,Kolkata
12875,1530,2026-05-05,Mumbai
12876,1015,2026-05-14,Chennai
12877,796,2026-05-30,Ahmedabad
12878,590,2026-05-10,Delhi
12879,610,2026-05-10,Chennai
12880,1051,2026-05-26,Ahmedabad
12881,1108,2026-05-16,Mumbai
12882,630,2026-05-28,Delhi
12883,1032,2026-05-05,Delhi
12884,585,2026-05-24,Chennai
12885,755,2026-05-08,Pune
12886,791,2026-05-16,Mumbai
12887,1559,2026-05-09,Delhi
12888,531,2026-05-05,Hyderabad
12889,1012,2026-05-01,Bangalore
12890,931,2026-05-02,Hyderabad
12891,1436,2026-05-04,Chennai
12892,153,2026-05-21,Kolkata
12893,1291,2026-05-30,Mumbai
12894,673,2026-05-02,Mumbai
12895,1320,2026-05-12,Bangalore
12896,1205,2026-05-16,Hyderabad
12897,1283,2026-05-17,Chennai
12898,211,2026-05-30,Bangalore
12899,1417,2026-05-25,Delhi
12900,897,2026-05-06,Hyderabad
12901,578,2026-05-07,Ahmedabad
12902,1311,2026-05-09,Bangalore
12903,240,2026-05-21,Pune
12904,767,2026-05-19,Mumbai
12905,423,2026-05-06,Bangalore
12906,669,2026-05-03,Delhi
12907,346,2026-05-13,Chennai
12908,209,2026-05-19,Mumbai
12909,1073,2026-05-25,Delhi
12910,1528,2026-05-03,Ahmedabad
12911,1408,2026-05-26,Hyderabad
12912,367,2026-05-09,Delhi
12913,697,2026-05-22,Mumbai
12914,233,2026-05-05,Bangalore
12915,1521,2026-05-06,Delhi
12916,971,2026-05-11,Bangalore
12917,4,2026-05-08,Chennai
12918,1507,2026-05-22,Hyderabad
12919,6,2026-05-31,Mumbai
12920,790,2026-05-13,Kolkata
12921,1036,2026-05-28,Delhi
12922,557,2026-05-12,Pune
12923,484,2026-05-10,Ahmedabad
12924,719,2026-05-31,Chennai
12925,1440,2026-05-12,Delhi
12926,74,2026-05-29,Hyderabad
12927,862,2026-05-17,Bangalore
12928,1286,2026-05-27,Mumbai
12929,1528,2026-05-09,Ahmedabad
12930,915,2026-05-24,Delhi
12931,663,2026-05-06,Delhi
12932,1333,2026-05-06,Pune
12933,571,2026-05-15,Chennai
12934,1596,2026-05-17,Ahmedabad
12935,356,2026-05-10,Delhi
12936,983,2026-05-28,Pune
12937,1296,2026-05-06,Pune
12938,1535,2026-05-11,Bangalore
12939,1441,2026-05-15,Mumbai
12940,1160,2026-05-23,Delhi
12941,291,2026-05-29,Bangalore
12942,1573,2026-05-29,Mumbai
12943,1487,2026-05-10,Mumbai
12944,406,2026-05-03,Kolkata
12945,113,2026-05-03,Hyderabad
12946,514,2026-05-20,Bangalore
12947,915,2026-05-10,Delhi
12948,1541,2026-05-27,Hyderabad
12949,1005,2026-05-14,Bangalore
12950,346,2026-05-31,Chennai
12951,1375,2026-05-21,Delhi
12952,242,2026-05-05,Hyderabad
12953,539,2026-05-11,Delhi
12954,1072,2026-05-01,Delhi
12955,872,2026-05-06,Mumbai
12956,311,2026-05-29,Hyderabad
12957,340,2026-05-05,Chennai
12958,791,2026-05-18,Mumbai
12959,1449,2026-05-08,Chennai
12960,383,2026-05-16,Bangalore
12961,1587,2026-05-19,Pune
12962,1170,2026-05-07,Bangalore
12963,1087,2026-05-15,Hyderabad
12964,1188,2026-05-07,Kolkata
12965,1105,2026-05-10,Bangalore
12966,1302,2026-05-08,Chennai
12967,312,2026-05-23,Bangalore
12968,1170,2026-05-03,Bangalore
12969,861,2026-05-08,Chennai
12970,1584,2026-05-20,Delhi
12971,473,2026-05-12,Chennai
12972,1591,2026-05-26,Pune
12973,888,2026-05-07,Chennai
12974,986,2026-05-27,Mumbai
12975,451,2026-05-16,Bangalore
12976,1344,2026-05-24,Mumbai
12977,743,2026-05-25,Mumbai
12978,210,2026-05-22,Chennai
12979,488,2026-05-09,Kolkata
12980,315,2026-05-18,Kolkata
12981,37,2026-05-30,Bangalore
12982,1560,2026-05-16,Delhi
12983,1345,2026-05-31,Chennai
12984,1238,2026-05-23,Bangalore
12985,15,2026-05-11,Delhi
12986,603,2026-05-26,Bangalore
12987,543,2026-05-16,Pune
12988,309,2026-05-14,Ahmedabad
12989,1063,2026-05-07,Pune
12990,906,2026-05-04,Pune
12991,1272,2026-05-07,Delhi
12992,1335,2026-05-31,Chennai
12993,881,2026-05-16,Hyderabad
12994,982,2026-05-21,Hyderabad
12995,95,2026-05-09,Delhi
12996,1011,2026-05-15,Delhi
12997,1331,2026-05-09,Bangalore
12998,662,2026-05-06,Delhi
12999,465,2026-05-24,Kolkata
13000,586,2026-05-09,Ahmedabad
13001,1418,2026-05-31,Delhi
13002,11,2026-05-08,Delhi
13003,135,2026-05-25,Mumbai
13004,629,2026-05-02,Bangalore
13005,769,2026-05-27,Mumbai
13006,740,2026-05-29,Chennai
13007,1318,2026-05-27,Delhi
13008,1128,2026-05-28,Mumbai
13009,481,2026-05-17,Mumbai
13010,418,2026-05-15,Pune
13011,253,2026-05-27,Hyderabad
13012,201,2026-05-27,Bangalore
13013,1006,2026-05-06,Pune
13014,941,2026-05-25,Delhi
13015,1286,2026-05-18,Mumbai
13016,490,2026-05-21,Hyderabad
13017,155,2026-05-13,Pune
13018,208,2026-05-20,Mumbai
13019,1090,2026-05-14,Mumbai
13020,377,2026-05-19,Mumbai
13021,159,2026-05-11,Ahmedabad
13022,232,2026-05-28,Chennai
13023,577,2026-05-25,Delhi
13024,137,2026-05-09,Bangalore
13025,1422,2026-05-19,Hyderabad
13026,626,2026-05-12,Chennai
13027,570,2026-05-13,Bangalore
13028,842,2026-05-08,Mumbai
13029,658,2026-05-02,Hyderabad
13030,993,2026-05-17,Hyderabad
13031,16,2026-05-16,Ahmedabad
13032,251,2026-05-02,Chennai
13033,977,2026-05-16,Bangalore
13034,1346,2026-05-20,Mumbai
13035,510,2026-05-16,Delhi
13036,235,2026-05-01,Pune
13037,1407,2026-05-11,Delhi
13038,1221,2026-05-20,Bangalore
13039,363,2026-05-03,Delhi
13040,1431,2026-05-19,Kolkata
13041,172,2026-05-25,Mumbai
13042,333,2026-05-01,Delhi
13043,232,2026-05-29,Chennai
13044,476,2026-05-16,Ahmedabad
13045,47,2026-05-06,Bangalore
13046,1325,2026-05-24,Delhi
13047,1408,2026-05-28,Hyderabad
13048,644,2026-05-09,Hyderabad
13049,1221,2026-05-23,Bangalore
13050,663,2026-05-24,Delhi
13051,1517,2026-05-30,Mumbai
13052,1315,2026-05-29,Bangalore
13053,809,2026-05-25,Delhi
13054,1526,2026-05-24,Bangalore
13055,82,2026-05-31,Pune
13056,190,2026-05-08,Pune
13057,1574,2026-05-11,Hyderabad
13058,426,2026-05-04,Delhi
13059,1565,2026-05-10,Mumbai
13060,146,2026-05-02,Delhi
13061,152,2026-05-22,Ahmedabad
13062,826,2026-05-06,Hyderabad
13063,409,2026-05-31,Bangalore
13064,1282,2026-05-28,Delhi
13065,734,2026-05-07,Bangalore
13066,989,2026-05-14,Kolkata
13067,1444,2026-05-18,Ahmedabad
13068,1312,2026-05-23,Delhi
13069,976,2026-05-06,Delhi
13070,1136,2026-05-10,Mumbai
13071,1398,2026-05-07,Delhi
13072,1314,2026-05-18,Delhi
13073,231,2026-05-04,Bangalore
13074,532,2026-05-31,Pune
13075,956,2026-05-12,Kolkata
13076,541,2026-05-02,Pune
13077,1295,2026-05-14,Mumbai
13078,1305,2026-05-28,Mumbai
13079,1395,2026-05-15,Mumbai
13080,1283,2026-05-28,Chennai
13081,923,2026-05-01,Kolkata
13082,1306,2026-05-11,Delhi
13083,632,2026-05-31,Ahmedabad
13084,176,2026-05-07,Hyderabad
13085,1020,2026-05-14,Kolkata
13086,466,2026-05-21,Hyderabad
13087,1429,2026-05-28,Kolkata
13088,1270,2026-05-27,Mumbai
13089,617,2026-05-02,Mumbai
13090,835,2026-05-04,Mumbai
13091,1151,2026-05-24,Bangalore
13092,844,2026-05-19,Ahmedabad
13093,1587,2026-05-03,Pune
13094,1395,2026-05-13,Mumbai
13095,477,2026-05-01,Ahmedabad
13096,1577,2026-05-04,Delhi
13097,1543,2026-05-22,Chennai
13098,730,2026-05-30,Hyderabad
13099,1200,2026-05-01,Kolkata
13100,251,2026-05-20,Chennai
13101,1114,2026-05-15,Bangalore
13102,899,2026-05-27,Chennai
13103,381,2026-05-03,Hyderabad
13104,263,2026-05-13,Delhi
13105,1396,2026-05-13,Delhi
13106,1020,2026-05-27,Kolkata
13107,1386,2026-05-11,Delhi
13108,64,2026-05-28,Pune
13109,619,2026-05-28,Hyderabad
13110,660,2026-05-04,Ahmedabad
13111,125,2026-05-29,Delhi
13112,437,2026-05-01,Mumbai
13113,373,2026-05-03,Delhi
13114,38,2026-05-08,Ahmedabad
13115,1519,2026-05-23,Pune
13116,952,2026-05-03,Delhi
13117,925,2026-05-29,Ahmedabad
13118,192,2026-05-10,Bangalore
13119,154,2026-05-26,Delhi
13120,962,2026-05-25,Bangalore
13121,719,2026-05-29,Chennai
13122,1056,2026-05-19,Mumbai
13123,680,2026-05-04,Ahmedabad
13124,1005,2026-05-02,Bangalore
13125,1039,2026-05-10,Chennai
13126,824,2026-05-06,Bangalore
13127,342,2026-05-15,Ahmedabad
13128,384,2026-05-29,Delhi
13129,211,2026-05-13,Bangalore
13130,1221,2026-05-29,Bangalore
13131,666,2026-05-14,Hyderabad
13132,179,2026-05-21,Delhi
13133,234,2026-05-27,Hyderabad
13134,1482,2026-05-07,Mumbai
13135,389,2026-05-13,Hyderabad
13136,1005,2026-05-26,Bangalore
13137,170,2026-05-28,Mumbai
13138,187,2026-05-05,Kolkata
13139,968,2026-05-02,Bangalore
13140,674,2026-05-10,Mumbai
13141,1353,2026-05-07,Pune
13142,754,2026-05-22,Chennai
13143,227,2026-05-10,Bangalore
13144,206,2026-05-14,Bangalore
13145,485,2026-05-17,Bangalore
13146,9,2026-05-10,Mumbai
13147,871,2026-05-14,Mumbai
13148,1362,2026-05-13,Delhi
13149,896,2026-05-02,Chennai
13150,980,2026-05-10,Mumbai
13151,166,2026-05-23,Kolkata
13152,218,2026-05-04,Bangalore
13153,1128,2026-05-10,Mumbai
13154,943,2026-05-04,Chennai
13155,305,2026-05-08,Bangalore
13156,163,2026-05-22,Delhi
13157,949,2026-05-17,Ahmedabad
13158,1027,2026-05-26,Ahmedabad
13159,864,2026-05-30,Delhi
13160,599,2026-05-19,Pune
13161,389,2026-05-24,Hyderabad
13162,833,2026-05-29,Hyderabad
13163,1431,2026-05-02,Kolkata
13164,115,2026-05-26,Bangalore
13165,59,2026-05-13,Bangalore
13166,476,2026-05-24,Ahmedabad
13167,1149,2026-05-01,Delhi
13168,177,2026-05-14,Hyderabad
13169,307,2026-05-07,Hyderabad
13170,1244,2026-05-17,Ahmedabad
13171,1394,2026-05-05,Kolkata
13172,927,2026-05-22,Hyderabad
13173,243,2026-05-13,Bangalore
13174,1562,2026-05-21,Hyderabad
13175,1106,2026-05-01,Chennai
13176,1084,2026-05-29,Mumbai
13177,906,2026-05-10,Pune
13178,819,2026-05-22,Delhi
13179,865,2026-05-10,Chennai
13180,1451,2026-05-13,Pune
13181,803,2026-05-12,Mumbai
13182,1057,2026-05-07,Chennai
13183,1025,2026-05-09,Ahmedabad
13184,118,2026-05-01,Ahmedabad
13185,1507,2026-05-13,Hyderabad
13186,112,2026-05-15,Delhi
13187,535,2026-05-01,Chennai
13188,409,2026-05-30,Bangalore
13189,1422,2026-05-27,Hyderabad
13190,1049,2026-05-20,Mumbai
13191,1264,2026-05-10,Mumbai
13192,578,2026-05-06,Ahmedabad
13193,1139,2026-05-23,Chennai
13194,1214,2026-05-30,Delhi
13195,62,2026-05-03,Chennai
13196,438,2026-05-02,Hyderabad
13197,195,2026-05-22,Delhi
13198,1448,2026-05-23,Kolkata
13199,1488,2026-05-13,Bangalore
13200,700,2026-05-23,Bangalore
13201,1599,2026-05-22,Mumbai
13202,174,2026-05-03,Hyderabad
13203,623,2026-05-29,Mumbai
13204,444,2026-05-21,Hyderabad
13205,957,2026-05-21,Delhi
13206,281,2026-05-08,Bangalore
13207,1087,2026-05-01,Hyderabad
13208,349,2026-05-26,Chennai
13209,317,2026-05-27,Pune
13210,1184,2026-05-23,Mumbai
13211,385,2026-05-05,Ahmedabad
13212,303,2026-05-12,Bangalore
13213,579,2026-05-25,Mumbai
13214,1242,2026-05-02,Mumbai
13215,338,2026-05-13,Delhi
13216,536,2026-05-03,Pune
13217,123,2026-05-17,Delhi
13218,637,2026-05-12,Mumbai
13219,295,2026-05-10,Bangalore
13220,1113,2026-05-11,Delhi
13221,143,2026-05-10,Chennai
13222,294,2026-05-07,Delhi
13223,242,2026-05-31,Hyderabad
13224,605,2026-05-10,Bangalore
13225,1527,2026-05-06,Chennai
13226,1368,2026-05-20,Mumbai
13227,138,2026-05-21,Delhi
13228,1336,2026-05-08,Delhi
13229,257,2026-05-16,Bangalore
13230,49,2026-05-13,Mumbai
13231,501,2026-05-25,Bangalore
13232,921,2026-05-24,Mumbai
13233,558,2026-05-28,Mumbai
13234,354,2026-05-29,Delhi
13235,879,2026-05-26,Bangalore
13236,1002,2026-05-01,Pune
13237,1561,2026-05-02,Delhi
13238,726,2026-05-08,Bangalore
13239,1589,2026-05-23,Hyderabad
13240,1276,2026-05-22,Pune
13241,921,2026-05-26,Mumbai
13242,1280,2026-05-19,Hyderabad
13243,785,2026-05-01,Pune
13244,1492,2026-05-21,Mumbai
13245,52,2026-05-10,Bangalore
13246,385,2026-05-02,Ahmedabad
13247,1093,2026-05-18,Kolkata
13248,436,2026-05-22,Bangalore
13249,1039,2026-05-19,Chennai
13250,817,2026-05-10,Hyderabad
13251,1240,2026-05-15,Delhi
13252,511,2026-05-27,Kolkata
13253,50,2026-05-03,Hyderabad
13254,462,2026-05-25,Delhi
13255,1193,2026-05-01,Kolkata
13256,429,2026-05-04,Delhi
13257,12,2026-05-21,Delhi
13258,864,2026-05-08,Delhi
13259,867,2026-05-30,Delhi
13260,1328,2026-05-01,Mumbai
13261,355,2026-05-11,Delhi
13262,574,2026-05-20,Mumbai
13263,732,2026-05-03,Bangalore
13264,1106,2026-05-07,Chennai
13265,1220,2026-05-23,Ahmedabad
13266,58,2026-05-29,Hyderabad
13267,334,2026-05-28,Hyderabad
13268,1414,2026-05-02,Chennai
13269,854,2026-05-02,Bangalore
13270,823,2026-05-11,Chennai
13271,806,2026-05-19,Pune
13272,117,2026-05-10,Mumbai
13273,183,2026-05-05,Kolkata
13274,595,2026-05-09,Ahmedabad
13275,37,2026-05-31,Bangalore
13276,190,2026-05-11,Pune
13277,616,2026-05-28,Delhi
13278,859,2026-05-13,Hyderabad
13279,20,2026-05-20,Chennai
13280,734,2026-05-13,Bangalore
13281,1425,2026-05-29,Pune
13282,1446,2026-05-13,Ahmedabad
13283,389,2026-05-28,Hyderabad
13284,315,2026-05-13,Kolkata
13285,1037,2026-05-18,Ahmedabad
13286,1092,2026-05-17,Bangalore
13287,1093,2026-05-02,Kolkata
13288,73,2026-05-24,Delhi
13289,170,2026-05-24,Mumbai
13290,458,2026-05-26,Kolkata
13291,1566,2026-05-19,Delhi
13292,316,2026-05-11,Pune
13293,1215,2026-05-05,Ahmedabad
13294,684,2026-05-24,Mumbai
13295,106,2026-05-14,Chennai
13296,790,2026-05-23,Kolkata
13297,939,2026-05-04,Hyderabad
13298,324,2026-05-02,Chennai
13299,1488,2026-05-21,Bangalore
13300,874,2026-05-02,Mumbai
13301,1071,2026-05-02,Kolkata
13302,1365,2026-05-03,Bangalore
13303,80,2026-05-04,Kolkata
13304,472,2026-05-31,Mumbai
13305,923,2026-05-04,Kolkata
13306,1243,2026-05-05,Bangalore
13307,1063,2026-05-17,Pune
13308,549,2026-05-01,Pune
13309,247,2026-05-04,Mumbai
13310,675,2026-05-16,Chennai
13311,935,2026-05-13,Pune
13312,96,2026-05-10,Mumbai
13313,208,2026-05-14,Mumbai
13314,94,2026-05-27,Mumbai
13315,516,2026-05-16,Chennai
13316,742,2026-05-10,Delhi
13317,641,2026-05-07,Kolkata
13318,332,2026-05-23,Delhi
13319,825,2026-05-25,Mumbai
13320,882,2026-05-19,Delhi
13321,1462,2026-05-06,Pune
13322,556,2026-05-23,Delhi
13323,1294,2026-05-12,Mumbai
13324,839,2026-05-17,Chennai
13325,192,2026-05-13,Bangalore
13326,931,2026-05-07,Hyderabad
13327,217,2026-05-20,Chennai
13328,1471,2026-05-14,Pune
13329,1390,2026-05-13,Mumbai
13330,945,2026-05-11,Bangalore
13331,966,2026-05-15,Delhi
13332,207,2026-05-24,Bangalore
13333,123,2026-05-20,Delhi
13334,1317,2026-05-24,Ahmedabad
13335,1562,2026-05-05,Hyderabad
13336,190,2026-05-14,Pune
13337,1275,2026-05-11,Mumbai
13338,726,2026-05-04,Bangalore
13339,1352,2026-05-18,Delhi
13340,894,2026-05-14,Ahmedabad
13341,799,2026-05-12,Ahmedabad
13342,939,2026-05-12,Hyderabad
13343,344,2026-05-10,Bangalore
13344,1478,2026-05-02,Mumbai
13345,946,2026-05-14,Hyderabad
13346,1201,2026-05-06,Mumbai
13347,996,2026-05-20,Delhi
13348,807,2026-05-19,Bangalore
13349,554,2026-05-08,Mumbai
13350,873,2026-05-08,Chennai
13351,1571,2026-05-18,Delhi
13352,678,2026-05-09,Ahmedabad
13353,273,2026-05-11,Kolkata
13354,1416,2026-05-27,Hyderabad
13355,765,2026-05-18,Bangalore
13356,1048,2026-05-23,Delhi
13357,680,2026-05-31,Ahmedabad
13358,1175,2026-05-04,Hyderabad
13359,1171,2026-05-02,Delhi
13360,732,2026-05-21,Bangalore
13361,1553,2026-05-20,Bangalore
13362,1227,2026-05-21,Bangalore
13363,682,2026-05-02,Delhi
13364,644,2026-05-01,Hyderabad
13365,1429,2026-05-25,Kolkata
13366,394,2026-05-11,Bangalore
13367,725,2026-05-26,Hyderabad
13368,712,2026-05-31,Bangalore
13369,1518,2026-05-20,Delhi
13370,1270,2026-05-05,Mumbai
13371,407,2026-05-31,Mumbai
13372,461,2026-05-24,Delhi
13373,515,2026-05-20,Ahmedabad
13374,87,2026-05-21,Ahmedabad
13375,1585,2026-05-28,Bangalore
13376,878,2026-05-05,Hyderabad
13377,736,2026-05-04,Ahmedabad
13378,1328,2026-05-01,Mumbai
13379,526,2026-05-01,Kolkata
13380,370,2026-05-18,Hyderabad
13381,95,2026-05-06,Delhi
13382,1512,2026-05-16,Hyderabad
13383,574,2026-05-02,Mumbai
13384,1281,2026-05-10,Mumbai
13385,1077,2026-05-18,Chennai
13386,100,2026-05-08,Delhi
13387,1378,2026-05-19,Bangalore
13388,1177,2026-05-23,Bangalore
13389,1335,2026-05-30,Chennai
13390,760,2026-05-18,Mumbai
13391,1504,2026-05-14,Chennai
13392,867,2026-05-28,Delhi
13393,937,2026-05-28,Bangalore
13394,1432,2026-05-28,Bangalore
13395,1275,2026-05-08,Mumbai
13396,942,2026-05-04,Delhi
13397,1156,2026-05-29,Mumbai
13398,1545,2026-05-13,Chennai
13399,579,2026-05-15,Mumbai
13400,995,2026-05-01,Bangalore
13401,484,2026-05-01,Ahmedabad
13402,255,2026-05-30,Bangalore
13403,1479,2026-05-23,Mumbai
13404,1313,2026-05-16,Delhi
13405,961,2026-05-29,Ahmedabad
13406,43,2026-05-01,Delhi
13407,471,2026-05-03,Kolkata
13408,313,2026-05-31,Mumbai
13409,90,2026-05-25,Ahmedabad
13410,815,2026-05-17,Pune
13411,1227,2026-05-07,Bangalore
13412,445,2026-05-07,Chennai
13413,1173,2026-05-02,Delhi
13414,1331,2026-05-14,Bangalore
13415,1436,2026-05-05,Chennai
13416,1173,2026-05-20,Delhi
13417,1596,2026-05-24,Ahmedabad
13418,540,2026-05-30,Mumbai
13419,1335,2026-05-21,Chennai
13420,1213,2026-05-01,Ahmedabad
13421,888,2026-05-11,Chennai
13422,806,2026-05-25,Pune
13423,819,2026-05-20,Delhi
13424,1246,2026-05-19,Chennai
13425,106,2026-05-06,Chennai
13426,164,2026-05-24,Delhi
13427,309,2026-05-15,Ahmedabad
13428,1105,2026-05-03,Bangalore
13429,1469,2026-05-08,Mumbai
13430,916,2026-05-14,Chennai
13431,743,2026-05-28,Mumbai
13432,75,2026-05-24,Kolkata
13433,773,2026-05-06,Chennai
13434,298,2026-05-31,Pune
13435,361,2026-05-18,Hyderabad
13436,623,2026-05-01,Mumbai
13437,739,2026-05-15,Bangalore
13438,642,2026-05-20,Ahmedabad
13439,788,2026-05-18,Hyderabad
13440,444,2026-05-14,Hyderabad
13441,837,2026-05-11,Mumbai
13442,1053,2026-05-15,Bangalore
13443,167,2026-05-22,Bangalore
13444,91,2026-05-02,Delhi
13445,667,2026-05-27,Mumbai
13446,544,2026-05-05,Kolkata
13447,805,2026-05-17,Chennai
13448,1553,2026-05-31,Bangalore
13449,742,2026-05-20,Delhi
13450,142,2026-05-03,Ahmedabad
13451,404,2026-05-11,Pune
13452,1423,2026-05-29,Pune
13453,1297,2026-05-25,Mumbai
13454,1571,2026-05-19,Delhi
13455,871,2026-05-01,Mumbai
13456,56,2026-05-12,Mumbai
13457,1254,2026-05-06,Kolkata
13458,402,2026-05-26,Kolkata
13459,1100,2026-05-27,Delhi
13460,914,2026-05-07,Bangalore
13461,66,2026-05-01,Bangalore
13462,625,2026-05-25,Kolkata
13463,1514,2026-05-04,Pune
13464,901,2026-05-02,Bangalore
13465,263,2026-05-23,Delhi
13466,1085,2026-05-08,Delhi
13467,1275,2026-05-16,Mumbai
13468,442,2026-05-15,Bangalore
13469,1505,2026-05-28,Mumbai
13470,1227,2026-05-03,Bangalore
13471,1406,2026-05-11,Delhi
13472,782,2026-05-30,Pune
13473,648,2026-05-30,Delhi
13474,336,2026-05-28,Bangalore
13475,836,2026-05-17,Hyderabad
13476,1144,2026-05-26,Pune
13477,404,2026-05-10,Pune
13478,943,2026-05-18,Chennai
13479,15,2026-05-12,Delhi
13480,426,2026-05-10,Delhi
13481,1311,2026-05-18,Bangalore
13482,542,2026-05-25,Hyderabad
13483,1205,2026-05-18,Hyderabad
13484,325,2026-05-18,Mumbai
13485,44,2026-05-04,Kolkata
13486,1021,2026-05-27,Hyderabad
13487,291,2026-05-23,Bangalore
13488,1399,2026-05-02,Bangalore
13489,1166,2026-05-03,Hyderabad
13490,180,2026-05-02,Kolkata
13491,320,2026-05-03,Chennai
13492,69,2026-05-11,Bangalore
13493,218,2026-05-21,Bangalore
13494,526,2026-05-27,Kolkata
13495,1432,2026-05-18,Bangalore
13496,1277,2026-05-04,Bangalore
13497,594,2026-05-23,Mumbai
13498,526,2026-05-15,Kolkata
13499,464,2026-05-20,Ahmedabad
13500,942,2026-05-06,Delhi
13501,1367,2026-05-24,Delhi
13502,730,2026-05-16,Hyderabad
13503,568,2026-05-02,Mumbai
13504,391,2026-05-24,Delhi
13505,1381,2026-05-04,Mumbai
13506,1310,2026-05-24,Hyderabad
13507,540,2026-05-07,Mumbai
13508,682,2026-05-14,Delhi
13509,1038,2026-05-09,Delhi
13510,129,2026-05-22,Hyderabad
13511,894,2026-05-26,Ahmedabad
13512,845,2026-05-06,Bangalore
13513,340,2026-05-30,Chennai
13514,184,2026-05-02,Ahmedabad
13515,1595,2026-05-15,Delhi
13516,193,2026-05-23,Kolkata
13517,1537,2026-05-23,Hyderabad
13518,989,2026-05-18,Kolkata
13519,509,2026-05-30,Chennai
13520,350,2026-05-21,Chennai
13521,567,2026-05-02,Delhi
13522,1126,2026-05-24,Ahmedabad
13523,519,2026-05-23,Ahmedabad
13524,1476,2026-05-08,Delhi
13525,1070,2026-05-12,Kolkata
13526,803,2026-05-21,Mumbai
13527,1241,2026-05-06,Delhi
13528,594,2026-05-12,Mumbai
13529,965,2026-05-18,Bangalore
13530,821,2026-05-03,Hyderabad
13531,7,2026-05-17,Delhi
13532,353,2026-05-14,Delhi
13533,284,2026-05-11,Kolkata
13534,53,2026-05-05,Ahmedabad
13535,539,2026-05-15,Delhi
13536,429,2026-05-22,Delhi
13537,1313,2026-05-26,Delhi
13538,1047,2026-05-08,Mumbai
13539,1344,2026-05-09,Mumbai
13540,938,2026-05-04,Mumbai
13541,647,2026-05-06,Delhi
13542,420,2026-05-06,Bangalore
13543,969,2026-05-21,Chennai
13544,1051,2026-05-20,Ahmedabad
13545,1490,2026-05-09,Pune
13546,1490,2026-05-06,Pune
13547,75,2026-05-05,Kolkata
13548,844,2026-05-04,Ahmedabad
13549,58,2026-05-03,Hyderabad
13550,1309,2026-05-24,Chennai
13551,487,2026-05-12,Chennai
13552,981,2026-05-29,Bangalore
13553,224,2026-05-25,Hyderabad
13554,1183,2026-05-23,Chennai
13555,1585,2026-05-23,Bangalore
13556,1057,2026-05-09,Chennai
13557,1349,2026-05-08,Ahmedabad
13558,452,2026-05-28,Bangalore
13559,235,2026-05-06,Pune
13560,193,2026-05-25,Kolkata
13561,570,2026-05-19,Bangalore
13562,11,2026-05-01,Delhi
13563,797,2026-05-24,Mumbai
13564,73,2026-05-28,Delhi
13565,1111,2026-05-24,Mumbai
13566,146,2026-05-15,Delhi
13567,499,2026-05-12,Delhi
13568,1078,2026-05-21,Mumbai
13569,218,2026-05-17,Bangalore
13570,212,2026-05-02,Chennai
13571,1013,2026-05-02,Bangalore
13572,779,2026-05-24,Kolkata
13573,601,2026-05-28,Mumbai
13574,981,2026-05-21,Bangalore
13575,734,2026-05-02,Bangalore
13576,1119,2026-05-21,Chennai
13577,412,2026-05-03,Pune
13578,548,2026-05-24,Ahmedabad
13579,831,2026-05-11,Delhi
13580,690,2026-05-12,Kolkata
13581,1457,2026-05-01,Bangalore
13582,930,2026-05-09,Mumbai
13583,1485,2026-05-06,Chennai
13584,805,2026-05-05,Chennai
13585,1181,2026-05-10,Hyderabad
13586,1362,2026-05-21,Delhi
13587,1365,2026-05-02,Bangalore
13588,62,2026-05-04,Chennai
13589,968,2026-05-13,Bangalore
13590,139,2026-05-23,Mumbai
13591,1208,2026-05-27,Hyderabad
13592,1387,2026-05-29,Bangalore
13593,43,2026-05-23,Delhi
13594,103,2026-05-09,Hyderabad
13595,396,2026-05-26,Chennai
13596,1161,2026-05-31,Ahmedabad
13597,306,2026-05-29,Pune
13598,46,2026-05-14,Delhi
13599,493,2026-05-10,Chennai
13600,321,2026-05-12,Pune
13601,499,2026-05-08,Delhi
13602,276,2026-05-24,Pune
13603,1242,2026-05-29,Mumbai
13604,804,2026-05-26,Kolkata
13605,470,2026-05-07,Hyderabad
13606,1218,2026-05-26,Mumbai
13607,1518,2026-05-09,Delhi
13608,1591,2026-05-04,Pune
13609,369,2026-05-19,Mumbai
13610,1005,2026-05-05,Bangalore
13611,848,2026-05-10,Delhi
13612,372,2026-05-12,Mumbai
13613,647,2026-05-25,Delhi
13614,1568,2026-05-14,Chennai
13615,174,2026-05-21,Hyderabad
13616,562,2026-05-03,Delhi
13617,202,2026-05-22,Delhi
13618,837,2026-05-21,Mumbai
13619,435,2026-05-20,Chennai
13620,979,2026-05-30,Chennai
13621,700,2026-05-22,Bangalore
13622,626,2026-05-11,Chennai
13623,1589,2026-05-04,Hyderabad
13624,1279,2026-05-13,Bangalore
13625,1074,2026-05-08,Chennai
13626,896,2026-05-08,Chennai
13627,457,2026-05-29,Bangalore
13628,1205,2026-05-05,Hyderabad
13629,1396,2026-05-21,Delhi
13630,87,2026-05-02,Ahmedabad
13631,1206,2026-05-24,Pune
13632,1588,2026-05-15,Delhi
13633,394,2026-05-28,Bangalore
13634,64,2026-05-08,Pune
13635,49,2026-05-25,Mumbai
13636,85,2026-05-18,Mumbai
13637,606,2026-05-21,Bangalore
13638,1138,2026-05-23,Bangalore
13639,787,2026-05-28,Chennai
13640,570,2026-05-10,Bangalore
13641,1309,2026-05-27,Chennai
13642,1507,2026-05-07,Hyderabad
13643,1215,2026-05-04,Ahmedabad
13644,1007,2026-05-04,Mumbai
13645,1180,2026-05-06,Pune
13646,1194,2026-05-06,Chennai
13647,292,2026-05-08,Pune
13648,833,2026-05-30,Hyderabad
13649,1588,2026-05-24,Delhi
13650,1536,2026-05-03,Mumbai
13651,201,2026-05-19,Bangalore
13652,572,2026-05-02,Bangalore
13653,499,2026-05-12,Delhi
13654,255,2026-05-13,Bangalore
13655,89,2026-05-25,Chennai
13656,1194,2026-05-23,Chennai
13657,1171,2026-05-27,Delhi
13658,1330,2026-05-08,Ahmedabad
13659,437,2026-05-08,Mumbai
13660,1166,2026-05-20,Hyderabad
13661,698,2026-05-27,Delhi
13662,1518,2026-05-20,Delhi
13663,431,2026-05-04,Mumbai
13664,367,2026-05-19,Delhi
13665,1257,2026-05-30,Kolkata
13666,901,2026-05-07,Bangalore
13667,342,2026-05-31,Ahmedabad
13668,104,2026-05-04,Pune
13669,165,2026-05-08,Delhi
13670,605,2026-05-30,Bangalore
13671,1386,2026-05-17,Delhi
13672,1011,2026-05-27,Delhi
13673,204,2026-05-05,Mumbai
13674,718,2026-05-19,Mumbai
13675,767,2026-05-02,Mumbai
13676,410,2026-05-22,Bangalore
13677,763,2026-05-16,Mumbai
13678,1146,2026-05-07,Delhi
13679,1518,2026-05-14,Delhi
13680,1076,2026-05-24,Pune
13681,157,2026-05-14,Bangalore
13682,344,2026-05-23,Bangalore
13683,893,2026-05-08,Mumbai
13684,94,2026-05-08,Mumbai
13685,400,2026-05-08,Bangalore
13686,1127,2026-05-29,Ahmedabad
13687,406,2026-05-30,Kolkata
13688,1180,2026-05-24,Pune
13689,263,2026-05-10,Delhi
13690,733,2026-05-21,Ahmedabad
13691,272,2026-05-14,Ahmedabad
13692,837,2026-05-16,Mumbai
13693,1411,2026-05-06,Ahmedabad
13694,330,2026-05-05,Delhi
13695,524,2026-05-12,Bangalore
13696,93,2026-05-31,Delhi
13697,1529,2026-05-14,Mumbai
13698,420,2026-05-14,Bangalore
13699,635,2026-05-09,Pune
13700,827,2026-05-26,Hyderabad
13701,7,2026-05-17,Delhi
13702,431,2026-05-07,Mumbai
13703,761,2026-05-02,Delhi
13704,1543,2026-05-03,Chennai
13705,553,2026-05-28,Mumbai
13706,744,2026-05-15,Bangalore
13707,320,2026-05-14,Chennai
13708,1585,2026-05-30,Bangalore
13709,1129,2026-05-17,Mumbai
13710,1257,2026-05-03,Kolkata
13711,1303,2026-05-27,Mumbai
13712,215,2026-05-14,Kolkata
13713,1475,2026-05-01,Ahmedabad
13714,1542,2026-05-28,Hyderabad
13715,1539,2026-05-06,Mumbai
13716,1301,2026-05-29,Hyderabad
13717,352,2026-05-23,Delhi
13718,214,2026-05-16,Mumbai
13719,417,2026-05-03,Ahmedabad
13720,259,2026-05-12,Pune
13721,1078,2026-05-13,Mumbai
13722,964,2026-05-23,Ahmedabad
13723,94,2026-05-29,Mumbai
13724,306,2026-05-03,Pune
13725,1096,2026-05-08,Delhi
13726,942,2026-05-30,Delhi
13727,824,2026-05-05,Bangalore
13728,416,2026-05-12,Hyderabad
13729,243,2026-05-30,Bangalore
13730,803,2026-05-06,Mumbai
13731,1597,2026-05-09,Pune
13732,425,2026-05-10,Delhi
13733,1223,2026-05-14,Mumbai
13734,448,2026-05-05,Ahmedabad
13735,269,2026-05-10,Hyderabad
13736,771,2026-05-11,Pune
13737,1223,2026-05-29,Mumbai
13738,1312,2026-05-11,Delhi
13739,85,2026-05-13,Mumbai
13740,60,2026-05-09,Bangalore
13741,1264,2026-05-18,Mumbai
13742,822,2026-05-05,Hyderabad
13743,751,2026-05-12,Chennai
13744,1538,2026-05-14,Delhi
13745,1134,2026-05-20,Delhi
13746,1489,2026-05-26,Mumbai
13747,571,2026-05-04,Chennai
13748,524,2026-05-25,Bangalore
13749,490,2026-05-28,Hyderabad
13750,302,2026-05-14,Mumbai
13751,1171,2026-05-28,Delhi
13752,92,2026-05-17,Bangalore
13753,1032,2026-05-02,Delhi
13754,1197,2026-05-07,Bangalore
13755,1369,2026-05-14,Mumbai
13756,1148,2026-05-05,Bangalore
13757,1044,2026-05-16,Delhi
13758,139,2026-05-09,Mumbai
13759,1196,2026-05-30,Delhi
13760,250,2026-05-29,Bangalore
13761,576,2026-05-08,Mumbai
13762,359,2026-05-18,Delhi
13763,150,2026-05-01,Mumbai
13764,1160,2026-05-10,Delhi
13765,371,2026-05-12,Bangalore
13766,425,2026-05-25,Delhi
13767,361,2026-05-16,Hyderabad
13768,619,2026-05-30,Hyderabad
13769,796,2026-05-26,Ahmedabad
13770,330,2026-05-11,Delhi
13771,696,2026-05-20,Bangalore
13772,1191,2026-05-07,Ahmedabad
13773,946,2026-05-16,Hyderabad
13774,795,2026-05-29,Pune
13775,94,2026-05-14,Mumbai
13776,84,2026-05-25,Chennai
13777,172,2026-05-29,Mumbai
13778,1193,2026-05-08,Kolkata
13779,881,2026-05-11,Hyderabad
13780,1040,2026-05-09,Delhi
13781,510,2026-05-12,Delhi
13782,150,2026-05-03,Mumbai
13783,1215,2026-05-09,Ahmedabad
13784,473,2026-05-19,Chennai
13785,1031,2026-05-31,Hyderabad
13786,241,2026-05-06,Bangalore
13787,338,2026-05-30,Delhi
13788,5,2026-05-23,Mumbai
13789,1551,2026-05-25,Mumbai
13790,29,2026-05-11,Bangalore
13791,346,2026-05-05,Chennai
13792,507,2026-05-25,Bangalore
13793,1119,2026-05-02,Chennai
13794,262,2026-05-21,Chennai
13795,321,2026-05-08,Pune
13796,1519,2026-05-06,Pune
13797,857,2026-05-03,Chennai
13798,1431,2026-05-02,Kolkata
13799,525,2026-05-04,Hyderabad
13800,1548,2026-05-16,Bangalore
13801,1397,2026-05-31,Delhi
13802,1016,2026-05-11,Delhi
13803,304,2026-05-20,Hyderabad
13804,31,2026-05-18,Mumbai
13805,427,2026-05-17,Kolkata
13806,1485,2026-05-27,Chennai
13807,218,2026-05-24,Bangalore
13808,1320,2026-05-02,Bangalore
13809,816,2026-05-03,Mumbai
13810,32,2026-05-23,Delhi
13811,1331,2026-05-03,Bangalore
13812,639,2026-05-04,Mumbai
13813,1018,2026-05-15,Bangalore
13814,1297,2026-05-20,Mumbai
13815,145,2026-05-08,Mumbai
13816,84,2026-05-24,Chennai
13817,1131,2026-05-11,Ahmedabad
13818,667,2026-05-18,Mumbai
13819,245,2026-05-31,Kolkata
13820,1043,2026-05-05,Mumbai
13821,1165,2026-05-29,Hyderabad
13822,468,2026-05-14,Delhi
13823,1157,2026-05-15,Delhi
13824,693,2026-05-14,Bangalore
13825,696,2026-05-28,Bangalore
13826,843,2026-05-19,Kolkata
13827,338,2026-05-07,Delhi
13828,1176,2026-05-25,Hyderabad
13829,1371,2026-05-07,Pune
13830,409,2026-05-25,Bangalore
13831,1142,2026-05-04,Chennai
13832,51,2026-05-23,Bangalore
13833,988,2026-05-29,Bangalore
13834,246,2026-05-08,Pune
13835,808,2026-05-16,Kolkata
13836,1103,2026-05-25,Pune
13837,250,2026-05-23,Bangalore
13838,1258,2026-05-05,Kolkata
13839,1600,2026-05-27,Ahmedabad
13840,1412,2026-05-09,Chennai
13841,159,2026-05-08,Ahmedabad
13842,416,2026-05-07,Hyderabad
13843,1145,2026-05-27,Bangalore
13844,1006,2026-05-26,Pune
13845,356,2026-05-01,Delhi
13846,1519,2026-05-08,Pune
13847,1232,2026-05-31,Bangalore
13848,1361,2026-05-27,Mumbai
13849,1377,2026-05-08,Chennai
13850,963,2026-05-25,Bangalore
13851,345,2026-05-29,Chennai
13852,1283,2026-05-09,Chennai
13853,551,2026-05-13,Ahmedabad
13854,399,2026-05-14,Hyderabad
13855,1308,2026-05-04,Delhi
13856,1470,2026-05-05,Pune
13857,792,2026-05-21,Delhi
13858,685,2026-05-22,Hyderabad
13859,469,2026-05-04,Kolkata
13860,1311,2026-05-04,Bangalore
13861,1429,2026-05-29,Kolkata
13862,570,2026-05-18,Bangalore
13863,431,2026-05-01,Mumbai
13864,1185,2026-05-25,Mumbai
13865,1397,2026-05-20,Delhi
13866,216,2026-05-28,Delhi
13867,787,2026-05-12,Chennai
13868,774,2026-05-16,Bangalore
13869,1465,2026-05-19,Bangalore
13870,1151,2026-05-18,Bangalore
13871,397,2026-05-07,Mumbai
13872,87,2026-05-07,Ahmedabad
13873,744,2026-05-09,Bangalore
13874,1378,2026-05-21,Bangalore
13875,224,2026-05-01,Hyderabad
13876,1594,2026-05-07,Mumbai
13877,1251,2026-05-26,Mumbai
13878,697,2026-05-10,Mumbai
13879,91,2026-05-22,Delhi
13880,1016,2026-05-18,Delhi
13881,44,2026-05-20,Kolkata
13882,113,2026-05-08,Hyderabad
13883,409,2026-05-06,Bangalore
13884,343,2026-05-31,Delhi
13885,93,2026-05-10,Delhi
13886,1582,2026-05-12,Mumbai
13887,1375,2026-05-22,Delhi
13888,790,2026-05-10,Kolkata
13889,49,2026-05-29,Mumbai
13890,1360,2026-05-22,Bangalore
13891,349,2026-05-15,Chennai
13892,1036,2026-05-11,Delhi
13893,1070,2026-05-20,Kolkata
13894,547,2026-05-28,Pune
13895,1388,2026-05-07,Delhi
13896,159,2026-05-21,Ahmedabad
13897,700,2026-05-22,Bangalore
13898,504,2026-05-19,Mumbai
13899,343,2026-05-03,Delhi
13900,1070,2026-05-05,Kolkata
13901,1361,2026-05-16,Mumbai
13902,1390,2026-05-27,Mumbai
13903,781,2026-05-22,Ahmedabad
13904,435,2026-05-12,Chennai
13905,942,2026-05-09,Delhi
13906,784,2026-05-06,Ahmedabad
13907,63,2026-05-15,Chennai
13908,734,2026-05-14,Bangalore
13909,529,2026-05-20,Hyderabad
13910,947,2026-05-01,Kolkata
13911,66,2026-05-09,Bangalore
13912,1481,2026-05-22,Chennai
13913,1065,2026-05-05,Kolkata
13914,676,2026-05-16,Bangalore
13915,1004,2026-05-24,Hyderabad
13916,145,2026-05-22,Mumbai
13917,250,2026-05-14,Bangalore
13918,1431,2026-05-24,Kolkata
13919,774,2026-05-17,Bangalore
13920,774,2026-05-23,Bangalore
13921,11,2026-05-05,Delhi
13922,1421,2026-05-20,Hyderabad
13923,763,2026-05-03,Mumbai
13924,315,2026-05-12,Kolkata
13925,1000,2026-05-25,Mumbai
13926,1014,2026-05-07,Kolkata
13927,1337,2026-05-27,Chennai
13928,139,2026-05-23,Mumbai
13929,1238,2026-05-06,Bangalore
13930,1517,2026-05-04,Mumbai
13931,623,2026-05-13,Mumbai
13932,1344,2026-05-09,Mumbai
13933,484,2026-05-18,Ahmedabad
13934,1592,2026-05-16,Pune
13935,769,2026-05-24,Mumbai
13936,39,2026-05-14,Chennai
13937,114,2026-05-31,Bangalore
13938,802,2026-05-06,Delhi
13939,1561,2026-05-16,Delhi
13940,976,2026-05-26,Delhi
13941,407,2026-05-19,Mumbai
13942,1473,2026-05-27,Mumbai
13943,993,2026-05-07,Hyderabad
13944,1440,2026-05-09,Delhi
13945,78,2026-05-18,Kolkata
13946,1126,2026-05-26,Ahmedabad
13947,90,2026-05-03,Ahmedabad
13948,1288,2026-05-18,Mumbai
13949,770,2026-05-06,Mumbai
13950,1169,2026-05-25,Delhi
13951,1108,2026-05-02,Mumbai
13952,990,2026-05-17,Delhi
13953,1069,2026-05-24,Hyderabad
13954,444,2026-05-01,Hyderabad
13955,1549,2026-05-24,Mumbai
13956,492,2026-05-03,Hyderabad
13957,124,2026-05-05,Delhi
13958,1051,2026-05-22,Ahmedabad
13959,1103,2026-05-08,Pune
13960,391,2026-05-05,Delhi
13961,141,2026-05-27,Hyderabad
13962,987,2026-05-18,Pune
13963,694,2026-05-30,Bangalore
13964,320,2026-05-29,Chennai
13965,1284,2026-05-02,Delhi
13966,351,2026-05-28,Bangalore
13967,779,2026-05-23,Kolkata
13968,443,2026-05-31,Mumbai
13969,966,2026-05-29,Delhi
13970,471,2026-05-27,Kolkata
13971,771,2026-05-15,Pune
13972,1118,2026-05-10,Mumbai
13973,640,2026-05-09,Kolkata
13974,1446,2026-05-03,Ahmedabad
13975,792,2026-05-01,Delhi
13976,1333,2026-05-12,Pune
13977,1519,2026-05-30,Pune
13978,1094,2026-05-25,Chennai
13979,733,2026-05-02,Ahmedabad
13980,915,2026-05-23,Delhi
13981,774,2026-05-26,Bangalore
13982,701,2026-05-18,Pune
13983,67,2026-05-19,Mumbai
13984,619,2026-05-27,Hyderabad
13985,848,2026-05-20,Delhi
13986,1354,2026-05-03,Hyderabad
13987,513,2026-05-15,Hyderabad
13988,191,2026-05-14,Delhi
13989,1596,2026-05-09,Ahmedabad
13990,536,2026-05-12,Pune
13991,548,2026-05-15,Ahmedabad
13992,1236,2026-05-16,Bangalore
13993,776,2026-05-25,Hyderabad
13994,49,2026-05-19,Mumbai
13995,596,2026-05-09,Delhi
13996,764,2026-05-12,Pune
13997,1567,2026-05-05,Kolkata
13998,256,2026-05-24,Pune
13999,1318,2026-05-24,Delhi
14000,465,2026-05-28,Kolkata
14001,783,2026-05-22,Bangalore
14002,1213,2026-05-06,Ahmedabad
14003,860,2026-05-10,Mumbai
14004,554,2026-05-29,Mumbai
14005,1538,2026-05-05,Delhi
14006,1435,2026-05-11,Chennai
14007,1550,2026-05-01,Pune
14008,529,2026-05-23,Hyderabad
14009,1501,2026-05-20,Delhi
14010,337,2026-05-25,Mumbai
14011,690,2026-05-25,Kolkata
14012,1041,2026-05-06,Delhi
14013,569,2026-05-13,Kolkata
14014,1197,2026-05-21,Bangalore
14015,973,2026-05-24,Delhi
14016,985,2026-05-30,Bangalore
14017,125,2026-05-01,Delhi
14018,845,2026-05-23,Bangalore
14019,914,2026-05-15,Bangalore
14020,1070,2026-05-06,Kolkata
14021,1349,2026-05-09,Ahmedabad
14022,1524,2026-05-08,Ahmedabad
14023,1003,2026-05-10,Hyderabad
14024,757,2026-05-23,Mumbai
14025,316,2026-05-22,Pune
14026,1121,2026-05-05,Delhi
14027,684,2026-05-30,Mumbai
14028,1189,2026-05-16,Delhi
14029,1449,2026-05-24,Chennai
14030,150,2026-05-22,Mumbai
14031,180,2026-05-16,Kolkata
14032,910,2026-05-23,Bangalore
14033,1073,2026-05-31,Delhi
14034,1549,2026-05-05,Mumbai
14035,1481,2026-05-01,Chennai
14036,1036,2026-05-04,Delhi
14037,450,2026-05-05,Chennai
14038,336,2026-05-17,Bangalore
14039,999,2026-05-10,Hyderabad
14040,1148,2026-05-24,Bangalore
14041,437,2026-05-17,Mumbai
14042,1231,2026-05-23,Mumbai
14043,759,2026-05-08,Mumbai
14044,907,2026-05-06,Mumbai
14045,1171,2026-05-07,Delhi
14046,196,2026-05-24,Delhi
14047,334,2026-05-22,Hyderabad
14048,784,2026-05-12,Ahmedabad
14049,349,2026-05-12,Chennai
14050,343,2026-05-18,Delhi
14051,199,2026-05-28,Ahmedabad
14052,333,2026-05-12,Delhi
14053,488,2026-05-08,Kolkata
14054,353,2026-05-31,Delhi
14055,1,2026-05-03,Chennai
14056,279,2026-05-23,Bangalore
14057,1524,2026-05-19,Ahmedabad
14058,1361,2026-05-31,Mumbai
14059,1215,2026-05-09,Ahmedabad
14060,1330,2026-05-04,Ahmedabad
14061,21,2026-05-11,Mumbai
14062,1348,2026-05-30,Chennai
14063,296,2026-05-16,Mumbai
14064,634,2026-05-21,Mumbai
14065,890,2026-05-03,Chennai
14066,1098,2026-05-19,Bangalore
14067,561,2026-05-05,Delhi
14068,1004,2026-05-01,Hyderabad
14069,1590,2026-05-14,Ahmedabad
14070,922,2026-05-28,Delhi
14071,273,2026-05-17,Kolkata
14072,1210,2026-05-27,Delhi
14073,382,2026-05-20,Delhi
14074,80,2026-05-23,Kolkata
14075,606,2026-05-17,Bangalore
14076,1593,2026-05-12,Mumbai
14077,990,2026-05-26,Delhi
14078,891,2026-05-12,Delhi
14079,392,2026-05-14,Mumbai
14080,363,2026-05-24,Delhi
14081,117,2026-05-28,Mumbai
14082,1429,2026-05-08,Kolkata
14083,1308,2026-05-13,Delhi
14084,1014,2026-05-11,Kolkata
14085,1454,2026-05-11,Hyderabad
14086,938,2026-05-04,Mumbai
14087,114,2026-05-29,Bangalore
14088,363,2026-05-30,Delhi
14089,330,2026-05-04,Delhi
14090,244,2026-05-29,Mumbai
14091,1399,2026-05-10,Bangalore
14092,1595,2026-05-08,Delhi
14093,43,2026-05-26,Delhi
14094,1554,2026-05-27,Bangalore
14095,863,2026-05-16,Mumbai
14096,299,2026-05-23,Mumbai
14097,1336,2026-05-29,Delhi
14098,595,2026-05-20,Ahmedabad
14099,1182,2026-05-04,Mumbai
14100,1326,2026-05-22,Delhi
14101,1348,2026-05-10,Chennai
14102,957,2026-05-13,Delhi
14103,12,2026-05-13,Delhi
14104,701,2026-05-05,Pune
14105,751,2026-05-04,Chennai
14106,472,2026-05-13,Mumbai
14107,1423,2026-05-26,Pune
14108,1021,2026-05-04,Hyderabad
14109,851,2026-05-23,Bangalore
14110,433,2026-05-30,Mumbai
14111,1020,2026-05-26,Kolkata
14112,1187,2026-05-19,Delhi
14113,588,2026-05-29,Ahmedabad
14114,677,2026-05-08,Mumbai
14115,1144,2026-05-15,Pune
14116,200,2026-05-10,Delhi
14117,561,2026-05-02,Delhi
14118,1296,2026-05-17,Pune
14119,1064,2026-05-24,Ahmedabad
14120,1332,2026-05-11,Pune
14121,888,2026-05-18,Chennai
14122,1336,2026-05-31,Delhi
14123,1385,2026-05-02,Mumbai
14124,1593,2026-05-28,Mumbai
14125,467,2026-05-05,Delhi
14126,409,2026-05-09,Bangalore
14127,311,2026-05-16,Hyderabad
14128,1406,2026-05-24,Delhi
14129,484,2026-05-30,Ahmedabad
14130,323,2026-05-20,Chennai
14131,792,2026-05-27,Delhi
14132,1072,2026-05-12,Delhi
14133,1495,2026-05-10,Kolkata
14134,362,2026-05-09,Pune
14135,1353,2026-05-16,Pune
14136,690,2026-05-03,Kolkata
14137,399,2026-05-12,Hyderabad
14138,1419,2026-05-29,Mumbai
14139,1009,2026-05-18,Ahmedabad
14140,7,2026-05-29,Delhi
14141,1259,2026-05-15,Hyderabad
14142,1310,2026-05-14,Hyderabad
14143,1312,2026-05-06,Delhi
14144,527,2026-05-09,Pune
14145,626,2026-05-16,Chennai
14146,364,2026-05-12,Delhi
14147,1558,2026-05-20,Pune
14148,204,2026-05-10,Mumbai
14149,208,2026-05-19,Mumbai
14150,862,2026-05-17,Bangalore
14151,876,2026-05-17,Delhi
14152,19,2026-05-04,Hyderabad
14153,957,2026-05-17,Delhi
14154,1110,2026-05-03,Hyderabad
14155,931,2026-05-01,Hyderabad
14156,1414,2026-05-25,Chennai
14157,1375,2026-05-26,Delhi
14158,299,2026-05-27,Mumbai
14159,623,2026-05-03,Mumbai
14160,1005,2026-05-19,Bangalore
14161,951,2026-05-18,Hyderabad
14162,675,2026-05-29,Chennai
14163,943,2026-05-08,Chennai
14164,418,2026-05-04,Pune
14165,969,2026-05-26,Chennai
14166,404,2026-05-12,Pune
14167,312,2026-05-18,Bangalore
14168,770,2026-05-08,Mumbai
14169,751,2026-05-13,Chennai
14170,683,2026-05-03,Bangalore
14171,1049,2026-05-02,Mumbai
14172,789,2026-05-18,Chennai
14173,720,2026-05-22,Hyderabad
14174,78,2026-05-14,Kolkata
14175,1079,2026-05-05,Kolkata
14176,628,2026-05-20,Bangalore
14177,642,2026-05-08,Ahmedabad
14178,258,2026-05-12,Pune
14179,1048,2026-05-17,Delhi
14180,226,2026-05-15,Delhi
14181,980,2026-05-05,Mumbai
14182,1058,2026-05-12,Hyderabad
14183,824,2026-05-07,Bangalore
14184,1564,2026-05-03,Mumbai
14185,1262,2026-05-25,Hyderabad
14186,325,2026-05-23,Mumbai
14187,1514,2026-05-12,Pune
14188,1347,2026-05-15,Mumbai
14189,215,2026-05-03,Kolkata
14190,627,2026-05-07,Bangalore
14191,1254,2026-05-28,Kolkata
14192,1445,2026-05-08,Pune
14193,1202,2026-05-23,Pune
14194,974,2026-05-23,Mumbai
14195,1063,2026-05-15,Pune
14196,1052,2026-05-31,Bangalore
14197,1210,2026-05-13,Delhi
14198,1227,2026-05-08,Bangalore
14199,1417,2026-05-17,Delhi
14200,786,2026-05-08,Kolkata
14201,807,2026-05-20,Bangalore
14202,645,2026-05-11,Mumbai
14203,526,2026-05-16,Kolkata
14204,929,2026-05-02,Hyderabad
14205,810,2026-05-03,Hyderabad
14206,440,2026-05-03,Delhi
14207,1361,2026-05-08,Mumbai
14208,870,2026-05-05,Pune
14209,175,2026-05-23,Mumbai
14210,1135,2026-05-12,Ahmedabad
14211,828,2026-05-29,Kolkata
14212,555,2026-05-24,Chennai
14213,426,2026-05-15,Delhi
14214,338,2026-05-23,Delhi
14215,1179,2026-05-24,Mumbai
14216,1251,2026-05-14,Mumbai
14217,1380,2026-05-17,Hyderabad
14218,1129,2026-05-07,Mumbai
14219,473,2026-05-07,Chennai
14220,916,2026-05-27,Chennai
14221,692,2026-05-16,Bangalore
14222,578,2026-05-27,Ahmedabad
14223,860,2026-05-27,Mumbai
14224,1009,2026-05-12,Ahmedabad
14225,1549,2026-05-03,Mumbai
14226,224,2026-05-16,Hyderabad
14227,295,2026-05-06,Bangalore
14228,233,2026-05-31,Bangalore
14229,302,2026-05-02,Mumbai
14230,1097,2026-05-21,Delhi
14231,733,2026-05-13,Ahmedabad
14232,1130,2026-05-11,Pune
14233,1277,2026-05-01,Bangalore
14234,917,2026-05-14,Pune
14235,933,2026-05-01,Mumbai
14236,136,2026-05-31,Chennai
14237,1106,2026-05-02,Chennai
14238,1337,2026-05-01,Chennai
14239,1013,2026-05-06,Bangalore
14240,335,2026-05-12,Delhi
14241,468,2026-05-16,Delhi
14242,988,2026-05-30,Bangalore
14243,320,2026-05-29,Chennai
14244,344,2026-05-01,Bangalore
14245,965,2026-05-07,Bangalore
14246,733,2026-05-15,Ahmedabad
14247,757,2026-05-06,Mumbai
14248,1037,2026-05-01,Ahmedabad
14249,1189,2026-05-07,Delhi
14250,1209,2026-05-12,Delhi
14251,315,2026-05-26,Kolkata
14252,178,2026-05-25,Bangalore
14253,1347,2026-05-23,Mumbai
14254,75,2026-05-07,Kolkata
14255,259,2026-05-16,Pune
14256,872,2026-05-18,Mumbai
14257,1122,2026-05-10,Pune
14258,523,2026-05-03,Mumbai
14259,383,2026-05-15,Bangalore
14260,631,2026-05-24,Chennai
14261,1160,2026-05-19,Delhi
14262,290,2026-05-28,Delhi
14263,1024,2026-05-06,Hyderabad
14264,1426,2026-05-20,Hyderabad
14265,832,2026-05-02,Delhi
14266,772,2026-05-14,Pune
14267,1507,2026-05-22,Hyderabad
14268,395,2026-05-01,Delhi
14269,1460,2026-05-29,Delhi
14270,1108,2026-05-25,Mumbai
14271,1160,2026-05-06,Delhi
14272,112,2026-05-09,Delhi
14273,43,2026-05-04,Delhi
14274,446,2026-05-14,Hyderabad
14275,943,2026-05-21,Chennai
14276,1523,2026-05-22,Kolkata
14277,982,2026-05-10,Hyderabad
14278,842,2026-05-01,Mumbai
14279,420,2026-05-12,Bangalore
14280,390,2026-05-25,Chennai
14281,1537,2026-05-19,Hyderabad
14282,1004,2026-05-30,Hyderabad
14283,1294,2026-05-30,Mumbai
14284,1156,2026-05-18,Mumbai
14285,793,2026-05-13,Mumbai
14286,801,2026-05-01,Ahmedabad
14287,284,2026-05-08,Kolkata
14288,189,2026-05-18,Pune
14289,725,2026-05-27,Hyderabad
14290,396,2026-05-24,Chennai
14291,327,2026-05-03,Hyderabad
14292,76,2026-05-27,Delhi
14293,336,2026-05-06,Bangalore
14294,535,2026-05-30,Chennai
14295,825,2026-05-14,Mumbai
14296,1105,2026-05-10,Bangalore
14297,899,2026-05-31,Chennai
14298,18,2026-05-28,Mumbai
14299,1533,2026-05-11,Bangalore
14300,665,2026-05-07,Pune
14301,1269,2026-05-18,Bangalore
14302,633,2026-05-09,Mumbai
14303,975,2026-05-30,Mumbai
14304,1039,2026-05-10,Chennai
14305,1532,2026-05-02,Ahmedabad
14306,155,2026-05-24,Pune
14307,922,2026-06-11,Delhi
14308,1304,2026-06-15,Delhi
14309,1394,2026-06-08,Kolkata
14310,868,2026-06-25,Mumbai
14311,827,2026-06-03,Hyderabad
14312,528,2026-06-30,Pune
14313,977,2026-06-22,Bangalore
14314,573,2026-06-16,Kolkata
14315,1132,2026-06-06,Ahmedabad
14316,104,2026-06-19,Pune
14317,1083,2026-06-20,Bangalore
14318,645,2026-06-06,Mumbai
14319,256,2026-06-15,Pune
14320,791,2026-06-12,Mumbai
14321,892,2026-06-04,Kolkata
14322,1466,2026-06-01,Pune
14323,205,2026-06-22,Mumbai
14324,256,2026-06-16,Pune
14325,1014,2026-06-13,Kolkata
14326,608,2026-06-12,Chennai
14327,925,2026-06-27,Ahmedabad
14328,314,2026-06-23,Delhi
14329,46,2026-06-30,Delhi
14330,331,2026-06-13,Pune
14331,85,2026-06-14,Mumbai
14332,1177,2026-06-15,Bangalore
14333,907,2026-06-05,Mumbai
14334,247,2026-06-30,Mumbai
14335,110,2026-06-06,Mumbai
14336,1343,2026-06-23,Hyderabad
14337,389,2026-06-04,Hyderabad
14338,401,2026-06-26,Delhi
14339,980,2026-06-13,Mumbai
14340,1223,2026-06-22,Mumbai
14341,892,2026-06-20,Kolkata
14342,1353,2026-06-01,Pune
14343,815,2026-06-15,Pune
14344,1448,2026-06-24,Kolkata
14345,1085,2026-06-06,Delhi
14346,219,2026-06-22,Bangalore
14347,256,2026-06-04,Pune
14348,964,2026-06-17,Ahmedabad
14349,564,2026-06-10,Kolkata
14350,1409,2026-06-27,Ahmedabad
14351,700,2026-06-19,Bangalore
14352,1101,2026-06-16,Kolkata
14353,1388,2026-06-05,Delhi
14354,1258,2026-06-05,Kolkata
14355,1561,2026-06-01,Delhi
14356,36,2026-06-02,Chennai
14357,977,2026-06-18,Bangalore
14358,1453,2026-06-06,Hyderabad
14359,703,2026-06-20,Mumbai
14360,852,2026-06-18,Pune
14361,23,2026-06-11,Pune
14362,637,2026-06-22,Mumbai
14363,147,2026-06-29,Kolkata
14364,1283,2026-06-24,Chennai
14365,86,2026-06-01,Kolkata
14366,949,2026-06-29,Ahmedabad
14367,1165,2026-06-03,Hyderabad
14368,1365,2026-06-14,Bangalore
14369,934,2026-06-20,Mumbai
14370,548,2026-06-13,Ahmedabad
14371,351,2026-06-06,Bangalore
14372,1317,2026-06-23,Ahmedabad
14373,612,2026-06-30,Pune
14374,105,2026-06-20,Mumbai
14375,18,2026-06-16,Mumbai
14376,803,2026-06-29,Mumbai
14377,1274,2026-06-27,Ahmedabad
14378,1401,2026-06-03,Bangalore
14379,1171,2026-06-26,Delhi
14380,1229,2026-06-28,Ahmedabad
14381,633,2026-06-06,Mumbai
14382,226,2026-06-21,Delhi
14383,1388,2026-06-17,Delhi
14384,1377,2026-06-07,Chennai
14385,344,2026-06-30,Bangalore
14386,512,2026-06-09,Kolkata
14387,532,2026-06-25,Pune
14388,289,2026-06-04,Mumbai
14389,1117,2026-06-29,Bangalore
14390,1247,2026-06-07,Pune
14391,1534,2026-06-13,Chennai
14392,1256,2026-06-03,Bangalore
14393,181,2026-06-05,Chennai
14394,487,2026-06-13,Chennai
14395,1041,2026-06-12,Delhi
14396,1196,2026-06-20,Delhi
14397,390,2026-06-11,Chennai
14398,1245,2026-06-05,Delhi
14399,1179,2026-06-26,Mumbai
14400,604,2026-06-06,Bangalore
14401,1286,2026-06-24,Mumbai
14402,1353,2026-06-04,Pune
14403,595,2026-06-10,Ahmedabad
14404,1007,2026-06-21,Mumbai
14405,335,2026-06-12,Delhi
14406,582,2026-06-21,Delhi
14407,545,2026-06-14,Ahmedabad
14408,829,2026-06-28,Chennai
14409,57,2026-06-20,Pune
14410,1095,2026-06-17,Kolkata
14411,1110,2026-06-17,Hyderabad
14412,407,2026-06-08,Mumbai
14413,420,2026-06-04,Bangalore
14414,681,2026-06-21,Pune
14415,971,2026-06-10,Bangalore
14416,239,2026-06-28,Ahmedabad
14417,1197,2026-06-05,Bangalore
14418,657,2026-06-09,Mumbai
14419,967,2026-06-04,Mumbai
14420,957,2026-06-06,Delhi
14421,1032,2026-06-11,Delhi
14422,153,2026-06-13,Kolkata
14423,90,2026-06-16,Ahmedabad
14424,301,2026-06-24,Pune
14425,454,2026-06-22,Ahmedabad
14426,566,2026-06-13,Mumbai
14427,65,2026-06-18,Delhi
14428,1477,2026-06-27,Kolkata
14429,1381,2026-06-29,Mumbai
14430,634,2026-06-16,Mumbai
14431,1135,2026-06-06,Ahmedabad
14432,878,2026-06-10,Hyderabad
14433,208,2026-06-27,Mumbai
14434,1025,2026-06-19,Ahmedabad
14435,539,2026-06-15,Delhi
14436,391,2026-06-28,Delhi
14437,302,2026-06-28,Mumbai
14438,945,2026-06-19,Bangalore
14439,589,2026-06-07,Delhi
14440,1452,2026-06-21,Bangalore
14441,509,2026-06-08,Chennai
14442,1143,2026-06-18,Bangalore
14443,1033,2026-06-10,Chennai
14444,1586,2026-06-17,Delhi
14445,1419,2026-06-22,Mumbai
14446,1144,2026-06-07,Pune
14447,308,2026-06-27,Pune
14448,1507,2026-06-19,Hyderabad
14449,1366,2026-06-19,Chennai
14450,1176,2026-06-05,Hyderabad
14451,1014,2026-06-18,Kolkata
14452,1417,2026-06-02,Delhi
14453,1597,2026-06-14,Pune
14454,1294,2026-06-22,Mumbai
14455,1270,2026-06-01,Mumbai
14456,1507,2026-06-14,Hyderabad
14457,471,2026-06-06,Kolkata
14458,663,2026-06-16,Delhi
14459,1568,2026-06-15,Chennai
14460,1087,2026-06-25,Hyderabad
14461,1214,2026-06-01,Delhi
14462,726,2026-06-20,Bangalore
14463,669,2026-06-19,Delhi
14464,1329,2026-06-21,Mumbai
14465,577,2026-06-30,Delhi
14466,1579,2026-06-15,Bangalore
14467,926,2026-06-04,Mumbai
14468,1172,2026-06-27,Bangalore
14469,828,2026-06-25,Kolkata
14470,1365,2026-06-08,Bangalore
14471,442,2026-06-16,Bangalore
14472,327,2026-06-18,Hyderabad
14473,1495,2026-06-28,Kolkata
14474,413,2026-06-27,Delhi
14475,738,2026-06-02,Delhi
14476,330,2026-06-03,Delhi
14477,310,2026-06-11,Hyderabad
14478,1165,2026-06-01,Hyderabad
14479,961,2026-06-10,Ahmedabad
14480,421,2026-06-23,Bangalore
14481,691,2026-06-10,Hyderabad
14482,249,2026-06-10,Delhi
14483,780,2026-06-12,Delhi
14484,721,2026-06-18,Bangalore
14485,961,2026-06-17,Ahmedabad
14486,145,2026-06-07,Mumbai
14487,953,2026-06-20,Delhi
14488,1235,2026-06-07,Mumbai
14489,174,2026-06-28,Hyderabad
14490,229,2026-06-13,Bangalore
14491,374,2026-06-26,Mumbai
14492,1225,2026-06-06,Delhi
14493,702,2026-06-01,Delhi
14494,1072,2026-06-21,Delhi
14495,1509,2026-06-28,Delhi
14496,591,2026-06-23,Pune
14497,164,2026-06-01,Delhi
14498,785,2026-06-12,Pune
14499,1230,2026-06-11,Chennai
14500,1449,2026-06-11,Chennai
14501,1533,2026-06-12,Bangalore
14502,727,2026-06-30,Hyderabad
14503,1138,2026-06-15,Bangalore
14504,608,2026-06-20,Chennai
14505,1345,2026-06-24,Chennai
14506,22,2026-06-10,Mumbai
14507,693,2026-06-28,Bangalore
14508,200,2026-06-12,Delhi
14509,1242,2026-06-05,Mumbai
14510,961,2026-06-25,Ahmedabad
14511,779,2026-06-06,Kolkata
14512,553,2026-06-14,Mumbai
14513,599,2026-06-01,Pune
14514,584,2026-06-29,Mumbai
14515,1241,2026-06-07,Delhi
14516,1578,2026-06-09,Hyderabad
14517,1503,2026-06-17,Kolkata
14518,198,2026-06-23,Delhi
14519,970,2026-06-23,Hyderabad
14520,503,2026-06-11,Chennai
14521,1216,2026-06-15,Pune
14522,1403,2026-06-20,Chennai
14523,1067,2026-06-27,Mumbai
14524,465,2026-06-24,Kolkata
14525,662,2026-06-15,Delhi
14526,1038,2026-06-28,Delhi
14527,1564,2026-06-16,Mumbai
14528,1339,2026-06-01,Bangalore
14529,1483,2026-06-13,Hyderabad
14530,203,2026-06-06,Mumbai
14531,1280,2026-06-14,Hyderabad
14532,1010,2026-06-10,Mumbai
14533,121,2026-06-27,Bangalore
14534,1128,2026-06-20,Mumbai
14535,771,2026-06-15,Pune
14536,1293,2026-06-15,Bangalore
14537,1582,2026-06-24,Mumbai
14538,161,2026-06-16,Delhi
14539,1473,2026-06-05,Mumbai
14540,1500,2026-06-10,Chennai
14541,726,2026-06-18,Bangalore
14542,839,2026-06-07,Chennai
14543,1107,2026-06-21,Kolkata
14544,274,2026-06-26,Bangalore
14545,300,2026-06-08,Ahmedabad
14546,674,2026-06-13,Mumbai
14547,740,2026-06-20,Chennai
14548,914,2026-06-08,Bangalore
14549,1169,2026-06-17,Delhi
14550,1329,2026-06-05,Mumbai
14551,141,2026-06-05,Hyderabad
14552,1077,2026-06-08,Chennai
14553,613,2026-06-10,Chennai
14554,866,2026-06-18,Hyderabad
14555,1174,2026-06-26,Pune
14556,1524,2026-06-09,Ahmedabad
14557,359,2026-06-29,Delhi
14558,849,2026-06-28,Kolkata
14559,517,2026-06-23,Chennai
14560,676,2026-06-03,Bangalore
14561,863,2026-06-28,Mumbai
14562,357,2026-06-01,Ahmedabad
14563,1600,2026-06-02,Ahmedabad
14564,1042,2026-06-25,Chennai
14565,1525,2026-06-24,Mumbai
14566,488,2026-06-05,Kolkata
14567,73,2026-06-02,Delhi
14568,480,2026-06-22,Kolkata
14569,1555,2026-06-11,Mumbai
14570,1195,2026-06-29,Kolkata
14571,888,2026-06-05,Chennai
14572,289,2026-06-26,Mumbai
14573,1175,2026-06-12,Hyderabad
14574,905,2026-06-30,Hyderabad
14575,392,2026-06-05,Mumbai
14576,82,2026-06-16,Pune
14577,1345,2026-06-11,Chennai
14578,1588,2026-06-24,Delhi
14579,465,2026-06-04,Kolkata
14580,805,2026-06-27,Chennai
14581,91,2026-06-19,Delhi
14582,338,2026-06-23,Delhi
14583,1486,2026-06-02,Delhi
14584,1351,2026-06-15,Mumbai
14585,792,2026-06-02,Delhi
14586,423,2026-06-01,Bangalore
14587,418,2026-06-09,Pune
14588,1147,2026-06-25,Mumbai
14589,968,2026-06-09,Bangalore
14590,498,2026-06-06,Kolkata
14591,977,2026-06-03,Bangalore
14592,1125,2026-06-17,Hyderabad
14593,969,2026-06-05,Chennai
14594,709,2026-06-26,Mumbai
14595,598,2026-06-22,Mumbai
14596,372,2026-06-14,Mumbai
14597,537,2026-06-10,Hyderabad
14598,143,2026-06-10,Chennai
14599,1377,2026-06-12,Chennai
14600,216,2026-06-09,Delhi
14601,800,2026-06-30,Delhi
14602,104,2026-06-14,Pune
14603,1163,2026-06-19,Delhi
14604,200,2026-06-22,Delhi
14605,16,2026-06-27,Ahmedabad
14606,679,2026-06-18,Mumbai
14607,588,2026-06-26,Ahmedabad
14608,1541,2026-06-30,Hyderabad
14609,93,2026-06-27,Delhi
14610,1227,2026-06-22,Bangalore
14611,942,2026-06-01,Delhi
14612,805,2026-06-05,Chennai
14613,1126,2026-06-16,Ahmedabad
14614,673,2026-06-21,Mumbai
14615,601,2026-06-15,Mumbai
14616,951,2026-06-29,Hyderabad
14617,1193,2026-06-17,Kolkata
14618,499,2026-06-10,Delhi
14619,583,2026-06-23,Ahmedabad
14620,1358,2026-06-01,Mumbai
14621,1029,2026-06-21,Chennai
14622,802,2026-06-07,Delhi
14623,1167,2026-06-16,Ahmedabad
14624,1254,2026-06-06,Kolkata
14625,1218,2026-06-28,Mumbai
14626,114,2026-06-11,Bangalore
14627,101,2026-06-05,Delhi
14628,443,2026-06-25,Mumbai
14629,795,2026-06-30,Pune
14630,1278,2026-06-06,Hyderabad
14631,1234,2026-06-18,Hyderabad
14632,1454,2026-06-27,Hyderabad
14633,145,2026-06-10,Mumbai
14634,48,2026-06-11,Bangalore
14635,247,2026-06-09,Mumbai
14636,202,2026-06-16,Delhi
14637,1127,2026-06-13,Ahmedabad
14638,1316,2026-06-19,Pune
14639,964,2026-06-04,Ahmedabad
14640,171,2026-06-18,Chennai
14641,955,2026-06-26,Delhi
14642,51,2026-06-08,Bangalore
14643,940,2026-06-01,Ahmedabad
14644,360,2026-06-04,Ahmedabad
14645,975,2026-06-25,Mumbai
14646,860,2026-06-25,Mumbai
14647,704,2026-06-11,Mumbai
14648,617,2026-06-13,Mumbai
14649,1099,2026-06-16,Pune
14650,1110,2026-06-21,Hyderabad
14651,118,2026-06-17,Ahmedabad
14652,1495,2026-06-14,Kolkata
14653,518,2026-06-07,Pune
14654,551,2026-06-25,Ahmedabad
14655,997,2026-06-16,Delhi
14656,32,2026-06-06,Delhi
14657,467,2026-06-06,Delhi
14658,1006,2026-06-27,Pune
14659,1380,2026-06-23,Hyderabad
14660,854,2026-06-03,Bangalore
14661,1523,2026-06-09,Kolkata
14662,639,2026-06-29,Mumbai
14663,1225,2026-06-28,Delhi
14664,1430,2026-06-24,Bangalore
14665,235,2026-06-01,Pune
14666,1329,2026-06-09,Mumbai
14667,387,2026-06-13,Hyderabad
14668,373,2026-06-28,Delhi
14669,509,2026-06-21,Chennai
14670,233,2026-06-04,Bangalore
14671,492,2026-06-17,Hyderabad
14672,1509,2026-06-07,Delhi
14673,1063,2026-06-14,Pune
14674,956,2026-06-29,Kolkata
14675,954,2026-06-10,Mumbai
14676,945,2026-06-25,Bangalore
14677,1079,2026-06-18,Kolkata
14678,641,2026-06-09,Kolkata
14679,31,2026-06-17,Mumbai
14680,440,2026-06-26,Delhi
14681,1265,2026-06-04,Hyderabad
14682,695,2026-06-08,Mumbai
14683,348,2026-06-16,Delhi
14684,958,2026-06-03,Pune
14685,1211,2026-06-10,Hyderabad
14686,251,2026-06-25,Chennai
14687,518,2026-06-13,Pune
14688,934,2026-06-12,Mumbai
14689,1020,2026-06-11,Kolkata
14690,446,2026-06-19,Hyderabad
14691,56,2026-06-23,Mumbai
14692,606,2026-06-15,Bangalore
14693,598,2026-06-16,Mumbai
14694,12,2026-06-18,Delhi
14695,1370,2026-06-01,Chennai
14696,612,2026-06-17,Pune
14697,657,2026-06-04,Mumbai
14698,1468,2026-06-01,Delhi
14699,575,2026-06-03,Hyderabad
14700,1167,2026-06-30,Ahmedabad
14701,297,2026-06-03,Delhi
14702,581,2026-06-17,Delhi
14703,886,2026-06-04,Bangalore
14704,278,2026-06-16,Pune
14705,9,2026-06-11,Mumbai
14706,633,2026-06-13,Mumbai
14707,541,2026-06-01,Pune
14708,1389,2026-06-05,Hyderabad
14709,1375,2026-06-04,Delhi
14710,1312,2026-06-10,Delhi
14711,1212,2026-06-11,Bangalore
14712,1585,2026-06-02,Bangalore
14713,482,2026-06-11,Mumbai
14714,259,2026-06-10,Pune
14715,1199,2026-06-18,Delhi
14716,1205,2026-06-01,Hyderabad
14717,747,2026-06-25,Kolkata
14718,1085,2026-06-01,Delhi
14719,614,2026-06-21,Chennai
14720,830,2026-06-22,Delhi
14721,109,2026-06-19,Chennai
14722,905,2026-06-26,Hyderabad
14723,177,2026-06-28,Hyderabad
14724,616,2026-06-15,Delhi
14725,1452,2026-06-13,Bangalore
14726,23,2026-06-10,Pune
14727,515,2026-06-27,Ahmedabad
14728,410,2026-06-26,Bangalore
14729,393,2026-06-26,Bangalore
14730,731,2026-06-21,Mumbai
14731,1126,2026-06-22,Ahmedabad
14732,439,2026-06-19,Hyderabad
14733,1465,2026-06-08,Bangalore
14734,579,2026-06-30,Mumbai
14735,62,2026-06-21,Chennai
14736,834,2026-06-26,Pune
14737,222,2026-06-08,Chennai
14738,145,2026-06-12,Mumbai
14739,1095,2026-06-16,Kolkata
14740,1160,2026-06-28,Delhi
14741,740,2026-06-10,Chennai
14742,1561,2026-06-16,Delhi
14743,1055,2026-06-30,Delhi
14744,1018,2026-06-05,Bangalore
14745,282,2026-06-03,Chennai
14746,1576,2026-06-25,Delhi
14747,1066,2026-06-16,Delhi
14748,474,2026-06-11,Bangalore
14749,1418,2026-06-13,Delhi
14750,1152,2026-06-18,Chennai
14751,491,2026-06-04,Kolkata
14752,997,2026-06-19,Delhi
14753,922,2026-06-19,Delhi
14754,826,2026-06-20,Hyderabad
14755,821,2026-06-26,Hyderabad
14756,610,2026-06-07,Chennai
14757,1378,2026-06-21,Bangalore
14758,296,2026-06-24,Mumbai
14759,1434,2026-06-06,Delhi
14760,949,2026-06-13,Ahmedabad
14761,375,2026-06-20,Bangalore
14762,1550,2026-06-26,Pune
14763,1233,2026-06-21,Bangalore
14764,734,2026-06-11,Bangalore
14765,487,2026-06-18,Chennai
14766,1544,2026-06-10,Delhi
14767,1234,2026-06-30,Hyderabad
14768,870,2026-06-04,Pune
14769,990,2026-06-26,Delhi
14770,331,2026-06-13,Pune
14771,815,2026-06-10,Pune
14772,1296,2026-06-30,Pune
14773,393,2026-06-01,Bangalore
14774,403,2026-06-05,Mumbai
14775,690,2026-06-22,Kolkata
14776,2,2026-06-08,Pune
14777,471,2026-06-05,Kolkata
14778,434,2026-06-30,Kolkata
14779,1050,2026-06-24,Mumbai
14780,273,2026-06-29,Kolkata
14781,664,2026-06-09,Delhi
14782,1414,2026-06-14,Chennai
14783,906,2026-06-25,Pune
14784,1542,2026-06-04,Hyderabad
14785,714,2026-06-09,Chennai
14786,693,2026-06-09,Bangalore
14787,1541,2026-06-20,Hyderabad
14788,779,2026-06-18,Kolkata
14789,363,2026-06-16,Delhi
14790,308,2026-06-15,Pune
14791,594,2026-06-10,Mumbai
14792,1484,2026-06-12,Bangalore
14793,1598,2026-06-17,Pune
14794,1318,2026-06-25,Delhi
14795,470,2026-06-15,Hyderabad
14796,770,2026-06-08,Mumbai
14797,472,2026-06-19,Mumbai
14798,717,2026-06-27,Delhi
14799,1381,2026-06-28,Mumbai
14800,836,2026-06-06,Hyderabad
14801,340,2026-06-02,Chennai
14802,583,2026-06-29,Ahmedabad
14803,1405,2026-06-24,Hyderabad
14804,456,2026-06-04,Bangalore
14805,197,2026-06-08,Mumbai
14806,627,2026-06-10,Bangalore
14807,1220,2026-06-23,Ahmedabad
14808,756,2026-06-30,Chennai
14809,859,2026-06-12,Hyderabad
14810,940,2026-06-12,Ahmedabad
14811,1316,2026-06-14,Pune
14812,337,2026-06-23,Mumbai
14813,752,2026-06-04,Mumbai
14814,835,2026-06-21,Mumbai
14815,117,2026-06-17,Mumbai
14816,392,2026-06-05,Mumbai
14817,482,2026-06-10,Mumbai
14818,1330,2026-06-01,Ahmedabad
14819,1248,2026-06-29,Bangalore
14820,1094,2026-06-14,Chennai
14821,110,2026-06-30,Mumbai
14822,620,2026-06-16,Bangalore
14823,230,2026-06-27,Chennai
14824,212,2026-06-11,Chennai
14825,287,2026-06-25,Mumbai
14826,819,2026-06-20,Delhi
14827,1554,2026-06-26,Bangalore
14828,21,2026-06-29,Mumbai
14829,997,2026-06-29,Delhi
14830,282,2026-06-25,Chennai
14831,74,2026-06-04,Hyderabad
14832,393,2026-06-10,Bangalore
14833,1368,2026-06-13,Mumbai
14834,151,2026-06-11,Bangalore
14835,890,2026-06-17,Chennai
14836,247,2026-06-19,Mumbai
14837,927,2026-06-26,Hyderabad
14838,1188,2026-06-17,Kolkata
14839,1334,2026-06-03,Chennai
14840,1203,2026-06-29,Kolkata
14841,867,2026-06-21,Delhi
14842,981,2026-06-04,Bangalore
14843,1038,2026-06-26,Delhi
14844,808,2026-06-15,Kolkata
14845,784,2026-06-29,Ahmedabad
14846,211,2026-06-16,Bangalore
14847,7,2026-06-03,Delhi
14848,567,2026-06-11,Delhi
14849,554,2026-06-24,Mumbai
14850,629,2026-06-11,Bangalore
14851,1433,2026-06-12,Pune
14852,166,2026-06-16,Kolkata
14853,1301,2026-06-13,Hyderabad
14854,1321,2026-06-02,Ahmedabad
14855,72,2026-06-03,Hyderabad
14856,1376,2026-06-11,Hyderabad
14857,1278,2026-06-22,Hyderabad
14858,386,2026-06-17,Hyderabad
14859,35,2026-06-01,Chennai
14860,25,2026-06-01,Hyderabad
14861,520,2026-06-15,Mumbai
14862,1001,2026-06-27,Delhi
14863,86,2026-06-02,Kolkata
14864,325,2026-06-02,Mumbai
14865,464,2026-06-08,Ahmedabad
14866,160,2026-06-02,Ahmedabad
14867,980,2026-06-04,Mumbai
14868,1109,2026-06-14,Kolkata
14869,812,2026-06-26,Pune
14870,457,2026-06-28,Bangalore
14871,676,2026-06-09,Bangalore
14872,1421,2026-06-15,Hyderabad
14873,309,2026-06-21,Ahmedabad
14874,1006,2026-06-24,Pune
14875,68,2026-06-06,Ahmedabad
14876,296,2026-06-28,Mumbai
14877,1085,2026-06-18,Delhi
14878,1380,2026-06-02,Hyderabad
14879,178,2026-06-06,Bangalore
14880,308,2026-06-08,Pune
14881,1321,2026-06-22,Ahmedabad
14882,1360,2026-06-18,Bangalore
14883,828,2026-06-02,Kolkata
14884,1519,2026-06-22,Pune
14885,1198,2026-06-13,Chennai
14886,1077,2026-06-23,Chennai
14887,1584,2026-06-23,Delhi
14888,436,2026-06-02,Bangalore
14889,166,2026-06-25,Kolkata
14890,456,2026-06-04,Bangalore
14891,1225,2026-06-20,Delhi
14892,910,2026-06-30,Bangalore
14893,978,2026-06-15,Delhi
14894,919,2026-06-23,Pune
14895,1289,2026-06-15,Bangalore
14896,1182,2026-06-14,Mumbai
14897,117,2026-06-23,Mumbai
14898,943,2026-06-21,Chennai
14899,1429,2026-06-23,Kolkata
14900,1018,2026-06-22,Bangalore
14901,1208,2026-06-03,Hyderabad
14902,604,2026-06-18,Bangalore
14903,566,2026-06-29,Mumbai
14904,878,2026-06-26,Hyderabad
14905,840,2026-06-06,Mumbai
14906,662,2026-06-01,Delhi
14907,1434,2026-06-29,Delhi
14908,69,2026-06-10,Bangalore
14909,1150,2026-06-11,Mumbai
14910,186,2026-06-09,Kolkata
14911,1353,2026-06-19,Pune
14912,1100,2026-06-23,Delhi
14913,487,2026-06-30,Chennai
14914,1466,2026-06-12,Pune
14915,694,2026-06-10,Bangalore
14916,1092,2026-06-13,Bangalore
14917,544,2026-06-20,Kolkata
14918,1570,2026-06-27,Mumbai
14919,819,2026-06-28,Delhi
14920,1423,2026-06-25,Pune
14921,533,2026-06-02,Chennai
14922,712,2026-06-04,Bangalore
14923,1469,2026-06-27,Mumbai
14924,1572,2026-06-07,Delhi
14925,970,2026-06-12,Hyderabad
14926,1253,2026-06-09,Hyderabad
14927,293,2026-06-23,Delhi
14928,923,2026-06-25,Kolkata
14929,400,2026-06-15,Bangalore
14930,1072,2026-06-21,Delhi
14931,316,2026-06-08,Pune
14932,22,2026-06-06,Mumbai
14933,1352,2026-06-08,Delhi
14934,900,2026-06-09,Mumbai
14935,1190,2026-06-25,Delhi
14936,886,2026-06-10,Bangalore
14937,751,2026-06-08,Chennai
14938,2,2026-06-24,Pune
14939,571,2026-06-18,Chennai
14940,533,2026-06-04,Chennai
14941,89,2026-06-16,Chennai
14942,127,2026-06-21,Mumbai
14943,547,2026-06-24,Pune
14944,699,2026-06-17,Bangalore
14945,829,2026-06-09,Chennai
14946,139,2026-06-21,Mumbai
14947,153,2026-06-02,Kolkata
14948,1335,2026-06-19,Chennai
14949,540,2026-06-24,Mumbai
14950,136,2026-06-04,Chennai
14951,737,2026-06-30,Bangalore
14952,980,2026-06-17,Mumbai
14953,498,2026-06-17,Kolkata
14954,222,2026-06-11,Chennai
14955,322,2026-06-15,Mumbai
14956,1157,2026-06-21,Delhi
14957,513,2026-06-14,Hyderabad
14958,370,2026-06-28,Hyderabad
14959,1191,2026-06-25,Ahmedabad
14960,1201,2026-06-23,Mumbai
14961,452,2026-06-20,Bangalore
14962,884,2026-06-18,Ahmedabad
14963,99,2026-06-04,Mumbai
14964,1488,2026-06-17,Bangalore
14965,247,2026-06-30,Mumbai
14966,999,2026-06-19,Hyderabad
14967,1388,2026-06-28,Delhi
14968,1212,2026-06-18,Bangalore
14969,230,2026-06-19,Chennai
14970,1459,2026-06-22,Bangalore
14971,151,2026-06-13,Bangalore
14972,805,2026-06-02,Chennai
14973,320,2026-06-15,Chennai
14974,345,2026-06-18,Chennai
14975,498,2026-06-06,Kolkata
14976,1467,2026-06-25,Delhi
14977,261,2026-06-20,Delhi
14978,867,2026-06-04,Delhi
14979,1016,2026-06-26,Delhi
14980,1123,2026-06-23,Mumbai
14981,1063,2026-06-23,Pune
14982,97,2026-06-21,Mumbai
14983,672,2026-06-12,Delhi
14984,1034,2026-06-10,Kolkata
14985,901,2026-06-08,Bangalore
14986,661,2026-06-07,Pune
14987,918,2026-06-03,Bangalore
14988,1412,2026-06-16,Chennai
14989,1502,2026-06-03,Hyderabad
14990,1543,2026-06-05,Chennai
14991,1392,2026-06-11,Mumbai
14992,574,2026-06-05,Mumbai
14993,317,2026-06-23,Pune
14994,679,2026-06-07,Mumbai
14995,715,2026-06-16,Chennai
14996,1145,2026-06-12,Bangalore
14997,247,2026-06-14,Mumbai
14998,507,2026-06-23,Bangalore
14999,375,2026-06-12,Bangalore
15000,749,2026-06-20,Mumbai
15001,1085,2026-06-29,Delhi
15002,497,2026-06-20,Bangalore
15003,293,2026-06-28,Delhi
15004,265,2026-06-10,Mumbai
15005,1412,2026-06-26,Chennai
15006,175,2026-06-02,Mumbai
15007,169,2026-06-22,Pune
15008,1532,2026-06-29,Ahmedabad
15009,789,2026-06-14,Chennai
15010,778,2026-06-10,Delhi
15011,516,2026-06-02,Chennai
15012,1325,2026-06-18,Delhi
15013,1196,2026-06-07,Delhi
15014,1118,2026-06-08,Mumbai
15015,1389,2026-06-20,Hyderabad
15016,447,2026-06-25,Bangalore
15017,897,2026-06-12,Hyderabad
15018,1032,2026-06-26,Delhi
15019,1600,2026-06-25,Ahmedabad
15020,456,2026-06-22,Bangalore
15021,644,2026-06-28,Hyderabad
15022,682,2026-06-11,Delhi
15023,1526,2026-06-05,Bangalore
15024,1188,2026-06-20,Kolkata
15025,45,2026-06-10,Kolkata
15026,325,2026-06-13,Mumbai
15027,1080,2026-06-02,Bangalore
15028,1150,2026-06-06,Mumbai
15029,656,2026-06-28,Kolkata
15030,1445,2026-06-04,Pune
15031,762,2026-06-20,Mumbai
15032,1561,2026-06-24,Delhi
15033,381,2026-06-10,Hyderabad
15034,470,2026-06-01,Hyderabad
15035,1443,2026-06-09,Ahmedabad
15036,443,2026-06-17,Mumbai
15037,507,2026-06-04,Bangalore
15038,1478,2026-06-25,Mumbai
15039,677,2026-06-10,Mumbai
15040,690,2026-06-18,Kolkata
15041,1555,2026-06-27,Mumbai
15042,1012,2026-06-02,Bangalore
15043,33,2026-06-13,Chennai
15044,1283,2026-06-10,Chennai
15045,584,2026-06-29,Mumbai
15046,1287,2026-06-07,Delhi
15047,783,2026-06-18,Bangalore
15048,577,2026-06-15,Delhi
15049,386,2026-06-28,Hyderabad
15050,15,2026-06-07,Delhi
15051,1315,2026-06-06,Bangalore
15052,1353,2026-06-04,Pune
15053,264,2026-06-22,Kolkata
15054,376,2026-06-21,Hyderabad
15055,1185,2026-06-10,Mumbai
15056,847,2026-06-25,Pune
15057,1290,2026-06-19,Mumbai
15058,580,2026-06-28,Hyderabad
15059,144,2026-06-28,Delhi
15060,705,2026-06-10,Mumbai
15061,1524,2026-06-14,Ahmedabad
15062,565,2026-06-24,Chennai
15063,102,2026-06-29,Chennai
15064,1046,2026-06-04,Delhi
15065,412,2026-06-21,Pune
15066,814,2026-06-26,Delhi
15067,231,2026-06-11,Bangalore
15068,449,2026-06-09,Bangalore
15069,1485,2026-06-04,Chennai
15070,785,2026-06-28,Pune
15071,1203,2026-06-06,Kolkata
15072,1249,2026-06-23,Hyderabad
15073,1463,2026-06-29,Chennai
15074,717,2026-06-14,Delhi
15075,299,2026-06-14,Mumbai
15076,665,2026-06-15,Pune
15077,397,2026-06-24,Mumbai
15078,789,2026-06-24,Chennai
15079,308,2026-06-30,Pune
15080,629,2026-06-19,Bangalore
15081,530,2026-06-29,Delhi
15082,63,2026-06-05,Chennai
15083,605,2026-06-27,Bangalore
15084,1132,2026-06-07,Ahmedabad
15085,906,2026-06-24,Pune
15086,1527,2026-06-03,Chennai
15087,1571,2026-06-07,Delhi
15088,1091,2026-06-01,Bangalore
15089,186,2026-06-30,Kolkata
15090,69,2026-06-08,Bangalore
15091,972,2026-06-20,Chennai
15092,1380,2026-06-15,Hyderabad
15093,972,2026-06-14,Chennai
15094,126,2026-06-26,Chennai
15095,796,2026-06-05,Ahmedabad
15096,652,2026-06-19,Hyderabad
15097,1186,2026-06-01,Chennai
15098,1045,2026-06-09,Chennai
15099,609,2026-06-11,Bangalore
15100,681,2026-06-12,Pune
15101,1159,2026-06-27,Pune
15102,280,2026-06-16,Bangalore
15103,82,2026-06-10,Pune
15104,481,2026-06-04,Mumbai
15105,603,2026-06-28,Bangalore
15106,1548,2026-06-14,Bangalore
15107,210,2026-06-18,Chennai
15108,1493,2026-06-05,Mumbai
15109,622,2026-06-01,Bangalore
15110,1285,2026-06-27,Chennai
15111,1011,2026-06-21,Delhi
15112,93,2026-06-30,Delhi
15113,726,2026-06-18,Bangalore
15114,982,2026-06-13,Hyderabad
15115,1037,2026-06-02,Ahmedabad
15116,359,2026-06-21,Delhi
15117,350,2026-06-02,Chennai
15118,887,2026-06-13,Mumbai
15119,647,2026-06-07,Delhi
15120,903,2026-06-30,Delhi
15121,1072,2026-06-19,Delhi
15122,1289,2026-06-09,Bangalore
15123,524,2026-06-05,Bangalore
15124,1397,2026-06-08,Delhi
15125,1435,2026-06-19,Chennai
15126,618,2026-06-15,Hyderabad
15127,737,2026-06-23,Bangalore
15128,1334,2026-06-22,Chennai
15129,1543,2026-06-21,Chennai
15130,885,2026-06-10,Pune
15131,1331,2026-06-16,Bangalore
15132,41,2026-06-26,Delhi
15133,497,2026-06-26,Bangalore
15134,1209,2026-06-19,Delhi
15135,1361,2026-06-21,Mumbai
15136,85,2026-06-30,Mumbai
15137,1393,2026-06-21,Chennai
15138,134,2026-06-09,Mumbai
15139,1240,2026-06-20,Delhi
15140,727,2026-06-07,Hyderabad
15141,1369,2026-06-12,Mumbai
15142,48,2026-06-10,Bangalore
15143,287,2026-06-04,Mumbai
15144,1435,2026-06-15,Chennai
15145,93,2026-06-28,Delhi
15146,345,2026-06-08,Chennai
15147,231,2026-06-19,Bangalore
15148,178,2026-06-14,Bangalore
15149,921,2026-06-17,Mumbai
15150,533,2026-06-12,Chennai
15151,1396,2026-06-16,Delhi
15152,209,2026-06-06,Mumbai
15153,453,2026-06-13,Bangalore
15154,1245,2026-06-18,Delhi
15155,97,2026-06-12,Mumbai
15156,619,2026-06-03,Hyderabad
15157,1195,2026-06-06,Kolkata
15158,1067,2026-06-26,Mumbai
15159,194,2026-06-20,Mumbai
15160,1022,2026-06-20,Pune
15161,683,2026-06-28,Bangalore
15162,1221,2026-06-08,Bangalore
15163,1345,2026-06-14,Chennai
15164,74,2026-06-28,Hyderabad
15165,1584,2026-06-26,Delhi
15166,799,2026-06-23,Ahmedabad
15167,47,2026-06-03,Bangalore
15168,369,2026-06-10,Mumbai
15169,71,2026-06-24,Pune
15170,567,2026-06-26,Delhi
15171,687,2026-06-28,Pune
15172,7,2026-06-11,Delhi
15173,1118,2026-06-13,Mumbai
15174,1132,2026-06-02,Ahmedabad
15175,991,2026-06-30,Delhi
15176,650,2026-06-11,Pune
15177,70,2026-06-12,Kolkata
15178,1409,2026-06-14,Ahmedabad
15179,1051,2026-06-18,Ahmedabad
15180,199,2026-06-08,Ahmedabad
15181,644,2026-06-05,Hyderabad
15182,722,2026-06-06,Bangalore
15183,355,2026-06-29,Delhi
15184,956,2026-06-30,Kolkata
15185,1081,2026-06-11,Bangalore
15186,418,2026-06-25,Pune
15187,1295,2026-06-15,Mumbai
15188,34,2026-06-26,Chennai
15189,28,2026-06-17,Kolkata
15190,1391,2026-06-29,Pune
15191,884,2026-06-19,Ahmedabad
15192,949,2026-06-22,Ahmedabad
15193,997,2026-06-03,Delhi
15194,1021,2026-06-03,Hyderabad
15195,1346,2026-06-09,Mumbai
15196,501,2026-06-05,Bangalore
15197,1413,2026-06-01,Chennai
15198,258,2026-06-19,Pune
15199,192,2026-06-27,Bangalore
15200,30,2026-06-02,Chennai
15201,1108,2026-06-16,Mumbai
15202,434,2026-06-04,Kolkata
15203,709,2026-06-23,Mumbai
15204,250,2026-06-20,Bangalore
15205,508,2026-06-16,Mumbai
15206,1322,2026-06-03,Delhi
15207,351,2026-06-06,Bangalore
15208,470,2026-06-08,Hyderabad
15209,129,2026-06-04,Hyderabad
15210,339,2026-06-27,Delhi
15211,231,2026-06-22,Bangalore
15212,862,2026-06-27,Bangalore
15213,1117,2026-06-10,Bangalore
15214,44,2026-06-25,Kolkata
15215,9,2026-06-11,Mumbai
15216,1413,2026-06-19,Chennai
15217,132,2026-06-03,Bangalore
15218,1490,2026-06-07,Pune
15219,983,2026-06-17,Pune
15220,413,2026-06-10,Delhi
15221,501,2026-06-17,Bangalore
15222,310,2026-06-04,Hyderabad
15223,515,2026-06-26,Ahmedabad
15224,654,2026-06-23,Mumbai
15225,499,2026-06-25,Delhi
15226,1130,2026-06-17,Pune
15227,801,2026-06-03,Ahmedabad
15228,1357,2026-06-05,Hyderabad
15229,1007,2026-06-16,Mumbai
15230,1378,2026-06-10,Bangalore
15231,316,2026-06-09,Pune
15232,775,2026-06-10,Chennai
15233,90,2026-06-17,Ahmedabad
15234,873,2026-06-21,Chennai
15235,1400,2026-06-20,Hyderabad
15236,1058,2026-06-12,Hyderabad
15237,1571,2026-06-30,Delhi
15238,992,2026-06-06,Ahmedabad
15239,592,2026-06-29,Delhi
15240,1262,2026-06-09,Hyderabad
15241,448,2026-06-28,Ahmedabad
15242,1216,2026-06-07,Pune
15243,1041,2026-06-16,Delhi
15244,1595,2026-06-16,Delhi
15245,1500,2026-06-15,Chennai
15246,1301,2026-06-26,Hyderabad
15247,666,2026-06-28,Hyderabad
15248,1378,2026-06-19,Bangalore
15249,1165,2026-06-16,Hyderabad
15250,395,2026-06-06,Delhi
15251,357,2026-06-19,Ahmedabad
15252,698,2026-06-17,Delhi
15253,805,2026-06-20,Chennai
15254,796,2026-06-17,Ahmedabad
15255,1054,2026-06-01,Pune
15256,1322,2026-06-01,Delhi
15257,1425,2026-06-06,Pune
15258,497,2026-06-15,Bangalore
15259,593,2026-06-08,Pune
15260,1275,2026-06-19,Mumbai
15261,1313,2026-06-14,Delhi
15262,758,2026-06-02,Bangalore
15263,347,2026-06-24,Pune
15264,766,2026-06-30,Pune
15265,1148,2026-06-04,Bangalore
15266,1209,2026-06-23,Delhi
15267,863,2026-06-03,Mumbai
15268,167,2026-06-01,Bangalore
15269,1258,2026-06-19,Kolkata
15270,1389,2026-06-18,Hyderabad
15271,490,2026-06-24,Hyderabad
15272,1542,2026-06-30,Hyderabad
15273,1180,2026-06-05,Pune
15274,1519,2026-06-05,Pune
15275,58,2026-06-07,Hyderabad
15276,615,2026-06-02,Mumbai
15277,1197,2026-06-27,Bangalore
15278,1349,2026-06-18,Ahmedabad
15279,959,2026-06-27,Chennai
15280,761,2026-06-27,Delhi
15281,9,2026-06-09,Mumbai
15282,527,2026-06-24,Pune
15283,1276,2026-06-05,Pune
15284,121,2026-06-18,Bangalore
15285,1390,2026-06-04,Mumbai
15286,758,2026-06-04,Bangalore
15287,1049,2026-06-07,Mumbai
15288,1160,2026-06-29,Delhi
15289,219,2026-06-05,Bangalore
15290,249,2026-06-09,Delhi
15291,1530,2026-06-30,Mumbai
15292,507,2026-06-20,Bangalore
15293,1010,2026-06-01,Mumbai
15294,854,2026-06-16,Bangalore
15295,253,2026-06-27,Hyderabad
15296,109,2026-06-15,Chennai
15297,909,2026-06-27,Ahmedabad
15298,487,2026-06-18,Chennai
15299,887,2026-06-29,Mumbai
15300,301,2026-06-01,Pune
15301,317,2026-06-22,Pune
15302,254,2026-06-12,Bangalore
15303,1010,2026-06-07,Mumbai
15304,280,2026-06-30,Bangalore
15305,1332,2026-06-03,Pune
15306,612,2026-06-27,Pune
15307,248,2026-06-05,Bangalore
15308,21,2026-06-19,Mumbai
15309,999,2026-06-26,Hyderabad
15310,658,2026-06-24,Hyderabad
15311,375,2026-06-28,Bangalore
15312,1529,2026-06-20,Mumbai
15313,768,2026-06-14,Kolkata
15314,1500,2026-06-29,Chennai
15315,855,2026-06-10,Delhi
15316,1478,2026-06-26,Mumbai
15317,827,2026-06-27,Hyderabad
15318,741,2026-06-21,Pune
15319,67,2026-06-26,Mumbai
15320,1357,2026-06-17,Hyderabad
15321,1339,2026-06-27,Bangalore
15322,1252,2026-06-16,Chennai
15323,1285,2026-06-27,Chennai
15324,598,2026-06-19,Mumbai
15325,1274,2026-06-14,Ahmedabad
15326,298,2026-06-03,Pune
15327,1577,2026-06-30,Delhi
15328,1079,2026-06-17,Kolkata
15329,352,2026-06-02,Delhi
15330,1563,2026-06-02,Bangalore
15331,706,2026-06-15,Delhi
15332,468,2026-06-09,Delhi
15333,256,2026-06-07,Pune
15334,439,2026-06-30,Hyderabad
15335,358,2026-06-27,Mumbai
15336,1528,2026-06-16,Ahmedabad
15337,290,2026-06-16,Delhi
15338,422,2026-06-01,Mumbai
15339,1283,2026-06-09,Chennai
15340,1262,2026-06-19,Hyderabad
15341,440,2026-06-15,Delhi
15342,1154,2026-06-26,Bangalore
15343,608,2026-06-16,Chennai
15344,342,2026-06-01,Ahmedabad
15345,682,2026-06-27,Delhi
15346,483,2026-06-20,Bangalore
15347,455,2026-06-28,Bangalore
15348,1159,2026-06-15,Pune
15349,1529,2026-06-24,Mumbai
15350,524,2026-06-26,Bangalore
15351,1123,2026-06-11,Mumbai
15352,956,2026-06-19,Kolkata
15353,35,2026-06-08,Chennai
15354,512,2026-06-18,Kolkata
15355,163,2026-06-04,Delhi
15356,1505,2026-06-03,Mumbai
15357,1229,2026-06-18,Ahmedabad
15358,308,2026-06-27,Pune
15359,1392,2026-06-17,Mumbai
15360,998,2026-06-15,Mumbai
15361,115,2026-06-07,Bangalore
15362,87,2026-06-03,Ahmedabad
15363,729,2026-06-18,Chennai
15364,464,2026-06-04,Ahmedabad
15365,121,2026-06-21,Bangalore
15366,402,2026-06-24,Kolkata
15367,735,2026-06-10,Mumbai
15368,368,2026-06-23,Chennai
15369,887,2026-06-29,Mumbai
15370,1548,2026-06-28,Bangalore
15371,134,2026-06-16,Mumbai
15372,543,2026-06-11,Pune
15373,203,2026-06-19,Mumbai
15374,507,2026-06-12,Bangalore
15375,939,2026-06-13,Hyderabad
15376,1233,2026-06-26,Bangalore
15377,157,2026-06-10,Bangalore
15378,753,2026-06-06,Delhi
15379,746,2026-06-07,Ahmedabad
15380,105,2026-06-13,Mumbai
15381,1591,2026-06-23,Pune
15382,32,2026-06-04,Delhi
15383,156,2026-06-18,Hyderabad
15384,1267,2026-06-20,Delhi
15385,555,2026-06-19,Chennai
15386,788,2026-06-08,Hyderabad
15387,174,2026-06-23,Hyderabad
15388,448,2026-06-08,Ahmedabad
15389,1369,2026-06-13,Mumbai
15390,550,2026-06-28,Kolkata
15391,93,2026-06-26,Delhi
15392,1001,2026-06-04,Delhi
15393,256,2026-06-03,Pune
15394,817,2026-06-27,Hyderabad
15395,1417,2026-06-11,Delhi
15396,585,2026-06-02,Chennai
15397,246,2026-06-09,Pune
15398,1581,2026-06-04,Ahmedabad
15399,125,2026-06-21,Delhi
15400,1229,2026-06-17,Ahmedabad
15401,268,2026-06-17,Bangalore
15402,171,2026-06-19,Chennai
15403,514,2026-06-02,Bangalore
15404,233,2026-06-30,Bangalore
15405,702,2026-06-10,Delhi
15406,836,2026-06-26,Hyderabad
15407,11,2026-06-09,Delhi
15408,569,2026-06-28,Kolkata
15409,475,2026-06-11,Pune
15410,363,2026-06-26,Delhi
15411,832,2026-06-25,Delhi
15412,1434,2026-06-02,Delhi
15413,860,2026-06-28,Mumbai
15414,1,2026-06-29,Chennai
15415,1160,2026-06-14,Delhi
15416,300,2026-06-19,Ahmedabad
15417,373,2026-06-24,Delhi
15418,582,2026-06-29,Delhi
15419,61,2026-06-25,Kolkata
15420,630,2026-06-11,Delhi
15421,898,2026-06-22,Kolkata
15422,1120,2026-06-11,Chennai
15423,847,2026-06-04,Pune
15424,769,2026-06-04,Mumbai
15425,437,2026-06-03,Mumbai
15426,1313,2026-06-22,Delhi
15427,731,2026-06-07,Mumbai
15428,572,2026-06-03,Bangalore
15429,16,2026-06-19,Ahmedabad
15430,745,2026-06-14,Chennai
15431,328,2026-06-14,Pune
15432,2,2026-06-24,Pune
15433,560,2026-06-10,Kolkata
15434,273,2026-06-21,Kolkata
15435,1512,2026-06-08,Hyderabad
15436,396,2026-06-22,Chennai
15437,1581,2026-06-08,Ahmedabad
15438,1186,2026-06-15,Chennai
15439,575,2026-06-22,Hyderabad
15440,51,2026-06-13,Bangalore
15441,456,2026-06-17,Bangalore
15442,1225,2026-06-26,Delhi
15443,368,2026-06-10,Chennai
15444,507,2026-06-16,Bangalore
15445,499,2026-06-14,Delhi
15446,1515,2026-06-15,Kolkata
15447,1167,2026-06-29,Ahmedabad
15448,402,2026-06-23,Kolkata
15449,927,2026-06-14,Hyderabad
15450,344,2026-06-12,Bangalore
15451,607,2026-06-14,Ahmedabad
15452,441,2026-06-12,Mumbai
15453,705,2026-06-28,Mumbai
15454,928,2026-06-14,Bangalore
15455,1315,2026-06-17,Bangalore
15456,421,2026-06-24,Bangalore
15457,500,2026-06-25,Delhi
15458,1210,2026-06-03,Delhi
15459,404,2026-06-06,Pune
15460,797,2026-06-15,Mumbai
15461,810,2026-06-23,Hyderabad
15462,1209,2026-06-02,Delhi
15463,1003,2026-06-21,Hyderabad
15464,622,2026-06-02,Bangalore
15465,747,2026-06-19,Kolkata
15466,365,2026-06-03,Mumbai
15467,894,2026-06-30,Ahmedabad
15468,1139,2026-06-22,Chennai
15469,792,2026-06-03,Delhi
15470,417,2026-06-30,Ahmedabad
15471,729,2026-06-27,Chennai
15472,1093,2026-06-28,Kolkata
15473,529,2026-06-02,Hyderabad
15474,1188,2026-06-13,Kolkata
15475,1439,2026-06-02,Hyderabad
15476,68,2026-06-28,Ahmedabad
15477,52,2026-06-16,Bangalore
15478,787,2026-06-29,Chennai
15479,317,2026-06-15,Pune
15480,788,2026-06-14,Hyderabad
15481,1169,2026-06-09,Delhi
15482,1454,2026-06-26,Hyderabad
15483,662,2026-06-29,Delhi
15484,1567,2026-06-29,Kolkata
15485,617,2026-06-22,Mumbai
15486,968,2026-06-16,Bangalore
15487,1277,2026-06-06,Bangalore
15488,973,2026-06-20,Delhi
15489,962,2026-06-01,Bangalore
15490,476,2026-06-06,Ahmedabad
15491,1490,2026-06-08,Pune
15492,1075,2026-06-15,Mumbai
15493,915,2026-06-29,Delhi
15494,147,2026-06-19,Kolkata
15495,177,2026-06-14,Hyderabad
15496,1057,2026-06-20,Chennai
15497,223,2026-06-17,Chennai
15498,1017,2026-06-17,Ahmedabad
15499,1491,2026-06-25,Chennai
15500,166,2026-06-21,Kolkata
15501,26,2026-06-06,Mumbai
15502,1189,2026-06-09,Delhi
15503,791,2026-06-08,Mumbai
15504,1018,2026-06-03,Bangalore
15505,558,2026-06-20,Mumbai
15506,935,2026-06-16,Pune
15507,592,2026-06-09,Delhi
15508,721,2026-06-05,Bangalore
15509,1166,2026-06-18,Hyderabad
15510,1012,2026-06-03,Bangalore
15511,388,2026-06-12,Ahmedabad
15512,988,2026-06-12,Bangalore
15513,305,2026-06-02,Bangalore
15514,1110,2026-06-12,Hyderabad
15515,1467,2026-06-06,Delhi
15516,385,2026-06-02,Ahmedabad
15517,1114,2026-06-20,Bangalore
15518,489,2026-06-16,Bangalore
15519,1527,2026-06-03,Chennai
15520,1507,2026-06-18,Hyderabad
15521,823,2026-06-07,Chennai
15522,955,2026-06-11,Delhi
15523,430,2026-06-22,Pune
15524,546,2026-06-18,Pune
15525,3,2026-06-15,Delhi
15526,1300,2026-06-27,Kolkata
15527,844,2026-06-19,Ahmedabad
15528,456,2026-06-23,Bangalore
15529,229,2026-06-08,Bangalore
15530,1388,2026-06-17,Delhi
15531,659,2026-06-07,Mumbai
15532,1364,2026-06-18,Bangalore
15533,98,2026-06-27,Kolkata
15534,788,2026-06-17,Hyderabad
15535,631,2026-06-23,Chennai
15536,407,2026-06-21,Mumbai
15537,165,2026-06-06,Delhi
15538,640,2026-06-16,Kolkata
15539,1579,2026-06-22,Bangalore
15540,260,2026-06-23,Bangalore
15541,181,2026-06-12,Chennai
15542,380,2026-06-26,Hyderabad
15543,747,2026-06-15,Kolkata
15544,162,2026-06-18,Pune
15545,1472,2026-06-04,Mumbai
15546,1430,2026-06-14,Bangalore
15547,1045,2026-06-16,Chennai
15548,18,2026-06-25,Mumbai
15549,1363,2026-06-20,Bangalore
15550,914,2026-06-15,Bangalore
15551,717,2026-06-04,Delhi
15552,687,2026-06-24,Pune
15553,746,2026-06-12,Ahmedabad
15554,730,2026-06-18,Hyderabad
15555,32,2026-06-29,Delhi
15556,1071,2026-06-13,Kolkata
15557,618,2026-06-09,Hyderabad
15558,496,2026-06-27,Pune
15559,328,2026-06-05,Pune
15560,682,2026-06-01,Delhi
15561,395,2026-06-28,Delhi
15562,205,2026-06-13,Mumbai
15563,447,2026-06-16,Bangalore
15564,326,2026-06-04,Ahmedabad
15565,1518,2026-06-03,Delhi
15566,848,2026-06-06,Delhi
15567,478,2026-06-05,Bangalore
15568,39,2026-06-19,Chennai
15569,1184,2026-06-03,Mumbai
15570,526,2026-06-04,Kolkata
15571,755,2026-06-06,Pune
15572,531,2026-06-04,Hyderabad
15573,1522,2026-06-05,Hyderabad
15574,280,2026-06-20,Bangalore
15575,789,2026-06-29,Chennai
15576,1033,2026-06-12,Chennai
15577,226,2026-06-07,Delhi
15578,3,2026-06-06,Delhi
15579,767,2026-06-29,Mumbai
15580,507,2026-06-23,Bangalore
15581,245,2026-06-21,Kolkata
15582,305,2026-06-25,Bangalore
15583,1222,2026-06-24,Ahmedabad
15584,1210,2026-06-17,Delhi
15585,697,2026-06-29,Mumbai
15586,1234,2026-06-16,Hyderabad
15587,474,2026-06-01,Bangalore
15588,1336,2026-06-04,Delhi
15589,1241,2026-06-20,Delhi
15590,967,2026-06-26,Mumbai
15591,894,2026-06-27,Ahmedabad
15592,1437,2026-06-18,Hyderabad
15593,643,2026-06-19,Delhi
15594,1007,2026-06-15,Mumbai
15595,467,2026-06-22,Delhi
15596,460,2026-06-26,Delhi
15597,736,2026-06-08,Ahmedabad
15598,1164,2026-06-03,Ahmedabad
15599,415,2026-06-23,Pune
15600,473,2026-06-01,Chennai
15601,961,2026-06-17,Ahmedabad
15602,1051,2026-06-29,Ahmedabad
15603,171,2026-06-02,Chennai
15604,250,2026-06-24,Bangalore
15605,940,2026-06-04,Ahmedabad
15606,1548,2026-06-26,Bangalore
15607,726,2026-06-02,Bangalore
15608,793,2026-06-25,Mumbai
15609,1043,2026-06-15,Mumbai
15610,43,2026-06-28,Delhi
15611,944,2026-06-27,Bangalore
15612,470,2026-06-29,Hyderabad
15613,732,2026-06-11,Bangalore
15614,990,2026-06-09,Delhi
15615,1521,2026-06-08,Delhi
15616,251,2026-06-22,Chennai
15617,196,2026-06-09,Delhi
15618,388,2026-06-03,Ahmedabad
15619,1051,2026-06-03,Ahmedabad
15620,1116,2026-06-10,Bangalore
15621,1256,2026-06-03,Bangalore
15622,994,2026-06-28,Pune
15623,729,2026-06-06,Chennai
15624,1506,2026-06-09,Mumbai
15625,666,2026-06-04,Hyderabad
15626,343,2026-06-08,Delhi
15627,1152,2026-06-03,Chennai
15628,1123,2026-06-29,Mumbai
15629,463,2026-06-27,Pune
15630,1535,2026-06-03,Bangalore
15631,1520,2026-06-20,Bangalore
15632,601,2026-06-25,Mumbai
15633,839,2026-06-27,Chennai
15634,308,2026-06-15,Pune
15635,502,2026-06-13,Hyderabad
15636,541,2026-06-21,Pune
15637,1455,2026-06-30,Bangalore
15638,967,2026-06-26,Mumbai
15639,445,2026-06-20,Chennai
15640,1322,2026-06-10,Delhi
15641,1346,2026-06-30,Mumbai
15642,260,2026-06-14,Bangalore
15643,1328,2026-06-28,Mumbai
15644,1448,2026-06-13,Kolkata
15645,859,2026-06-26,Hyderabad
15646,1096,2026-06-19,Delhi
15647,763,2026-06-23,Mumbai
15648,1173,2026-06-25,Delhi
15649,936,2026-06-17,Chennai
15650,1406,2026-06-07,Delhi
15651,276,2026-06-28,Pune
15652,299,2026-06-14,Mumbai
15653,652,2026-06-12,Hyderabad
15654,1274,2026-06-29,Ahmedabad
15655,304,2026-06-28,Hyderabad
15656,263,2026-06-01,Delhi
15657,676,2026-06-28,Bangalore
15658,1217,2026-06-12,Mumbai
15659,673,2026-06-19,Mumbai
15660,1585,2026-06-26,Bangalore
15661,795,2026-06-07,Pune
15662,1470,2026-06-12,Pune
15663,997,2026-06-26,Delhi
15664,405,2026-06-26,Pune
15665,915,2026-06-16,Delhi
15666,897,2026-06-30,Hyderabad
15667,1203,2026-06-27,Kolkata
15668,87,2026-06-15,Ahmedabad
15669,1204,2026-06-30,Delhi
15670,1011,2026-06-15,Delhi
15671,1351,2026-06-08,Mumbai
15672,818,2026-06-26,Chennai
15673,1287,2026-06-02,Delhi
15674,713,2026-06-21,Pune
15675,130,2026-06-25,Mumbai
15676,1092,2026-06-22,Bangalore
15677,203,2026-06-25,Mumbai
15678,450,2026-06-26,Chennai
15679,598,2026-06-02,Mumbai
15680,630,2026-06-11,Delhi
15681,294,2026-06-20,Delhi
15682,1420,2026-06-08,Hyderabad
15683,195,2026-06-06,Delhi
15684,1195,2026-06-26,Kolkata
15685,543,2026-06-21,Pune
15686,972,2026-06-27,Chennai
15687,1153,2026-06-22,Delhi
15688,542,2026-06-23,Hyderabad
15689,1444,2026-06-22,Ahmedabad
15690,573,2026-06-12,Kolkata
15691,359,2026-06-13,Delhi
15692,701,2026-06-15,Pune
15693,244,2026-06-16,Mumbai
15694,1280,2026-06-05,Hyderabad
15695,1034,2026-06-17,Kolkata
15696,1257,2026-06-29,Kolkata
15697,844,2026-06-22,Ahmedabad
15698,534,2026-06-02,Hyderabad
15699,1561,2026-06-04,Delhi
15700,1264,2026-06-11,Mumbai
15701,102,2026-06-27,Chennai
15702,936,2026-06-13,Chennai
15703,1324,2026-06-17,Pune
15704,1270,2026-06-15,Mumbai
15705,613,2026-06-08,Chennai
15706,196,2026-06-26,Delhi
15707,4,2026-06-26,Chennai
15708,1179,2026-06-07,Mumbai
15709,1265,2026-06-14,Hyderabad
15710,950,2026-06-13,Pune
15711,211,2026-06-29,Bangalore
15712,1201,2026-06-27,Mumbai
15713,831,2026-06-23,Delhi
15714,862,2026-06-06,Bangalore
15715,1579,2026-06-05,Bangalore
15716,599,2026-06-20,Pune
15717,175,2026-06-30,Mumbai
15718,1051,2026-06-24,Ahmedabad
15719,179,2026-06-24,Delhi
15720,496,2026-06-14,Pune
15721,675,2026-06-06,Chennai
15722,696,2026-06-08,Bangalore
15723,547,2026-06-03,Pune
15724,1181,2026-06-01,Hyderabad
15725,985,2026-06-20,Bangalore
15726,782,2026-06-18,Pune
15727,47,2026-06-04,Bangalore
15728,1159,2026-06-02,Pune
15729,1041,2026-06-25,Delhi
15730,1509,2026-06-22,Delhi
15731,529,2026-06-08,Hyderabad
15732,607,2026-06-25,Ahmedabad
15733,423,2026-06-11,Bangalore
15734,382,2026-06-13,Delhi
15735,536,2026-06-25,Pune
15736,1528,2026-06-24,Ahmedabad
15737,1063,2026-06-29,Pune
15738,1121,2026-06-20,Delhi
15739,575,2026-06-04,Hyderabad
15740,1093,2026-06-06,Kolkata
15741,782,2026-06-11,Pune
15742,262,2026-06-19,Chennai
15743,1067,2026-06-24,Mumbai
15744,411,2026-07-02,Mumbai
15745,1186,2026-07-21,Chennai
15746,1311,2026-07-11,Bangalore
15747,353,2026-07-06,Delhi
15748,457,2026-07-09,Bangalore
15749,859,2026-07-09,Hyderabad
15750,726,2026-07-13,Bangalore
15751,1233,2026-07-20,Bangalore
15752,1544,2026-07-27,Delhi
15753,1499,2026-07-16,Hyderabad
15754,1033,2026-07-13,Chennai
15755,1516,2026-07-31,Bangalore
15756,33,2026-07-23,Chennai
15757,140,2026-07-16,Bangalore
15758,895,2026-07-30,Ahmedabad
15759,388,2026-07-27,Ahmedabad
15760,1493,2026-07-24,Mumbai
15761,717,2026-07-07,Delhi
15762,1268,2026-07-22,Pune
15763,1037,2026-07-24,Ahmedabad
15764,285,2026-07-19,Hyderabad
15765,121,2026-07-30,Bangalore
15766,957,2026-07-12,Delhi
15767,1100,2026-07-16,Delhi
15768,269,2026-07-15,Hyderabad
15769,185,2026-07-13,Kolkata
15770,1008,2026-07-17,Delhi
15771,965,2026-07-02,Bangalore
15772,408,2026-07-08,Chennai
15773,257,2026-07-24,Bangalore
15774,481,2026-07-05,Mumbai
15775,1365,2026-07-12,Bangalore
15776,135,2026-07-26,Mumbai
15777,1539,2026-07-11,Mumbai
15778,1014,2026-07-07,Kolkata
15779,394,2026-07-23,Bangalore
15780,1403,2026-07-16,Chennai
15781,703,2026-07-11,Mumbai
15782,1208,2026-07-29,Hyderabad
15783,501,2026-07-12,Bangalore
15784,655,2026-07-11,Chennai
15785,1221,2026-07-20,Bangalore
15786,1350,2026-07-14,Ahmedabad
15787,687,2026-07-28,Pune
15788,407,2026-07-07,Mumbai
15789,1376,2026-07-16,Hyderabad
15790,1164,2026-07-01,Ahmedabad
15791,196,2026-07-16,Delhi
15792,1330,2026-07-31,Ahmedabad
15793,1145,2026-07-01,Bangalore
15794,786,2026-07-27,Kolkata
15795,1398,2026-07-01,Delhi
15796,773,2026-07-04,Chennai
15797,60,2026-07-05,Bangalore
15798,699,2026-07-04,Bangalore
15799,963,2026-07-19,Bangalore
15800,1112,2026-07-19,Bangalore
15801,989,2026-07-13,Kolkata
15802,806,2026-07-22,Pune
15803,58,2026-07-09,Hyderabad
15804,463,2026-07-27,Pune
15805,883,2026-07-18,Chennai
15806,90,2026-07-08,Ahmedabad
15807,682,2026-07-10,Delhi
15808,929,2026-07-19,Hyderabad
15809,718,2026-07-25,Mumbai
15810,1335,2026-07-30,Chennai
15811,254,2026-07-06,Bangalore
15812,733,2026-07-21,Ahmedabad
15813,1101,2026-07-26,Kolkata
15814,732,2026-07-19,Bangalore
15815,1277,2026-07-23,Bangalore
15816,1582,2026-07-02,Mumbai
15817,191,2026-07-17,Delhi
15818,902,2026-07-19,Ahmedabad
15819,1002,2026-07-01,Pune
15820,1518,2026-07-19,Delhi
15821,1213,2026-07-15,Ahmedabad
15822,1577,2026-07-16,Delhi
15823,1492,2026-07-05,Mumbai
15824,889,2026-07-30,Ahmedabad
15825,1531,2026-07-10,Mumbai
15826,461,2026-07-12,Delhi
15827,778,2026-07-17,Delhi
15828,575,2026-07-27,Hyderabad
15829,1257,2026-07-18,Kolkata
15830,1024,2026-07-26,Hyderabad
15831,658,2026-07-02,Hyderabad
15832,1403,2026-07-23,Chennai
15833,300,2026-07-27,Ahmedabad
15834,276,2026-07-27,Pune
15835,321,2026-07-31,Pune
15836,170,2026-07-31,Mumbai
15837,560,2026-07-31,Kolkata
15838,1004,2026-07-24,Hyderabad
15839,1228,2026-07-03,Hyderabad
15840,394,2026-07-18,Bangalore
15841,623,2026-07-15,Mumbai
15842,1285,2026-07-21,Chennai
15843,1400,2026-07-07,Hyderabad
15844,1211,2026-07-02,Hyderabad
15845,149,2026-07-04,Ahmedabad
15846,194,2026-07-13,Mumbai
15847,848,2026-07-10,Delhi
15848,260,2026-07-05,Bangalore
15849,284,2026-07-18,Kolkata
15850,541,2026-07-10,Pune
15851,577,2026-07-05,Delhi
15852,1401,2026-07-23,Bangalore
15853,915,2026-07-03,Delhi
15854,1334,2026-07-04,Chennai
15855,517,2026-07-15,Chennai
15856,104,2026-07-14,Pune
15857,894,2026-07-11,Ahmedabad
15858,1217,2026-07-01,Mumbai
15859,476,2026-07-24,Ahmedabad
15860,1166,2026-07-07,Hyderabad
15861,696,2026-07-16,Bangalore
15862,736,2026-07-30,Ahmedabad
15863,299,2026-07-15,Mumbai
15864,1502,2026-07-23,Hyderabad
15865,591,2026-07-05,Pune
15866,731,2026-07-15,Mumbai
15867,425,2026-07-05,Delhi
15868,1282,2026-07-27,Delhi
15869,1305,2026-07-20,Mumbai
15870,334,2026-07-09,Hyderabad
15871,823,2026-07-13,Chennai
15872,860,2026-07-30,Mumbai
15873,1047,2026-07-17,Mumbai
15874,1355,2026-07-01,Delhi
15875,1235,2026-07-04,Mumbai
15876,362,2026-07-24,Pune
15877,656,2026-07-20,Kolkata
15878,1214,2026-07-16,Delhi
15879,582,2026-07-17,Delhi
15880,187,2026-07-14,Kolkata
15881,79,2026-07-31,Delhi
15882,810,2026-07-15,Hyderabad
15883,1412,2026-07-10,Chennai
15884,918,2026-07-04,Bangalore
15885,585,2026-07-05,Chennai
15886,730,2026-07-30,Hyderabad
15887,724,2026-07-20,Mumbai
15888,453,2026-07-08,Bangalore
15889,19,2026-07-06,Hyderabad
15890,1518,2026-07-09,Delhi
15891,513,2026-07-27,Hyderabad
15892,885,2026-07-21,Pune
15893,1120,2026-07-11,Chennai
15894,254,2026-07-11,Bangalore
15895,30,2026-07-18,Chennai
15896,789,2026-07-24,Chennai
15897,222,2026-07-10,Chennai
15898,1119,2026-07-31,Chennai
15899,55,2026-07-10,Pune
15900,1289,2026-07-01,Bangalore
15901,1392,2026-07-21,Mumbai
15902,1271,2026-07-30,Delhi
15903,1027,2026-07-03,Ahmedabad
15904,440,2026-07-02,Delhi
15905,546,2026-07-04,Pune
15906,849,2026-07-15,Kolkata
15907,1478,2026-07-25,Mumbai
15908,983,2026-07-28,Pune
15909,83,2026-07-29,Pune
15910,898,2026-07-04,Kolkata
15911,118,2026-07-21,Ahmedabad
15912,1436,2026-07-23,Chennai
15913,51,2026-07-05,Bangalore
15914,769,2026-07-30,Mumbai
15915,525,2026-07-14,Hyderabad
15916,1315,2026-07-07,Bangalore
15917,530,2026-07-17,Delhi
15918,1136,2026-07-31,Mumbai
15919,614,2026-07-14,Chennai
15920,1466,2026-07-01,Pune
15921,1462,2026-07-05,Pune
15922,1543,2026-07-10,Chennai
15923,609,2026-07-31,Bangalore
15924,188,2026-07-17,Mumbai
15925,197,2026-07-31,Mumbai
15926,798,2026-07-10,Delhi
15927,162,2026-07-15,Pune
15928,1352,2026-07-17,Delhi
15929,545,2026-07-02,Ahmedabad
15930,529,2026-07-13,Hyderabad
15931,1365,2026-07-07,Bangalore
15932,983,2026-07-09,Pune
15933,1324,2026-07-31,Pune
15934,1113,2026-07-22,Delhi
15935,963,2026-07-11,Bangalore
15936,24,2026-07-10,Kolkata
15937,716,2026-07-27,Delhi
15938,1531,2026-07-01,Mumbai
15939,598,2026-07-12,Mumbai
15940,688,2026-07-24,Bangalore
15941,83,2026-07-02,Pune
15942,473,2026-07-03,Chennai
15943,1290,2026-07-13,Mumbai
15944,1464,2026-07-03,Kolkata
15945,125,2026-07-10,Delhi
15946,26,2026-07-17,Mumbai
15947,913,2026-07-24,Chennai
15948,646,2026-07-20,Delhi
15949,835,2026-07-27,Mumbai
15950,791,2026-07-24,Mumbai
15951,84,2026-07-13,Chennai
15952,1568,2026-07-30,Chennai
15953,461,2026-07-17,Delhi
15954,1120,2026-07-01,Chennai
15955,880,2026-07-21,Delhi
15956,687,2026-07-01,Pune
15957,977,2026-07-11,Bangalore
15958,1218,2026-07-14,Mumbai
15959,1207,2026-07-02,Delhi
15960,1147,2026-07-17,Mumbai
15961,176,2026-07-24,Hyderabad
15962,1337,2026-07-30,Chennai
15963,29,2026-07-11,Bangalore
15964,420,2026-07-08,Bangalore
15965,692,2026-07-15,Bangalore
15966,1154,2026-07-29,Bangalore
15967,1238,2026-07-06,Bangalore
15968,103,2026-07-07,Hyderabad
15969,356,2026-07-12,Delhi
15970,539,2026-07-22,Delhi
15971,566,2026-07-29,Mumbai
15972,1600,2026-07-29,Ahmedabad
15973,849,2026-07-25,Kolkata
15974,1250,2026-07-20,Chennai
15975,950,2026-07-08,Pune
15976,7,2026-07-19,Delhi
15977,796,2026-07-19,Ahmedabad
15978,318,2026-07-27,Hyderabad
15979,1360,2026-07-22,Bangalore
15980,520,2026-07-08,Mumbai
15981,1050,2026-07-28,Mumbai
15982,953,2026-07-31,Delhi
15983,460,2026-07-15,Delhi
15984,1059,2026-07-12,Kolkata
15985,65,2026-07-20,Delhi
15986,1115,2026-07-30,Bangalore
15987,913,2026-07-31,Chennai
15988,906,2026-07-08,Pune
15989,1301,2026-07-02,Hyderabad
15990,279,2026-07-17,Bangalore
15991,626,2026-07-10,Chennai
15992,1033,2026-07-12,Chennai
15993,184,2026-07-17,Ahmedabad
15994,801,2026-07-04,Ahmedabad
15995,521,2026-07-05,Hyderabad
15996,975,2026-07-18,Mumbai
15997,917,2026-07-27,Pune
15998,19,2026-07-13,Hyderabad
15999,804,2026-07-29,Kolkata
16000,31,2026-07-20,Mumbai
16001,1347,2026-07-03,Mumbai
16002,987,2026-07-14,Pune
16003,1244,2026-07-23,Ahmedabad
16004,1036,2026-07-04,Delhi
16005,486,2026-07-30,Delhi
16006,1490,2026-07-10,Pune
16007,609,2026-07-02,Bangalore
16008,1574,2026-07-25,Hyderabad
16009,1401,2026-07-14,Bangalore
16010,134,2026-07-31,Mumbai
16011,484,2026-07-02,Ahmedabad
16012,497,2026-07-01,Bangalore
16013,241,2026-07-26,Bangalore
16014,641,2026-07-11,Kolkata
16015,292,2026-07-01,Pune
16016,292,2026-07-22,Pune
16017,722,2026-07-14,Bangalore
16018,777,2026-07-30,Delhi
16019,717,2026-07-12,Delhi
16020,827,2026-07-26,Hyderabad
16021,167,2026-07-18,Bangalore
16022,55,2026-07-05,Pune
16023,1538,2026-07-02,Delhi
16024,358,2026-07-18,Mumbai
16025,54,2026-07-04,Bangalore
16026,712,2026-07-25,Bangalore
16027,1012,2026-07-16,Bangalore
16028,441,2026-07-19,Mumbai
16029,471,2026-07-01,Kolkata
16030,437,2026-07-01,Mumbai
16031,1057,2026-07-16,Chennai
16032,738,2026-07-28,Delhi
16033,803,2026-07-03,Mumbai
16034,1390,2026-07-20,Mumbai
16035,459,2026-07-14,Pune
16036,1061,2026-07-09,Ahmedabad
16037,1273,2026-07-23,Ahmedabad
16038,1321,2026-07-14,Ahmedabad
16039,1183,2026-07-21,Chennai
16040,1438,2026-07-12,Pune
16041,47,2026-07-22,Bangalore
16042,680,2026-07-05,Ahmedabad
16043,394,2026-07-26,Bangalore
16044,712,2026-07-22,Bangalore
16045,185,2026-07-28,Kolkata
16046,669,2026-07-24,Delhi
16047,1445,2026-07-26,Pune
16048,107,2026-07-28,Bangalore
16049,1473,2026-07-15,Mumbai
16050,536,2026-07-07,Pune
16051,1294,2026-07-27,Mumbai
16052,1549,2026-07-03,Mumbai
16053,894,2026-07-25,Ahmedabad
16054,917,2026-07-10,Pune
16055,1194,2026-07-08,Chennai
16056,587,2026-07-27,Pune
16057,475,2026-07-26,Pune
16058,418,2026-07-15,Pune
16059,758,2026-07-10,Bangalore
16060,842,2026-07-06,Mumbai
16061,139,2026-07-27,Mumbai
16062,47,2026-07-22,Bangalore
16063,265,2026-07-10,Mumbai
16064,1413,2026-07-23,Chennai
16065,82,2026-07-26,Pune
16066,1107,2026-07-16,Kolkata
16067,1331,2026-07-23,Bangalore
16068,1406,2026-07-19,Delhi
16069,294,2026-07-24,Delhi
16070,350,2026-07-26,Chennai
16071,1291,2026-07-22,Mumbai
16072,784,2026-07-14,Ahmedabad
16073,884,2026-07-17,Ahmedabad
16074,850,2026-07-27,Delhi
16075,324,2026-07-26,Chennai
16076,968,2026-07-06,Bangalore
16077,594,2026-07-21,Mumbai
16078,323,2026-07-29,Chennai
16079,261,2026-07-15,Delhi
16080,1439,2026-07-09,Hyderabad
16081,1438,2026-07-16,Pune
16082,225,2026-07-11,Bangalore
16083,125,2026-07-07,Delhi
16084,35,2026-07-23,Chennai
16085,1379,2026-07-27,Kolkata
16086,1556,2026-07-20,Pune
16087,1108,2026-07-07,Mumbai
16088,589,2026-07-25,Delhi
16089,727,2026-07-06,Hyderabad
16090,432,2026-07-10,Delhi
16091,380,2026-07-26,Hyderabad
16092,1385,2026-07-15,Mumbai
16093,672,2026-07-06,Delhi
16094,1580,2026-07-24,Mumbai
16095,598,2026-07-19,Mumbai
16096,489,2026-07-18,Bangalore
16097,893,2026-07-12,Mumbai
16098,1163,2026-07-24,Delhi
16099,457,2026-07-30,Bangalore
16100,314,2026-07-18,Delhi
16101,1337,2026-07-24,Chennai
16102,594,2026-07-23,Mumbai
16103,521,2026-07-12,Hyderabad
16104,720,2026-07-10,Hyderabad
16105,1420,2026-07-12,Hyderabad
16106,593,2026-07-12,Pune
16107,1076,2026-07-16,Pune
16108,878,2026-07-23,Hyderabad
16109,1014,2026-07-14,Kolkata
16110,1322,2026-07-04,Delhi
16111,1078,2026-07-08,Mumbai
16112,359,2026-07-12,Delhi
16113,332,2026-07-29,Delhi
16114,1178,2026-07-01,Delhi
16115,486,2026-07-16,Delhi
16116,1063,2026-07-03,Pune
16117,115,2026-07-04,Bangalore
16118,863,2026-07-08,Mumbai
16119,1271,2026-07-26,Delhi
16120,1035,2026-07-12,Pune
16121,184,2026-07-09,Ahmedabad
16122,1030,2026-07-09,Delhi
16123,1507,2026-07-15,Hyderabad
16124,287,2026-07-05,Mumbai
16125,446,2026-07-14,Hyderabad
16126,1358,2026-07-24,Mumbai
16127,607,2026-07-26,Ahmedabad
16128,1054,2026-07-10,Pune
16129,290,2026-07-28,Delhi
16130,160,2026-07-11,Ahmedabad
16131,561,2026-07-27,Delhi
16132,424,2026-07-18,Ahmedabad
16133,164,2026-07-18,Delhi
16134,673,2026-07-01,Mumbai
16135,586,2026-07-12,Ahmedabad
16136,1501,2026-07-26,Delhi
16137,425,2026-07-06,Delhi
16138,1029,2026-07-10,Chennai
16139,192,2026-07-28,Bangalore
16140,813,2026-07-10,Delhi
16141,811,2026-07-18,Bangalore
16142,942,2026-07-29,Delhi
16143,1108,2026-07-26,Mumbai
16144,1334,2026-07-21,Chennai
16145,249,2026-07-29,Delhi
16146,1498,2026-07-14,Mumbai
16147,938,2026-07-02,Mumbai
16148,402,2026-07-29,Kolkata
16149,825,2026-07-15,Mumbai
16150,585,2026-07-06,Chennai
16151,803,2026-07-14,Mumbai
16152,1120,2026-07-04,Chennai
16153,363,2026-07-09,Delhi
16154,1497,2026-07-04,Chennai
16155,725,2026-07-31,Hyderabad
16156,522,2026-07-16,Delhi
16157,1028,2026-07-12,Pune
16158,1375,2026-07-05,Delhi
16159,233,2026-07-22,Bangalore
16160,1411,2026-07-18,Ahmedabad
16161,624,2026-07-05,Kolkata
16162,897,2026-07-04,Hyderabad
16163,307,2026-07-16,Hyderabad
16164,1543,2026-07-25,Chennai
16165,582,2026-07-07,Delhi
16166,360,2026-07-09,Ahmedabad
16167,1562,2026-07-20,Hyderabad
16168,1296,2026-07-03,Pune
16169,265,2026-07-07,Mumbai
16170,964,2026-07-11,Ahmedabad
16171,1393,2026-07-04,Chennai
16172,286,2026-07-19,Hyderabad
16173,147,2026-07-21,Kolkata
16174,749,2026-07-23,Mumbai
16175,1021,2026-07-07,Hyderabad
16176,725,2026-07-29,Hyderabad
16177,1525,2026-07-31,Mumbai
16178,1159,2026-07-06,Pune
16179,496,2026-07-28,Pune
16180,1408,2026-07-08,Hyderabad
16181,666,2026-07-01,Hyderabad
16182,383,2026-07-21,Bangalore
16183,686,2026-07-08,Bangalore
16184,157,2026-07-04,Bangalore
16185,354,2026-07-03,Delhi
16186,611,2026-07-28,Mumbai
16187,356,2026-07-18,Delhi
16188,1261,2026-07-05,Mumbai
16189,506,2026-07-18,Hyderabad
16190,1027,2026-07-29,Ahmedabad
16191,893,2026-07-09,Mumbai
16192,1148,2026-07-04,Bangalore
16193,1069,2026-07-12,Hyderabad
16194,1156,2026-07-09,Mumbai
16195,1143,2026-07-09,Bangalore
16196,1479,2026-07-13,Mumbai
16197,879,2026-07-06,Bangalore
16198,1200,2026-07-27,Kolkata
16199,1210,2026-07-31,Delhi
16200,1197,2026-07-30,Bangalore
16201,1495,2026-07-09,Kolkata
16202,1460,2026-07-07,Delhi
16203,1476,2026-07-12,Delhi
16204,63,2026-07-31,Chennai
16205,1258,2026-07-08,Kolkata
16206,131,2026-07-24,Mumbai
16207,1556,2026-07-08,Pune
16208,1125,2026-07-29,Hyderabad
16209,1451,2026-07-15,Pune
16210,1214,2026-07-09,Delhi
16211,645,2026-07-26,Mumbai
16212,253,2026-07-07,Hyderabad
16213,448,2026-07-23,Ahmedabad
16214,90,2026-07-25,Ahmedabad
16215,704,2026-07-23,Mumbai
16216,632,2026-07-12,Ahmedabad
16217,1279,2026-07-31,Bangalore
16218,1133,2026-07-11,Bangalore
16219,1126,2026-07-15,Ahmedabad
16220,1370,2026-07-12,Chennai
16221,309,2026-07-10,Ahmedabad
16222,176,2026-07-27,Hyderabad
16223,505,2026-07-25,Hyderabad
16224,263,2026-07-11,Delhi
16225,727,2026-07-20,Hyderabad
16226,78,2026-07-20,Kolkata
16227,1130,2026-07-23,Pune
16228,1244,2026-07-08,Ahmedabad
16229,940,2026-07-11,Ahmedabad
16230,280,2026-07-23,Bangalore
16231,1423,2026-07-11,Pune
16232,18,2026-07-28,Mumbai
16233,1183,2026-07-10,Chennai
16234,373,2026-07-14,Delhi
16235,175,2026-07-18,Mumbai
16236,197,2026-07-19,Mumbai
16237,529,2026-07-11,Hyderabad
16238,34,2026-07-25,Chennai
16239,937,2026-07-31,Bangalore
16240,1341,2026-07-29,Hyderabad
16241,120,2026-07-19,Mumbai
16242,1506,2026-07-03,Mumbai
16243,1032,2026-07-16,Delhi
16244,1151,2026-07-10,Bangalore
16245,779,2026-07-07,Kolkata
16246,1349,2026-07-22,Ahmedabad
16247,1033,2026-07-21,Chennai
16248,1020,2026-07-05,Kolkata
16249,1428,2026-07-26,Pune
16250,1231,2026-07-31,Mumbai
16251,499,2026-07-22,Delhi
16252,681,2026-07-26,Pune
16253,462,2026-07-18,Delhi
16254,517,2026-07-09,Chennai
16255,1285,2026-07-12,Chennai
16256,929,2026-07-08,Hyderabad
16257,1432,2026-07-22,Bangalore
16258,1180,2026-07-05,Pune
16259,872,2026-07-29,Mumbai
16260,1184,2026-07-25,Mumbai
16261,944,2026-07-08,Bangalore
16262,1318,2026-07-28,Delhi
16263,1266,2026-07-30,Chennai
16264,1152,2026-07-01,Chennai
16265,352,2026-07-07,Delhi
16266,1102,2026-07-25,Pune
16267,259,2026-07-17,Pune
16268,1339,2026-07-16,Bangalore
16269,782,2026-07-24,Pune
16270,825,2026-07-20,Mumbai
16271,22,2026-07-16,Mumbai
16272,505,2026-07-29,Hyderabad
16273,1419,2026-07-30,Mumbai
16274,1216,2026-07-22,Pune
16275,167,2026-07-13,Bangalore
16276,159,2026-07-24,Ahmedabad
16277,54,2026-07-15,Bangalore
16278,1073,2026-07-09,Delhi
16279,1379,2026-07-05,Kolkata
16280,211,2026-07-26,Bangalore
16281,492,2026-07-31,Hyderabad
16282,580,2026-07-25,Hyderabad
16283,1182,2026-07-17,Mumbai
16284,594,2026-07-29,Mumbai
16285,1049,2026-07-22,Mumbai
16286,1098,2026-07-30,Bangalore
16287,1474,2026-07-18,Bangalore
16288,1357,2026-07-18,Hyderabad
16289,1579,2026-07-29,Bangalore
16290,111,2026-07-05,Chennai
16291,369,2026-07-04,Mumbai
16292,398,2026-07-30,Kolkata
16293,848,2026-07-12,Delhi
16294,1486,2026-07-10,Delhi
16295,417,2026-07-02,Ahmedabad
16296,1512,2026-07-16,Hyderabad
16297,1548,2026-07-12,Bangalore
16298,447,2026-07-15,Bangalore
16299,460,2026-07-26,Delhi
16300,942,2026-07-26,Delhi
16301,1389,2026-07-11,Hyderabad
16302,1097,2026-07-19,Delhi
16303,283,2026-07-01,Chennai
16304,1040,2026-07-07,Delhi
16305,841,2026-07-05,Mumbai
16306,1401,2026-07-06,Bangalore
16307,375,2026-07-21,Bangalore
16308,302,2026-07-14,Mumbai
16309,1006,2026-07-23,Pune
16310,571,2026-07-27,Chennai
16311,1154,2026-07-15,Bangalore
16312,400,2026-07-21,Bangalore
16313,900,2026-07-30,Mumbai
16314,1429,2026-07-07,Kolkata
16315,146,2026-07-10,Delhi
16316,502,2026-07-12,Hyderabad
16317,747,2026-07-03,Kolkata
16318,608,2026-07-26,Chennai
16319,19,2026-07-19,Hyderabad
16320,562,2026-07-30,Delhi
16321,256,2026-07-14,Pune
16322,1386,2026-07-14,Delhi
16323,1016,2026-07-23,Delhi
16324,4,2026-07-06,Chennai
16325,963,2026-07-07,Bangalore
16326,1422,2026-07-07,Hyderabad
16327,260,2026-07-06,Bangalore
16328,904,2026-07-27,Mumbai
16329,405,2026-07-30,Pune
16330,838,2026-07-24,Ahmedabad
16331,168,2026-07-21,Mumbai
16332,80,2026-07-13,Kolkata
16333,750,2026-07-21,Delhi
16334,1534,2026-07-25,Chennai
16335,116,2026-07-05,Bangalore
16336,346,2026-07-07,Chennai
16337,1513,2026-07-12,Delhi
16338,1078,2026-07-23,Mumbai
16339,1143,2026-07-29,Bangalore
16340,512,2026-07-09,Kolkata
16341,200,2026-07-21,Delhi
16342,1582,2026-07-20,Mumbai
16343,638,2026-07-23,Hyderabad
16344,81,2026-07-13,Mumbai
16345,357,2026-07-08,Ahmedabad
16346,111,2026-07-03,Chennai
16347,578,2026-07-28,Ahmedabad
16348,178,2026-07-24,Bangalore
16349,1067,2026-07-11,Mumbai
16350,676,2026-07-30,Bangalore
16351,1120,2026-07-08,Chennai
16352,550,2026-07-30,Kolkata
16353,1513,2026-07-20,Delhi
16354,900,2026-07-12,Mumbai
16355,1531,2026-07-29,Mumbai
16356,1585,2026-07-16,Bangalore
16357,155,2026-07-29,Pune
16358,818,2026-07-12,Chennai
16359,618,2026-07-13,Hyderabad
16360,881,2026-07-08,Hyderabad
16361,1147,2026-07-12,Mumbai
16362,626,2026-07-27,Chennai
16363,856,2026-07-06,Delhi
16364,94,2026-07-23,Mumbai
16365,1380,2026-07-02,Hyderabad
16366,1301,2026-07-17,Hyderabad
16367,517,2026-07-24,Chennai
16368,412,2026-07-10,Pune
16369,866,2026-07-06,Hyderabad
16370,1384,2026-07-09,Mumbai
16371,1514,2026-07-20,Pune
16372,1288,2026-07-03,Mumbai
16373,856,2026-07-15,Delhi
16374,409,2026-07-13,Bangalore
16375,1402,2026-07-01,Bangalore
16376,847,2026-07-23,Pune
16377,1369,2026-07-02,Mumbai
16378,931,2026-07-19,Hyderabad
16379,1402,2026-07-14,Bangalore
16380,383,2026-07-20,Bangalore
16381,110,2026-07-04,Mumbai
16382,354,2026-07-22,Delhi
16383,111,2026-07-16,Chennai
16384,1384,2026-07-04,Mumbai
16385,934,2026-07-12,Mumbai
16386,1193,2026-07-16,Kolkata
16387,758,2026-07-17,Bangalore
16388,1482,2026-07-29,Mumbai
16389,1474,2026-07-12,Bangalore
16390,1503,2026-07-07,Kolkata
16391,1046,2026-07-27,Delhi
16392,760,2026-07-01,Mumbai
16393,1420,2026-07-16,Hyderabad
16394,938,2026-07-01,Mumbai
16395,480,2026-07-01,Kolkata
16396,274,2026-07-25,Bangalore
16397,167,2026-07-12,Bangalore
16398,446,2026-07-14,Hyderabad
16399,861,2026-07-14,Chennai
16400,627,2026-07-13,Bangalore
16401,618,2026-07-13,Hyderabad
16402,582,2026-07-26,Delhi
16403,292,2026-07-02,Pune
16404,379,2026-07-28,Ahmedabad
16405,1357,2026-07-03,Hyderabad
16406,629,2026-07-17,Bangalore
16407,255,2026-07-24,Bangalore
16408,527,2026-07-07,Pune
16409,700,2026-07-24,Bangalore
16410,258,2026-07-14,Pune
16411,285,2026-07-21,Hyderabad
16412,1362,2026-07-18,Delhi
16413,276,2026-07-18,Pune
16414,997,2026-07-04,Delhi
16415,713,2026-07-12,Pune
16416,493,2026-07-19,Chennai
16417,1279,2026-07-24,Bangalore
16418,70,2026-07-23,Kolkata
16419,1568,2026-07-27,Chennai
16420,676,2026-07-24,Bangalore
16421,772,2026-07-21,Pune
16422,548,2026-07-29,Ahmedabad
16423,1371,2026-07-12,Pune
16424,1505,2026-07-25,Mumbai
16425,964,2026-07-27,Ahmedabad
16426,184,2026-07-15,Ahmedabad
16427,6,2026-07-26,Mumbai
16428,426,2026-07-12,Delhi
16429,1045,2026-07-20,Chennai
16430,1101,2026-07-07,Kolkata
16431,741,2026-07-25,Pune
16432,825,2026-07-13,Mumbai
16433,1588,2026-07-02,Delhi
16434,50,2026-07-21,Hyderabad
16435,693,2026-07-01,Bangalore
16436,1449,2026-07-31,Chennai
16437,952,2026-07-15,Delhi
16438,672,2026-07-12,Delhi
16439,515,2026-07-16,Ahmedabad
16440,1109,2026-07-19,Kolkata
16441,619,2026-07-08,Hyderabad
16442,956,2026-07-18,Kolkata
16443,387,2026-07-15,Hyderabad
16444,133,2026-07-01,Mumbai
16445,150,2026-07-04,Mumbai
16446,1129,2026-07-19,Mumbai
16447,301,2026-07-11,Pune
16448,356,2026-07-22,Delhi
16449,794,2026-07-06,Mumbai
16450,346,2026-07-31,Chennai
16451,501,2026-07-10,Bangalore
16452,1166,2026-07-09,Hyderabad
16453,877,2026-07-27,Ahmedabad
16454,209,2026-07-10,Mumbai
16455,1099,2026-07-21,Pune
16456,447,2026-07-29,Bangalore
16457,653,2026-07-13,Kolkata
16458,275,2026-07-28,Ahmedabad
16459,1510,2026-07-06,Delhi
16460,166,2026-07-08,Kolkata
16461,1308,2026-07-24,Delhi
16462,1220,2026-07-02,Ahmedabad
16463,1408,2026-07-14,Hyderabad
16464,483,2026-07-23,Bangalore
16465,1397,2026-07-18,Delhi
16466,1433,2026-07-06,Pune
16467,560,2026-07-26,Kolkata
16468,600,2026-07-16,Hyderabad
16469,1450,2026-07-27,Delhi
16470,754,2026-07-11,Chennai
16471,968,2026-07-10,Bangalore
16472,106,2026-07-22,Chennai
16473,1328,2026-07-21,Mumbai
16474,818,2026-07-09,Chennai
16475,1369,2026-07-05,Mumbai
16476,1111,2026-07-21,Mumbai
16477,280,2026-07-04,Bangalore
16478,1412,2026-07-05,Chennai
16479,167,2026-07-28,Bangalore
16480,1038,2026-07-08,Delhi
16481,171,2026-07-14,Chennai
16482,552,2026-07-24,Delhi
16483,1498,2026-07-12,Mumbai
16484,931,2026-07-16,Hyderabad
16485,1510,2026-07-31,Delhi
16486,535,2026-07-13,Chennai
16487,1131,2026-07-31,Ahmedabad
16488,312,2026-07-23,Bangalore
16489,693,2026-07-17,Bangalore
16490,1173,2026-07-25,Delhi
16491,1593,2026-07-05,Mumbai
16492,713,2026-07-30,Pune
16493,21,2026-07-20,Mumbai
16494,1259,2026-07-01,Hyderabad
16495,187,2026-07-28,Kolkata
16496,459,2026-07-25,Pune
16497,712,2026-07-25,Bangalore
16498,553,2026-07-24,Mumbai
16499,172,2026-07-28,Mumbai
16500,847,2026-07-20,Pune
16501,903,2026-07-25,Delhi
16502,872,2026-07-10,Mumbai
16503,1495,2026-07-09,Kolkata
16504,1358,2026-07-07,Mumbai
16505,638,2026-07-27,Hyderabad
16506,213,2026-07-17,Mumbai
16507,1591,2026-07-26,Pune
16508,1589,2026-07-28,Hyderabad
16509,1362,2026-07-22,Delhi
16510,1137,2026-07-17,Mumbai
16511,1237,2026-07-19,Mumbai
16512,511,2026-07-31,Kolkata
16513,368,2026-07-31,Chennai
16514,458,2026-07-20,Kolkata
16515,623,2026-07-05,Mumbai
16516,768,2026-07-02,Kolkata
16517,850,2026-07-24,Delhi
16518,1187,2026-07-13,Delhi
16519,740,2026-07-13,Chennai
16520,462,2026-07-13,Delhi
16521,1392,2026-07-01,Mumbai
16522,550,2026-07-02,Kolkata
16523,426,2026-07-30,Delhi
16524,756,2026-07-19,Chennai
16525,1531,2026-07-10,Mumbai
16526,787,2026-07-16,Chennai
16527,1009,2026-07-04,Ahmedabad
16528,668,2026-07-26,Mumbai
16529,602,2026-07-04,Mumbai
16530,464,2026-07-15,Ahmedabad
16531,1490,2026-07-23,Pune
16532,606,2026-07-22,Bangalore
16533,1210,2026-07-20,Delhi
16534,416,2026-07-03,Hyderabad
16535,1466,2026-07-24,Pune
16536,742,2026-07-13,Delhi
16537,284,2026-07-08,Kolkata
16538,1017,2026-07-28,Ahmedabad
16539,662,2026-07-21,Delhi
16540,1570,2026-07-24,Mumbai
16541,200,2026-07-17,Delhi
16542,249,2026-07-07,Delhi
16543,942,2026-07-27,Delhi
16544,1146,2026-07-28,Delhi
16545,1501,2026-07-10,Delhi
16546,142,2026-07-09,Ahmedabad
16547,821,2026-07-16,Hyderabad
16548,379,2026-07-04,Ahmedabad
16549,1220,2026-07-11,Ahmedabad
16550,970,2026-07-17,Hyderabad
16551,104,2026-07-10,Pune
16552,369,2026-07-30,Mumbai
16553,492,2026-07-05,Hyderabad
16554,694,2026-07-28,Bangalore
16555,1255,2026-07-22,Delhi
16556,529,2026-07-09,Hyderabad
16557,124,2026-07-29,Delhi
16558,373,2026-07-31,Delhi
16559,1369,2026-07-12,Mumbai
16560,1385,2026-07-01,Mumbai
16561,27,2026-07-18,Pune
16562,406,2026-07-23,Kolkata
16563,1308,2026-07-14,Delhi
16564,451,2026-07-11,Bangalore
16565,724,2026-07-05,Mumbai
16566,1021,2026-07-02,Hyderabad
16567,1440,2026-07-24,Delhi
16568,1526,2026-07-11,Bangalore
16569,391,2026-07-20,Delhi
16570,1248,2026-07-08,Bangalore
16571,5,2026-07-02,Mumbai
16572,681,2026-07-11,Pune
16573,51,2026-07-03,Bangalore
16574,1137,2026-07-24,Mumbai
16575,1277,2026-07-03,Bangalore
16576,1162,2026-07-19,Delhi
16577,1437,2026-07-22,Hyderabad
16578,977,2026-07-28,Bangalore
16579,747,2026-07-15,Kolkata
16580,7,2026-07-06,Delhi
16581,1083,2026-07-25,Bangalore
16582,573,2026-07-29,Kolkata
16583,808,2026-07-04,Kolkata
16584,884,2026-07-13,Ahmedabad
16585,86,2026-07-08,Kolkata
16586,141,2026-07-18,Hyderabad
16587,553,2026-07-31,Mumbai
16588,68,2026-07-16,Ahmedabad
16589,113,2026-07-07,Hyderabad
16590,966,2026-07-13,Delhi
16591,1394,2026-07-23,Kolkata
16592,846,2026-07-17,Bangalore
16593,455,2026-07-29,Bangalore
16594,802,2026-07-11,Delhi
16595,1453,2026-07-23,Hyderabad
16596,488,2026-07-22,Kolkata
16597,1390,2026-07-25,Mumbai
16598,299,2026-07-11,Mumbai
16599,939,2026-07-08,Hyderabad
16600,970,2026-07-09,Hyderabad
16601,839,2026-07-13,Chennai
16602,776,2026-07-28,Hyderabad
16603,818,2026-07-09,Chennai
16604,1163,2026-07-19,Delhi
16605,1109,2026-07-08,Kolkata
16606,1434,2026-07-09,Delhi
16607,1436,2026-07-15,Chennai
16608,66,2026-07-15,Bangalore
16609,1090,2026-07-02,Mumbai
16610,861,2026-07-14,Chennai
16611,788,2026-07-16,Hyderabad
16612,346,2026-07-28,Chennai
16613,756,2026-07-15,Chennai
16614,202,2026-07-18,Delhi
16615,545,2026-07-21,Ahmedabad
16616,325,2026-07-22,Mumbai
16617,355,2026-07-01,Delhi
16618,386,2026-07-12,Hyderabad
16619,742,2026-07-02,Delhi
16620,1418,2026-07-31,Delhi
16621,37,2026-07-25,Bangalore
16622,1536,2026-07-18,Mumbai
16623,1083,2026-07-15,Bangalore
16624,33,2026-07-27,Chennai
16625,78,2026-07-12,Kolkata
16626,846,2026-07-18,Bangalore
16627,1273,2026-07-19,Ahmedabad
16628,1026,2026-07-25,Hyderabad
16629,1469,2026-07-12,Mumbai
16630,598,2026-07-10,Mumbai
16631,745,2026-07-13,Chennai
16632,162,2026-07-17,Pune
16633,80,2026-07-07,Kolkata
16634,239,2026-07-19,Ahmedabad
16635,769,2026-07-01,Mumbai
16636,1548,2026-07-26,Bangalore
16637,1234,2026-07-05,Hyderabad
16638,414,2026-07-06,Delhi
16639,448,2026-07-11,Ahmedabad
16640,1471,2026-07-14,Pune
16641,936,2026-07-17,Chennai
16642,984,2026-07-07,Hyderabad
16643,258,2026-07-01,Pune
16644,9,2026-07-19,Mumbai
16645,807,2026-07-21,Bangalore
16646,926,2026-07-13,Mumbai
16647,1395,2026-07-02,Mumbai
16648,486,2026-07-05,Delhi
16649,653,2026-07-12,Kolkata
16650,1225,2026-07-11,Delhi
16651,710,2026-07-22,Mumbai
16652,1179,2026-07-13,Mumbai
16653,66,2026-07-30,Bangalore
16654,496,2026-07-28,Pune
16655,593,2026-07-26,Pune
16656,116,2026-07-18,Bangalore
16657,1219,2026-07-24,Bangalore
16658,1372,2026-07-31,Bangalore
16659,994,2026-07-08,Pune
16660,267,2026-07-23,Chennai
16661,552,2026-07-08,Delhi
16662,734,2026-07-14,Bangalore
16663,415,2026-07-28,Pune
16664,1304,2026-07-28,Delhi
16665,757,2026-07-10,Mumbai
16666,552,2026-07-21,Delhi
16667,1059,2026-07-22,Kolkata
16668,284,2026-07-24,Kolkata
16669,124,2026-07-27,Delhi
16670,513,2026-07-31,Hyderabad
16671,633,2026-07-02,Mumbai
16672,125,2026-07-07,Delhi
16673,1111,2026-07-09,Mumbai
16674,1213,2026-07-29,Ahmedabad
16675,809,2026-07-10,Delhi
16676,22,2026-07-28,Mumbai
16677,891,2026-07-04,Delhi
16678,1249,2026-07-28,Hyderabad
16679,1102,2026-07-19,Pune
16680,1300,2026-07-20,Kolkata
16681,1593,2026-07-14,Mumbai
16682,1228,2026-07-07,Hyderabad
16683,1466,2026-07-11,Pune
16684,1165,2026-07-27,Hyderabad
16685,851,2026-07-21,Bangalore
16686,1136,2026-07-17,Mumbai
16687,237,2026-07-08,Pune
16688,634,2026-07-05,Mumbai
16689,31,2026-07-28,Mumbai
16690,1217,2026-07-09,Mumbai
16691,177,2026-07-09,Hyderabad
16692,1292,2026-07-24,Hyderabad
16693,576,2026-07-20,Mumbai
16694,686,2026-07-12,Bangalore
16695,768,2026-07-06,Kolkata
16696,1539,2026-07-13,Mumbai
16697,413,2026-07-23,Delhi
16698,74,2026-07-06,Hyderabad
16699,1103,2026-07-03,Pune
16700,269,2026-07-29,Hyderabad
16701,208,2026-07-28,Mumbai
16702,1352,2026-07-03,Delhi
16703,742,2026-07-18,Delhi
16704,1400,2026-07-19,Hyderabad
16705,415,2026-07-21,Pune
16706,1401,2026-07-17,Bangalore
16707,633,2026-07-13,Mumbai
16708,427,2026-07-15,Kolkata
16709,1536,2026-07-13,Mumbai
16710,1560,2026-07-03,Delhi
16711,1535,2026-07-07,Bangalore
16712,1026,2026-07-03,Hyderabad
16713,1175,2026-07-03,Hyderabad
16714,2,2026-07-08,Pune
16715,1058,2026-07-04,Hyderabad
16716,520,2026-07-19,Mumbai
16717,767,2026-07-23,Mumbai
16718,1574,2026-07-04,Hyderabad
16719,730,2026-07-17,Hyderabad
16720,1070,2026-07-07,Kolkata
16721,1424,2026-07-28,Hyderabad
16722,729,2026-07-14,Chennai
16723,1424,2026-07-17,Hyderabad
16724,68,2026-07-29,Ahmedabad
16725,1496,2026-07-21,Bangalore
16726,715,2026-07-23,Chennai
16727,549,2026-07-10,Pune
16728,690,2026-07-18,Kolkata
16729,935,2026-07-04,Pune
16730,332,2026-07-03,Delhi
16731,1049,2026-07-01,Mumbai
16732,26,2026-07-15,Mumbai
16733,265,2026-07-03,Mumbai
16734,681,2026-07-08,Pune
16735,1171,2026-07-20,Delhi
16736,1320,2026-07-10,Bangalore
16737,1204,2026-07-02,Delhi
16738,294,2026-07-17,Delhi
16739,1181,2026-07-11,Hyderabad
16740,1440,2026-07-09,Delhi
16741,1487,2026-07-31,Mumbai
16742,1062,2026-07-24,Ahmedabad
16743,57,2026-07-12,Pune
16744,431,2026-07-03,Mumbai
16745,1483,2026-07-30,Hyderabad
16746,718,2026-07-17,Mumbai
16747,1391,2026-07-08,Pune
16748,1502,2026-07-28,Hyderabad
16749,1472,2026-07-19,Mumbai
16750,1333,2026-07-05,Pune
16751,727,2026-07-31,Hyderabad
16752,1263,2026-07-19,Kolkata
16753,20,2026-07-04,Chennai
16754,1249,2026-07-24,Hyderabad
16755,1007,2026-07-20,Mumbai
16756,1538,2026-07-14,Delhi
16757,896,2026-07-16,Chennai
16758,1308,2026-07-07,Delhi
16759,881,2026-07-14,Hyderabad
16760,1239,2026-07-05,Mumbai
16761,428,2026-07-18,Bangalore
16762,1217,2026-07-20,Mumbai
16763,239,2026-07-13,Ahmedabad
16764,1211,2026-07-23,Hyderabad
16765,810,2026-07-17,Hyderabad
16766,1350,2026-07-16,Ahmedabad
16767,447,2026-07-17,Bangalore
16768,1024,2026-07-28,Hyderabad
16769,1109,2026-07-22,Kolkata
16770,913,2026-07-12,Chennai
16771,933,2026-07-26,Mumbai
16772,1523,2026-07-29,Kolkata
16773,488,2026-07-13,Kolkata
16774,49,2026-07-22,Mumbai
16775,634,2026-07-17,Mumbai
16776,1218,2026-07-29,Mumbai
16777,50,2026-07-11,Hyderabad
16778,1507,2026-07-06,Hyderabad
16779,1036,2026-07-12,Delhi
16780,243,2026-07-18,Bangalore
16781,1206,2026-07-27,Pune
16782,1473,2026-07-24,Mumbai
16783,1494,2026-07-24,Mumbai
16784,1470,2026-07-11,Pune
16785,859,2026-07-25,Hyderabad
16786,1515,2026-07-25,Kolkata
16787,575,2026-07-04,Hyderabad
16788,1168,2026-07-30,Chennai
16789,494,2026-07-30,Ahmedabad
16790,743,2026-07-30,Mumbai
16791,1303,2026-07-09,Mumbai
16792,126,2026-07-30,Chennai
16793,639,2026-07-05,Mumbai
16794,610,2026-07-06,Chennai
16795,713,2026-07-12,Pune
16796,838,2026-07-28,Ahmedabad
16797,616,2026-07-07,Delhi
16798,983,2026-07-20,Pune
16799,327,2026-07-30,Hyderabad
16800,198,2026-07-31,Delhi
16801,817,2026-07-28,Hyderabad
16802,478,2026-07-11,Bangalore
16803,385,2026-07-04,Ahmedabad
16804,532,2026-07-30,Pune
16805,1175,2026-07-16,Hyderabad
16806,1289,2026-07-15,Bangalore
16807,650,2026-07-21,Pune
16808,388,2026-07-04,Ahmedabad
16809,766,2026-07-02,Pune
16810,1255,2026-07-08,Delhi
16811,1434,2026-07-06,Delhi
16812,1384,2026-07-02,Mumbai
16813,899,2026-07-07,Chennai
16814,845,2026-07-14,Bangalore
16815,1195,2026-07-18,Kolkata
16816,440,2026-07-15,Delhi
16817,1393,2026-07-22,Chennai
16818,237,2026-07-05,Pune
16819,561,2026-07-27,Delhi
16820,592,2026-07-04,Delhi
16821,1453,2026-07-04,Hyderabad
16822,1392,2026-07-27,Mumbai
16823,417,2026-07-07,Ahmedabad
16824,257,2026-07-01,Bangalore
16825,1348,2026-07-16,Chennai
16826,1598,2026-07-15,Pune
16827,1182,2026-07-29,Mumbai
16828,169,2026-07-05,Pune
16829,1440,2026-07-09,Delhi
16830,1388,2026-07-19,Delhi
16831,510,2026-07-20,Delhi
16832,636,2026-07-23,Pune
16833,810,2026-07-17,Hyderabad
16834,497,2026-07-12,Bangalore
16835,412,2026-07-06,Pune
16836,360,2026-07-17,Ahmedabad
16837,1576,2026-07-09,Delhi
16838,720,2026-07-26,Hyderabad
16839,451,2026-07-19,Bangalore
16840,653,2026-07-13,Kolkata
16841,648,2026-07-25,Delhi
16842,495,2026-07-14,Bangalore
16843,603,2026-07-11,Bangalore
16844,784,2026-07-03,Ahmedabad
16845,1044,2026-07-19,Delhi
16846,902,2026-07-06,Ahmedabad
16847,1376,2026-07-05,Hyderabad
16848,924,2026-07-18,Delhi
16849,1022,2026-07-20,Pune
16850,985,2026-07-15,Bangalore
16851,377,2026-07-04,Mumbai
16852,1555,2026-07-14,Mumbai
16853,1003,2026-07-07,Hyderabad
16854,1236,2026-07-21,Bangalore
16855,680,2026-07-04,Ahmedabad
16856,802,2026-07-14,Delhi
16857,639,2026-07-04,Mumbai
16858,864,2026-07-22,Delhi
16859,705,2026-07-09,Mumbai
16860,1223,2026-07-16,Mumbai
16861,1302,2026-07-19,Chennai
16862,335,2026-07-03,Delhi
16863,516,2026-07-30,Chennai
16864,270,2026-07-07,Mumbai
16865,1213,2026-07-05,Ahmedabad
16866,605,2026-07-09,Bangalore
16867,1478,2026-07-14,Mumbai
16868,1283,2026-07-14,Chennai
16869,1033,2026-07-16,Chennai
16870,462,2026-07-13,Delhi
16871,1233,2026-07-15,Bangalore
16872,698,2026-07-25,Delhi
16873,644,2026-07-13,Hyderabad
16874,132,2026-07-05,Bangalore
16875,1570,2026-07-02,Mumbai
16876,908,2026-07-22,Mumbai
16877,1476,2026-07-05,Delhi
16878,708,2026-07-08,Mumbai
16879,1372,2026-07-20,Bangalore
16880,831,2026-07-22,Delhi
16881,1218,2026-07-27,Mumbai
16882,767,2026-07-01,Mumbai
16883,249,2026-07-13,Delhi
16884,126,2026-07-10,Chennai
16885,345,2026-07-01,Chennai
16886,77,2026-07-04,Mumbai
16887,661,2026-07-17,Pune
16888,398,2026-07-15,Kolkata
16889,1099,2026-07-02,Pune
16890,26,2026-07-23,Mumbai
16891,474,2026-07-14,Bangalore
16892,116,2026-07-14,Bangalore
16893,442,2026-07-30,Bangalore
16894,126,2026-07-21,Chennai
16895,1006,2026-07-24,Pune
16896,1557,2026-07-20,Pune
16897,1466,2026-07-15,Pune
16898,1071,2026-07-09,Kolkata
16899,732,2026-07-06,Bangalore
16900,980,2026-07-29,Mumbai
16901,81,2026-07-20,Mumbai
16902,1457,2026-07-21,Bangalore
16903,1427,2026-07-07,Mumbai
16904,249,2026-07-07,Delhi
16905,1558,2026-07-09,Pune
16906,1243,2026-07-28,Bangalore
16907,830,2026-07-11,Delhi
16908,1142,2026-07-14,Chennai
16909,366,2026-07-03,Ahmedabad
16910,715,2026-07-09,Chennai
16911,893,2026-07-27,Mumbai
16912,257,2026-07-06,Bangalore
16913,512,2026-07-11,Kolkata
16914,1466,2026-07-10,Pune
16915,1369,2026-07-17,Mumbai
16916,1239,2026-07-24,Mumbai
16917,1395,2026-07-20,Mumbai
16918,1350,2026-07-23,Ahmedabad
16919,486,2026-07-22,Delhi
16920,681,2026-07-27,Pune
16921,1466,2026-07-07,Pune
16922,1390,2026-07-17,Mumbai
16923,240,2026-07-12,Pune
16924,1598,2026-07-21,Pune
16925,270,2026-07-12,Mumbai
16926,1359,2026-07-18,Bangalore
16927,86,2026-07-26,Kolkata
16928,704,2026-07-22,Mumbai
16929,738,2026-07-07,Delhi
16930,1064,2026-07-08,Ahmedabad
16931,163,2026-07-15,Delhi
16932,1220,2026-07-22,Ahmedabad
16933,1289,2026-07-02,Bangalore
16934,592,2026-07-02,Delhi
16935,1395,2026-07-03,Mumbai
16936,255,2026-07-21,Bangalore
16937,1243,2026-07-06,Bangalore
16938,1540,2026-07-03,Ahmedabad
16939,882,2026-07-07,Delhi
16940,187,2026-07-04,Kolkata
16941,1454,2026-07-25,Hyderabad
16942,986,2026-07-23,Mumbai
16943,1026,2026-07-01,Hyderabad
16944,1463,2026-07-25,Chennai
16945,197,2026-07-21,Mumbai
16946,515,2026-07-25,Ahmedabad
16947,1553,2026-07-27,Bangalore
16948,973,2026-07-19,Delhi
16949,553,2026-07-25,Mumbai
16950,1498,2026-07-12,Mumbai
16951,284,2026-07-25,Kolkata
16952,1431,2026-07-02,Kolkata
16953,521,2026-07-04,Hyderabad
16954,187,2026-07-14,Kolkata
16955,702,2026-07-10,Delhi
16956,275,2026-07-22,Ahmedabad
16957,1138,2026-07-05,Bangalore
16958,1557,2026-07-09,Pune
16959,226,2026-07-26,Delhi
16960,825,2026-07-01,Mumbai
16961,749,2026-07-17,Mumbai
16962,1034,2026-07-06,Kolkata
16963,336,2026-07-19,Bangalore
16964,1255,2026-07-11,Delhi
16965,923,2026-07-22,Kolkata
16966,1493,2026-07-15,Mumbai
16967,1542,2026-07-08,Hyderabad
16968,207,2026-07-29,Bangalore
16969,595,2026-07-13,Ahmedabad
16970,1391,2026-07-04,Pune
16971,1337,2026-07-04,Chennai
16972,1534,2026-07-16,Chennai
16973,818,2026-07-05,Chennai
16974,1600,2026-07-15,Ahmedabad
16975,703,2026-07-03,Mumbai
16976,896,2026-07-14,Chennai
16977,1210,2026-07-22,Delhi
16978,448,2026-07-12,Ahmedabad
16979,33,2026-07-20,Chennai
16980,1390,2026-07-29,Mumbai
16981,1127,2026-07-04,Ahmedabad
16982,1452,2026-07-08,Bangalore
16983,1196,2026-07-04,Delhi
16984,81,2026-07-02,Mumbai
16985,983,2026-07-13,Pune
16986,50,2026-07-11,Hyderabad
16987,59,2026-07-24,Bangalore
16988,760,2026-07-30,Mumbai
16989,1193,2026-07-03,Kolkata
16990,1012,2026-07-13,Bangalore
16991,1585,2026-07-22,Bangalore
16992,415,2026-07-16,Pune
16993,368,2026-07-01,Chennai
16994,386,2026-07-17,Hyderabad
16995,1577,2026-07-20,Delhi
16996,334,2026-07-06,Hyderabad
16997,898,2026-07-03,Kolkata
16998,1209,2026-07-04,Delhi
16999,1600,2026-07-05,Ahmedabad
17000,621,2026-07-18,Hyderabad
17001,1111,2026-07-04,Mumbai
17002,1027,2026-07-01,Ahmedabad
17003,1151,2026-07-22,Bangalore
17004,1400,2026-07-10,Hyderabad
17005,139,2026-07-31,Mumbai
17006,1168,2026-07-04,Chennai
17007,25,2026-07-01,Hyderabad
17008,838,2026-07-10,Ahmedabad
17009,540,2026-07-18,Mumbai
17010,1430,2026-07-23,Bangalore
17011,411,2026-07-01,Mumbai
17012,1269,2026-07-21,Bangalore
17013,1072,2026-07-30,Delhi
17014,1029,2026-07-24,Chennai
17015,1362,2026-07-10,Delhi
17016,259,2026-07-01,Pune
17017,1268,2026-07-02,Pune
17018,1153,2026-07-24,Delhi
17019,507,2026-07-27,Bangalore
17020,1327,2026-07-17,Mumbai
17021,1378,2026-07-24,Bangalore
17022,1492,2026-07-31,Mumbai
17023,363,2026-07-16,Delhi
17024,217,2026-07-15,Chennai
17025,584,2026-07-05,Mumbai
17026,103,2026-07-22,Hyderabad
17027,713,2026-07-27,Pune
17028,537,2026-07-19,Hyderabad
17029,563,2026-07-20,Chennai
17030,507,2026-07-14,Bangalore
17031,102,2026-07-20,Chennai
17032,150,2026-07-29,Mumbai
17033,516,2026-07-17,Chennai
17034,605,2026-07-08,Bangalore
17035,1600,2026-07-27,Ahmedabad
17036,865,2026-07-23,Chennai
17037,1438,2026-07-07,Pune
17038,699,2026-07-02,Bangalore
17039,1151,2026-07-11,Bangalore
17040,217,2026-07-05,Chennai
17041,121,2026-07-14,Bangalore
17042,620,2026-07-30,Bangalore
17043,1267,2026-07-03,Delhi
17044,1240,2026-07-14,Delhi
17045,503,2026-07-07,Chennai
17046,7,2026-07-04,Delhi
17047,73,2026-07-09,Delhi
17048,523,2026-07-10,Mumbai
17049,554,2026-07-29,Mumbai
17050,454,2026-07-06,Ahmedabad
17051,664,2026-07-15,Delhi
17052,1395,2026-07-04,Mumbai
17053,862,2026-07-29,Bangalore
17054,272,2026-07-21,Ahmedabad
17055,1010,2026-07-19,Mumbai
17056,1584,2026-07-03,Delhi
17057,939,2026-07-01,Hyderabad
17058,1258,2026-07-11,Kolkata
17059,825,2026-07-03,Mumbai
17060,1220,2026-07-11,Ahmedabad
17061,1526,2026-07-04,Bangalore
17062,40,2026-07-04,Chennai
17063,588,2026-07-09,Ahmedabad
17064,782,2026-07-28,Pune
17065,643,2026-07-20,Delhi
17066,891,2026-07-01,Delhi
17067,962,2026-07-08,Bangalore
17068,1304,2026-07-25,Delhi
17069,1146,2026-07-06,Delhi
17070,902,2026-07-08,Ahmedabad
17071,1050,2026-07-17,Mumbai
17072,531,2026-07-31,Hyderabad
17073,355,2026-07-03,Delhi
17074,1126,2026-07-02,Ahmedabad
17075,695,2026-07-24,Mumbai
17076,542,2026-07-12,Hyderabad
17077,266,2026-07-06,Bangalore
17078,895,2026-07-27,Ahmedabad
17079,103,2026-07-18,Hyderabad
17080,1249,2026-07-18,Hyderabad
17081,1111,2026-07-27,Mumbai
17082,1043,2026-07-06,Mumbai
17083,1151,2026-07-03,Bangalore
17084,1497,2026-07-12,Chennai
17085,1011,2026-07-31,Delhi
17086,1518,2026-07-02,Delhi
17087,932,2026-07-03,Delhi
17088,322,2026-07-29,Mumbai
17089,481,2026-07-29,Mumbai
17090,555,2026-07-15,Chennai
17091,30,2026-07-22,Chennai
17092,502,2026-07-19,Hyderabad
17093,1046,2026-07-21,Delhi
17094,1413,2026-07-31,Chennai
17095,34,2026-07-30,Chennai
17096,330,2026-07-09,Delhi
17097,1100,2026-07-03,Delhi
17098,739,2026-07-08,Bangalore
17099,1533,2026-07-25,Bangalore
17100,582,2026-07-30,Delhi
17101,1511,2026-07-31,Mumbai
17102,1431,2026-07-15,Kolkata
17103,472,2026-07-31,Mumbai
17104,1364,2026-07-01,Bangalore
17105,58,2026-07-17,Hyderabad
17106,996,2026-07-27,Delhi
17107,243,2026-07-02,Bangalore
17108,815,2026-07-07,Pune
17109,787,2026-07-02,Chennai
17110,1431,2026-07-27,Kolkata
17111,1420,2026-07-20,Hyderabad
17112,835,2026-07-06,Mumbai
17113,610,2026-07-06,Chennai
17114,1581,2026-07-09,Ahmedabad
17115,470,2026-07-10,Hyderabad
17116,1158,2026-07-19,Delhi
17117,1285,2026-07-08,Chennai
17118,357,2026-07-15,Ahmedabad
17119,918,2026-07-27,Bangalore
17120,656,2026-07-14,Kolkata
17121,1472,2026-07-25,Mumbai
17122,361,2026-07-27,Hyderabad
17123,518,2026-07-24,Pune
17124,1368,2026-07-31,Mumbai
17125,1501,2026-07-21,Delhi
17126,914,2026-07-09,Bangalore
17127,220,2026-07-14,Chennai
17128,127,2026-07-18,Mumbai
17129,319,2026-07-21,Delhi
17130,704,2026-07-23,Mumbai
17131,1276,2026-07-17,Pune
17132,1241,2026-07-28,Delhi
17133,1144,2026-07-17,Pune
17134,882,2026-07-31,Delhi
17135,984,2026-07-08,Hyderabad
17136,1157,2026-07-23,Delhi
17137,1120,2026-07-23,Chennai
17138,287,2026-07-18,Mumbai
17139,805,2026-07-30,Chennai
17140,1390,2026-07-20,Mumbai
17141,383,2026-07-20,Bangalore
17142,313,2026-07-26,Mumbai
17143,1299,2026-07-04,Chennai
17144,1037,2026-07-10,Ahmedabad
17145,444,2026-07-21,Hyderabad
17146,592,2026-07-09,Delhi
17147,1186,2026-07-26,Chennai
17148,274,2026-07-05,Bangalore
17149,595,2026-07-10,Ahmedabad
17150,909,2026-07-09,Ahmedabad
17151,1327,2026-07-07,Mumbai
17152,1495,2026-07-21,Kolkata
17153,1094,2026-07-12,Chennai
17154,820,2026-07-31,Delhi
17155,1165,2026-07-22,Hyderabad
17156,285,2026-07-21,Hyderabad
17157,1081,2026-07-27,Bangalore
17158,16,2026-07-10,Ahmedabad
17159,1008,2026-07-22,Delhi
17160,1468,2026-07-24,Delhi
17161,1179,2026-07-11,Mumbai
17162,287,2026-07-09,Mumbai
17163,270,2026-07-22,Mumbai
17164,986,2026-07-28,Mumbai
17165,705,2026-07-07,Mumbai
17166,647,2026-07-03,Delhi
17167,1438,2026-07-28,Pune
17168,102,2026-07-18,Chennai
17169,356,2026-07-23,Delhi
17170,743,2026-07-17,Mumbai
17171,5,2026-07-09,Mumbai
17172,894,2026-07-15,Ahmedabad
17173,1184,2026-07-26,Mumbai
17174,269,2026-07-29,Hyderabad
17175,291,2026-07-09,Bangalore
17176,1135,2026-07-09,Ahmedabad
17177,808,2026-07-13,Kolkata
17178,351,2026-07-30,Bangalore
17179,1315,2026-07-21,Bangalore
17180,290,2026-07-17,Delhi
17181,169,2026-07-15,Pune
17182,1119,2026-07-02,Chennai
17183,1187,2026-07-16,Delhi
17184,836,2026-07-15,Hyderabad
17185,23,2026-08-10,Pune
17186,491,2026-08-27,Kolkata
17187,1244,2026-08-23,Ahmedabad
17188,1066,2026-08-30,Delhi
17189,1157,2026-08-16,Delhi
17190,620,2026-08-07,Bangalore
17191,1202,2026-08-10,Pune
17192,336,2026-08-15,Bangalore
17193,108,2026-08-06,Kolkata
17194,415,2026-08-11,Pune
17195,682,2026-08-27,Delhi
17196,116,2026-08-29,Bangalore
17197,14,2026-08-26,Chennai
17198,78,2026-08-29,Kolkata
17199,222,2026-08-17,Chennai
17200,1068,2026-08-20,Delhi
17201,410,2026-08-23,Bangalore
17202,181,2026-08-07,Chennai
17203,1040,2026-08-02,Delhi
17204,513,2026-08-15,Hyderabad
17205,258,2026-08-20,Pune
17206,574,2026-08-31,Mumbai
17207,1344,2026-08-01,Mumbai
17208,1046,2026-08-27,Delhi
17209,94,2026-08-19,Mumbai
17210,137,2026-08-01,Bangalore
17211,1073,2026-08-23,Delhi
17212,1101,2026-08-06,Kolkata
17213,780,2026-08-22,Delhi
17214,598,2026-08-10,Mumbai
17215,101,2026-08-08,Delhi
17216,850,2026-08-02,Delhi
17217,860,2026-08-18,Mumbai
17218,1358,2026-08-31,Mumbai
17219,1456,2026-08-18,Pune
17220,655,2026-08-21,Chennai
17221,1585,2026-08-02,Bangalore
17222,953,2026-08-08,Delhi
17223,155,2026-08-13,Pune
17224,185,2026-08-04,Kolkata
17225,1545,2026-08-26,Chennai
17226,207,2026-08-04,Bangalore
17227,204,2026-08-18,Mumbai
17228,1201,2026-08-01,Mumbai
17229,845,2026-08-13,Bangalore
17230,1330,2026-08-12,Ahmedabad
17231,699,2026-08-12,Bangalore
17232,507,2026-08-17,Bangalore
17233,579,2026-08-12,Mumbai
17234,1146,2026-08-31,Delhi
17235,1095,2026-08-13,Kolkata
17236,382,2026-08-07,Delhi
17237,1274,2026-08-18,Ahmedabad
17238,516,2026-08-22,Chennai
17239,1176,2026-08-10,Hyderabad
17240,456,2026-08-10,Bangalore
17241,297,2026-08-13,Delhi
17242,1423,2026-08-18,Pune
17243,644,2026-08-28,Hyderabad
17244,1526,2026-08-24,Bangalore
17245,277,2026-08-05,Hyderabad
17246,569,2026-08-25,Kolkata
17247,172,2026-08-09,Mumbai
17248,1571,2026-08-16,Delhi
17249,1421,2026-08-07,Hyderabad
17250,1525,2026-08-12,Mumbai
17251,378,2026-08-26,Ahmedabad
17252,1518,2026-08-01,Delhi
17253,188,2026-08-16,Mumbai
17254,339,2026-08-12,Delhi
17255,1295,2026-08-16,Mumbai
17256,1190,2026-08-16,Delhi
17257,1273,2026-08-31,Ahmedabad
17258,444,2026-08-04,Hyderabad
17259,1268,2026-08-01,Pune
17260,1483,2026-08-24,Hyderabad
17261,631,2026-08-17,Chennai
17262,397,2026-08-15,Mumbai
17263,107,2026-08-28,Bangalore
17264,273,2026-08-14,Kolkata
17265,412,2026-08-05,Pune
17266,1340,2026-08-13,Hyderabad
17267,1499,2026-08-04,Hyderabad
17268,1357,2026-08-31,Hyderabad
17269,478,2026-08-31,Bangalore
17270,456,2026-08-02,Bangalore
17271,236,2026-08-31,Chennai
17272,1537,2026-08-23,Hyderabad
17273,1161,2026-08-17,Ahmedabad
17274,1154,2026-08-09,Bangalore
17275,1344,2026-08-07,Mumbai
17276,472,2026-08-28,Mumbai
17277,79,2026-08-04,Delhi
17278,1221,2026-08-24,Bangalore
17279,1449,2026-08-08,Chennai
17280,988,2026-08-07,Bangalore
17281,1045,2026-08-02,Chennai
17282,1424,2026-08-19,Hyderabad
17283,1020,2026-08-31,Kolkata
17284,633,2026-08-23,Mumbai
17285,1474,2026-08-20,Bangalore
17286,535,2026-08-12,Chennai
17287,1434,2026-08-02,Delhi
17288,973,2026-08-21,Delhi
17289,1347,2026-08-22,Mumbai
17290,650,2026-08-19,Pune
17291,1158,2026-08-29,Delhi
17292,1249,2026-08-22,Hyderabad
17293,571,2026-08-04,Chennai
17294,1073,2026-08-10,Delhi
17295,519,2026-08-04,Ahmedabad
17296,1357,2026-08-04,Hyderabad
17297,1411,2026-08-17,Ahmedabad
17298,613,2026-08-31,Chennai
17299,65,2026-08-18,Delhi
17300,847,2026-08-27,Pune
17301,1125,2026-08-25,Hyderabad
17302,428,2026-08-03,Bangalore
17303,1322,2026-08-13,Delhi
17304,970,2026-08-19,Hyderabad
17305,457,2026-08-04,Bangalore
17306,116,2026-08-12,Bangalore
17307,879,2026-08-02,Bangalore
17308,1012,2026-08-13,Bangalore
17309,32,2026-08-31,Delhi
17310,221,2026-08-10,Mumbai
17311,1277,2026-08-10,Bangalore
17312,980,2026-08-04,Mumbai
17313,119,2026-08-10,Ahmedabad
17314,748,2026-08-20,Mumbai
17315,1188,2026-08-26,Kolkata
17316,344,2026-08-16,Bangalore
17317,807,2026-08-22,Bangalore
17318,30,2026-08-14,Chennai
17319,396,2026-08-21,Chennai
17320,1091,2026-08-01,Bangalore
17321,1235,2026-08-21,Mumbai
17322,130,2026-08-17,Mumbai
17323,817,2026-08-30,Hyderabad
17324,409,2026-08-07,Bangalore
17325,1151,2026-08-15,Bangalore
17326,625,2026-08-29,Kolkata
17327,1560,2026-08-15,Delhi
17328,81,2026-08-19,Mumbai
17329,696,2026-08-25,Bangalore
17330,762,2026-08-01,Mumbai
17331,790,2026-08-29,Kolkata
17332,1569,2026-08-01,Pune
17333,707,2026-08-25,Pune
17334,494,2026-08-01,Ahmedabad
17335,297,2026-08-26,Delhi
17336,1095,2026-08-07,Kolkata
17337,213,2026-08-26,Mumbai
17338,896,2026-08-28,Chennai
17339,486,2026-08-12,Delhi
17340,1167,2026-08-06,Ahmedabad
17341,1255,2026-08-14,Delhi
17342,183,2026-08-05,Kolkata
17343,853,2026-08-05,Delhi
17344,1485,2026-08-17,Chennai
17345,378,2026-08-14,Ahmedabad
17346,1044,2026-08-15,Delhi
17347,878,2026-08-20,Hyderabad
17348,616,2026-08-16,Delhi
17349,137,2026-08-14,Bangalore
17350,1329,2026-08-07,Mumbai
17351,234,2026-08-20,Hyderabad
17352,1390,2026-08-06,Mumbai
17353,225,2026-08-27,Bangalore
17354,519,2026-08-15,Ahmedabad
17355,792,2026-08-25,Delhi
17356,922,2026-08-25,Delhi
17357,686,2026-08-12,Bangalore
17358,839,2026-08-20,Chennai
17359,187,2026-08-05,Kolkata
17360,1566,2026-08-24,Delhi
17361,566,2026-08-31,Mumbai
17362,840,2026-08-12,Mumbai
17363,1519,2026-08-19,Pune
17364,1505,2026-08-16,Mumbai
17365,1424,2026-08-29,Hyderabad
17366,106,2026-08-26,Chennai
17367,590,2026-08-01,Delhi
17368,816,2026-08-20,Mumbai
17369,202,2026-08-06,Delhi
17370,264,2026-08-19,Kolkata
17371,566,2026-08-28,Mumbai
17372,1393,2026-08-16,Chennai
17373,780,2026-08-07,Delhi
17374,1077,2026-08-07,Chennai
17375,1157,2026-08-25,Delhi
17376,1126,2026-08-31,Ahmedabad
17377,178,2026-08-03,Bangalore
17378,349,2026-08-31,Chennai
17379,1057,2026-08-07,Chennai
17380,869,2026-08-01,Bangalore
17381,737,2026-08-04,Bangalore
17382,952,2026-08-22,Delhi
17383,1436,2026-08-11,Chennai
17384,830,2026-08-05,Delhi
17385,1352,2026-08-16,Delhi
17386,655,2026-08-20,Chennai
17387,194,2026-08-27,Mumbai
17388,686,2026-08-26,Bangalore
17389,790,2026-08-02,Kolkata
17390,754,2026-08-21,Chennai
17391,1141,2026-08-27,Ahmedabad
17392,181,2026-08-24,Chennai
17393,1143,2026-08-09,Bangalore
17394,694,2026-08-19,Bangalore
17395,850,2026-08-01,Delhi
17396,1460,2026-08-23,Delhi
17397,1075,2026-08-01,Mumbai
17398,1044,2026-08-06,Delhi
17399,169,2026-08-03,Pune
17400,1356,2026-08-02,Bangalore
17401,613,2026-08-26,Chennai
17402,1570,2026-08-07,Mumbai
17403,1556,2026-08-06,Pune
17404,1153,2026-08-23,Delhi
17405,1147,2026-08-15,Mumbai
17406,724,2026-08-24,Mumbai
17407,310,2026-08-02,Hyderabad
17408,271,2026-08-04,Bangalore
17409,93,2026-08-19,Delhi
17410,501,2026-08-30,Bangalore
17411,443,2026-08-21,Mumbai
17412,1043,2026-08-06,Mumbai
17413,610,2026-08-02,Chennai
17414,908,2026-08-28,Mumbai
17415,1235,2026-08-10,Mumbai
17416,977,2026-08-08,Bangalore
17417,1097,2026-08-19,Delhi
17418,1286,2026-08-02,Mumbai
17419,546,2026-08-04,Pune
17420,1199,2026-08-01,Delhi
17421,160,2026-08-01,Ahmedabad
17422,444,2026-08-31,Hyderabad
17423,535,2026-08-02,Chennai
17424,711,2026-08-27,Mumbai
17425,644,2026-08-29,Hyderabad
17426,1140,2026-08-07,Pune
17427,354,2026-08-30,Delhi
17428,1393,2026-08-16,Chennai
17429,483,2026-08-21,Bangalore
17430,245,2026-08-03,Kolkata
17431,74,2026-08-30,Hyderabad
17432,1096,2026-08-15,Delhi
17433,1518,2026-08-04,Delhi
17434,1562,2026-08-28,Hyderabad
17435,1469,2026-08-08,Mumbai
17436,1391,2026-08-06,Pune
17437,548,2026-08-27,Ahmedabad
17438,622,2026-08-01,Bangalore
17439,906,2026-08-12,Pune
17440,461,2026-08-20,Delhi
17441,1339,2026-08-05,Bangalore
17442,969,2026-08-11,Chennai
17443,140,2026-08-28,Bangalore
17444,1457,2026-08-10,Bangalore
17445,1332,2026-08-15,Pune
17446,535,2026-08-29,Chennai
17447,1003,2026-08-04,Hyderabad
17448,528,2026-08-09,Pune
17449,70,2026-08-10,Kolkata
17450,84,2026-08-11,Chennai
17451,199,2026-08-03,Ahmedabad
17452,1467,2026-08-08,Delhi
17453,72,2026-08-28,Hyderabad
17454,251,2026-08-12,Chennai
17455,710,2026-08-19,Mumbai
17456,273,2026-08-17,Kolkata
17457,875,2026-08-28,Delhi
17458,1350,2026-08-25,Ahmedabad
17459,283,2026-08-16,Chennai
17460,164,2026-08-23,Delhi
17461,808,2026-08-15,Kolkata
17462,11,2026-08-03,Delhi
17463,380,2026-08-23,Hyderabad
17464,1160,2026-08-01,Delhi
17465,1284,2026-08-31,Delhi
17466,1327,2026-08-14,Mumbai
17467,1018,2026-08-21,Bangalore
17468,349,2026-08-11,Chennai
17469,749,2026-08-21,Mumbai
17470,939,2026-08-11,Hyderabad
17471,193,2026-08-20,Kolkata
17472,1250,2026-08-23,Chennai
17473,467,2026-08-22,Delhi
17474,1281,2026-08-14,Mumbai
17475,669,2026-08-13,Delhi
17476,29,2026-08-09,Bangalore
17477,1197,2026-08-03,Bangalore
17478,986,2026-08-01,Mumbai
17479,953,2026-08-05,Delhi
17480,1497,2026-08-01,Chennai
17481,1269,2026-08-07,Bangalore
17482,423,2026-08-27,Bangalore
17483,81,2026-08-02,Mumbai
17484,1066,2026-08-18,Delhi
17485,717,2026-08-24,Delhi
17486,845,2026-08-24,Bangalore
17487,238,2026-08-14,Mumbai
17488,1422,2026-08-22,Hyderabad
17489,1416,2026-08-09,Hyderabad
17490,1586,2026-08-26,Delhi
17491,555,2026-08-07,Chennai
17492,985,2026-08-02,Bangalore
17493,1108,2026-08-17,Mumbai
17494,557,2026-08-23,Pune
17495,1353,2026-08-26,Pune
17496,1284,2026-08-10,Delhi
17497,894,2026-08-21,Ahmedabad
17498,763,2026-08-22,Mumbai
17499,556,2026-08-20,Delhi
17500,1267,2026-08-01,Delhi
17501,1067,2026-08-20,Mumbai
17502,129,2026-08-15,Hyderabad
17503,1548,2026-08-19,Bangalore
17504,292,2026-08-12,Pune
17505,802,2026-08-15,Delhi
17506,1400,2026-08-09,Hyderabad
17507,1016,2026-08-11,Delhi
17508,408,2026-08-15,Chennai
17509,109,2026-08-14,Chennai
17510,1256,2026-08-25,Bangalore
17511,273,2026-08-31,Kolkata
17512,452,2026-08-10,Bangalore
17513,511,2026-08-31,Kolkata
17514,140,2026-08-01,Bangalore
17515,1243,2026-08-16,Bangalore
17516,689,2026-08-08,Bangalore
17517,583,2026-08-08,Ahmedabad
17518,1033,2026-08-05,Chennai
17519,1491,2026-08-04,Chennai
17520,371,2026-08-12,Bangalore
17521,483,2026-08-19,Bangalore
17522,109,2026-08-31,Chennai
17523,1177,2026-08-15,Bangalore
17524,1109,2026-08-17,Kolkata
17525,1315,2026-08-05,Bangalore
17526,103,2026-08-04,Hyderabad
17527,845,2026-08-10,Bangalore
17528,1008,2026-08-07,Delhi
17529,1388,2026-08-01,Delhi
17530,224,2026-08-19,Hyderabad
17531,96,2026-08-28,Mumbai
17532,934,2026-08-26,Mumbai
17533,243,2026-08-26,Bangalore
17534,1407,2026-08-19,Delhi
17535,1021,2026-08-30,Hyderabad
17536,1106,2026-08-31,Chennai
17537,640,2026-08-05,Kolkata
17538,1482,2026-08-18,Mumbai
17539,619,2026-08-05,Hyderabad
17540,1311,2026-08-08,Bangalore
17541,1416,2026-08-13,Hyderabad
17542,607,2026-08-08,Ahmedabad
17543,1097,2026-08-14,Delhi
17544,1362,2026-08-26,Delhi
17545,490,2026-08-14,Hyderabad
17546,178,2026-08-04,Bangalore
17547,987,2026-08-20,Pune
17548,883,2026-08-19,Chennai
17549,1387,2026-08-11,Bangalore
17550,1565,2026-08-30,Mumbai
17551,1133,2026-08-11,Bangalore
17552,814,2026-08-18,Delhi
17553,701,2026-08-20,Pune
17554,512,2026-08-27,Kolkata
17555,632,2026-08-09,Ahmedabad
17556,1280,2026-08-15,Hyderabad
17557,910,2026-08-26,Bangalore
17558,220,2026-08-12,Chennai
17559,209,2026-08-28,Mumbai
17560,786,2026-08-21,Kolkata
17561,457,2026-08-17,Bangalore
17562,333,2026-08-17,Delhi
17563,1407,2026-08-23,Delhi
17564,621,2026-08-22,Hyderabad
17565,130,2026-08-29,Mumbai
17566,1346,2026-08-08,Mumbai
17567,247,2026-08-17,Mumbai
17568,811,2026-08-17,Bangalore
17569,513,2026-08-30,Hyderabad
17570,1163,2026-08-24,Delhi
17571,620,2026-08-19,Bangalore
17572,328,2026-08-01,Pune
17573,1329,2026-08-22,Mumbai
17574,1237,2026-08-10,Mumbai
17575,49,2026-08-28,Mumbai
17576,302,2026-08-06,Mumbai
17577,701,2026-08-27,Pune
17578,837,2026-08-12,Mumbai
17579,551,2026-08-25,Ahmedabad
17580,621,2026-08-24,Hyderabad
17581,348,2026-08-07,Delhi
17582,1100,2026-08-02,Delhi
17583,738,2026-08-31,Delhi
17584,75,2026-08-28,Kolkata
17585,775,2026-08-17,Chennai
17586,1368,2026-08-12,Mumbai
17587,236,2026-08-17,Chennai
17588,440,2026-08-29,Delhi
17589,629,2026-08-01,Bangalore
17590,622,2026-08-17,Bangalore
17591,335,2026-08-18,Delhi
17592,241,2026-08-03,Bangalore
17593,958,2026-08-31,Pune
17594,1523,2026-08-03,Kolkata
17595,161,2026-08-31,Delhi
17596,445,2026-08-11,Chennai
17597,248,2026-08-30,Bangalore
17598,1150,2026-08-08,Mumbai
17599,1421,2026-08-09,Hyderabad
17600,834,2026-08-21,Pune
17601,1000,2026-08-02,Mumbai
17602,743,2026-08-06,Mumbai
17603,1429,2026-08-10,Kolkata
17604,1342,2026-08-25,Chennai
17605,423,2026-08-05,Bangalore
17606,729,2026-08-28,Chennai
17607,1438,2026-08-02,Pune
17608,947,2026-08-02,Kolkata
17609,1348,2026-08-30,Chennai
17610,1418,2026-08-12,Delhi
17611,1040,2026-08-05,Delhi
17612,1429,2026-08-22,Kolkata
17613,467,2026-08-31,Delhi
17614,208,2026-08-15,Mumbai
17615,153,2026-08-08,Kolkata
17616,72,2026-08-17,Hyderabad
17617,510,2026-08-21,Delhi
17618,6,2026-08-15,Mumbai
17619,522,2026-08-23,Delhi
17620,502,2026-08-23,Hyderabad
17621,404,2026-08-27,Pune
17622,1153,2026-08-01,Delhi
17623,378,2026-08-23,Ahmedabad
17624,1271,2026-08-05,Delhi
17625,910,2026-08-19,Bangalore
17626,1201,2026-08-03,Mumbai
17627,1198,2026-08-01,Chennai
17628,667,2026-08-10,Mumbai
17629,824,2026-08-21,Bangalore
17630,1025,2026-08-07,Ahmedabad
17631,1253,2026-08-20,Hyderabad
17632,1541,2026-08-09,Hyderabad
17633,1556,2026-08-17,Pune
17634,941,2026-08-29,Delhi
17635,556,2026-08-05,Delhi
17636,906,2026-08-01,Pune
17637,657,2026-08-23,Mumbai
17638,1423,2026-08-17,Pune
17639,817,2026-08-03,Hyderabad
17640,1108,2026-08-03,Mumbai
17641,698,2026-08-18,Delhi
17642,771,2026-08-20,Pune
17643,881,2026-08-30,Hyderabad
17644,770,2026-08-18,Mumbai
17645,1456,2026-08-15,Pune
17646,173,2026-08-10,Hyderabad
17647,413,2026-08-23,Delhi
17648,934,2026-08-20,Mumbai
17649,847,2026-08-18,Pune
17650,1600,2026-08-25,Ahmedabad
17651,797,2026-08-28,Mumbai
17652,119,2026-08-27,Ahmedabad
17653,1185,2026-08-05,Mumbai
17654,855,2026-08-08,Delhi
17655,506,2026-08-14,Hyderabad
17656,1196,2026-08-31,Delhi
17657,861,2026-08-12,Chennai
17658,362,2026-08-19,Pune
17659,1589,2026-08-04,Hyderabad
17660,1054,2026-08-22,Pune
17661,1022,2026-08-23,Pune
17662,1152,2026-08-28,Chennai
17663,1105,2026-08-31,Bangalore
17664,353,2026-08-08,Delhi
17665,197,2026-08-05,Mumbai
17666,851,2026-08-30,Bangalore
17667,538,2026-08-27,Mumbai
17668,315,2026-08-03,Kolkata
17669,652,2026-08-28,Hyderabad
17670,1082,2026-08-14,Mumbai
17671,1085,2026-08-29,Delhi
17672,426,2026-08-27,Delhi
17673,940,2026-08-17,Ahmedabad
17674,1341,2026-08-14,Hyderabad
17675,848,2026-08-11,Delhi
17676,1274,2026-08-12,Ahmedabad
17677,1511,2026-08-17,Mumbai
17678,1448,2026-08-06,Kolkata
17679,612,2026-08-16,Pune
17680,216,2026-08-15,Delhi
17681,592,2026-08-08,Delhi
17682,911,2026-08-30,Pune
17683,775,2026-08-22,Chennai
17684,564,2026-08-05,Kolkata
17685,685,2026-08-08,Hyderabad
17686,1357,2026-08-18,Hyderabad
17687,1458,2026-08-26,Chennai
17688,1570,2026-08-19,Mumbai
17689,246,2026-08-03,Pune
17690,55,2026-08-14,Pune
17691,60,2026-08-13,Bangalore
17692,135,2026-08-06,Mumbai
17693,587,2026-08-04,Pune
17694,1143,2026-08-23,Bangalore
17695,1215,2026-08-22,Ahmedabad
17696,1128,2026-08-09,Mumbai
17697,594,2026-08-10,Mumbai
17698,1286,2026-08-23,Mumbai
17699,37,2026-08-17,Bangalore
17700,612,2026-08-14,Pune
17701,1451,2026-08-18,Pune
17702,1012,2026-08-13,Bangalore
17703,660,2026-08-06,Ahmedabad
17704,602,2026-08-24,Mumbai
17705,1291,2026-08-27,Mumbai
17706,1555,2026-08-13,Mumbai
17707,1577,2026-08-26,Delhi
17708,982,2026-08-09,Hyderabad
17709,1324,2026-08-21,Pune
17710,350,2026-08-30,Chennai
17711,789,2026-08-23,Chennai
17712,314,2026-08-16,Delhi
17713,994,2026-08-12,Pune
17714,502,2026-08-16,Hyderabad
17715,837,2026-08-18,Mumbai
17716,1155,2026-08-01,Hyderabad
17717,1375,2026-08-23,Delhi
17718,437,2026-08-16,Mumbai
17719,167,2026-08-25,Bangalore
17720,1248,2026-08-26,Bangalore
17721,951,2026-08-06,Hyderabad
17722,1263,2026-08-20,Kolkata
17723,2,2026-08-20,Pune
17724,541,2026-08-19,Pune
17725,488,2026-08-10,Kolkata
17726,599,2026-08-22,Pune
17727,1548,2026-08-24,Bangalore
17728,775,2026-08-04,Chennai
17729,587,2026-08-06,Pune
17730,792,2026-08-20,Delhi
17731,373,2026-08-28,Delhi
17732,401,2026-08-27,Delhi
17733,249,2026-08-13,Delhi
17734,132,2026-08-12,Bangalore
17735,1140,2026-08-16,Pune
17736,132,2026-08-05,Bangalore
17737,1278,2026-08-12,Hyderabad
17738,867,2026-08-16,Delhi
17739,901,2026-08-12,Bangalore
17740,375,2026-08-10,Bangalore
17741,1483,2026-08-09,Hyderabad
17742,451,2026-08-31,Bangalore
17743,1322,2026-08-21,Delhi
17744,167,2026-08-25,Bangalore
17745,145,2026-08-11,Mumbai
17746,1549,2026-08-18,Mumbai
17747,279,2026-08-09,Bangalore
17748,42,2026-08-27,Pune
17749,611,2026-08-11,Mumbai
17750,845,2026-08-14,Bangalore
17751,720,2026-08-22,Hyderabad
17752,682,2026-08-17,Delhi
17753,96,2026-08-29,Mumbai
17754,1509,2026-08-18,Delhi
17755,1552,2026-08-27,Chennai
17756,1312,2026-08-30,Delhi
17757,794,2026-08-06,Mumbai
17758,1479,2026-08-23,Mumbai
17759,120,2026-08-22,Mumbai
17760,886,2026-08-12,Bangalore
17761,1389,2026-08-28,Hyderabad
17762,173,2026-08-19,Hyderabad
17763,29,2026-08-13,Bangalore
17764,373,2026-08-15,Delhi
17765,1045,2026-08-15,Chennai
17766,960,2026-08-09,Pune
17767,992,2026-08-19,Ahmedabad
17768,376,2026-08-13,Hyderabad
17769,917,2026-08-16,Pune
17770,92,2026-08-13,Bangalore
17771,1281,2026-08-09,Mumbai
17772,866,2026-08-18,Hyderabad
17773,1184,2026-08-29,Mumbai
17774,1002,2026-08-26,Pune
17775,452,2026-08-27,Bangalore
17776,1361,2026-08-02,Mumbai
17777,126,2026-08-13,Chennai
17778,261,2026-08-15,Delhi
17779,977,2026-08-06,Bangalore
17780,303,2026-08-10,Bangalore
17781,1578,2026-08-11,Hyderabad
17782,470,2026-08-26,Hyderabad
17783,1598,2026-08-27,Pune
17784,243,2026-08-29,Bangalore
17785,955,2026-08-01,Delhi
17786,692,2026-08-11,Bangalore
17787,1292,2026-08-31,Hyderabad
17788,392,2026-08-26,Mumbai
17789,1109,2026-08-09,Kolkata
17790,41,2026-08-09,Delhi
17791,495,2026-08-14,Bangalore
17792,195,2026-08-23,Delhi
17793,726,2026-08-28,Bangalore
17794,699,2026-08-24,Bangalore
17795,108,2026-08-07,Kolkata
17796,241,2026-08-18,Bangalore
17797,803,2026-08-21,Mumbai
17798,45,2026-08-14,Kolkata
17799,1368,2026-08-17,Mumbai
17800,214,2026-08-06,Mumbai
17801,864,2026-08-16,Delhi
17802,660,2026-08-11,Ahmedabad
17803,893,2026-08-21,Mumbai
17804,711,2026-08-19,Mumbai
17805,131,2026-08-12,Mumbai
17806,417,2026-08-17,Ahmedabad
17807,1507,2026-08-29,Hyderabad
17808,500,2026-08-04,Delhi
17809,282,2026-08-14,Chennai
17810,1103,2026-08-28,Pune
17811,448,2026-08-16,Ahmedabad
17812,1021,2026-08-12,Hyderabad
17813,870,2026-08-30,Pune
17814,1126,2026-08-01,Ahmedabad
17815,231,2026-08-08,Bangalore
17816,984,2026-08-27,Hyderabad
17817,306,2026-08-04,Pune
17818,345,2026-08-02,Chennai
17819,1575,2026-08-03,Bangalore
17820,1387,2026-08-27,Bangalore
17821,1148,2026-08-29,Bangalore
17822,656,2026-08-21,Kolkata
17823,1418,2026-08-30,Delhi
17824,1445,2026-08-06,Pune
17825,148,2026-08-11,Mumbai
17826,438,2026-08-06,Hyderabad
17827,963,2026-08-04,Bangalore
17828,1334,2026-08-22,Chennai
17829,1166,2026-08-08,Hyderabad
17830,202,2026-08-06,Delhi
17831,923,2026-08-12,Kolkata
17832,10,2026-08-20,Chennai
17833,291,2026-08-21,Bangalore
17834,311,2026-08-04,Hyderabad
17835,1471,2026-08-01,Pune
17836,1348,2026-08-06,Chennai
17837,1020,2026-08-01,Kolkata
17838,706,2026-08-17,Delhi
17839,508,2026-08-27,Mumbai
17840,1261,2026-08-13,Mumbai
17841,1489,2026-08-23,Mumbai
17842,487,2026-08-22,Chennai
17843,1520,2026-08-11,Bangalore
17844,764,2026-08-07,Pune
17845,1452,2026-08-05,Bangalore
17846,968,2026-08-21,Bangalore
17847,330,2026-08-27,Delhi
17848,237,2026-08-27,Pune
17849,1146,2026-08-19,Delhi
17850,1268,2026-08-21,Pune
17851,957,2026-08-22,Delhi
17852,1496,2026-08-06,Bangalore
17853,1291,2026-08-09,Mumbai
17854,399,2026-08-07,Hyderabad
17855,577,2026-08-19,Delhi
17856,350,2026-08-25,Chennai
17857,967,2026-08-31,Mumbai
17858,1014,2026-08-14,Kolkata
17859,480,2026-08-02,Kolkata
17860,947,2026-08-11,Kolkata
17861,889,2026-08-26,Ahmedabad
17862,1383,2026-08-16,Hyderabad
17863,156,2026-08-06,Hyderabad
17864,302,2026-08-23,Mumbai
17865,1289,2026-08-02,Bangalore
17866,565,2026-08-07,Chennai
17867,683,2026-08-02,Bangalore
17868,482,2026-08-14,Mumbai
17869,765,2026-08-23,Bangalore
17870,101,2026-08-14,Delhi
17871,1585,2026-08-30,Bangalore
17872,1353,2026-08-12,Pune
17873,794,2026-08-23,Mumbai
17874,1105,2026-08-08,Bangalore
17875,1594,2026-08-25,Mumbai
17876,659,2026-08-09,Mumbai
17877,1477,2026-08-13,Kolkata
17878,1386,2026-08-21,Delhi
17879,794,2026-08-05,Mumbai
17880,754,2026-08-17,Chennai
17881,987,2026-08-16,Pune
17882,1427,2026-08-30,Mumbai
17883,455,2026-08-26,Bangalore
17884,769,2026-08-24,Mumbai
17885,559,2026-08-07,Bangalore
17886,488,2026-08-22,Kolkata
17887,1046,2026-08-28,Delhi
17888,506,2026-08-29,Hyderabad
17889,124,2026-08-05,Delhi
17890,450,2026-08-15,Chennai
17891,213,2026-08-28,Mumbai
17892,1432,2026-08-17,Bangalore
17893,89,2026-08-11,Chennai
17894,23,2026-08-29,Pune
17895,117,2026-08-29,Mumbai
17896,595,2026-08-06,Ahmedabad
17897,165,2026-08-20,Delhi
17898,534,2026-08-26,Hyderabad
17899,359,2026-08-25,Delhi
17900,9,2026-08-05,Mumbai
17901,780,2026-08-23,Delhi
17902,1214,2026-08-10,Delhi
17903,1193,2026-08-21,Kolkata
17904,122,2026-08-24,Kolkata
17905,1550,2026-08-01,Pune
17906,1527,2026-08-31,Chennai
17907,91,2026-08-17,Delhi
17908,1033,2026-08-23,Chennai
17909,603,2026-08-08,Bangalore
17910,1520,2026-08-13,Bangalore
17911,927,2026-08-16,Hyderabad
17912,612,2026-08-31,Pune
17913,1173,2026-08-23,Delhi
17914,961,2026-08-20,Ahmedabad
17915,476,2026-08-20,Ahmedabad
17916,630,2026-08-22,Delhi
17917,483,2026-08-21,Bangalore
17918,1007,2026-08-18,Mumbai
17919,1598,2026-08-21,Pune
17920,758,2026-08-10,Bangalore
17921,1184,2026-08-23,Mumbai
17922,1307,2026-08-19,Bangalore
17923,687,2026-08-09,Pune
17924,522,2026-08-07,Delhi
17925,938,2026-08-11,Mumbai
17926,946,2026-08-29,Hyderabad
17927,51,2026-08-31,Bangalore
17928,382,2026-08-23,Delhi
17929,1557,2026-08-09,Pune
17930,606,2026-08-01,Bangalore
17931,419,2026-08-29,Mumbai
17932,881,2026-08-17,Hyderabad
17933,571,2026-08-28,Chennai
17934,803,2026-08-30,Mumbai
17935,290,2026-08-17,Delhi
17936,171,2026-08-16,Chennai
17937,748,2026-08-09,Mumbai
17938,1463,2026-08-18,Chennai
17939,991,2026-08-04,Delhi
17940,455,2026-08-31,Bangalore
17941,795,2026-08-26,Pune
17942,140,2026-08-25,Bangalore
17943,1305,2026-08-17,Mumbai
17944,653,2026-08-28,Kolkata
17945,1230,2026-08-26,Chennai
17946,1340,2026-08-28,Hyderabad
17947,1578,2026-08-02,Hyderabad
17948,1185,2026-08-18,Mumbai
17949,665,2026-08-13,Pune
17950,147,2026-08-07,Kolkata
17951,701,2026-08-08,Pune
17952,1136,2026-08-12,Mumbai
17953,1506,2026-08-07,Mumbai
17954,75,2026-08-02,Kolkata
17955,995,2026-08-22,Bangalore
17956,946,2026-08-15,Hyderabad
17957,1377,2026-08-26,Chennai
17958,895,2026-08-30,Ahmedabad
17959,1490,2026-08-01,Pune
17960,1277,2026-08-23,Bangalore
17961,528,2026-08-23,Pune
17962,1110,2026-08-15,Hyderabad
17963,745,2026-08-16,Chennai
17964,1338,2026-08-29,Mumbai
17965,1431,2026-08-20,Kolkata
17966,625,2026-08-14,Kolkata
17967,119,2026-08-15,Ahmedabad
17968,378,2026-08-22,Ahmedabad
17969,219,2026-08-16,Bangalore
17970,876,2026-08-29,Delhi
17971,996,2026-08-14,Delhi
17972,1344,2026-08-08,Mumbai
17973,306,2026-08-03,Pune
17974,810,2026-08-17,Hyderabad
17975,963,2026-08-18,Bangalore
17976,394,2026-08-26,Bangalore
17977,442,2026-08-19,Bangalore
17978,823,2026-08-01,Chennai
17979,285,2026-08-25,Hyderabad
17980,959,2026-08-22,Chennai
17981,743,2026-08-26,Mumbai
17982,1364,2026-08-25,Bangalore
17983,350,2026-08-18,Chennai
17984,1019,2026-08-28,Ahmedabad
17985,1055,2026-08-07,Delhi
17986,1091,2026-08-24,Bangalore
17987,1016,2026-08-03,Delhi
17988,308,2026-08-14,Pune
17989,1478,2026-08-01,Mumbai
17990,438,2026-08-08,Hyderabad
17991,1234,2026-08-07,Hyderabad
17992,8,2026-08-23,Hyderabad
17993,827,2026-08-08,Hyderabad
17994,1345,2026-08-24,Chennai
17995,1015,2026-08-01,Chennai
17996,1128,2026-08-22,Mumbai
17997,356,2026-08-20,Delhi
17998,234,2026-08-28,Hyderabad
17999,1582,2026-08-02,Mumbai
18000,821,2026-08-20,Hyderabad
18001,64,2026-08-02,Pune
18002,775,2026-08-31,Chennai
18003,1398,2026-08-13,Delhi
18004,560,2026-08-14,Kolkata
18005,1353,2026-08-28,Pune
18006,1109,2026-08-24,Kolkata
18007,690,2026-08-15,Kolkata
18008,804,2026-08-12,Kolkata
18009,1360,2026-08-05,Bangalore
18010,1453,2026-08-13,Hyderabad
18011,26,2026-08-15,Mumbai
18012,1350,2026-08-01,Ahmedabad
18013,132,2026-08-07,Bangalore
18014,329,2026-08-23,Bangalore
18015,863,2026-08-15,Mumbai
18016,1257,2026-08-27,Kolkata
18017,958,2026-08-25,Pune
18018,1468,2026-08-05,Delhi
18019,347,2026-08-19,Pune
18020,339,2026-08-18,Delhi
18021,398,2026-08-14,Kolkata
18022,1109,2026-08-12,Kolkata
18023,1168,2026-08-31,Chennai
18024,75,2026-08-09,Kolkata
18025,179,2026-08-04,Delhi
18026,302,2026-08-02,Mumbai
18027,634,2026-08-21,Mumbai
18028,641,2026-08-05,Kolkata
18029,343,2026-08-01,Delhi
18030,804,2026-08-08,Kolkata
18031,1358,2026-08-04,Mumbai
18032,1131,2026-08-29,Ahmedabad
18033,57,2026-08-22,Pune
18034,887,2026-08-27,Mumbai
18035,388,2026-08-29,Ahmedabad
18036,929,2026-08-26,Hyderabad
18037,31,2026-08-07,Mumbai
18038,401,2026-08-25,Delhi
18039,669,2026-08-18,Delhi
18040,680,2026-08-05,Ahmedabad
18041,777,2026-08-23,Delhi
18042,687,2026-08-26,Pune
18043,657,2026-08-11,Mumbai
18044,1339,2026-08-02,Bangalore
18045,112,2026-08-01,Delhi
18046,280,2026-08-08,Bangalore
18047,623,2026-08-02,Mumbai
18048,1525,2026-08-05,Mumbai
18049,185,2026-08-28,Kolkata
18050,216,2026-08-16,Delhi
18051,148,2026-08-28,Mumbai
18052,74,2026-08-04,Hyderabad
18053,1210,2026-08-18,Delhi
18054,271,2026-08-12,Bangalore
18055,232,2026-08-12,Chennai
18056,180,2026-08-06,Kolkata
18057,1571,2026-08-14,Delhi
18058,931,2026-08-12,Hyderabad
18059,760,2026-08-29,Mumbai
18060,361,2026-08-21,Hyderabad
18061,882,2026-08-06,Delhi
18062,848,2026-08-27,Delhi
18063,926,2026-08-03,Mumbai
18064,1167,2026-08-20,Ahmedabad
18065,682,2026-08-16,Delhi
18066,348,2026-08-28,Delhi
18067,204,2026-08-14,Mumbai
18068,342,2026-08-14,Ahmedabad
18069,945,2026-08-26,Bangalore
18070,257,2026-08-29,Bangalore
18071,59,2026-08-25,Bangalore
18072,1575,2026-08-26,Bangalore
18073,655,2026-08-29,Chennai
18074,1563,2026-08-17,Bangalore
18075,842,2026-08-06,Mumbai
18076,1566,2026-08-05,Delhi
18077,347,2026-08-30,Pune
18078,755,2026-08-11,Pune
18079,640,2026-08-13,Kolkata
18080,990,2026-08-11,Delhi
18081,1004,2026-08-30,Hyderabad
18082,369,2026-08-08,Mumbai
18083,1367,2026-08-26,Delhi
18084,1317,2026-08-31,Ahmedabad
18085,779,2026-08-26,Kolkata
18086,274,2026-08-07,Bangalore
18087,1045,2026-08-03,Chennai
18088,90,2026-08-31,Ahmedabad
18089,81,2026-08-07,Mumbai
18090,1274,2026-08-18,Ahmedabad
18091,985,2026-08-16,Bangalore
18092,12,2026-08-26,Delhi
18093,199,2026-08-23,Ahmedabad
18094,649,2026-08-04,Hyderabad
18095,89,2026-08-06,Chennai
18096,140,2026-08-23,Bangalore
18097,900,2026-08-23,Mumbai
18098,1279,2026-08-25,Bangalore
18099,574,2026-08-17,Mumbai
18100,736,2026-08-30,Ahmedabad
18101,954,2026-08-11,Mumbai
18102,1239,2026-08-03,Mumbai
18103,156,2026-08-13,Hyderabad
18104,1421,2026-08-18,Hyderabad
18105,918,2026-08-23,Bangalore
18106,344,2026-08-24,Bangalore
18107,1391,2026-08-22,Pune
18108,637,2026-08-13,Mumbai
18109,607,2026-08-20,Ahmedabad
18110,1281,2026-08-03,Mumbai
18111,1501,2026-08-27,Delhi
18112,410,2026-08-15,Bangalore
18113,1024,2026-08-29,Hyderabad
18114,760,2026-08-21,Mumbai
18115,699,2026-08-10,Bangalore
18116,238,2026-08-13,Mumbai
18117,686,2026-08-25,Bangalore
18118,1122,2026-08-21,Pune
18119,5,2026-08-22,Mumbai
18120,152,2026-08-24,Ahmedabad
18121,341,2026-08-26,Hyderabad
18122,805,2026-08-21,Chennai
18123,1542,2026-08-04,Hyderabad
18124,356,2026-08-28,Delhi
18125,549,2026-08-20,Pune
18126,494,2026-08-27,Ahmedabad
18127,772,2026-08-10,Pune
18128,1055,2026-08-03,Delhi
18129,1257,2026-08-26,Kolkata
18130,1134,2026-08-27,Delhi
18131,1448,2026-08-04,Kolkata
18132,827,2026-08-23,Hyderabad
18133,1238,2026-08-18,Bangalore
18134,752,2026-08-08,Mumbai
18135,81,2026-08-18,Mumbai
18136,268,2026-08-29,Bangalore
18137,142,2026-08-28,Ahmedabad
18138,371,2026-08-20,Bangalore
18139,626,2026-08-13,Chennai
18140,717,2026-08-18,Delhi
18141,612,2026-08-24,Pune
18142,192,2026-08-02,Bangalore
18143,1179,2026-08-06,Mumbai
18144,1400,2026-08-24,Hyderabad
18145,1347,2026-08-16,Mumbai
18146,427,2026-08-31,Kolkata
18147,1219,2026-08-16,Bangalore
18148,1114,2026-08-02,Bangalore
18149,819,2026-08-27,Delhi
18150,1427,2026-08-30,Mumbai
18151,691,2026-08-21,Hyderabad
18152,451,2026-08-21,Bangalore
18153,163,2026-08-23,Delhi
18154,1413,2026-08-31,Chennai
18155,962,2026-08-04,Bangalore
18156,208,2026-08-13,Mumbai
18157,1050,2026-08-13,Mumbai
18158,1452,2026-08-06,Bangalore
18159,742,2026-08-15,Delhi
18160,1486,2026-08-29,Delhi
18161,818,2026-08-26,Chennai
18162,425,2026-08-31,Delhi
18163,1594,2026-08-15,Mumbai
18164,1169,2026-08-04,Delhi
18165,247,2026-08-09,Mumbai
18166,530,2026-08-23,Delhi
18167,707,2026-08-16,Pune
18168,248,2026-08-13,Bangalore
18169,201,2026-08-11,Bangalore
18170,749,2026-08-05,Mumbai
18171,1159,2026-08-07,Pune
18172,72,2026-08-10,Hyderabad
18173,776,2026-08-22,Hyderabad
18174,56,2026-08-14,Mumbai
18175,1596,2026-08-06,Ahmedabad
18176,509,2026-08-14,Chennai
18177,574,2026-08-24,Mumbai
18178,1547,2026-08-09,Kolkata
18179,1164,2026-08-21,Ahmedabad
18180,1594,2026-08-23,Mumbai
18181,248,2026-08-12,Bangalore
18182,409,2026-08-07,Bangalore
18183,1330,2026-08-03,Ahmedabad
18184,1324,2026-08-15,Pune
18185,526,2026-08-18,Kolkata
18186,310,2026-08-12,Hyderabad
18187,1346,2026-08-21,Mumbai
18188,1229,2026-08-10,Ahmedabad
18189,437,2026-08-02,Mumbai
18190,1156,2026-08-13,Mumbai
18191,1371,2026-08-29,Pune
18192,1026,2026-08-04,Hyderabad
18193,411,2026-08-16,Mumbai
18194,1247,2026-08-05,Pune
18195,9,2026-08-09,Mumbai
18196,912,2026-08-28,Mumbai
18197,228,2026-08-29,Hyderabad
18198,988,2026-08-02,Bangalore
18199,1250,2026-08-05,Chennai
18200,1161,2026-08-05,Ahmedabad
18201,922,2026-08-12,Delhi
18202,440,2026-08-26,Delhi
18203,745,2026-08-29,Chennai
18204,1553,2026-08-06,Bangalore
18205,88,2026-08-21,Pune
18206,1170,2026-08-25,Bangalore
18207,1261,2026-08-28,Mumbai
18208,771,2026-08-13,Pune
18209,1202,2026-08-16,Pune
18210,1361,2026-08-06,Mumbai
18211,52,2026-08-09,Bangalore
18212,1011,2026-08-17,Delhi
18213,469,2026-08-05,Kolkata
18214,1200,2026-08-01,Kolkata
18215,1093,2026-08-05,Kolkata
18216,1489,2026-08-08,Mumbai
18217,475,2026-08-25,Pune
18218,1586,2026-08-07,Delhi
18219,1567,2026-08-03,Kolkata
18220,1447,2026-08-28,Kolkata
18221,809,2026-08-06,Delhi
18222,755,2026-08-23,Pune
18223,884,2026-08-10,Ahmedabad
18224,779,2026-08-09,Kolkata
18225,1488,2026-08-20,Bangalore
18226,1079,2026-08-01,Kolkata
18227,674,2026-08-14,Mumbai
18228,1463,2026-08-10,Chennai
18229,1127,2026-08-26,Ahmedabad
18230,568,2026-08-23,Mumbai
18231,104,2026-08-27,Pune
18232,1431,2026-08-11,Kolkata
18233,1477,2026-08-27,Kolkata
18234,553,2026-08-25,Mumbai
18235,1223,2026-08-14,Mumbai
18236,311,2026-08-25,Hyderabad
18237,1003,2026-08-20,Hyderabad
18238,872,2026-08-11,Mumbai
18239,54,2026-08-02,Bangalore
18240,1375,2026-08-13,Delhi
18241,391,2026-08-08,Delhi
18242,1101,2026-08-11,Kolkata
18243,516,2026-08-04,Chennai
18244,920,2026-08-14,Mumbai
18245,492,2026-08-29,Hyderabad
18246,1480,2026-08-26,Delhi
18247,128,2026-08-03,Delhi
18248,1477,2026-08-09,Kolkata
18249,847,2026-08-31,Pune
18250,1319,2026-08-22,Ahmedabad
18251,680,2026-08-12,Ahmedabad
18252,1182,2026-08-08,Mumbai
18253,192,2026-08-14,Bangalore
18254,1146,2026-08-03,Delhi
18255,1513,2026-08-06,Delhi
18256,997,2026-08-10,Delhi
18257,80,2026-08-13,Kolkata
18258,1360,2026-08-31,Bangalore
18259,340,2026-08-04,Chennai
18260,782,2026-08-13,Pune
18261,1479,2026-08-19,Mumbai
18262,22,2026-08-14,Mumbai
18263,523,2026-08-22,Mumbai
18264,1397,2026-08-09,Delhi
18265,266,2026-08-21,Bangalore
18266,416,2026-08-24,Hyderabad
18267,1240,2026-08-28,Delhi
18268,1123,2026-08-30,Mumbai
18269,1252,2026-08-15,Chennai
18270,729,2026-08-03,Chennai
18271,646,2026-08-27,Delhi
18272,597,2026-08-22,Mumbai
18273,1476,2026-08-16,Delhi
18274,730,2026-08-06,Hyderabad
18275,1204,2026-08-16,Delhi
18276,643,2026-08-05,Delhi
18277,694,2026-08-23,Bangalore
18278,526,2026-08-19,Kolkata
18279,1183,2026-08-02,Chennai
18280,993,2026-08-03,Hyderabad
18281,810,2026-08-26,Hyderabad
18282,999,2026-08-15,Hyderabad
18283,1537,2026-08-07,Hyderabad
18284,1419,2026-08-30,Mumbai
18285,1409,2026-08-12,Ahmedabad
18286,572,2026-08-19,Bangalore
18287,1574,2026-08-29,Hyderabad
18288,137,2026-08-27,Bangalore
18289,1309,2026-08-14,Chennai
18290,733,2026-08-30,Ahmedabad
18291,1059,2026-08-27,Kolkata
18292,658,2026-08-21,Hyderabad
18293,1541,2026-08-07,Hyderabad
18294,454,2026-08-23,Ahmedabad
18295,428,2026-08-28,Bangalore
18296,818,2026-08-14,Chennai
18297,533,2026-08-19,Chennai
18298,254,2026-08-22,Bangalore
18299,1200,2026-08-08,Kolkata
18300,1546,2026-08-07,Mumbai
18301,999,2026-08-07,Hyderabad
18302,158,2026-08-22,Pune
18303,1508,2026-08-14,Delhi
18304,1312,2026-08-27,Delhi
18305,1475,2026-08-09,Ahmedabad
18306,923,2026-08-09,Kolkata
18307,1271,2026-08-14,Delhi
18308,147,2026-08-18,Kolkata
18309,1281,2026-08-10,Mumbai
18310,1107,2026-08-27,Kolkata
18311,1159,2026-08-10,Pune
18312,930,2026-08-13,Mumbai
18313,832,2026-08-25,Delhi
18314,735,2026-08-11,Mumbai
18315,491,2026-08-31,Kolkata
18316,1219,2026-08-26,Bangalore
18317,248,2026-08-16,Bangalore
18318,813,2026-08-23,Delhi
18319,394,2026-08-12,Bangalore
18320,442,2026-08-05,Bangalore
18321,870,2026-08-24,Pune
18322,1579,2026-08-14,Bangalore
18323,461,2026-08-13,Delhi
18324,218,2026-08-28,Bangalore
18325,687,2026-08-23,Pune
18326,844,2026-08-06,Ahmedabad
18327,814,2026-08-26,Delhi
18328,703,2026-08-25,Mumbai
18329,416,2026-08-06,Hyderabad
18330,809,2026-08-02,Delhi
18331,1579,2026-08-23,Bangalore
18332,1399,2026-08-10,Bangalore
18333,1102,2026-08-25,Pune
18334,151,2026-08-09,Bangalore
18335,359,2026-08-30,Delhi
18336,452,2026-08-29,Bangalore
18337,726,2026-08-07,Bangalore
18338,318,2026-08-04,Hyderabad
18339,540,2026-08-07,Mumbai
18340,1427,2026-08-02,Mumbai
18341,901,2026-08-31,Bangalore
18342,1578,2026-08-15,Hyderabad
18343,936,2026-08-22,Chennai
18344,1503,2026-08-17,Kolkata
18345,1131,2026-08-22,Ahmedabad
18346,939,2026-08-10,Hyderabad
18347,648,2026-08-12,Delhi
18348,892,2026-08-27,Kolkata
18349,1233,2026-08-09,Bangalore
18350,356,2026-08-17,Delhi
18351,1579,2026-08-20,Bangalore
18352,877,2026-08-22,Ahmedabad
18353,1062,2026-08-27,Ahmedabad
18354,300,2026-08-28,Ahmedabad
18355,252,2026-08-03,Hyderabad
18356,1346,2026-08-05,Mumbai
18357,1365,2026-08-31,Bangalore
18358,298,2026-08-26,Pune
18359,1295,2026-08-18,Mumbai
18360,155,2026-08-15,Pune
18361,1062,2026-08-01,Ahmedabad
18362,741,2026-08-23,Pune
18363,325,2026-08-12,Mumbai
18364,456,2026-08-20,Bangalore
18365,832,2026-08-09,Delhi
18366,957,2026-08-05,Delhi
18367,1038,2026-08-29,Delhi
18368,59,2026-08-18,Bangalore
18369,525,2026-08-22,Hyderabad
18370,627,2026-08-08,Bangalore
18371,242,2026-08-01,Hyderabad
18372,1023,2026-08-24,Chennai
18373,299,2026-08-29,Mumbai
18374,419,2026-08-27,Mumbai
18375,736,2026-08-17,Ahmedabad
18376,1269,2026-08-31,Bangalore
18377,312,2026-08-04,Bangalore
18378,722,2026-08-20,Bangalore
18379,1101,2026-08-03,Kolkata
18380,313,2026-08-17,Mumbai
18381,1530,2026-08-14,Mumbai
18382,959,2026-08-17,Chennai
18383,110,2026-08-15,Mumbai
18384,56,2026-08-23,Mumbai
18385,1176,2026-08-11,Hyderabad
18386,210,2026-08-06,Chennai
18387,1372,2026-08-21,Bangalore
18388,408,2026-08-05,Chennai
18389,1062,2026-08-10,Ahmedabad
18390,1370,2026-08-16,Chennai
18391,1162,2026-08-16,Delhi
18392,1589,2026-08-21,Hyderabad
18393,488,2026-08-20,Kolkata
18394,1484,2026-08-24,Bangalore
18395,1275,2026-08-26,Mumbai
18396,269,2026-08-13,Hyderabad
18397,560,2026-08-21,Kolkata
18398,822,2026-08-03,Hyderabad
18399,1586,2026-08-27,Delhi
18400,810,2026-08-11,Hyderabad
18401,1598,2026-08-03,Pune
18402,526,2026-08-17,Kolkata
18403,432,2026-08-03,Delhi
18404,1539,2026-08-16,Mumbai
18405,664,2026-08-24,Delhi
18406,1288,2026-08-23,Mumbai
18407,1181,2026-08-20,Hyderabad
18408,1379,2026-08-07,Kolkata
18409,1212,2026-08-11,Bangalore
18410,573,2026-08-02,Kolkata
18411,1155,2026-08-08,Hyderabad
18412,1563,2026-08-19,Bangalore
18413,708,2026-08-13,Mumbai
18414,1396,2026-08-05,Delhi
18415,10,2026-08-27,Chennai
18416,636,2026-08-01,Pune
18417,1354,2026-08-22,Hyderabad
18418,1207,2026-08-07,Delhi
18419,144,2026-08-30,Delhi
18420,1600,2026-08-07,Ahmedabad
18421,249,2026-08-26,Delhi
18422,139,2026-08-13,Mumbai
18423,449,2026-08-21,Bangalore
18424,870,2026-08-09,Pune
18425,956,2026-08-01,Kolkata
18426,555,2026-08-14,Chennai
18427,170,2026-08-17,Mumbai
18428,462,2026-08-20,Delhi
18429,1428,2026-08-06,Pune
18430,703,2026-08-31,Mumbai
18431,222,2026-08-31,Chennai
18432,1132,2026-08-13,Ahmedabad
18433,1045,2026-08-23,Chennai
18434,351,2026-08-17,Bangalore
18435,1556,2026-08-03,Pune
18436,579,2026-08-19,Mumbai
18437,1245,2026-08-20,Delhi
18438,687,2026-08-28,Pune
18439,740,2026-08-10,Chennai
18440,149,2026-08-15,Ahmedabad
18441,827,2026-08-09,Hyderabad
18442,112,2026-08-22,Delhi
18443,144,2026-08-06,Delhi
18444,394,2026-08-18,Bangalore
18445,320,2026-08-22,Chennai
18446,1275,2026-08-25,Mumbai
18447,1511,2026-08-22,Mumbai
18448,1107,2026-08-28,Kolkata
18449,266,2026-08-06,Bangalore
18450,1499,2026-08-17,Hyderabad
18451,1577,2026-08-01,Delhi
18452,258,2026-08-19,Pune
18453,1117,2026-08-05,Bangalore
18454,692,2026-08-08,Bangalore
18455,1426,2026-08-31,Hyderabad
18456,912,2026-08-15,Mumbai
18457,1143,2026-08-08,Bangalore
18458,1249,2026-08-12,Hyderabad
18459,784,2026-08-05,Ahmedabad
18460,782,2026-08-24,Pune
18461,989,2026-08-27,Kolkata
18462,1336,2026-08-22,Delhi
18463,1381,2026-08-04,Mumbai
18464,1555,2026-08-22,Mumbai
18465,1583,2026-08-31,Kolkata
18466,300,2026-08-29,Ahmedabad
18467,386,2026-08-26,Hyderabad
18468,125,2026-08-01,Delhi
18469,959,2026-08-20,Chennai
18470,1008,2026-08-29,Delhi
18471,242,2026-08-04,Hyderabad
18472,1289,2026-08-14,Bangalore
18473,850,2026-08-30,Delhi
18474,422,2026-08-28,Mumbai
18475,1058,2026-08-28,Hyderabad
18476,882,2026-08-24,Delhi
18477,1532,2026-08-24,Ahmedabad
18478,428,2026-08-01,Bangalore
18479,1502,2026-08-26,Hyderabad
18480,1024,2026-08-04,Hyderabad
18481,5,2026-08-12,Mumbai
18482,111,2026-08-16,Chennai
18483,1097,2026-08-26,Delhi
18484,980,2026-08-20,Mumbai
18485,511,2026-08-19,Kolkata
18486,928,2026-08-09,Bangalore
18487,1276,2026-08-28,Pune
18488,248,2026-08-09,Bangalore
18489,232,2026-08-07,Chennai
18490,1556,2026-08-10,Pune
18491,1037,2026-08-04,Ahmedabad
18492,911,2026-08-18,Pune
18493,842,2026-08-31,Mumbai
18494,473,2026-08-23,Chennai
18495,537,2026-08-30,Hyderabad
18496,788,2026-08-16,Hyderabad
18497,1577,2026-08-25,Delhi
18498,731,2026-08-31,Mumbai
18499,1320,2026-08-01,Bangalore
18500,167,2026-08-25,Bangalore
18501,580,2026-08-21,Hyderabad
18502,814,2026-08-09,Delhi
18503,1485,2026-08-21,Chennai
18504,1129,2026-08-02,Mumbai
18505,977,2026-08-28,Bangalore
18506,476,2026-08-02,Ahmedabad
18507,161,2026-08-03,Delhi
18508,72,2026-08-23,Hyderabad
18509,1167,2026-08-08,Ahmedabad
18510,494,2026-08-13,Ahmedabad
18511,1136,2026-08-21,Mumbai
18512,824,2026-08-30,Bangalore
18513,1123,2026-08-09,Mumbai
18514,918,2026-08-20,Bangalore
18515,333,2026-08-21,Delhi
18516,768,2026-08-21,Kolkata
18517,1379,2026-08-18,Kolkata
18518,1516,2026-08-06,Bangalore
18519,976,2026-08-21,Delhi
18520,747,2026-08-15,Kolkata
18521,191,2026-08-28,Delhi
18522,718,2026-08-17,Mumbai
18523,371,2026-08-14,Bangalore
18524,606,2026-08-03,Bangalore
18525,828,2026-08-03,Kolkata
18526,905,2026-08-27,Hyderabad
18527,1397,2026-08-10,Delhi
18528,1529,2026-08-01,Mumbai
18529,1087,2026-08-21,Hyderabad
18530,1578,2026-08-20,Hyderabad
18531,355,2026-08-16,Delhi
18532,198,2026-08-25,Delhi
18533,523,2026-08-27,Mumbai
18534,726,2026-08-31,Bangalore
18535,429,2026-08-09,Delhi
18536,742,2026-08-13,Delhi
18537,502,2026-08-07,Hyderabad
18538,1537,2026-08-08,Hyderabad
18539,1328,2026-08-03,Mumbai
18540,554,2026-08-24,Mumbai
18541,253,2026-08-01,Hyderabad
18542,678,2026-08-01,Ahmedabad
18543,844,2026-08-21,Ahmedabad
18544,1449,2026-08-09,Chennai
18545,920,2026-08-20,Mumbai
18546,1184,2026-08-20,Mumbai
18547,888,2026-08-27,Chennai
18548,1390,2026-08-08,Mumbai
18549,1074,2026-08-15,Chennai
18550,614,2026-08-06,Chennai
18551,898,2026-08-21,Kolkata
18552,988,2026-08-28,Bangalore
18553,1509,2026-08-19,Delhi
18554,1134,2026-08-25,Delhi
18555,636,2026-08-06,Pune
18556,1336,2026-08-26,Delhi
18557,1233,2026-08-31,Bangalore
18558,1267,2026-08-23,Delhi
18559,374,2026-08-13,Mumbai
18560,358,2026-08-12,Mumbai
18561,758,2026-08-06,Bangalore
18562,1406,2026-08-10,Delhi
18563,1558,2026-08-25,Pune
18564,260,2026-08-23,Bangalore
18565,32,2026-08-07,Delhi
18566,1062,2026-08-11,Ahmedabad
18567,773,2026-08-18,Chennai
18568,677,2026-08-04,Mumbai
18569,251,2026-08-10,Chennai
18570,1358,2026-08-19,Mumbai
18571,439,2026-08-17,Hyderabad
18572,1511,2026-08-17,Mumbai
18573,1089,2026-08-22,Delhi
18574,893,2026-08-20,Mumbai
18575,990,2026-08-24,Delhi
18576,1197,2026-08-23,Bangalore
18577,369,2026-08-21,Mumbai
18578,294,2026-08-11,Delhi
18579,921,2026-08-05,Mumbai
18580,251,2026-08-01,Chennai
18581,669,2026-08-24,Delhi
18582,1364,2026-08-13,Bangalore
18583,697,2026-08-16,Mumbai
18584,744,2026-08-27,Bangalore
18585,1412,2026-08-16,Chennai
18586,346,2026-08-18,Chennai
18587,894,2026-08-27,Ahmedabad
18588,1183,2026-08-19,Chennai
18589,431,2026-08-19,Mumbai
18590,561,2026-08-15,Delhi
18591,907,2026-08-04,Mumbai
18592,1319,2026-08-06,Ahmedabad
18593,789,2026-08-15,Chennai
18594,1297,2026-08-19,Mumbai
18595,516,2026-08-29,Chennai
18596,1315,2026-08-31,Bangalore
18597,1592,2026-08-28,Pune
18598,1541,2026-08-07,Hyderabad
18599,298,2026-08-14,Pune
18600,1221,2026-08-04,Bangalore
18601,1564,2026-08-31,Mumbai
18602,1416,2026-08-01,Hyderabad
18603,353,2026-08-22,Delhi
18604,552,2026-08-04,Delhi
18605,784,2026-08-30,Ahmedabad
18606,853,2026-08-07,Delhi
18607,1502,2026-08-31,Hyderabad
18608,1271,2026-08-03,Delhi
18609,809,2026-08-15,Delhi
18610,253,2026-08-01,Hyderabad
18611,376,2026-08-12,Hyderabad
18612,714,2026-08-02,Chennai
18613,468,2026-08-28,Delhi
18614,195,2026-08-30,Delhi
18615,1489,2026-08-12,Mumbai
18616,1194,2026-08-08,Chennai
18617,1471,2026-08-15,Pune
18618,966,2026-08-21,Delhi
18619,969,2026-08-12,Chennai
18620,599,2026-08-11,Pune
18621,800,2026-08-02,Delhi
18622,309,2026-08-24,Ahmedabad
18623,645,2026-08-25,Mumbai
18624,744,2026-08-11,Bangalore
18625,1511,2026-08-19,Mumbai
18626,558,2026-08-01,Mumbai
18627,792,2026-08-15,Delhi
18628,1530,2026-08-04,Mumbai
18629,1382,2026-08-07,Delhi
18630,1325,2026-08-06,Delhi
18631,39,2026-08-23,Chennai
18632,1462,2026-08-10,Pune
18633,925,2026-08-14,Ahmedabad
18634,1552,2026-08-03,Chennai
18635,352,2026-08-21,Delhi
18636,1520,2026-08-04,Bangalore
18637,45,2026-08-31,Kolkata
18638,210,2026-08-19,Chennai
18639,493,2026-08-31,Chennai
18640,417,2026-08-12,Ahmedabad
18641,845,2026-08-25,Bangalore
18642,287,2026-08-14,Mumbai
18643,967,2026-08-30,Mumbai
18644,308,2026-08-19,Pune
18645,637,2026-08-03,Mumbai
18646,701,2026-08-21,Pune
18647,410,2026-08-03,Bangalore
18648,1364,2026-08-21,Bangalore
18649,189,2026-08-25,Pune
18650,31,2026-08-06,Mumbai
18651,1,2026-08-23,Chennai
18652,1208,2026-08-30,Hyderabad
18653,649,2026-08-02,Hyderabad
18654,1039,2026-08-21,Chennai
18655,750,2026-08-29,Delhi
18656,137,2026-08-31,Bangalore
18657,1032,2026-08-11,Delhi
18658,1052,2026-08-06,Bangalore
18659,317,2026-08-29,Pune
18660,371,2026-08-24,Bangalore
18661,1186,2026-08-20,Chennai
18662,445,2026-08-06,Chennai
18663,405,2026-08-17,Pune
18664,576,2026-08-29,Mumbai
18665,997,2026-08-12,Delhi
18666,963,2026-08-19,Bangalore
18667,641,2026-08-29,Kolkata
18668,877,2026-08-14,Ahmedabad
18669,155,2026-08-06,Pune
18670,612,2026-08-18,Pune
18671,386,2026-08-26,Hyderabad
18672,489,2026-08-21,Bangalore
18673,1504,2026-08-14,Chennai
18674,450,2026-08-26,Chennai
18675,1322,2026-08-15,Delhi
18676,1448,2026-08-27,Kolkata
18677,585,2026-08-17,Chennai
18678,528,2026-08-12,Pune
18679,329,2026-08-17,Bangalore
18680,1570,2026-08-29,Mumbai
18681,886,2026-08-05,Bangalore
18682,627,2026-08-13,Bangalore
18683,1436,2026-08-19,Chennai
18684,433,2026-08-09,Mumbai
18685,1015,2026-08-21,Chennai
18686,1221,2026-08-03,Bangalore
18687,692,2026-08-10,Bangalore
18688,193,2026-08-21,Kolkata
18689,1414,2026-08-04,Chennai
18690,485,2026-08-31,Bangalore
18691,896,2026-08-15,Chennai
18692,1319,2026-08-17,Ahmedabad
18693,386,2026-08-17,Hyderabad
18694,427,2026-08-24,Kolkata
18695,875,2026-08-27,Delhi
18696,833,2026-08-29,Hyderabad
18697,864,2026-08-02,Delhi
18698,1132,2026-08-24,Ahmedabad
18699,1500,2026-08-31,Chennai
18700,1171,2026-08-08,Delhi
18701,32,2026-08-20,Delhi
18702,1243,2026-08-27,Bangalore
18703,1119,2026-08-20,Chennai
18704,1551,2026-08-20,Mumbai
18705,659,2026-08-13,Mumbai
18706,538,2026-08-11,Mumbai
18707,560,2026-08-05,Kolkata
18708,969,2026-08-17,Chennai
18709,161,2026-08-22,Delhi
18710,1078,2026-08-19,Mumbai
18711,1011,2026-08-01,Delhi
18712,1018,2026-08-01,Bangalore
18713,242,2026-08-30,Hyderabad
18714,447,2026-08-25,Bangalore
18715,1128,2026-08-24,Mumbai
18716,1521,2026-08-27,Delhi
18717,665,2026-08-24,Pune
18718,1067,2026-08-01,Mumbai
18719,58,2026-08-30,Hyderabad
18720,917,2026-08-21,Pune
18721,47,2026-08-07,Bangalore
18722,433,2026-08-04,Mumbai
18723,1380,2026-08-06,Hyderabad
18724,1002,2026-08-13,Pune
18725,1147,2026-08-18,Mumbai
18726,937,2026-08-05,Bangalore
18727,593,2026-08-19,Pune
18728,740,2026-08-07,Chennai
18729,284,2026-08-08,Kolkata
18730,64,2026-08-15,Pune
18731,727,2026-08-25,Hyderabad
18732,763,2026-08-03,Mumbai
18733,598,2026-08-10,Mumbai
18734,671,2026-08-14,Bangalore
18735,1103,2026-08-04,Pune
18736,127,2026-08-14,Mumbai
18737,382,2026-08-02,Delhi
18738,356,2026-08-24,Delhi
18739,1211,2026-08-15,Hyderabad
18740,1386,2026-08-18,Delhi
18741,78,2026-08-30,Kolkata
18742,1497,2026-08-16,Chennai
18743,936,2026-08-24,Chennai
18744,1415,2026-08-14,Bangalore
18745,286,2026-08-28,Hyderabad
18746,1149,2026-08-25,Delhi
18747,1220,2026-09-22,Ahmedabad
18748,1496,2026-09-21,Bangalore
18749,928,2026-09-17,Bangalore
18750,1519,2026-09-30,Pune
18751,1148,2026-09-15,Bangalore
18752,721,2026-09-30,Bangalore
18753,1260,2026-09-11,Mumbai
18754,752,2026-09-03,Mumbai
18755,809,2026-09-07,Delhi
18756,1122,2026-09-14,Pune
18757,1567,2026-09-06,Kolkata
18758,1068,2026-09-24,Delhi
18759,316,2026-09-24,Pune
18760,681,2026-09-28,Pune
18761,907,2026-09-21,Mumbai
18762,704,2026-09-21,Mumbai
18763,93,2026-09-20,Delhi
18764,262,2026-09-03,Chennai
18765,1581,2026-09-27,Ahmedabad
18766,940,2026-09-07,Ahmedabad
18767,980,2026-09-23,Mumbai
18768,1092,2026-09-30,Bangalore
18769,582,2026-09-15,Delhi
18770,417,2026-09-18,Ahmedabad
18771,949,2026-09-27,Ahmedabad
18772,1562,2026-09-01,Hyderabad
18773,550,2026-09-23,Kolkata
18774,38,2026-09-18,Ahmedabad
18775,11,2026-09-21,Delhi
18776,41,2026-09-28,Delhi
18777,512,2026-09-02,Kolkata
18778,225,2026-09-18,Bangalore
18779,1070,2026-09-29,Kolkata
18780,1084,2026-09-29,Mumbai
18781,839,2026-09-29,Chennai
18782,1232,2026-09-10,Bangalore
18783,1147,2026-09-28,Mumbai
18784,199,2026-09-14,Ahmedabad
18785,934,2026-09-07,Mumbai
18786,694,2026-09-23,Bangalore
18787,1380,2026-09-06,Hyderabad
18788,375,2026-09-16,Bangalore
18789,415,2026-09-26,Pune
18790,513,2026-09-09,Hyderabad
18791,1059,2026-09-29,Kolkata
18792,1143,2026-09-20,Bangalore
18793,1334,2026-09-01,Chennai
18794,48,2026-09-17,Bangalore
18795,23,2026-09-12,Pune
18796,1193,2026-09-18,Kolkata
18797,223,2026-09-03,Chennai
18798,311,2026-09-10,Hyderabad
18799,1215,2026-09-15,Ahmedabad
18800,1148,2026-09-03,Bangalore
18801,202,2026-09-20,Delhi
18802,485,2026-09-08,Bangalore
18803,41,2026-09-09,Delhi
18804,592,2026-09-08,Delhi
18805,497,2026-09-18,Bangalore
18806,1510,2026-09-05,Delhi
18807,1257,2026-09-10,Kolkata
18808,452,2026-09-14,Bangalore
18809,397,2026-09-30,Mumbai
18810,1540,2026-09-25,Ahmedabad
18811,340,2026-09-28,Chennai
18812,1156,2026-09-12,Mumbai
18813,986,2026-09-27,Mumbai
18814,409,2026-09-17,Bangalore
18815,1010,2026-09-19,Mumbai
18816,1193,2026-09-04,Kolkata
18817,467,2026-09-11,Delhi
18818,389,2026-09-07,Hyderabad
18819,1362,2026-09-26,Delhi
18820,944,2026-09-21,Bangalore
18821,171,2026-09-24,Chennai
18822,541,2026-09-17,Pune
18823,352,2026-09-07,Delhi
18824,553,2026-09-30,Mumbai
18825,639,2026-09-19,Mumbai
18826,1520,2026-09-03,Bangalore
18827,1146,2026-09-11,Delhi
18828,296,2026-09-30,Mumbai
18829,1511,2026-09-08,Mumbai
18830,667,2026-09-09,Mumbai
18831,1494,2026-09-04,Mumbai
18832,984,2026-09-25,Hyderabad
18833,1041,2026-09-13,Delhi
18834,418,2026-09-28,Pune
18835,973,2026-09-27,Delhi
18836,310,2026-09-01,Hyderabad
18837,647,2026-09-03,Delhi
18838,746,2026-09-19,Ahmedabad
18839,571,2026-09-15,Chennai
18840,70,2026-09-13,Kolkata
18841,768,2026-09-30,Kolkata
18842,1446,2026-09-10,Ahmedabad
18843,979,2026-09-23,Chennai
18844,1470,2026-09-14,Pune
18845,1082,2026-09-10,Mumbai
18846,422,2026-09-07,Mumbai
18847,1463,2026-09-08,Chennai
18848,273,2026-09-04,Kolkata
18849,950,2026-09-20,Pune
18850,1597,2026-09-30,Pune
18851,254,2026-09-26,Bangalore
18852,599,2026-09-20,Pune
18853,1109,2026-09-16,Kolkata
18854,602,2026-09-07,Mumbai
18855,507,2026-09-21,Bangalore
18856,589,2026-09-22,Delhi
18857,1112,2026-09-03,Bangalore
18858,1296,2026-09-06,Pune
18859,653,2026-09-13,Kolkata
18860,1060,2026-09-28,Bangalore
18861,1290,2026-09-09,Mumbai
18862,1481,2026-09-09,Chennai
18863,385,2026-09-03,Ahmedabad
18864,1354,2026-09-22,Hyderabad
18865,1181,2026-09-21,Hyderabad
18866,1141,2026-09-21,Ahmedabad
18867,1258,2026-09-17,Kolkata
18868,1035,2026-09-22,Pune
18869,1418,2026-09-26,Delhi
18870,1559,2026-09-08,Delhi
18871,995,2026-09-06,Bangalore
18872,899,2026-09-03,Chennai
18873,1306,2026-09-05,Delhi
18874,1295,2026-09-16,Mumbai
18875,87,2026-09-21,Ahmedabad
18876,646,2026-09-19,Delhi
18877,1081,2026-09-30,Bangalore
18878,390,2026-09-08,Chennai
18879,459,2026-09-27,Pune
18880,727,2026-09-18,Hyderabad
18881,1264,2026-09-15,Mumbai
18882,10,2026-09-20,Chennai
18883,233,2026-09-27,Bangalore
18884,544,2026-09-18,Kolkata
18885,1291,2026-09-26,Mumbai
18886,883,2026-09-16,Chennai
18887,579,2026-09-25,Mumbai
18888,1490,2026-09-21,Pune
18889,483,2026-09-25,Bangalore
18890,411,2026-09-27,Mumbai
18891,1526,2026-09-28,Bangalore
18892,709,2026-09-06,Mumbai
18893,706,2026-09-24,Delhi
18894,170,2026-09-24,Mumbai
18895,541,2026-09-15,Pune
18896,1293,2026-09-11,Bangalore
18897,1586,2026-09-18,Delhi
18898,1223,2026-09-29,Mumbai
18899,379,2026-09-12,Ahmedabad
18900,152,2026-09-02,Ahmedabad
18901,1371,2026-09-29,Pune
18902,961,2026-09-14,Ahmedabad
18903,210,2026-09-09,Chennai
18904,1402,2026-09-01,Bangalore
18905,207,2026-09-30,Bangalore
18906,1234,2026-09-09,Hyderabad
18907,151,2026-09-19,Bangalore
18908,726,2026-09-03,Bangalore
18909,874,2026-09-22,Mumbai
18910,6,2026-09-16,Mumbai
18911,926,2026-09-28,Mumbai
18912,522,2026-09-10,Delhi
18913,1179,2026-09-19,Mumbai
18914,406,2026-09-08,Kolkata
18915,431,2026-09-18,Mumbai
18916,307,2026-09-08,Hyderabad
18917,1107,2026-09-27,Kolkata
18918,390,2026-09-22,Chennai
18919,721,2026-09-16,Bangalore
18920,1407,2026-09-12,Delhi
18921,160,2026-09-20,Ahmedabad
18922,164,2026-09-30,Delhi
18923,1153,2026-09-27,Delhi
18924,1412,2026-09-17,Chennai
18925,444,2026-09-25,Hyderabad
18926,1037,2026-09-08,Ahmedabad
18927,544,2026-09-01,Kolkata
18928,41,2026-09-29,Delhi
18929,378,2026-09-17,Ahmedabad
18930,430,2026-09-28,Pune
18931,883,2026-09-30,Chennai
18932,565,2026-09-28,Chennai
18933,1568,2026-09-19,Chennai
18934,1357,2026-09-10,Hyderabad
18935,165,2026-09-18,Delhi
18936,1097,2026-09-14,Delhi
18937,555,2026-09-02,Chennai
18938,1381,2026-09-27,Mumbai
18939,457,2026-09-12,Bangalore
18940,761,2026-09-06,Delhi
18941,594,2026-09-22,Mumbai
18942,326,2026-09-19,Ahmedabad
18943,1579,2026-09-12,Bangalore
18944,332,2026-09-24,Delhi
18945,1449,2026-09-30,Chennai
18946,567,2026-09-30,Delhi
18947,577,2026-09-19,Delhi
18948,23,2026-09-10,Pune
18949,422,2026-09-10,Mumbai
18950,911,2026-09-29,Pune
18951,1355,2026-09-26,Delhi
18952,184,2026-09-27,Ahmedabad
18953,756,2026-09-27,Chennai
18954,338,2026-09-30,Delhi
18955,691,2026-09-27,Hyderabad
18956,1145,2026-09-22,Bangalore
18957,684,2026-09-14,Mumbai
18958,735,2026-09-23,Mumbai
18959,203,2026-09-24,Mumbai
18960,479,2026-09-08,Delhi
18961,791,2026-09-24,Mumbai
18962,338,2026-09-19,Delhi
18963,1117,2026-09-07,Bangalore
18964,135,2026-09-23,Mumbai
18965,732,2026-09-02,Bangalore
18966,1468,2026-09-29,Delhi
18967,1444,2026-09-11,Ahmedabad
18968,757,2026-09-23,Mumbai
18969,276,2026-09-19,Pune
18970,1228,2026-09-17,Hyderabad
18971,1337,2026-09-05,Chennai
18972,562,2026-09-23,Delhi
18973,672,2026-09-05,Delhi
18974,219,2026-09-09,Bangalore
18975,448,2026-09-14,Ahmedabad
18976,1484,2026-09-22,Bangalore
18977,1086,2026-09-02,Ahmedabad
18978,79,2026-09-24,Delhi
18979,224,2026-09-04,Hyderabad
18980,411,2026-09-24,Mumbai
18981,1161,2026-09-28,Ahmedabad
18982,1244,2026-09-05,Ahmedabad
18983,1017,2026-09-16,Ahmedabad
18984,457,2026-09-26,Bangalore
18985,749,2026-09-06,Mumbai
18986,428,2026-09-27,Bangalore
18987,107,2026-09-02,Bangalore
18988,551,2026-09-21,Ahmedabad
18989,1566,2026-09-10,Delhi
18990,1149,2026-09-25,Delhi
18991,712,2026-09-03,Bangalore
18992,876,2026-09-30,Delhi
18993,81,2026-09-18,Mumbai
18994,462,2026-09-01,Delhi
18995,701,2026-09-08,Pune
18996,503,2026-09-27,Chennai
18997,1521,2026-09-30,Delhi
18998,776,2026-09-07,Hyderabad
18999,740,2026-09-30,Chennai
19000,1511,2026-09-15,Mumbai
19001,176,2026-09-17,Hyderabad
19002,105,2026-09-20,Mumbai
19003,288,2026-09-16,Bangalore
19004,732,2026-09-06,Bangalore
19005,375,2026-09-12,Bangalore
19006,1152,2026-09-11,Chennai
19007,759,2026-09-26,Mumbai
19008,252,2026-09-18,Hyderabad
19009,39,2026-09-08,Chennai
19010,766,2026-09-18,Pune
19011,1197,2026-09-23,Bangalore
19012,340,2026-09-16,Chennai
19013,352,2026-09-17,Delhi
19014,1239,2026-09-04,Mumbai
19015,48,2026-09-20,Bangalore
19016,1561,2026-09-28,Delhi
19017,1273,2026-09-16,Ahmedabad
19018,382,2026-09-20,Delhi
19019,307,2026-09-16,Hyderabad
19020,320,2026-09-11,Chennai
19021,238,2026-09-03,Mumbai
19022,1335,2026-09-22,Chennai
19023,747,2026-09-23,Kolkata
19024,66,2026-09-16,Bangalore
19025,1512,2026-09-26,Hyderabad
19026,732,2026-09-21,Bangalore
19027,982,2026-09-08,Hyderabad
19028,540,2026-09-22,Mumbai
19029,928,2026-09-07,Bangalore
19030,1411,2026-09-19,Ahmedabad
19031,1446,2026-09-16,Ahmedabad
19032,981,2026-09-16,Bangalore
19033,1245,2026-09-27,Delhi
19034,430,2026-09-17,Pune
19035,1178,2026-09-21,Delhi
19036,364,2026-09-04,Delhi
19037,600,2026-09-14,Hyderabad
19038,993,2026-09-01,Hyderabad
19039,234,2026-09-23,Hyderabad
19040,878,2026-09-28,Hyderabad
19041,947,2026-09-15,Kolkata
19042,90,2026-09-21,Ahmedabad
19043,315,2026-09-26,Kolkata
19044,184,2026-09-04,Ahmedabad
19045,839,2026-09-29,Chennai
19046,13,2026-09-22,Pune
19047,24,2026-09-08,Kolkata
19048,268,2026-09-15,Bangalore
19049,132,2026-09-10,Bangalore
19050,784,2026-09-08,Ahmedabad
19051,252,2026-09-16,Hyderabad
19052,1009,2026-09-30,Ahmedabad
19053,195,2026-09-24,Delhi
19054,115,2026-09-14,Bangalore
19055,1092,2026-09-01,Bangalore
19056,1564,2026-09-04,Mumbai
19057,1032,2026-09-26,Delhi
19058,860,2026-09-27,Mumbai
19059,1408,2026-09-03,Hyderabad
19060,784,2026-09-25,Ahmedabad
19061,1252,2026-09-08,Chennai
19062,276,2026-09-18,Pune
19063,794,2026-09-29,Mumbai
19064,1451,2026-09-25,Pune
19065,563,2026-09-17,Chennai
19066,642,2026-09-23,Ahmedabad
19067,1340,2026-09-09,Hyderabad
19068,1316,2026-09-23,Pune
19069,761,2026-09-02,Delhi
19070,919,2026-09-03,Pune
19071,1353,2026-09-28,Pune
19072,425,2026-09-14,Delhi
19073,822,2026-09-08,Hyderabad
19074,1217,2026-09-07,Mumbai
19075,896,2026-09-26,Chennai
19076,1419,2026-09-30,Mumbai
19077,370,2026-09-30,Hyderabad
19078,1062,2026-09-06,Ahmedabad
19079,1119,2026-09-05,Chennai
19080,936,2026-09-21,Chennai
19081,1420,2026-09-25,Hyderabad
19082,1336,2026-09-11,Delhi
19083,844,2026-09-16,Ahmedabad
19084,274,2026-09-21,Bangalore
19085,347,2026-09-14,Pune
19086,347,2026-09-01,Pune
19087,27,2026-09-13,Pune
19088,1073,2026-09-21,Delhi
19089,926,2026-09-30,Mumbai
19090,767,2026-09-04,Mumbai
19091,957,2026-09-29,Delhi
19092,1488,2026-09-27,Bangalore
19093,262,2026-09-04,Chennai
19094,242,2026-09-22,Hyderabad
19095,371,2026-09-03,Bangalore
19096,558,2026-09-29,Mumbai
19097,1287,2026-09-23,Delhi
19098,1074,2026-09-29,Chennai
19099,2,2026-09-02,Pune
19100,321,2026-09-10,Pune
19101,1163,2026-09-10,Delhi
19102,821,2026-09-03,Hyderabad
19103,482,2026-09-04,Mumbai
19104,1592,2026-09-08,Pune
19105,189,2026-09-28,Pune
19106,1503,2026-09-06,Kolkata
19107,365,2026-09-10,Mumbai
19108,135,2026-09-02,Mumbai
19109,889,2026-09-22,Ahmedabad
19110,43,2026-09-26,Delhi
19111,885,2026-09-05,Pune
19112,729,2026-09-14,Chennai
19113,704,2026-09-22,Mumbai
19114,6,2026-09-03,Mumbai
19115,512,2026-09-02,Kolkata
19116,555,2026-09-20,Chennai
19117,1091,2026-09-29,Bangalore
19118,17,2026-09-07,Mumbai
19119,1507,2026-09-04,Hyderabad
19120,658,2026-09-29,Hyderabad
19121,915,2026-09-09,Delhi
19122,301,2026-09-13,Pune
19123,763,2026-09-29,Mumbai
19124,340,2026-09-22,Chennai
19125,503,2026-09-04,Chennai
19126,505,2026-09-18,Hyderabad
19127,1119,2026-09-05,Chennai
19128,674,2026-09-07,Mumbai
19129,958,2026-09-17,Pune
19130,27,2026-09-21,Pune
19131,483,2026-09-05,Bangalore
19132,109,2026-09-24,Chennai
19133,1441,2026-09-19,Mumbai
19134,1287,2026-09-10,Delhi
19135,1104,2026-09-12,Pune
19136,742,2026-09-30,Delhi
19137,1571,2026-09-17,Delhi
19138,1283,2026-09-19,Chennai
19139,1513,2026-09-30,Delhi
19140,940,2026-09-22,Ahmedabad
19141,1102,2026-09-02,Pune
19142,1357,2026-09-05,Hyderabad
19143,739,2026-09-09,Bangalore
19144,309,2026-09-04,Ahmedabad
19145,109,2026-09-06,Chennai
19146,1600,2026-09-04,Ahmedabad
19147,1283,2026-09-08,Chennai
19148,598,2026-09-23,Mumbai
19149,770,2026-09-01,Mumbai
19150,752,2026-09-01,Mumbai
19151,972,2026-09-24,Chennai
19152,1316,2026-09-24,Pune
19153,93,2026-09-26,Delhi
19154,859,2026-09-12,Hyderabad
19155,837,2026-09-03,Mumbai
19156,163,2026-09-19,Delhi
19157,876,2026-09-27,Delhi
19158,373,2026-09-10,Delhi
19159,793,2026-09-21,Mumbai
19160,165,2026-09-21,Delhi
19161,60,2026-09-26,Bangalore
19162,896,2026-09-11,Chennai
19163,1196,2026-09-25,Delhi
19164,1430,2026-09-01,Bangalore
19165,133,2026-09-18,Mumbai
19166,779,2026-09-04,Kolkata
19167,446,2026-09-24,Hyderabad
19168,868,2026-09-24,Mumbai
19169,913,2026-09-08,Chennai
19170,251,2026-09-24,Chennai
19171,1483,2026-09-17,Hyderabad
19172,465,2026-09-04,Kolkata
19173,116,2026-09-21,Bangalore
19174,1060,2026-09-25,Bangalore
19175,355,2026-09-17,Delhi
19176,996,2026-09-20,Delhi
19177,11,2026-09-25,Delhi
19178,77,2026-09-08,Mumbai
19179,940,2026-09-28,Ahmedabad
19180,1255,2026-09-25,Delhi
19181,1066,2026-09-10,Delhi
19182,345,2026-09-04,Chennai
19183,1157,2026-09-28,Delhi
19184,408,2026-09-14,Chennai
19185,1035,2026-09-16,Pune
19186,97,2026-09-16,Mumbai
19187,1355,2026-09-20,Delhi
19188,174,2026-09-03,Hyderabad
19189,549,2026-09-15,Pune
19190,336,2026-09-24,Bangalore
19191,1505,2026-09-23,Mumbai
19192,1388,2026-09-01,Delhi
19193,855,2026-09-05,Delhi
19194,1321,2026-09-19,Ahmedabad
19195,423,2026-09-09,Bangalore
19196,390,2026-09-07,Chennai
19197,1538,2026-09-20,Delhi
19198,77,2026-09-01,Mumbai
19199,1147,2026-09-27,Mumbai
19200,988,2026-09-08,Bangalore
19201,484,2026-09-05,Ahmedabad
19202,1317,2026-09-07,Ahmedabad
19203,933,2026-09-15,Mumbai
19204,772,2026-09-09,Pune
19205,1239,2026-09-29,Mumbai
19206,1442,2026-09-18,Delhi
19207,937,2026-09-01,Bangalore
19208,30,2026-09-15,Chennai
19209,549,2026-09-17,Pune
19210,913,2026-09-27,Chennai
19211,352,2026-09-29,Delhi
19212,1245,2026-09-22,Delhi
19213,1261,2026-09-17,Mumbai
19214,1189,2026-09-06,Delhi
19215,1095,2026-09-25,Kolkata
19216,355,2026-09-07,Delhi
19217,196,2026-09-05,Delhi
19218,1408,2026-09-01,Hyderabad
19219,662,2026-09-04,Delhi
19220,1480,2026-09-02,Delhi
19221,1243,2026-09-25,Bangalore
19222,1524,2026-09-14,Ahmedabad
19223,779,2026-09-15,Kolkata
19224,1152,2026-09-14,Chennai
19225,1035,2026-09-14,Pune
19226,258,2026-09-13,Pune
19227,552,2026-09-11,Delhi
19228,1585,2026-09-25,Bangalore
19229,922,2026-09-18,Delhi
19230,1245,2026-09-07,Delhi
19231,823,2026-09-29,Chennai
19232,1116,2026-09-21,Bangalore
19233,1435,2026-09-16,Chennai
19234,1071,2026-09-29,Kolkata
19235,582,2026-09-29,Delhi
19236,1246,2026-09-19,Chennai
19237,1509,2026-09-20,Delhi
19238,617,2026-09-30,Mumbai
19239,1197,2026-09-24,Bangalore
19240,1293,2026-09-14,Bangalore
19241,1183,2026-09-21,Chennai
19242,687,2026-09-07,Pune
19243,1030,2026-09-17,Delhi
19244,195,2026-09-30,Delhi
19245,999,2026-09-08,Hyderabad
19246,306,2026-09-23,Pune
19247,942,2026-09-21,Delhi
19248,1452,2026-09-14,Bangalore
19249,869,2026-09-11,Bangalore
19250,513,2026-09-22,Hyderabad
19251,596,2026-09-09,Delhi
19252,1355,2026-09-26,Delhi
19253,538,2026-09-06,Mumbai
19254,550,2026-09-12,Kolkata
19255,270,2026-09-08,Mumbai
19256,94,2026-09-02,Mumbai
19257,1586,2026-09-30,Delhi
19258,1510,2026-09-16,Delhi
19259,113,2026-09-01,Hyderabad
19260,237,2026-09-23,Pune
19261,1298,2026-09-14,Bangalore
19262,406,2026-09-26,Kolkata
19263,1274,2026-09-02,Ahmedabad
19264,1118,2026-09-16,Mumbai
19265,446,2026-09-25,Hyderabad
19266,572,2026-09-24,Bangalore
19267,325,2026-09-10,Mumbai
19268,210,2026-09-09,Chennai
19269,971,2026-09-10,Bangalore
19270,308,2026-09-08,Pune
19271,1099,2026-09-07,Pune
19272,49,2026-09-26,Mumbai
19273,1081,2026-09-03,Bangalore
19274,1198,2026-09-26,Chennai
19275,284,2026-09-11,Kolkata
19276,616,2026-09-14,Delhi
19277,1556,2026-09-07,Pune
19278,1013,2026-09-06,Bangalore
19279,1127,2026-09-11,Ahmedabad
19280,1028,2026-09-13,Pune
19281,934,2026-09-01,Mumbai
19282,402,2026-09-03,Kolkata
19283,1263,2026-09-16,Kolkata
19284,1292,2026-09-15,Hyderabad
19285,291,2026-09-16,Bangalore
19286,73,2026-09-09,Delhi
19287,1030,2026-09-25,Delhi
19288,5,2026-09-09,Mumbai
19289,1525,2026-09-03,Mumbai
19290,1164,2026-09-08,Ahmedabad
19291,175,2026-09-21,Mumbai
19292,1183,2026-09-12,Chennai
19293,786,2026-09-15,Kolkata
19294,1267,2026-09-26,Delhi
19295,1296,2026-09-26,Pune
19296,764,2026-09-20,Pune
19297,1451,2026-09-26,Pune
19298,1406,2026-09-20,Delhi
19299,1573,2026-09-08,Mumbai
19300,396,2026-09-01,Chennai
19301,699,2026-09-02,Bangalore
19302,1127,2026-09-06,Ahmedabad
19303,793,2026-09-20,Mumbai
19304,1192,2026-09-11,Pune
19305,1298,2026-09-14,Bangalore
19306,1418,2026-09-16,Delhi
19307,1439,2026-09-13,Hyderabad
19308,3,2026-09-05,Delhi
19309,556,2026-09-20,Delhi
19310,636,2026-09-19,Pune
19311,1066,2026-09-29,Delhi
19312,567,2026-09-25,Delhi
19313,570,2026-09-24,Bangalore
19314,1556,2026-09-15,Pune
19315,266,2026-09-18,Bangalore
19316,1348,2026-09-02,Chennai
19317,269,2026-09-29,Hyderabad
19318,766,2026-09-04,Pune
19319,1092,2026-09-06,Bangalore
19320,829,2026-09-18,Chennai
19321,397,2026-09-17,Mumbai
19322,1532,2026-09-01,Ahmedabad
19323,904,2026-09-17,Mumbai
19324,1575,2026-09-12,Bangalore
19325,1111,2026-09-04,Mumbai
19326,1436,2026-09-02,Chennai
19327,1161,2026-09-12,Ahmedabad
19328,387,2026-09-07,Hyderabad
19329,1291,2026-09-16,Mumbai
19330,226,2026-09-14,Delhi
19331,248,2026-09-15,Bangalore
19332,289,2026-09-25,Mumbai
19333,276,2026-09-14,Pune
19334,283,2026-09-14,Chennai
19335,310,2026-09-20,Hyderabad
19336,130,2026-09-11,Mumbai
19337,917,2026-09-12,Pune
19338,1186,2026-09-04,Chennai
19339,767,2026-09-14,Mumbai
19340,1242,2026-09-17,Mumbai
19341,624,2026-09-26,Kolkata
19342,172,2026-09-18,Mumbai
19343,224,2026-09-25,Hyderabad
19344,1259,2026-09-10,Hyderabad
19345,1578,2026-09-11,Hyderabad
19346,415,2026-09-26,Pune
19347,1395,2026-09-08,Mumbai
19348,1232,2026-09-24,Bangalore
19349,527,2026-09-12,Pune
19350,1105,2026-09-04,Bangalore
19351,1049,2026-09-06,Mumbai
19352,1309,2026-09-20,Chennai
19353,519,2026-09-07,Ahmedabad
19354,1560,2026-09-07,Delhi
19355,629,2026-09-19,Bangalore
19356,555,2026-09-11,Chennai
19357,1554,2026-09-13,Bangalore
19358,369,2026-09-21,Mumbai
19359,178,2026-09-17,Bangalore
19360,324,2026-09-03,Chennai
19361,1536,2026-09-29,Mumbai
19362,990,2026-09-19,Delhi
19363,1002,2026-09-14,Pune
19364,40,2026-09-21,Chennai
19365,775,2026-09-07,Chennai
19366,280,2026-09-02,Bangalore
19367,1044,2026-09-17,Delhi
19368,551,2026-09-14,Ahmedabad
19369,64,2026-09-18,Pune
19370,1134,2026-09-29,Delhi
19371,193,2026-09-20,Kolkata
19372,521,2026-09-23,Hyderabad
19373,1491,2026-09-03,Chennai
19374,968,2026-09-26,Bangalore
19375,957,2026-09-05,Delhi
19376,1181,2026-09-16,Hyderabad
19377,1543,2026-09-29,Chennai
19378,1102,2026-09-03,Pune
19379,367,2026-09-02,Delhi
19380,1256,2026-09-13,Bangalore
19381,212,2026-09-08,Chennai
19382,1147,2026-09-30,Mumbai
19383,1298,2026-09-22,Bangalore
19384,1239,2026-09-27,Mumbai
19385,487,2026-09-26,Chennai
19386,1449,2026-09-21,Chennai
19387,453,2026-09-04,Bangalore
19388,1567,2026-09-01,Kolkata
19389,955,2026-09-04,Delhi
19390,1260,2026-09-05,Mumbai
19391,1591,2026-09-21,Pune
19392,1377,2026-09-26,Chennai
19393,676,2026-09-28,Bangalore
19394,589,2026-09-21,Delhi
19395,633,2026-09-09,Mumbai
19396,896,2026-09-30,Chennai
19397,666,2026-09-24,Hyderabad
19398,689,2026-09-02,Bangalore
19399,1493,2026-09-23,Mumbai
19400,174,2026-09-30,Hyderabad
19401,965,2026-09-09,Bangalore
19402,50,2026-09-04,Hyderabad
19403,199,2026-09-09,Ahmedabad
19404,813,2026-09-21,Delhi
19405,488,2026-09-21,Kolkata
19406,1557,2026-09-23,Pune
19407,961,2026-09-14,Ahmedabad
19408,1351,2026-09-14,Mumbai
19409,1558,2026-09-15,Pune
19410,1246,2026-09-13,Chennai
19411,368,2026-09-10,Chennai
19412,612,2026-09-25,Pune
19413,978,2026-09-25,Delhi
19414,868,2026-09-22,Mumbai
19415,839,2026-09-06,Chennai
19416,1311,2026-09-14,Bangalore
19417,1163,2026-09-09,Delhi
19418,614,2026-09-18,Chennai
19419,476,2026-09-15,Ahmedabad
19420,767,2026-09-29,Mumbai
19421,1106,2026-09-14,Chennai
19422,507,2026-09-07,Bangalore
19423,1498,2026-09-20,Mumbai
19424,181,2026-09-16,Chennai
19425,144,2026-09-21,Delhi
19426,511,2026-09-22,Kolkata
19427,1339,2026-09-14,Bangalore
19428,1072,2026-09-25,Delhi
19429,1355,2026-09-25,Delhi
19430,436,2026-09-04,Bangalore
19431,1530,2026-09-24,Mumbai
19432,1053,2026-09-06,Bangalore
19433,161,2026-09-06,Delhi
19434,1248,2026-09-14,Bangalore
19435,589,2026-09-07,Delhi
19436,1383,2026-09-11,Hyderabad
19437,86,2026-09-23,Kolkata
19438,1317,2026-09-28,Ahmedabad
19439,850,2026-09-05,Delhi
19440,1550,2026-09-13,Pune
19441,1460,2026-09-23,Delhi
19442,1565,2026-09-16,Mumbai
19443,591,2026-09-25,Pune
19444,691,2026-09-07,Hyderabad
19445,1380,2026-09-09,Hyderabad
19446,880,2026-09-23,Delhi
19447,476,2026-09-21,Ahmedabad
19448,1251,2026-09-09,Mumbai
19449,1124,2026-09-21,Delhi
19450,667,2026-09-28,Mumbai
19451,1405,2026-09-25,Hyderabad
19452,727,2026-09-08,Hyderabad
19453,666,2026-09-20,Hyderabad
19454,1008,2026-09-20,Delhi
19455,732,2026-09-24,Bangalore
19456,1292,2026-09-13,Hyderabad
19457,1145,2026-09-11,Bangalore
19458,668,2026-09-16,Mumbai
19459,1503,2026-09-09,Kolkata
19460,256,2026-09-16,Pune
19461,1065,2026-09-16,Kolkata
19462,9,2026-09-07,Mumbai
19463,1281,2026-09-23,Mumbai
19464,880,2026-09-20,Delhi
19465,1200,2026-09-10,Kolkata
19466,12,2026-09-16,Delhi
19467,38,2026-09-04,Ahmedabad
19468,222,2026-09-06,Chennai
19469,514,2026-09-10,Bangalore
19470,212,2026-09-11,Chennai
19471,720,2026-09-28,Hyderabad
19472,155,2026-09-01,Pune
19473,642,2026-09-05,Ahmedabad
19474,1404,2026-09-09,Ahmedabad
19475,1532,2026-09-26,Ahmedabad
19476,1200,2026-09-12,Kolkata
19477,1559,2026-09-12,Delhi
19478,418,2026-09-22,Pune
19479,762,2026-09-26,Mumbai
19480,350,2026-09-07,Chennai
19481,962,2026-09-12,Bangalore
19482,266,2026-09-04,Bangalore
19483,529,2026-09-07,Hyderabad
19484,673,2026-09-19,Mumbai
19485,580,2026-09-11,Hyderabad
19486,1558,2026-09-08,Pune
19487,705,2026-09-30,Mumbai
19488,468,2026-09-25,Delhi
19489,1171,2026-09-09,Delhi
19490,988,2026-09-14,Bangalore
19491,1577,2026-09-27,Delhi
19492,940,2026-09-16,Ahmedabad
19493,896,2026-09-17,Chennai
19494,1210,2026-09-23,Delhi
19495,388,2026-09-13,Ahmedabad
19496,838,2026-09-01,Ahmedabad
19497,1252,2026-09-12,Chennai
19498,1066,2026-09-26,Delhi
19499,1085,2026-09-03,Delhi
19500,913,2026-09-22,Chennai
19501,1146,2026-09-28,Delhi
19502,1090,2026-09-25,Mumbai
19503,1050,2026-09-12,Mumbai
19504,256,2026-09-26,Pune
19505,763,2026-09-30,Mumbai
19506,1250,2026-09-17,Chennai
19507,549,2026-09-07,Pune
19508,998,2026-09-07,Mumbai
19509,1180,2026-09-05,Pune
19510,1073,2026-09-16,Delhi
19511,786,2026-09-12,Kolkata
19512,569,2026-09-05,Kolkata
19513,658,2026-09-15,Hyderabad
19514,91,2026-09-18,Delhi
19515,476,2026-09-05,Ahmedabad
19516,1207,2026-09-17,Delhi
19517,1510,2026-09-20,Delhi
19518,906,2026-09-26,Pune
19519,1559,2026-09-07,Delhi
19520,1536,2026-09-23,Mumbai
19521,530,2026-09-21,Delhi
19522,1277,2026-09-13,Bangalore
19523,928,2026-09-24,Bangalore
19524,831,2026-09-11,Delhi
19525,1558,2026-09-19,Pune
19526,1353,2026-09-02,Pune
19527,1180,2026-09-13,Pune
19528,483,2026-09-12,Bangalore
19529,469,2026-09-16,Kolkata
19530,954,2026-09-29,Mumbai
19531,627,2026-09-19,Bangalore
19532,1353,2026-09-21,Pune
19533,43,2026-09-30,Delhi
19534,368,2026-09-01,Chennai
19535,1048,2026-09-29,Delhi
19536,207,2026-09-20,Bangalore
19537,1331,2026-09-19,Bangalore
19538,434,2026-09-24,Kolkata
19539,772,2026-09-22,Pune
19540,630,2026-09-29,Delhi
19541,1491,2026-09-25,Chennai
19542,73,2026-09-05,Delhi
19543,845,2026-09-13,Bangalore
19544,721,2026-09-23,Bangalore
19545,212,2026-09-29,Chennai
19546,877,2026-09-02,Ahmedabad
19547,1160,2026-09-04,Delhi
19548,839,2026-09-03,Chennai
19549,1095,2026-09-11,Kolkata
19550,1340,2026-09-03,Hyderabad
19551,777,2026-09-25,Delhi
19552,1557,2026-09-05,Pune
19553,1072,2026-09-20,Delhi
19554,1229,2026-09-23,Ahmedabad
19555,182,2026-09-15,Mumbai
19556,1386,2026-09-12,Delhi
19557,1348,2026-09-06,Chennai
19558,1216,2026-09-07,Pune
19559,846,2026-09-24,Bangalore
19560,1049,2026-09-08,Mumbai
19561,927,2026-09-28,Hyderabad
19562,496,2026-09-24,Pune
19563,464,2026-09-17,Ahmedabad
19564,142,2026-09-19,Ahmedabad
19565,852,2026-09-12,Pune
19566,732,2026-09-10,Bangalore
19567,1038,2026-09-18,Delhi
19568,965,2026-09-18,Bangalore
19569,535,2026-09-17,Chennai
19570,302,2026-09-17,Mumbai
19571,1357,2026-09-25,Hyderabad
19572,306,2026-09-28,Pune
19573,491,2026-09-21,Kolkata
19574,1186,2026-09-16,Chennai
19575,721,2026-09-14,Bangalore
19576,1087,2026-09-19,Hyderabad
19577,593,2026-09-21,Pune
19578,445,2026-09-13,Chennai
19579,1492,2026-09-19,Mumbai
19580,1338,2026-09-04,Mumbai
19581,1394,2026-09-07,Kolkata
19582,251,2026-09-16,Chennai
19583,1498,2026-09-18,Mumbai
19584,72,2026-09-08,Hyderabad
19585,43,2026-09-25,Delhi
19586,828,2026-09-11,Kolkata
19587,414,2026-09-17,Delhi
19588,124,2026-09-26,Delhi
19589,1322,2026-09-06,Delhi
19590,91,2026-09-25,Delhi
19591,1235,2026-09-16,Mumbai
19592,397,2026-09-01,Mumbai
19593,49,2026-09-27,Mumbai
19594,619,2026-09-06,Hyderabad
19595,873,2026-09-02,Chennai
19596,1476,2026-09-21,Delhi
19597,619,2026-09-08,Hyderabad
19598,300,2026-09-18,Ahmedabad
19599,1368,2026-09-02,Mumbai
19600,1096,2026-09-06,Delhi
19601,763,2026-09-20,Mumbai
19602,1052,2026-09-01,Bangalore
19603,1014,2026-09-15,Kolkata
19604,1539,2026-09-10,Mumbai
19605,819,2026-09-05,Delhi
19606,752,2026-09-19,Mumbai
19607,1308,2026-09-06,Delhi
19608,1147,2026-09-26,Mumbai
19609,1061,2026-09-18,Ahmedabad
19610,778,2026-09-04,Delhi
19611,1585,2026-09-18,Bangalore
19612,280,2026-09-17,Bangalore
19613,54,2026-09-27,Bangalore
19614,382,2026-09-02,Delhi
19615,1277,2026-09-12,Bangalore
19616,439,2026-09-06,Hyderabad
19617,538,2026-09-21,Mumbai
19618,171,2026-09-08,Chennai
19619,456,2026-09-19,Bangalore
19620,235,2026-09-13,Pune
19621,671,2026-09-26,Bangalore
19622,342,2026-09-08,Ahmedabad
19623,936,2026-09-17,Chennai
19624,95,2026-09-18,Delhi
19625,1092,2026-09-20,Bangalore
19626,628,2026-09-04,Bangalore
19627,153,2026-09-03,Kolkata
19628,472,2026-09-01,Mumbai
19629,1451,2026-09-27,Pune
19630,1508,2026-09-27,Delhi
19631,1445,2026-09-17,Pune
19632,478,2026-09-30,Bangalore
19633,703,2026-09-07,Mumbai
19634,1564,2026-09-10,Mumbai
19635,328,2026-09-29,Pune
19636,970,2026-09-05,Hyderabad
19637,137,2026-09-07,Bangalore
19638,468,2026-09-24,Delhi
19639,642,2026-09-01,Ahmedabad
19640,1347,2026-09-21,Mumbai
19641,1589,2026-09-04,Hyderabad
19642,68,2026-09-19,Ahmedabad
19643,1138,2026-09-25,Bangalore
19644,878,2026-09-21,Hyderabad
19645,1237,2026-09-01,Mumbai
19646,776,2026-09-07,Hyderabad
19647,1011,2026-09-25,Delhi
19648,396,2026-09-06,Chennai
19649,691,2026-09-27,Hyderabad
19650,271,2026-09-03,Bangalore
19651,1043,2026-09-27,Mumbai
19652,1342,2026-09-18,Chennai
19653,868,2026-09-21,Mumbai
19654,1580,2026-09-20,Mumbai
19655,298,2026-09-23,Pune
19656,375,2026-09-09,Bangalore
19657,1290,2026-09-01,Mumbai
19658,198,2026-09-25,Delhi
19659,1234,2026-09-04,Hyderabad
19660,655,2026-09-14,Chennai
19661,1136,2026-09-07,Mumbai
19662,78,2026-09-01,Kolkata
19663,750,2026-09-24,Delhi
19664,1553,2026-09-24,Bangalore
19665,1512,2026-09-01,Hyderabad
19666,1351,2026-09-29,Mumbai
19667,729,2026-09-11,Chennai
19668,1466,2026-09-14,Pune
19669,1482,2026-09-15,Mumbai
19670,443,2026-09-12,Mumbai
19671,520,2026-09-15,Mumbai
19672,625,2026-09-25,Kolkata
19673,190,2026-09-18,Pune
19674,1178,2026-09-18,Delhi
19675,350,2026-09-26,Chennai
19676,1392,2026-09-25,Mumbai
19677,27,2026-09-03,Pune
19678,1594,2026-09-12,Mumbai
19679,1028,2026-09-05,Pune
19680,1082,2026-09-09,Mumbai
19681,490,2026-09-24,Hyderabad
19682,1494,2026-09-20,Mumbai
19683,921,2026-09-07,Mumbai
19684,588,2026-09-09,Ahmedabad
19685,48,2026-09-29,Bangalore
19686,94,2026-09-14,Mumbai
19687,709,2026-09-21,Mumbai
19688,829,2026-09-01,Chennai
19689,655,2026-09-08,Chennai
19690,703,2026-09-09,Mumbai
19691,43,2026-09-07,Delhi
19692,1554,2026-09-06,Bangalore
19693,1141,2026-09-01,Ahmedabad
19694,176,2026-09-13,Hyderabad
19695,1393,2026-09-20,Chennai
19696,376,2026-09-05,Hyderabad
19697,1177,2026-09-25,Bangalore
19698,391,2026-09-01,Delhi
19699,503,2026-09-14,Chennai
19700,916,2026-09-28,Chennai
19701,1393,2026-09-05,Chennai
19702,612,2026-09-30,Pune
19703,764,2026-09-05,Pune
19704,499,2026-09-14,Delhi
19705,1494,2026-09-15,Mumbai
19706,458,2026-09-04,Kolkata
19707,34,2026-09-03,Chennai
19708,623,2026-09-04,Mumbai
19709,1576,2026-09-26,Delhi
19710,337,2026-09-15,Mumbai
19711,1400,2026-09-10,Hyderabad
19712,1574,2026-09-01,Hyderabad
19713,307,2026-09-24,Hyderabad
19714,734,2026-09-09,Bangalore
19715,1296,2026-09-22,Pune
19716,359,2026-09-23,Delhi
19717,824,2026-09-01,Bangalore
19718,1167,2026-09-20,Ahmedabad
19719,989,2026-09-05,Kolkata
19720,392,2026-09-12,Mumbai
19721,79,2026-09-25,Delhi
19722,891,2026-09-09,Delhi
19723,1316,2026-09-10,Pune
19724,1447,2026-09-06,Kolkata
19725,304,2026-09-05,Hyderabad
19726,1368,2026-09-19,Mumbai
19727,1357,2026-09-10,Hyderabad
19728,1072,2026-09-24,Delhi
19729,888,2026-09-23,Chennai
19730,1385,2026-09-08,Mumbai
19731,1294,2026-09-08,Mumbai
19732,486,2026-09-18,Delhi
19733,910,2026-09-16,Bangalore
19734,1063,2026-09-02,Pune
19735,1043,2026-09-07,Mumbai
19736,699,2026-09-13,Bangalore
19737,114,2026-09-01,Bangalore
19738,658,2026-09-24,Hyderabad
19739,809,2026-09-08,Delhi
19740,445,2026-09-18,Chennai
19741,613,2026-09-25,Chennai
19742,130,2026-09-25,Mumbai
19743,1228,2026-09-02,Hyderabad
19744,712,2026-09-24,Bangalore
19745,617,2026-09-18,Mumbai
19746,368,2026-09-28,Chennai
19747,86,2026-09-02,Kolkata
19748,501,2026-09-28,Bangalore
19749,180,2026-09-15,Kolkata
19750,77,2026-09-27,Mumbai
19751,842,2026-09-17,Mumbai
19752,1228,2026-09-30,Hyderabad
19753,639,2026-09-01,Mumbai
19754,171,2026-09-29,Chennai
19755,1233,2026-09-13,Bangalore
19756,1147,2026-09-15,Mumbai
19757,1592,2026-09-12,Pune
19758,379,2026-09-29,Ahmedabad
19759,956,2026-09-14,Kolkata
19760,16,2026-09-17,Ahmedabad
19761,1531,2026-09-26,Mumbai
19762,1338,2026-09-19,Mumbai
19763,330,2026-09-29,Delhi
19764,1520,2026-09-22,Bangalore
19765,210,2026-09-23,Chennai
19766,1182,2026-09-04,Mumbai
19767,556,2026-09-10,Delhi
19768,1564,2026-09-23,Mumbai
19769,1469,2026-09-12,Mumbai
19770,1190,2026-09-06,Delhi
19771,872,2026-09-28,Mumbai
19772,910,2026-09-08,Bangalore
19773,900,2026-09-03,Mumbai
19774,1166,2026-09-17,Hyderabad
19775,727,2026-09-01,Hyderabad
19776,180,2026-09-12,Kolkata
19777,643,2026-09-09,Delhi
19778,1112,2026-09-20,Bangalore
19779,1393,2026-09-30,Chennai
19780,1459,2026-09-30,Bangalore
19781,35,2026-09-21,Chennai
19782,700,2026-09-30,Bangalore
19783,184,2026-09-13,Ahmedabad
19784,86,2026-09-09,Kolkata
19785,867,2026-09-12,Delhi
19786,424,2026-09-05,Ahmedabad
19787,1511,2026-09-04,Mumbai
19788,810,2026-09-03,Hyderabad
19789,231,2026-09-27,Bangalore
19790,202,2026-09-21,Delhi
19791,153,2026-09-27,Kolkata
19792,1404,2026-09-07,Ahmedabad
19793,157,2026-09-03,Bangalore
19794,376,2026-09-18,Hyderabad
19795,569,2026-09-11,Kolkata
19796,21,2026-09-22,Mumbai
19797,127,2026-09-13,Mumbai
19798,1318,2026-09-22,Delhi
19799,1352,2026-09-08,Delhi
19800,1144,2026-09-12,Pune
19801,583,2026-09-30,Ahmedabad
19802,846,2026-09-04,Bangalore
19803,153,2026-09-17,Kolkata
19804,1047,2026-09-05,Mumbai
19805,889,2026-09-11,Ahmedabad
19806,943,2026-09-05,Chennai
19807,1569,2026-09-29,Pune
19808,159,2026-09-07,Ahmedabad
19809,899,2026-09-15,Chennai
19810,1130,2026-09-22,Pune
19811,1241,2026-09-06,Delhi
19812,63,2026-09-12,Chennai
19813,496,2026-09-25,Pune
19814,486,2026-09-22,Delhi
19815,815,2026-09-05,Pune
19816,298,2026-09-25,Pune
19817,1081,2026-09-26,Bangalore
19818,479,2026-09-11,Delhi
19819,1194,2026-09-09,Chennai
19820,943,2026-09-23,Chennai
19821,747,2026-09-22,Kolkata
19822,1280,2026-09-20,Hyderabad
19823,227,2026-09-10,Bangalore
19824,274,2026-09-29,Bangalore
19825,1352,2026-09-29,Delhi
19826,1137,2026-09-19,Mumbai
19827,466,2026-09-04,Hyderabad
19828,640,2026-09-16,Kolkata
19829,173,2026-09-04,Hyderabad
19830,797,2026-09-26,Mumbai
19831,575,2026-09-26,Hyderabad
19832,1496,2026-09-05,Bangalore
19833,1562,2026-09-24,Hyderabad
19834,409,2026-09-28,Bangalore
19835,1148,2026-09-11,Bangalore
19836,441,2026-09-24,Mumbai
19837,1461,2026-09-14,Kolkata
19838,1493,2026-09-28,Mumbai
19839,109,2026-09-14,Chennai
19840,6,2026-09-08,Mumbai
19841,1378,2026-09-27,Bangalore
19842,195,2026-09-19,Delhi
19843,1239,2026-09-01,Mumbai
19844,1110,2026-09-15,Hyderabad
19845,983,2026-09-30,Pune
19846,1416,2026-09-22,Hyderabad
19847,1146,2026-09-18,Delhi
19848,1325,2026-09-10,Delhi
19849,527,2026-09-06,Pune
19850,732,2026-09-16,Bangalore
19851,64,2026-09-14,Pune
19852,589,2026-09-18,Delhi
19853,1048,2026-09-18,Delhi
19854,1215,2026-09-12,Ahmedabad
19855,1581,2026-09-01,Ahmedabad
19856,780,2026-09-06,Delhi
19857,434,2026-09-23,Kolkata
19858,784,2026-09-09,Ahmedabad
19859,445,2026-09-10,Chennai
19860,286,2026-09-12,Hyderabad
19861,1010,2026-09-15,Mumbai
19862,1458,2026-09-08,Chennai
19863,1422,2026-09-15,Hyderabad
19864,85,2026-09-11,Mumbai
19865,163,2026-09-08,Delhi
19866,1244,2026-09-09,Ahmedabad
19867,724,2026-09-06,Mumbai
19868,124,2026-09-09,Delhi
19869,1471,2026-09-22,Pune
19870,558,2026-09-22,Mumbai
19871,142,2026-09-25,Ahmedabad
19872,1024,2026-09-09,Hyderabad
19873,1114,2026-09-11,Bangalore
19874,52,2026-09-14,Bangalore
19875,1325,2026-09-12,Delhi
19876,229,2026-09-03,Bangalore
19877,334,2026-09-30,Hyderabad
19878,957,2026-09-10,Delhi
19879,385,2026-09-03,Ahmedabad
19880,1378,2026-09-24,Bangalore
19881,1337,2026-09-20,Chennai
19882,110,2026-09-03,Mumbai
19883,1243,2026-09-06,Bangalore
19884,1413,2026-09-01,Chennai
19885,889,2026-09-13,Ahmedabad
19886,666,2026-09-21,Hyderabad
19887,1327,2026-09-11,Mumbai
19888,1419,2026-09-14,Mumbai
19889,502,2026-09-04,Hyderabad
19890,488,2026-09-02,Kolkata
19891,1566,2026-09-16,Delhi
19892,401,2026-09-17,Delhi
19893,309,2026-09-10,Ahmedabad
19894,622,2026-09-25,Bangalore
19895,370,2026-09-11,Hyderabad
19896,388,2026-09-21,Ahmedabad
19897,1566,2026-09-08,Delhi
19898,830,2026-09-16,Delhi
19899,1106,2026-09-04,Chennai
19900,955,2026-09-17,Delhi
19901,497,2026-09-20,Bangalore
19902,1408,2026-09-10,Hyderabad
19903,1055,2026-09-25,Delhi
19904,1594,2026-09-11,Mumbai
19905,839,2026-09-14,Chennai
19906,1374,2026-09-27,Bangalore
19907,1016,2026-09-27,Delhi
19908,998,2026-09-07,Mumbai
19909,1162,2026-09-23,Delhi
19910,829,2026-09-02,Chennai
19911,114,2026-09-10,Bangalore
19912,1417,2026-09-14,Delhi
19913,35,2026-09-28,Chennai
19914,158,2026-09-25,Pune
19915,1561,2026-09-12,Delhi
19916,172,2026-09-10,Mumbai
19917,863,2026-09-04,Mumbai
19918,681,2026-09-01,Pune
19919,1522,2026-09-07,Hyderabad
19920,1109,2026-09-09,Kolkata
19921,1140,2026-09-20,Pune
19922,1517,2026-09-09,Mumbai
19923,1003,2026-09-14,Hyderabad
19924,856,2026-09-27,Delhi
19925,1093,2026-09-21,Kolkata
19926,829,2026-09-28,Chennai
19927,1401,2026-09-27,Bangalore
19928,1127,2026-09-10,Ahmedabad
19929,978,2026-09-08,Delhi
19930,1463,2026-09-01,Chennai
19931,115,2026-09-06,Bangalore
19932,1550,2026-09-10,Pune
19933,627,2026-09-23,Bangalore
19934,1420,2026-09-30,Hyderabad
19935,898,2026-09-16,Kolkata
19936,187,2026-09-23,Kolkata
19937,1207,2026-09-03,Delhi
19938,993,2026-09-24,Hyderabad
19939,1140,2026-09-05,Pune
19940,1339,2026-09-25,Bangalore
19941,308,2026-09-19,Pune
19942,275,2026-09-24,Ahmedabad
19943,350,2026-09-03,Chennai
19944,724,2026-09-21,Mumbai
19945,909,2026-09-12,Ahmedabad
19946,311,2026-09-03,Hyderabad
19947,873,2026-09-30,Chennai
19948,352,2026-09-03,Delhi
19949,712,2026-09-25,Bangalore
19950,1096,2026-09-17,Delhi
19951,804,2026-09-10,Kolkata
19952,1136,2026-09-16,Mumbai
19953,25,2026-09-15,Hyderabad
19954,766,2026-09-17,Pune
19955,1378,2026-09-18,Bangalore
19956,1459,2026-09-30,Bangalore
19957,1285,2026-09-18,Chennai
19958,808,2026-09-05,Kolkata
19959,1220,2026-09-18,Ahmedabad
19960,1092,2026-09-29,Bangalore
19961,388,2026-09-04,Ahmedabad
19962,589,2026-09-21,Delhi
19963,458,2026-09-24,Kolkata
19964,1310,2026-09-03,Hyderabad
19965,175,2026-09-22,Mumbai
19966,775,2026-09-07,Chennai
19967,1236,2026-09-08,Bangalore
19968,1073,2026-09-13,Delhi
19969,531,2026-09-14,Hyderabad
19970,1492,2026-09-07,Mumbai
19971,1191,2026-09-30,Ahmedabad
19972,1408,2026-09-11,Hyderabad
19973,1500,2026-09-30,Chennai
19974,325,2026-09-14,Mumbai
19975,1518,2026-09-27,Delhi
19976,491,2026-09-25,Kolkata
19977,114,2026-09-21,Bangalore
19978,178,2026-09-24,Bangalore
19979,66,2026-09-30,Bangalore
19980,417,2026-09-01,Ahmedabad
19981,543,2026-09-13,Pune
19982,980,2026-09-02,Mumbai
19983,547,2026-09-03,Pune
19984,1142,2026-09-22,Chennai
19985,200,2026-09-11,Delhi
19986,778,2026-09-27,Delhi
19987,708,2026-09-15,Mumbai
19988,1397,2026-09-12,Delhi
19989,735,2026-09-16,Mumbai
19990,625,2026-09-22,Kolkata
19991,164,2026-09-14,Delhi
19992,929,2026-09-13,Hyderabad
19993,1502,2026-09-08,Hyderabad
19994,307,2026-09-28,Hyderabad
19995,1134,2026-09-10,Delhi
19996,983,2026-09-15,Pune
19997,703,2026-09-25,Mumbai
19998,113,2026-09-08,Hyderabad
19999,169,2026-09-10,Pune
20000,1467,2026-09-02,Delhi
20001,133,2026-09-08,Mumbai
20002,1331,2026-09-23,Bangalore
20003,908,2026-09-22,Mumbai
20004,586,2026-09-09,Ahmedabad
20005,1204,2026-09-27,Delhi
20006,1390,2026-09-07,Mumbai
20007,1340,2026-09-07,Hyderabad
20008,886,2026-09-09,Bangalore
20009,927,2026-09-17,Hyderabad
20010,558,2026-09-16,Mumbai
20011,202,2026-09-30,Delhi
20012,312,2026-09-17,Bangalore
20013,1588,2026-09-19,Delhi
20014,283,2026-09-05,Chennai
20015,122,2026-09-01,Kolkata
20016,651,2026-09-07,Hyderabad
20017,1230,2026-09-25,Chennai
20018,575,2026-09-18,Hyderabad
20019,1068,2026-09-19,Delhi
20020,1328,2026-09-07,Mumbai
20021,178,2026-09-18,Bangalore
20022,1244,2026-09-06,Ahmedabad
20023,663,2026-09-07,Delhi
20024,1429,2026-09-25,Kolkata
20025,840,2026-09-29,Mumbai
20026,518,2026-09-22,Pune
20027,1469,2026-09-23,Mumbai
20028,1298,2026-09-03,Bangalore
20029,788,2026-09-14,Hyderabad
20030,431,2026-09-26,Mumbai
20031,8,2026-09-01,Hyderabad
20032,1418,2026-09-26,Delhi
20033,1092,2026-09-06,Bangalore
20034,862,2026-09-09,Bangalore
20035,773,2026-09-30,Chennai
20036,1544,2026-09-01,Delhi
20037,184,2026-09-16,Ahmedabad
20038,1113,2026-09-01,Delhi
20039,1503,2026-09-21,Kolkata
20040,217,2026-09-21,Chennai
20041,819,2026-09-01,Delhi
20042,469,2026-09-11,Kolkata
20043,194,2026-09-27,Mumbai
20044,804,2026-09-10,Kolkata
20045,1179,2026-09-03,Mumbai
20046,1192,2026-09-09,Pune
20047,819,2026-09-17,Delhi
20048,334,2026-09-06,Hyderabad
20049,1151,2026-09-21,Bangalore
20050,402,2026-09-09,Kolkata
20051,1409,2026-09-15,Ahmedabad
20052,833,2026-09-24,Hyderabad
20053,185,2026-09-26,Kolkata
20054,163,2026-09-02,Delhi
20055,1234,2026-09-02,Hyderabad
20056,901,2026-09-04,Bangalore
20057,1181,2026-09-02,Hyderabad
20058,1009,2026-09-04,Ahmedabad
20059,547,2026-09-17,Pune
20060,1464,2026-09-19,Kolkata
20061,495,2026-09-09,Bangalore
20062,1544,2026-09-10,Delhi
20063,1034,2026-09-22,Kolkata
20064,1039,2026-09-04,Chennai
20065,364,2026-09-29,Delhi
20066,828,2026-09-22,Kolkata
20067,76,2026-09-26,Delhi
20068,1010,2026-09-13,Mumbai
20069,38,2026-09-11,Ahmedabad
20070,560,2026-09-04,Kolkata
20071,883,2026-09-02,Chennai
20072,725,2026-09-01,Hyderabad
20073,281,2026-09-07,Bangalore
20074,766,2026-09-17,Pune
20075,1135,2026-09-03,Ahmedabad
20076,548,2026-09-18,Ahmedabad
20077,913,2026-09-25,Chennai
20078,1450,2026-09-07,Delhi
20079,1315,2026-09-28,Bangalore
20080,1256,2026-09-13,Bangalore
20081,686,2026-09-13,Bangalore
20082,636,2026-09-22,Pune
20083,422,2026-09-29,Mumbai
20084,1118,2026-09-28,Mumbai
20085,525,2026-09-18,Hyderabad
20086,467,2026-09-29,Delhi
20087,95,2026-09-13,Delhi
20088,191,2026-09-03,Delhi
20089,423,2026-09-26,Bangalore
20090,27,2026-09-11,Pune
20091,309,2026-09-26,Ahmedabad
20092,593,2026-09-18,Pune
20093,772,2026-09-29,Pune
20094,881,2026-09-21,Hyderabad
20095,940,2026-09-04,Ahmedabad
20096,1378,2026-09-18,Bangalore
20097,916,2026-09-23,Chennai
20098,1243,2026-09-16,Bangalore
20099,337,2026-09-10,Mumbai
20100,1057,2026-09-16,Chennai
20101,25,2026-09-10,Hyderabad
20102,795,2026-09-15,Pune
20103,719,2026-09-23,Chennai
20104,732,2026-09-26,Bangalore
20105,1485,2026-09-09,Chennai
20106,734,2026-09-04,Bangalore
20107,1120,2026-09-27,Chennai
20108,1164,2026-09-30,Ahmedabad
20109,882,2026-09-29,Delhi
20110,1132,2026-09-08,Ahmedabad
20111,1294,2026-09-22,Mumbai
20112,1415,2026-09-16,Bangalore
20113,1487,2026-09-07,Mumbai
20114,1378,2026-09-29,Bangalore
20115,210,2026-09-22,Chennai
20116,84,2026-09-04,Chennai
20117,98,2026-09-22,Kolkata
20118,1199,2026-09-28,Delhi
20119,367,2026-09-24,Delhi
20120,1415,2026-09-24,Bangalore
20121,801,2026-09-21,Ahmedabad
20122,183,2026-09-12,Kolkata
20123,398,2026-09-17,Kolkata
20124,1530,2026-09-05,Mumbai
20125,454,2026-09-18,Ahmedabad
20126,1471,2026-09-01,Pune
20127,83,2026-09-02,Pune
20128,679,2026-09-12,Mumbai
20129,102,2026-09-05,Chennai
20130,88,2026-09-21,Pune
20131,337,2026-09-11,Mumbai
20132,510,2026-09-06,Delhi
20133,318,2026-09-28,Hyderabad
20134,723,2026-09-03,Mumbai
20135,978,2026-09-22,Delhi
20136,834,2026-09-28,Pune
20137,402,2026-09-29,Kolkata
20138,680,2026-09-28,Ahmedabad
20139,1089,2026-09-13,Delhi
20140,191,2026-09-26,Delhi
20141,1418,2026-09-02,Delhi
20142,1146,2026-09-19,Delhi
20143,199,2026-09-16,Ahmedabad
20144,148,2026-09-12,Mumbai
20145,643,2026-09-11,Delhi
20146,842,2026-09-14,Mumbai
20147,897,2026-09-17,Hyderabad
20148,1218,2026-09-08,Mumbai
20149,688,2026-09-10,Bangalore
20150,1564,2026-09-02,Mumbai
20151,1303,2026-09-27,Mumbai
20152,446,2026-09-30,Hyderabad
20153,2,2026-09-06,Pune
20154,861,2026-09-15,Chennai
20155,117,2026-09-24,Mumbai
20156,174,2026-09-24,Hyderabad
20157,477,2026-09-18,Ahmedabad
20158,676,2026-09-19,Bangalore
20159,1545,2026-09-24,Chennai
20160,171,2026-09-02,Chennai
20161,940,2026-09-04,Ahmedabad
20162,1463,2026-09-30,Chennai
20163,21,2026-09-07,Mumbai
20164,1092,2026-09-26,Bangalore
20165,197,2026-09-08,Mumbai
20166,1277,2026-09-28,Bangalore
20167,233,2026-09-26,Bangalore
20168,860,2026-09-16,Mumbai
20169,813,2026-09-21,Delhi
20170,1583,2026-09-22,Kolkata
20171,1045,2026-09-06,Chennai
20172,347,2026-09-30,Pune
20173,876,2026-09-28,Delhi
20174,1513,2026-09-17,Delhi
20175,872,2026-09-10,Mumbai
20176,644,2026-09-08,Hyderabad
20177,650,2026-09-24,Pune
20178,1189,2026-09-28,Delhi
20179,1099,2026-09-04,Pune
20180,1235,2026-09-09,Mumbai
20181,386,2026-09-16,Hyderabad
20182,979,2026-09-02,Chennai
20183,887,2026-09-30,Mumbai
20184,27,2026-09-30,Pune
20185,1489,2026-09-13,Mumbai
20186,1576,2026-09-21,Delhi
20187,370,2026-09-01,Hyderabad
20188,496,2026-09-01,Pune
20189,673,2026-09-11,Mumbai
20190,1418,2026-09-01,Delhi
20191,225,2026-09-14,Bangalore
20192,1215,2026-09-15,Ahmedabad
20193,147,2026-09-01,Kolkata
20194,894,2026-09-29,Ahmedabad
20195,657,2026-09-03,Mumbai
20196,1084,2026-09-07,Mumbai
20197,102,2026-09-19,Chennai
20198,856,2026-09-07,Delhi
20199,1410,2026-09-12,Mumbai
20200,466,2026-09-07,Hyderabad
20201,16,2026-09-16,Ahmedabad
20202,1151,2026-09-24,Bangalore
20203,604,2026-09-10,Bangalore
20204,354,2026-09-24,Delhi
20205,1499,2026-09-18,Hyderabad
20206,678,2026-09-13,Ahmedabad
20207,1151,2026-09-18,Bangalore
20208,191,2026-09-02,Delhi
20209,1239,2026-09-02,Mumbai
20210,1201,2026-09-12,Mumbai
20211,556,2026-09-19,Delhi
20212,568,2026-09-21,Mumbai
20213,904,2026-09-09,Mumbai
20214,817,2026-09-03,Hyderabad
20215,992,2026-09-15,Ahmedabad
20216,964,2026-09-07,Ahmedabad
20217,482,2026-09-09,Mumbai
20218,1287,2026-09-22,Delhi
20219,872,2026-09-18,Mumbai
20220,591,2026-09-24,Pune
20221,766,2026-09-20,Pune
20222,406,2026-09-11,Kolkata
20223,601,2026-09-29,Mumbai
20224,232,2026-09-07,Chennai
20225,455,2026-09-28,Bangalore
20226,1585,2026-09-24,Bangalore
20227,1067,2026-09-15,Mumbai
20228,894,2026-09-03,Ahmedabad
20229,1255,2026-09-01,Delhi
20230,432,2026-09-13,Delhi
20231,786,2026-09-14,Kolkata
20232,631,2026-09-20,Chennai
20233,1307,2026-09-14,Bangalore
